team_id,season,OFF_RATING,DEF_RATING,NET_RATING,EFG_PCT,TS_PCT,PACE,AST_PCT,OREB_PCT,DREB_PCT,REB_PCT,TM_TOV_PCT,FG_PCT,FG3_PCT,FT_PCT,REB,AST,TOV,STL,BLK,PTS,PLUS_MINUS,FTA_RATE,OPP_EFG_PCT,OPP_FTA_RATE,OPP_TOV_PCT,OPP_OREB_PCT
ATL,1996-97,106.4,100.3,6.2,0.498,0.542,88.54,0.554,0.334,0.67,0.505,0.168,0.446,0.36,0.763,41.1,19.0,15.0,8.5,5.2,94.8,5.4,0.31,0.472,0.26,0.173,0.33
BOS,1996-97,102.9,110.1,-7.2,0.474,0.52,96.78,0.584,0.329,0.658,0.482,0.167,0.44,0.351,0.75,40.0,21.9,16.4,9.9,3.8,100.6,-7.3,0.316,0.539,0.337,0.18,0.342
CHA,1996-97,109.1,107.1,2.1,0.518,0.562,90.04,0.676,0.316,0.661,0.495,0.162,0.471,0.428,0.777,39.1,24.6,14.7,7.3,4.3,98.9,1.9,0.313,0.496,0.279,0.154,0.339
CHI,1996-97,112.4,100.7,11.8,0.511,0.547,91.5,0.654,0.374,0.67,0.524,0.147,0.473,0.373,0.747,45.1,26.1,13.5,8.7,4.0,103.1,10.8,0.267,0.471,0.266,0.172,0.33
CLE,1996-97,102.7,100.8,1.9,0.493,0.531,84.31,0.634,0.322,0.681,0.499,0.17,0.453,0.376,0.723,37.4,20.9,14.5,8.0,3.8,87.5,1.8,0.297,0.482,0.379,0.191,0.319
DAL,1996-97,99.5,106.0,-6.5,0.469,0.509,90.65,0.591,0.332,0.65,0.488,0.177,0.436,0.326,0.717,40.3,20.3,16.1,8.0,4.3,90.6,-6.4,0.297,0.5,0.305,0.171,0.35
DEN,1996-97,103.1,109.7,-6.6,0.486,0.53,93.67,0.644,0.324,0.666,0.496,0.175,0.439,0.372,0.761,42.0,23.0,16.6,6.1,5.9,97.8,-6.3,0.298,0.501,0.275,0.136,0.334
DET,1996-97,108.5,102.6,5.9,0.512,0.554,86.09,0.55,0.302,0.675,0.492,0.146,0.464,0.388,0.745,38.4,19.0,12.7,7.7,3.5,94.2,5.2,0.327,0.487,0.268,0.168,0.325
GSW,1996-97,105.3,110.3,-5.0,0.493,0.543,93.58,0.608,0.347,0.648,0.497,0.182,0.456,0.353,0.778,40.8,22.2,17.2,7.5,4.4,99.6,-4.7,0.332,0.518,0.312,0.166,0.352
HOU,1996-97,107.5,102.8,4.7,0.52,0.56,92.73,0.663,0.318,0.692,0.514,0.178,0.468,0.365,0.755,42.6,24.5,16.6,8.4,4.2,100.6,4.5,0.307,0.481,0.261,0.153,0.308
IND,1996-97,104.2,102.9,1.3,0.49,0.537,90.44,0.614,0.338,0.668,0.506,0.178,0.456,0.381,0.722,41.7,21.3,16.3,7.1,4.8,95.4,1.0,0.374,0.48,0.343,0.171,0.332
LAC,1996-97,103.5,106.2,-2.8,0.482,0.524,92.65,0.556,0.339,0.654,0.492,0.17,0.446,0.354,0.731,40.7,20.3,16.0,8.9,5.4,97.2,-2.4,0.31,0.499,0.359,0.178,0.346
LAL,1996-97,106.4,102.3,4.2,0.496,0.535,92.61,0.611,0.343,0.658,0.501,0.159,0.454,0.367,0.692,42.8,22.5,14.9,9.0,7.0,100.0,4.3,0.351,0.478,0.321,0.175,0.342
MIA,1996-97,105.2,99.2,6.0,0.507,0.546,89.54,0.615,0.324,0.678,0.504,0.177,0.453,0.364,0.719,41.0,21.2,15.9,7.9,5.4,94.8,5.5,0.324,0.465,0.339,0.179,0.322
MIL,1996-97,104.7,106.7,-2.0,0.496,0.541,90.85,0.543,0.329,0.669,0.501,0.172,0.471,0.352,0.741,39.2,19.6,15.7,7.7,4.2,95.3,-1.9,0.334,0.501,0.346,0.161,0.331
MIN,1996-97,103.9,105.5,-1.7,0.485,0.533,92.04,0.638,0.323,0.649,0.488,0.164,0.456,0.339,0.751,39.7,22.9,15.2,7.5,6.8,96.1,-1.5,0.339,0.486,0.334,0.169,0.351
BKN,1996-97,102.4,107.2,-4.8,0.456,0.499,94.47,0.576,0.376,0.669,0.513,0.166,0.422,0.353,0.74,46.2,21.0,15.7,8.3,5.9,97.2,-4.6,0.286,0.503,0.327,0.161,0.331
NYK,1996-97,102.9,99.5,3.4,0.501,0.546,91.84,0.628,0.323,0.7,0.519,0.192,0.463,0.363,0.748,42.5,22.1,17.8,7.7,4.6,95.4,3.1,0.34,0.463,0.381,0.175,0.3
ORL,1996-97,103.8,104.2,-0.5,0.481,0.524,89.88,0.595,0.336,0.651,0.49,0.168,0.437,0.341,0.746,40.1,20.6,15.2,8.5,4.4,94.1,-0.4,0.304,0.495,0.288,0.177,0.349
PHI,1996-97,102.6,109.5,-6.9,0.47,0.518,97.05,0.564,0.359,0.654,0.504,0.179,0.438,0.319,0.725,44.2,20.7,17.5,8.3,4.8,100.2,-6.5,0.358,0.51,0.303,0.16,0.346
PHX,1996-97,108.0,107.1,0.9,0.508,0.552,94.46,0.658,0.297,0.663,0.482,0.151,0.469,0.369,0.761,40.1,25.2,14.4,8.1,3.9,102.8,0.7,0.317,0.507,0.291,0.166,0.337
POR,1996-97,106.3,102.1,4.2,0.503,0.544,92.17,0.57,0.358,0.691,0.527,0.178,0.464,0.358,0.713,43.3,20.8,16.5,7.8,5.3,99.0,4.2,0.35,0.471,0.362,0.163,0.309
SAC,1996-97,102.7,107.0,-4.3,0.485,0.526,92.68,0.598,0.348,0.661,0.502,0.174,0.454,0.391,0.723,41.5,21.9,16.2,7.2,4.4,96.4,-3.9,0.313,0.496,0.358,0.164,0.339
SAS,1996-97,102.1,110.8,-8.8,0.472,0.512,88.45,0.588,0.344,0.643,0.49,0.171,0.442,0.32,0.719,39.4,20.3,15.2,7.9,5.3,90.5,-7.9,0.302,0.514,0.32,0.162,0.357
OKC,1996-97,109.6,101.0,8.5,0.51,0.557,91.68,0.644,0.341,0.657,0.5,0.163,0.467,0.353,0.752,40.0,23.5,15.0,11.0,4.7,100.9,7.7,0.358,0.49,0.326,0.203,0.343
TOR,1996-97,102.9,106.4,-3.5,0.481,0.521,92.03,0.592,0.35,0.657,0.498,0.177,0.437,0.363,0.72,41.3,20.9,16.4,8.8,6.3,95.5,-3.1,0.303,0.504,0.356,0.176,0.343
UTA,1996-97,112.4,102.6,9.8,0.531,0.581,91.1,0.702,0.328,0.687,0.518,0.167,0.504,0.37,0.769,40.2,26.8,15.4,9.1,5.1,103.1,8.8,0.389,0.48,0.387,0.177,0.313
MEM,1996-97,99.1,110.1,-11.0,0.471,0.507,89.7,0.661,0.325,0.618,0.469,0.176,0.437,0.349,0.709,38.8,22.7,15.9,8.0,5.7,89.2,-10.2,0.269,0.51,0.308,0.169,0.382
Washington Bullets,1996-97,105.2,103.7,1.5,0.505,0.54,93.52,0.599,0.326,0.676,0.503,0.167,0.48,0.331,0.707,41.8,23.4,15.7,8.7,4.9,99.4,1.6,0.296,0.491,0.302,0.176,0.324
ATL,1997-98,106.5,102.5,4.0,0.481,0.533,89.1,0.543,0.356,0.669,0.518,0.165,0.455,0.332,0.756,43.0,19.1,14.8,7.9,6.0,95.9,3.5,0.364,0.468,0.265,0.151,0.331
BOS,1997-98,100.8,103.5,-2.7,0.464,0.504,94.9,0.603,0.352,0.642,0.484,0.171,0.434,0.332,0.726,39.5,22.1,16.2,12.0,4.5,95.9,-2.6,0.283,0.504,0.461,0.217,0.358
CHA,1997-98,105.5,103.3,2.2,0.495,0.542,91.13,0.654,0.326,0.691,0.51,0.166,0.468,0.383,0.751,40.6,23.7,15.2,8.4,3.8,96.6,2.0,0.345,0.493,0.306,0.165,0.309
CHI,1997-98,106.2,98.4,7.8,0.473,0.516,90.3,0.637,0.381,0.676,0.527,0.158,0.451,0.323,0.743,44.9,23.8,14.4,8.5,4.3,96.7,7.1,0.295,0.457,0.302,0.17,0.324
CLE,1997-98,100.3,97.5,2.8,0.478,0.529,91.43,0.672,0.33,0.678,0.508,0.188,0.454,0.372,0.756,40.1,23.1,17.3,9.9,5.1,92.5,2.7,0.352,0.46,0.35,0.191,0.322
DAL,1997-98,98.9,105.2,-6.3,0.458,0.498,91.47,0.533,0.306,0.632,0.466,0.156,0.427,0.357,0.753,40.1,18.7,14.4,7.9,5.7,91.4,-6.1,0.257,0.488,0.274,0.163,0.368
DEN,1997-98,97.4,110.6,-13.2,0.44,0.496,91.06,0.578,0.337,0.639,0.482,0.175,0.418,0.323,0.772,39.0,18.9,16.0,8.1,4.8,89.0,-11.8,0.335,0.506,0.378,0.166,0.361
DET,1997-98,103.4,101.8,1.6,0.472,0.523,89.75,0.558,0.332,0.668,0.5,0.16,0.449,0.312,0.745,41.2,19.5,14.6,8.3,4.2,94.2,1.6,0.359,0.474,0.326,0.169,0.332
GSW,1997-98,93.9,103.5,-9.6,0.427,0.468,93.31,0.6,0.356,0.664,0.505,0.178,0.413,0.272,0.71,45.9,20.8,16.7,7.6,5.5,88.3,-9.1,0.278,0.469,0.339,0.15,0.336
HOU,1997-98,105.9,106.8,-0.9,0.496,0.544,92.52,0.611,0.324,0.672,0.499,0.17,0.452,0.343,0.771,40.7,21.9,15.8,8.4,3.6,98.8,-0.8,0.326,0.499,0.279,0.153,0.328
IND,1997-98,106.3,99.5,6.8,0.502,0.55,89.69,0.647,0.305,0.657,0.49,0.158,0.469,0.39,0.764,39.3,23.0,14.2,7.9,4.5,96.0,6.1,0.343,0.453,0.325,0.167,0.343
LAC,1997-98,101.8,109.6,-7.7,0.477,0.518,93.74,0.523,0.33,0.638,0.481,0.171,0.438,0.358,0.723,40.4,18.7,16.1,7.6,5.6,95.9,-7.4,0.306,0.498,0.332,0.15,0.362
LAL,1997-98,110.4,102.3,8.1,0.519,0.559,94.85,0.639,0.339,0.656,0.503,0.16,0.481,0.351,0.679,43.3,24.5,15.3,9.0,6.8,105.5,7.7,0.42,0.467,0.335,0.163,0.344
MIA,1997-98,105.7,100.5,5.2,0.494,0.538,89.35,0.617,0.339,0.669,0.508,0.166,0.45,0.355,0.739,42.0,21.4,15.0,8.1,5.2,95.0,4.9,0.329,0.452,0.345,0.165,0.331
MIL,1997-98,101.5,103.7,-2.2,0.475,0.527,91.9,0.565,0.34,0.664,0.501,0.181,0.456,0.354,0.767,39.9,20.1,16.9,8.9,4.4,94.5,-1.9,0.339,0.485,0.379,0.177,0.336
MIN,1997-98,106.4,105.5,0.8,0.483,0.529,93.89,0.655,0.333,0.657,0.497,0.146,0.461,0.347,0.743,42.6,25.2,13.9,7.8,5.2,101.1,0.7,0.329,0.48,0.324,0.157,0.343
BKN,1997-98,105.8,104.3,1.5,0.463,0.513,93.16,0.552,0.383,0.65,0.508,0.153,0.441,0.331,0.744,42.5,20.5,14.4,9.5,3.8,99.6,1.6,0.339,0.499,0.345,0.192,0.35
NYK,1997-98,101.5,98.8,2.7,0.476,0.521,89.53,0.624,0.319,0.703,0.512,0.169,0.447,0.335,0.772,41.6,21.8,15.2,7.7,3.4,91.6,2.5,0.283,0.455,0.376,0.167,0.297
ORL,1997-98,101.0,102.2,-1.2,0.452,0.499,88.51,0.611,0.37,0.646,0.505,0.172,0.429,0.323,0.726,41.2,20.7,15.3,7.9,5.4,90.1,-1.1,0.331,0.478,0.274,0.172,0.354
PHI,1997-98,101.1,103.3,-2.3,0.462,0.514,92.11,0.609,0.341,0.66,0.499,0.179,0.443,0.3,0.737,41.7,21.1,16.5,8.9,6.0,93.3,-2.4,0.367,0.481,0.351,0.174,0.34
PHX,1997-98,106.3,100.6,5.6,0.5,0.54,92.47,0.677,0.321,0.664,0.497,0.161,0.468,0.356,0.749,42.0,25.9,15.1,9.2,5.2,99.6,5.2,0.29,0.471,0.31,0.177,0.336
POR,1997-98,102.4,100.8,1.6,0.476,0.524,91.46,0.612,0.355,0.685,0.525,0.183,0.451,0.309,0.737,44.0,21.5,16.9,7.1,5.7,94.3,1.4,0.348,0.46,0.346,0.153,0.315
SAC,1997-98,99.1,105.0,-5.9,0.464,0.502,93.78,0.621,0.328,0.643,0.483,0.165,0.442,0.351,0.687,41.4,22.4,15.5,7.3,5.1,93.1,-5.6,0.314,0.482,0.31,0.163,0.357
SAS,1997-98,102.4,98.0,4.4,0.493,0.531,89.65,0.635,0.326,0.696,0.524,0.178,0.468,0.35,0.688,44.2,22.4,16.1,6.3,6.9,92.5,4.0,0.35,0.437,0.294,0.141,0.304
OKC,1997-98,110.1,102.3,7.9,0.521,0.558,90.96,0.651,0.321,0.635,0.481,0.153,0.473,0.395,0.721,38.5,24.2,14.0,9.8,4.6,100.6,7.2,0.327,0.478,0.308,0.186,0.365
TOR,1997-98,99.4,108.9,-9.5,0.462,0.504,94.36,0.589,0.339,0.602,0.466,0.175,0.435,0.343,0.718,40.7,21.3,16.7,9.4,8.1,94.9,-9.3,0.302,0.508,0.335,0.175,0.398
UTA,1997-98,110.9,103.8,7.2,0.51,0.569,90.55,0.692,0.352,0.684,0.529,0.169,0.49,0.372,0.773,41.1,25.2,15.4,7.9,5.0,101.0,6.5,0.433,0.471,0.357,0.155,0.316
MEM,1997-98,102.4,110.2,-7.8,0.482,0.527,93.6,0.652,0.34,0.652,0.496,0.182,0.458,0.362,0.739,41.4,23.9,17.1,7.5,4.3,96.6,-7.3,0.327,0.507,0.328,0.15,0.348
WAS,1997-98,103.9,103.2,0.7,0.476,0.513,92.98,0.617,0.339,0.673,0.501,0.151,0.452,0.339,0.691,42.2,23.2,14.1,8.4,4.6,97.2,0.6,0.317,0.481,0.332,0.173,0.327
ATL,1998-99,98.4,95.3,3.1,0.436,0.492,87.1,0.507,0.353,0.701,0.527,0.17,0.409,0.306,0.731,43.5,15.6,14.9,6.9,5.2,86.3,2.9,0.378,0.437,0.278,0.154,0.299
BOS,1998-99,98.7,100.8,-2.1,0.469,0.501,93.02,0.591,0.33,0.666,0.493,0.171,0.436,0.36,0.692,42.8,21.5,16.1,9.1,5.1,93.0,-1.9,0.259,0.465,0.387,0.179,0.334
CHA,1998-99,100.4,100.4,0.0,0.485,0.537,91.43,0.664,0.266,0.678,0.482,0.172,0.449,0.365,0.747,39.5,22.2,15.9,8.9,4.9,92.9,-0.1,0.372,0.461,0.326,0.165,0.322
CHI,1998-99,91.4,101.7,-10.4,0.424,0.47,89.19,0.661,0.299,0.684,0.482,0.173,0.401,0.29,0.709,39.3,20.3,15.5,8.7,3.4,81.9,-9.5,0.309,0.483,0.329,0.174,0.316
CLE,1998-99,98.2,100.1,-1.9,0.464,0.52,87.66,0.7,0.295,0.656,0.478,0.178,0.439,0.341,0.749,35.8,21.9,15.7,9.0,4.1,86.4,-1.7,0.381,0.468,0.359,0.186,0.344
DAL,1998-99,100.2,103.0,-2.7,0.459,0.502,90.8,0.527,0.321,0.673,0.495,0.151,0.434,0.339,0.728,42.5,18.4,13.8,7.0,5.8,91.6,-2.4,0.3,0.476,0.296,0.153,0.327
DEN,1998-99,101.4,108.6,-7.3,0.459,0.511,91.99,0.576,0.319,0.66,0.483,0.16,0.421,0.328,0.762,40.8,19.4,14.8,7.5,5.5,93.5,-6.6,0.332,0.499,0.333,0.152,0.34
DET,1998-99,102.4,98.4,4.0,0.48,0.528,87.93,0.608,0.331,0.697,0.514,0.179,0.447,0.365,0.74,40.3,20.2,15.8,8.9,4.2,90.4,3.4,0.345,0.468,0.362,0.174,0.303
GSW,1998-99,96.0,98.9,-2.9,0.434,0.471,90.96,0.599,0.367,0.69,0.523,0.167,0.415,0.287,0.676,47.5,20.7,15.4,8.3,4.4,88.3,-2.5,0.282,0.445,0.398,0.16,0.31
HOU,1998-99,103.5,101.0,2.5,0.506,0.545,90.45,0.603,0.312,0.678,0.506,0.178,0.462,0.368,0.729,41.5,21.2,16.2,7.7,5.2,94.2,2.3,0.313,0.461,0.257,0.143,0.322
IND,1998-99,106.6,102.2,4.3,0.486,0.537,88.16,0.581,0.31,0.671,0.495,0.146,0.448,0.368,0.796,40.5,20.1,13.0,6.3,4.5,94.7,3.7,0.318,0.46,0.312,0.147,0.329
LAC,1998-99,98.3,107.8,-9.6,0.454,0.497,91.04,0.479,0.332,0.646,0.48,0.173,0.427,0.32,0.721,39.2,16.4,15.9,8.5,4.7,90.4,-8.8,0.306,0.503,0.375,0.17,0.354
LAL,1998-99,106.1,102.8,3.3,0.498,0.538,92.95,0.595,0.323,0.671,0.5,0.162,0.468,0.352,0.683,42.0,21.9,15.1,7.8,5.7,99.0,3.0,0.382,0.468,0.376,0.153,0.329
MIA,1998-99,102.9,97.1,5.8,0.494,0.54,86.35,0.631,0.299,0.683,0.503,0.172,0.453,0.359,0.735,40.3,20.4,14.9,6.5,6.1,89.0,5.0,0.354,0.439,0.307,0.156,0.317
MIL,1998-99,102.9,101.2,1.8,0.489,0.53,88.64,0.588,0.312,0.648,0.484,0.161,0.459,0.373,0.733,38.8,20.6,14.4,8.8,4.0,91.7,1.7,0.303,0.463,0.365,0.187,0.352
MIN,1998-99,99.9,99.4,0.5,0.439,0.481,92.86,0.663,0.348,0.673,0.501,0.138,0.425,0.298,0.743,42.9,24.4,12.8,8.5,5.4,92.9,0.4,0.264,0.467,0.385,0.18,0.327
BKN,1998-99,97.0,101.2,-4.2,0.434,0.485,93.73,0.546,0.328,0.682,0.496,0.159,0.406,0.331,0.769,43.0,18.5,15.0,9.8,5.5,91.4,-3.8,0.301,0.481,0.327,0.173,0.318
NYK,1998-99,97.2,95.9,1.2,0.463,0.509,88.22,0.598,0.303,0.671,0.494,0.181,0.435,0.353,0.732,41.2,19.3,16.1,7.9,5.2,86.4,1.0,0.329,0.434,0.352,0.172,0.329
ORL,1998-99,98.9,96.3,2.6,0.456,0.498,89.93,0.632,0.36,0.685,0.518,0.181,0.428,0.33,0.7,42.7,21.3,16.4,9.9,4.3,89.5,2.6,0.318,0.473,0.256,0.191,0.315
PHI,1998-99,97.8,95.5,2.4,0.439,0.494,90.56,0.564,0.356,0.679,0.515,0.179,0.426,0.264,0.722,43.1,18.7,16.4,10.8,5.4,89.7,2.1,0.383,0.454,0.34,0.195,0.321
PHX,1998-99,103.9,101.6,2.2,0.481,0.526,91.54,0.695,0.306,0.671,0.489,0.148,0.449,0.372,0.76,40.3,25.0,13.6,8.9,4.0,95.6,2.3,0.303,0.485,0.311,0.177,0.329
POR,1998-99,102.8,96.2,6.6,0.473,0.521,90.81,0.614,0.345,0.687,0.519,0.167,0.442,0.364,0.743,44.3,21.5,15.4,8.2,5.8,94.8,6.4,0.341,0.445,0.321,0.171,0.313
SAC,1998-99,101.2,101.6,-0.4,0.479,0.514,97.36,0.589,0.328,0.654,0.493,0.17,0.445,0.308,0.683,45.6,22.6,16.8,8.9,4.6,100.2,-0.4,0.3,0.471,0.247,0.16,0.346
SAS,1998-99,102.7,93.6,9.1,0.479,0.523,89.88,0.633,0.329,0.674,0.512,0.168,0.456,0.33,0.698,44.0,22.0,15.2,8.4,7.0,92.8,8.1,0.371,0.423,0.283,0.161,0.326
OKC,1998-99,103.2,104.2,-0.9,0.481,0.519,91.22,0.619,0.344,0.673,0.506,0.167,0.442,0.344,0.681,42.0,21.7,15.3,7.9,4.0,94.9,-1.1,0.341,0.489,0.295,0.162,0.327
TOR,1998-99,99.8,101.8,-1.9,0.45,0.504,90.67,0.624,0.359,0.675,0.515,0.175,0.421,0.341,0.76,43.2,20.7,16.0,8.8,6.4,91.1,-1.6,0.338,0.473,0.355,0.17,0.325
UTA,1998-99,104.2,96.7,7.4,0.485,0.545,88.37,0.715,0.329,0.677,0.516,0.182,0.465,0.361,0.767,41.3,24.1,16.3,8.0,5.5,93.3,6.5,0.417,0.441,0.336,0.166,0.323
MEM,1998-99,97.1,106.3,-9.3,0.447,0.498,90.29,0.586,0.342,0.645,0.49,0.185,0.428,0.327,0.717,40.2,19.3,17.0,8.4,4.0,88.9,-8.7,0.367,0.492,0.357,0.17,0.355
WAS,1998-99,99.8,102.1,-2.3,0.468,0.507,91.11,0.602,0.308,0.673,0.488,0.161,0.445,0.309,0.705,40.0,21.3,14.7,7.9,3.9,91.2,-2.2,0.302,0.474,0.371,0.173,0.327
ATL,1999-00,100.1,105.8,-5.7,0.46,0.503,93.55,0.516,0.334,0.698,0.516,0.164,0.441,0.317,0.743,45.3,18.9,15.4,6.1,5.6,94.3,-5.4,0.292,0.481,0.254,0.13,0.302
BOS,1999-00,102.9,103.9,-1.1,0.474,0.52,96.19,0.57,0.327,0.705,0.506,0.159,0.444,0.331,0.745,43.0,21.2,15.4,9.7,3.5,99.3,-0.8,0.316,0.498,0.407,0.177,0.295
CHA,1999-00,102.5,99.7,2.8,0.475,0.53,95.58,0.689,0.283,0.712,0.501,0.153,0.449,0.339,0.758,42.9,24.7,14.7,8.9,5.9,98.4,2.7,0.376,0.478,0.265,0.165,0.288
CHI,1999-00,92.8,102.8,-10.0,0.443,0.49,90.93,0.638,0.331,0.676,0.499,0.208,0.415,0.329,0.709,40.9,20.0,19.0,7.9,4.7,84.8,-9.4,0.338,0.484,0.324,0.166,0.324
CLE,1999-00,98.7,102.2,-3.5,0.468,0.516,97.36,0.652,0.308,0.685,0.496,0.177,0.442,0.373,0.75,42.8,23.7,17.4,8.7,4.4,97.0,-3.5,0.327,0.474,0.354,0.172,0.315
DAL,1999-00,104.7,105.2,-0.5,0.49,0.532,96.64,0.567,0.281,0.647,0.466,0.142,0.453,0.391,0.804,41.2,22.1,13.7,7.2,5.1,101.4,-0.6,0.248,0.488,0.284,0.166,0.353
DEN,1999-00,102.2,104.5,-2.3,0.476,0.517,95.95,0.625,0.321,0.688,0.504,0.161,0.442,0.336,0.724,44.7,23.3,15.6,6.8,7.5,99.0,-2.1,0.306,0.479,0.313,0.149,0.312
DET,1999-00,105.2,103.8,1.4,0.492,0.548,97.56,0.561,0.295,0.694,0.495,0.16,0.459,0.359,0.781,41.2,20.8,15.7,8.1,3.3,103.5,1.4,0.378,0.499,0.334,0.174,0.306
GSW,1999-00,98.0,106.5,-8.4,0.444,0.484,97.11,0.618,0.346,0.673,0.499,0.163,0.42,0.323,0.697,45.6,22.6,15.9,8.9,4.3,95.5,-8.3,0.301,0.499,0.344,0.167,0.327
HOU,1999-00,103.3,104.2,-0.8,0.494,0.536,95.54,0.591,0.321,0.691,0.508,0.181,0.45,0.358,0.733,43.8,21.6,17.4,7.5,5.3,99.5,-0.9,0.322,0.481,0.259,0.143,0.309
IND,1999-00,106.8,101.7,5.1,0.503,0.552,94.7,0.609,0.276,0.691,0.492,0.149,0.459,0.392,0.811,42.1,22.6,14.1,6.8,5.1,101.3,4.6,0.302,0.469,0.261,0.144,0.309
LAC,1999-00,96.1,108.0,-11.9,0.458,0.499,95.69,0.514,0.286,0.674,0.474,0.169,0.426,0.339,0.746,40.6,18.0,16.2,7.0,6.0,92.0,-11.5,0.27,0.507,0.297,0.149,0.326
LAL,1999-00,105.4,96.4,9.0,0.484,0.525,95.04,0.612,0.324,0.705,0.518,0.146,0.459,0.329,0.696,47.0,23.4,13.9,7.5,6.5,100.8,8.5,0.347,0.443,0.3,0.152,0.295
MIA,1999-00,102.5,99.4,3.1,0.495,0.533,91.22,0.649,0.304,0.696,0.508,0.163,0.46,0.371,0.736,43.2,23.5,15.0,7.1,6.4,94.4,3.1,0.283,0.453,0.307,0.153,0.304
MIL,1999-00,106.5,106.2,0.3,0.494,0.539,94.27,0.583,0.327,0.667,0.497,0.158,0.465,0.369,0.786,41.3,22.6,15.0,8.2,4.6,101.2,0.2,0.29,0.496,0.337,0.167,0.333
MIN,1999-00,104.2,101.7,2.5,0.485,0.525,93.37,0.684,0.318,0.696,0.507,0.147,0.467,0.346,0.78,42.5,26.9,13.9,7.6,5.4,98.5,2.5,0.256,0.474,0.332,0.159,0.304
BKN,1999-00,102.8,103.9,-1.1,0.468,0.517,94.63,0.567,0.298,0.657,0.472,0.143,0.433,0.347,0.784,40.9,20.6,13.6,8.8,4.8,98.0,-1.0,0.297,0.491,0.298,0.175,0.343
NYK,1999-00,100.9,99.5,1.5,0.482,0.527,90.54,0.548,0.277,0.699,0.496,0.16,0.455,0.375,0.781,40.5,19.4,14.6,6.3,4.3,92.1,1.5,0.283,0.455,0.337,0.155,0.301
ORL,1999-00,101.1,100.3,0.8,0.473,0.516,98.68,0.539,0.344,0.669,0.506,0.178,0.452,0.338,0.735,44.9,20.8,17.6,9.1,5.7,100.1,0.7,0.305,0.476,0.304,0.183,0.331
PHI,1999-00,99.9,98.3,1.5,0.457,0.501,94.25,0.607,0.335,0.68,0.504,0.165,0.442,0.323,0.708,44.1,22.2,15.7,9.6,4.7,94.8,1.3,0.329,0.466,0.303,0.185,0.32
PHX,1999-00,102.7,97.3,5.4,0.491,0.532,95.67,0.678,0.316,0.676,0.5,0.173,0.457,0.368,0.759,43.7,25.6,16.7,9.1,5.3,98.9,5.2,0.286,0.454,0.331,0.18,0.324
POR,1999-00,106.5,99.5,6.9,0.501,0.546,91.03,0.637,0.335,0.693,0.523,0.166,0.47,0.361,0.76,43.0,23.5,15.2,7.7,4.8,97.5,6.4,0.316,0.461,0.303,0.158,0.307
SAC,1999-00,103.6,100.7,2.9,0.486,0.526,100.66,0.596,0.308,0.679,0.493,0.16,0.45,0.322,0.754,45.0,23.8,16.2,9.6,4.6,105.0,2.9,0.277,0.479,0.264,0.173,0.321
SAS,1999-00,103.5,97.1,6.4,0.488,0.535,92.11,0.616,0.301,0.703,0.512,0.162,0.462,0.374,0.746,43.8,22.2,15.0,7.5,6.7,96.2,5.9,0.346,0.451,0.255,0.155,0.297
OKC,1999-00,104.0,103.1,1.0,0.487,0.52,94.74,0.604,0.312,0.673,0.491,0.148,0.447,0.339,0.695,43.0,22.9,14.0,8.0,4.2,99.1,1.0,0.282,0.483,0.259,0.161,0.327
TOR,1999-00,102.7,102.8,-0.1,0.464,0.511,94.3,0.653,0.324,0.686,0.499,0.147,0.433,0.363,0.765,43.3,23.7,13.9,8.1,6.6,97.2,-0.2,0.3,0.48,0.323,0.161,0.314
UTA,1999-00,105.7,101.1,4.6,0.49,0.54,90.84,0.689,0.329,0.698,0.516,0.163,0.464,0.385,0.773,41.0,24.9,14.9,7.7,5.4,96.5,4.5,0.337,0.477,0.343,0.17,0.302
MEM,1999-00,100.7,106.7,-6.0,0.474,0.524,92.46,0.588,0.326,0.679,0.501,0.181,0.449,0.361,0.774,40.6,20.7,16.8,7.4,4.2,93.9,-5.6,0.32,0.502,0.301,0.161,0.321
WAS,1999-00,101.8,105.2,-3.4,0.476,0.521,94.33,0.588,0.329,0.686,0.506,0.17,0.451,0.376,0.743,42.7,21.6,16.1,7.2,4.7,96.6,-3.3,0.315,0.489,0.367,0.157,0.314
ATL,2000-01,96.9,102.4,-5.5,0.456,0.5,93.63,0.542,0.313,0.691,0.501,0.178,0.431,0.357,0.759,42.9,19.0,16.7,7.7,4.7,91.0,-5.2,0.272,0.472,0.326,0.157,0.309
BOS,2000-01,100.1,102.3,-2.2,0.473,0.521,93.81,0.616,0.28,0.69,0.478,0.166,0.428,0.363,0.74,39.8,20.8,15.7,9.4,4.1,94.6,-2.1,0.338,0.493,0.341,0.181,0.31
CHA,2000-01,99.7,97.6,2.1,0.457,0.506,91.24,0.679,0.315,0.71,0.513,0.156,0.431,0.346,0.745,44.4,23.2,14.4,8.1,5.5,91.9,2.1,0.33,0.456,0.294,0.159,0.29
CHI,2000-01,95.9,105.9,-10.0,0.45,0.495,90.47,0.665,0.302,0.673,0.48,0.173,0.424,0.346,0.739,38.9,22.1,15.8,8.2,4.6,87.6,-9.1,0.298,0.499,0.348,0.163,0.327
CLE,2000-01,99.3,103.5,-4.2,0.459,0.509,92.32,0.591,0.331,0.678,0.505,0.177,0.442,0.334,0.765,42.1,20.8,16.5,7.8,5.3,92.2,-4.2,0.312,0.477,0.323,0.161,0.322
DAL,2000-01,105.6,101.2,4.4,0.498,0.544,94.52,0.564,0.272,0.678,0.481,0.146,0.459,0.381,0.794,41.5,21.2,13.9,7.5,6.0,100.5,4.3,0.291,0.467,0.333,0.163,0.322
DEN,2000-01,102.2,104.9,-2.8,0.47,0.511,93.98,0.661,0.306,0.69,0.497,0.147,0.433,0.355,0.737,44.2,24.0,13.9,6.7,6.6,96.6,-2.5,0.286,0.476,0.296,0.139,0.31
DET,2000-01,98.5,100.3,-1.8,0.453,0.498,96.15,0.558,0.325,0.691,0.505,0.164,0.424,0.35,0.721,45.5,19.9,15.9,7.5,5.5,95.6,-1.7,0.325,0.466,0.317,0.16,0.309
GSW,2000-01,96.3,105.5,-9.2,0.429,0.47,95.7,0.609,0.357,0.68,0.504,0.165,0.409,0.293,0.706,45.5,21.8,15.9,9.0,5.0,92.5,-9.0,0.282,0.504,0.298,0.171,0.32
HOU,2000-01,105.2,102.8,2.4,0.492,0.538,91.66,0.548,0.305,0.691,0.502,0.159,0.453,0.357,0.758,42.0,19.7,14.7,7.2,4.4,97.2,2.3,0.321,0.475,0.277,0.144,0.309
IND,2000-01,100.3,100.5,-0.2,0.471,0.519,90.89,0.623,0.297,0.685,0.497,0.164,0.44,0.342,0.766,42.9,21.5,15.2,6.9,5.9,92.6,-0.2,0.312,0.452,0.31,0.147,0.315
LAC,2000-01,100.3,103.2,-2.9,0.476,0.514,90.67,0.547,0.322,0.682,0.506,0.171,0.448,0.339,0.693,42.9,19.3,15.8,6.0,6.3,92.5,-2.9,0.319,0.466,0.292,0.138,0.318
LAL,2000-01,107.0,103.6,3.5,0.498,0.535,92.9,0.607,0.338,0.691,0.517,0.154,0.465,0.344,0.683,44.7,23.0,14.4,6.9,6.0,100.6,3.4,0.349,0.468,0.31,0.139,0.309
MIA,2000-01,99.4,97.1,2.3,0.469,0.515,88.39,0.605,0.28,0.7,0.49,0.153,0.43,0.345,0.759,39.6,19.9,13.7,7.7,3.7,88.9,2.3,0.299,0.46,0.29,0.174,0.3
MIL,2000-01,106.8,102.6,4.2,0.499,0.542,93.89,0.593,0.301,0.683,0.494,0.145,0.458,0.379,0.787,42.4,22.5,13.7,8.2,4.7,100.7,3.9,0.276,0.473,0.33,0.164,0.317
MIN,2000-01,103.9,102.4,1.6,0.482,0.523,92.99,0.662,0.315,0.682,0.498,0.148,0.458,0.357,0.785,42.3,25.4,13.9,8.3,5.6,97.3,1.4,0.253,0.478,0.328,0.162,0.318
BKN,2000-01,98.4,103.8,-5.4,0.452,0.504,93.35,0.576,0.292,0.673,0.477,0.157,0.425,0.333,0.759,39.6,19.5,14.7,7.9,5.0,92.1,-5.0,0.328,0.488,0.346,0.17,0.327
NYK,2000-01,100.0,97.0,3.0,0.476,0.523,87.74,0.552,0.276,0.707,0.498,0.163,0.444,0.351,0.796,40.2,18.5,14.5,6.6,4.2,88.7,2.6,0.279,0.453,0.327,0.167,0.293
ORL,2000-01,102.1,101.1,1.0,0.474,0.513,94.14,0.598,0.321,0.662,0.489,0.159,0.438,0.364,0.714,42.9,22.0,15.2,8.2,5.9,97.5,1.0,0.301,0.464,0.395,0.18,0.338
PHI,2000-01,101.9,97.3,4.6,0.468,0.518,92.09,0.583,0.334,0.704,0.523,0.17,0.447,0.326,0.745,44.8,20.6,15.8,8.4,5.0,94.7,4.3,0.351,0.46,0.248,0.166,0.296
PHX,2000-01,98.9,96.7,2.3,0.46,0.506,94.41,0.647,0.305,0.702,0.5,0.161,0.436,0.315,0.755,42.7,23.2,15.3,9.5,5.2,94.0,2.2,0.292,0.46,0.331,0.184,0.298
POR,2000-01,104.7,100.5,4.2,0.497,0.539,90.53,0.653,0.333,0.7,0.522,0.168,0.468,0.349,0.762,42.0,23.9,15.3,8.2,5.1,95.4,4.2,0.296,0.47,0.3,0.163,0.3
SAC,2000-01,104.2,98.5,5.7,0.484,0.529,95.61,0.591,0.307,0.679,0.497,0.152,0.449,0.354,0.771,45.0,22.6,14.9,9.7,5.3,101.7,5.8,0.298,0.46,0.241,0.167,0.321
SAS,2000-01,105.0,96.6,8.3,0.496,0.541,90.87,0.617,0.297,0.703,0.511,0.152,0.461,0.407,0.715,44.1,21.7,14.0,6.9,7.0,96.2,7.8,0.374,0.444,0.246,0.148,0.297
OKC,2000-01,104.4,104.2,0.2,0.491,0.53,92.69,0.592,0.321,0.668,0.496,0.164,0.456,0.399,0.732,41.7,21.9,15.3,8.0,5.0,97.3,0.0,0.299,0.488,0.269,0.16,0.332
TOR,2000-01,104.4,102.0,2.3,0.468,0.51,92.22,0.657,0.339,0.7,0.515,0.141,0.437,0.369,0.747,44.5,24.4,13.2,7.3,6.3,97.6,2.3,0.285,0.476,0.281,0.151,0.3
UTA,2000-01,106.1,100.9,5.2,0.497,0.546,91.08,0.713,0.332,0.701,0.519,0.173,0.471,0.381,0.752,40.6,25.7,15.8,8.1,5.6,97.1,4.7,0.363,0.473,0.394,0.176,0.299
MEM,2000-01,98.2,104.2,-6.0,0.464,0.51,93.03,0.662,0.293,0.675,0.484,0.168,0.439,0.343,0.77,40.5,23.2,15.7,7.1,4.4,91.7,-5.7,0.289,0.491,0.265,0.159,0.325
WAS,2000-01,99.4,106.2,-6.8,0.46,0.514,93.97,0.581,0.328,0.684,0.502,0.181,0.439,0.324,0.759,41.3,20.1,17.0,7.7,4.7,93.2,-6.7,0.348,0.503,0.317,0.159,0.316
ATL,2001-02,100.4,104.8,-4.4,0.471,0.517,93.21,0.57,0.297,0.689,0.491,0.166,0.439,0.354,0.765,41.5,20.2,15.5,8.1,4.3,94.0,-4.2,0.294,0.495,0.293,0.161,0.311
BOS,2001-02,102.1,99.9,2.2,0.476,0.52,93.6,0.604,0.272,0.695,0.481,0.144,0.424,0.359,0.764,42.2,21.0,13.6,9.7,3.6,96.4,2.2,0.291,0.464,0.318,0.173,0.305
CHA,2001-02,102.9,101.8,1.2,0.466,0.513,90.93,0.608,0.333,0.689,0.511,0.154,0.44,0.348,0.745,43.5,21.5,14.0,8.0,5.6,93.9,1.0,0.32,0.465,0.294,0.152,0.311
CHI,2001-02,97.2,106.2,-9.1,0.456,0.499,91.56,0.646,0.298,0.685,0.487,0.166,0.433,0.346,0.722,40.0,22.2,15.3,7.7,4.4,89.5,-8.5,0.302,0.497,0.321,0.156,0.315
CLE,2001-02,103.4,107.0,-3.6,0.477,0.524,91.31,0.641,0.319,0.69,0.505,0.158,0.448,0.377,0.772,42.1,23.1,14.6,7.0,5.7,95.3,-3.3,0.301,0.493,0.302,0.141,0.31
DAL,2001-02,110.3,106.0,4.3,0.507,0.553,94.36,0.566,0.285,0.683,0.487,0.127,0.462,0.378,0.806,42.5,22.1,12.1,7.1,4.8,105.2,4.3,0.288,0.485,0.319,0.148,0.317
DEN,2001-02,100.3,106.6,-6.3,0.455,0.495,91.35,0.623,0.341,0.668,0.497,0.16,0.424,0.329,0.744,41.8,22.2,14.7,7.5,5.6,92.2,-5.8,0.256,0.492,0.328,0.156,0.332
DET,2001-02,103.2,100.9,2.3,0.497,0.54,91.38,0.62,0.277,0.676,0.481,0.159,0.452,0.376,0.756,38.7,21.5,14.5,7.9,6.9,94.3,2.1,0.31,0.474,0.273,0.17,0.324
GSW,2001-02,101.5,107.1,-5.6,0.452,0.499,95.75,0.569,0.373,0.669,0.516,0.175,0.429,0.322,0.722,46.7,20.8,16.8,7.9,6.4,97.7,-5.4,0.335,0.488,0.304,0.149,0.331
HOU,2001-02,101.6,106.9,-5.4,0.465,0.507,89.56,0.522,0.327,0.675,0.497,0.155,0.428,0.335,0.741,41.9,18.1,14.1,6.5,5.4,92.3,-4.9,0.286,0.491,0.236,0.133,0.325
IND,2001-02,102.8,102.4,0.4,0.477,0.527,93.13,0.642,0.302,0.686,0.499,0.162,0.446,0.339,0.772,42.7,23.0,15.2,8.0,5.3,96.8,0.3,0.328,0.469,0.303,0.152,0.314
LAC,2001-02,104.3,104.7,-0.4,0.476,0.519,91.21,0.577,0.349,0.673,0.512,0.161,0.445,0.356,0.739,43.4,20.9,14.8,6.2,6.6,95.7,-0.5,0.304,0.477,0.26,0.14,0.327
LAL,2001-02,108.0,100.4,7.6,0.498,0.534,93.32,0.597,0.311,0.686,0.501,0.135,0.461,0.354,0.699,44.3,23.0,12.7,7.6,5.8,101.3,7.1,0.313,0.453,0.306,0.149,0.314
MEM,2001-02,96.6,104.7,-8.0,0.462,0.501,92.55,0.626,0.305,0.663,0.483,0.176,0.436,0.307,0.708,41.4,21.8,16.4,7.9,6.0,89.9,-7.4,0.288,0.486,0.262,0.158,0.337
MIA,2001-02,97.3,99.0,-1.7,0.463,0.501,88.47,0.594,0.297,0.71,0.505,0.166,0.439,0.347,0.724,42.0,20.3,14.8,6.7,5.5,87.2,-1.5,0.268,0.455,0.339,0.154,0.29
MIL,2001-02,105.3,105.6,-0.3,0.507,0.544,91.51,0.607,0.287,0.679,0.491,0.152,0.462,0.375,0.748,41.4,22.5,14.1,7.3,4.7,97.5,-0.2,0.269,0.477,0.287,0.139,0.321
MIN,2001-02,107.5,104.1,3.4,0.49,0.532,91.72,0.628,0.343,0.703,0.524,0.145,0.461,0.378,0.798,44.2,24.3,13.4,6.4,5.2,99.3,3.4,0.255,0.482,0.294,0.145,0.297
BKN,2001-02,102.4,98.1,4.3,0.476,0.515,93.2,0.654,0.322,0.683,0.503,0.154,0.446,0.338,0.735,43.3,24.3,14.5,8.7,6.0,96.2,4.2,0.28,0.459,0.283,0.171,0.317
NYK,2001-02,100.4,104.6,-4.2,0.468,0.514,90.78,0.611,0.292,0.684,0.489,0.159,0.432,0.353,0.787,40.7,21.0,14.5,6.8,3.5,91.6,-4.0,0.274,0.479,0.312,0.147,0.316
ORL,2001-02,105.6,104.1,1.5,0.493,0.533,94.4,0.584,0.292,0.665,0.477,0.143,0.448,0.373,0.754,41.2,22.0,13.6,8.1,4.7,100.5,1.6,0.278,0.486,0.292,0.166,0.335
PHI,2001-02,100.5,98.7,1.8,0.452,0.507,90.32,0.584,0.341,0.702,0.523,0.169,0.436,0.299,0.779,44.2,20.0,15.3,8.6,4.4,91.0,1.6,0.327,0.46,0.277,0.163,0.298
PHX,2001-02,101.8,102.6,-0.7,0.472,0.51,92.74,0.593,0.327,0.672,0.498,0.157,0.447,0.327,0.767,42.7,22.4,14.7,8.1,4.9,95.1,-0.7,0.235,0.476,0.302,0.165,0.328
POR,2001-02,105.9,102.6,3.3,0.485,0.528,90.55,0.641,0.345,0.703,0.522,0.157,0.45,0.354,0.763,43.0,23.5,14.3,8.6,4.5,96.6,3.0,0.285,0.489,0.272,0.161,0.297
SAC,2001-02,107.9,99.7,8.1,0.497,0.539,96.74,0.6,0.306,0.69,0.502,0.142,0.467,0.367,0.751,45.3,23.9,13.8,9.0,4.6,104.6,7.6,0.308,0.467,0.248,0.156,0.31
SAS,2001-02,105.4,98.5,6.9,0.492,0.539,91.06,0.564,0.301,0.685,0.501,0.157,0.458,0.362,0.742,42.4,20.0,14.4,7.6,6.5,96.7,6.2,0.353,0.453,0.244,0.158,0.315
OKC,2001-02,107.3,104.1,3.3,0.505,0.54,90.35,0.615,0.32,0.656,0.49,0.151,0.469,0.378,0.755,40.3,23.5,13.7,8.5,4.4,97.7,3.0,0.25,0.485,0.279,0.168,0.344
TOR,2001-02,101.1,101.7,-0.6,0.463,0.501,90.02,0.609,0.343,0.671,0.503,0.158,0.434,0.349,0.739,42.1,21.7,14.3,8.4,5.6,91.4,-0.4,0.255,0.471,0.315,0.169,0.329
UTA,2001-02,103.8,102.9,0.9,0.472,0.529,91.75,0.697,0.362,0.683,0.521,0.178,0.45,0.333,0.763,42.2,24.4,16.5,9.1,6.4,96.0,0.9,0.381,0.484,0.371,0.181,0.317
WAS,2001-02,102.9,104.5,-1.6,0.464,0.508,89.93,0.584,0.328,0.685,0.504,0.144,0.441,0.388,0.765,42.0,20.9,13.0,7.0,4.3,92.8,-1.4,0.28,0.484,0.283,0.148,0.315
ATL,2002-03,100.4,104.2,-3.8,0.476,0.527,92.63,0.587,0.3,0.681,0.499,0.178,0.444,0.352,0.793,42.6,20.5,16.7,7.5,5.8,94.1,-3.6,0.313,0.469,0.291,0.139,0.319
BOS,2002-03,100.0,100.5,-0.6,0.47,0.514,91.95,0.583,0.266,0.691,0.474,0.151,0.415,0.334,0.742,40.5,19.2,14.0,8.8,3.7,92.7,-0.4,0.306,0.471,0.323,0.173,0.309
CHI,2002-03,99.1,104.2,-5.1,0.471,0.512,94.76,0.596,0.307,0.672,0.492,0.177,0.445,0.35,0.722,43.0,21.7,16.9,7.4,5.6,95.0,-5.1,0.3,0.47,0.351,0.153,0.328
CLE,2002-03,95.2,105.1,-9.9,0.444,0.491,95.32,0.601,0.338,0.697,0.513,0.191,0.422,0.327,0.747,44.6,20.9,18.3,7.8,6.4,91.4,-9.6,0.298,0.484,0.327,0.147,0.303
DAL,2002-03,109.3,101.0,8.3,0.498,0.543,93.75,0.581,0.277,0.677,0.478,0.123,0.453,0.381,0.829,42.1,22.4,11.6,8.1,5.5,103.0,7.8,0.257,0.473,0.304,0.17,0.323
DEN,2002-03,91.2,100.1,-8.9,0.428,0.469,92.11,0.646,0.345,0.697,0.511,0.2,0.411,0.278,0.699,42.4,21.2,18.5,8.7,5.1,84.2,-8.3,0.283,0.477,0.384,0.185,0.303
DET,2002-03,102.4,98.2,4.2,0.473,0.523,88.26,0.6,0.294,0.707,0.499,0.151,0.43,0.358,0.771,40.6,19.8,13.5,6.8,5.7,91.4,3.7,0.322,0.461,0.302,0.157,0.293
GSW,2002-03,106.4,107.7,-1.3,0.472,0.526,95.88,0.559,0.371,0.663,0.518,0.164,0.441,0.344,0.778,46.7,20.9,15.8,7.2,6.2,102.4,-1.1,0.343,0.482,0.29,0.142,0.337
HOU,2002-03,102.4,100.9,1.5,0.474,0.522,90.36,0.53,0.331,0.698,0.518,0.17,0.44,0.346,0.768,43.8,18.4,15.6,7.2,6.0,93.8,1.5,0.316,0.462,0.27,0.144,0.302
IND,2002-03,103.2,99.6,3.5,0.469,0.522,92.71,0.656,0.318,0.694,0.509,0.157,0.441,0.339,0.766,44.2,23.3,14.8,8.5,5.4,96.8,3.5,0.344,0.458,0.298,0.164,0.306
LAC,2002-03,101.1,105.1,-4.0,0.467,0.516,92.68,0.566,0.316,0.673,0.496,0.17,0.437,0.331,0.75,42.3,19.6,15.7,7.0,5.6,93.8,-4.1,0.335,0.481,0.287,0.151,0.327
LAL,2002-03,105.6,103.4,2.2,0.486,0.528,93.78,0.618,0.328,0.693,0.509,0.153,0.451,0.356,0.734,44.3,23.3,14.5,7.8,5.7,100.4,2.3,0.311,0.477,0.317,0.153,0.307
MEM,2002-03,102.3,105.9,-3.5,0.487,0.526,94.03,0.621,0.301,0.659,0.482,0.162,0.452,0.365,0.739,41.6,23.1,15.4,7.9,6.1,97.5,-3.2,0.287,0.491,0.26,0.155,0.341
MIA,2002-03,95.4,101.2,-5.8,0.439,0.483,88.93,0.558,0.306,0.709,0.501,0.159,0.412,0.316,0.765,41.6,18.3,14.2,7.2,4.0,85.6,-5.0,0.259,0.47,0.343,0.16,0.291
MIL,2002-03,107.2,106.9,0.3,0.5,0.543,91.76,0.599,0.287,0.666,0.477,0.137,0.457,0.383,0.776,39.5,22.2,12.7,7.6,4.2,99.5,0.2,0.287,0.494,0.318,0.155,0.334
MIN,2002-03,104.8,102.5,2.2,0.488,0.528,93.08,0.653,0.31,0.695,0.508,0.146,0.466,0.368,0.77,43.6,25.2,13.7,6.7,5.3,98.1,2.1,0.268,0.472,0.27,0.145,0.305
BKN,2002-03,102.1,96.6,5.4,0.468,0.518,93.0,0.649,0.317,0.702,0.51,0.158,0.441,0.332,0.757,42.9,23.0,14.8,8.7,4.6,95.4,5.2,0.333,0.46,0.3,0.178,0.298
NOP,2002-03,102.4,100.0,2.4,0.465,0.511,90.72,0.62,0.345,0.697,0.518,0.161,0.435,0.376,0.768,43.6,22.0,14.8,8.0,4.8,93.9,2.1,0.285,0.464,0.295,0.159,0.303
NYK,2002-03,103.3,104.6,-1.3,0.486,0.528,92.06,0.607,0.28,0.689,0.48,0.151,0.441,0.383,0.815,39.2,22.0,14.0,7.1,3.1,95.9,-1.4,0.241,0.485,0.339,0.155,0.311
ORL,2002-03,103.7,103.7,0.0,0.478,0.526,94.33,0.569,0.3,0.68,0.485,0.151,0.436,0.357,0.777,40.9,20.4,14.4,8.5,3.7,98.5,0.1,0.307,0.486,0.326,0.172,0.32
PHI,2002-03,103.2,100.6,2.6,0.466,0.52,93.07,0.595,0.324,0.704,0.509,0.158,0.448,0.311,0.775,42.2,21.6,14.8,10.3,3.5,96.8,2.3,0.339,0.488,0.32,0.182,0.296
PHX,2002-03,102.6,101.3,1.3,0.473,0.514,92.59,0.572,0.323,0.672,0.496,0.158,0.443,0.343,0.742,42.5,21.0,14.7,8.1,4.9,95.5,1.1,0.285,0.47,0.29,0.171,0.328
POR,2002-03,104.2,101.5,2.7,0.489,0.531,90.44,0.623,0.338,0.689,0.515,0.167,0.46,0.33,0.745,41.1,22.7,15.2,8.8,3.9,95.2,2.6,0.3,0.483,0.254,0.17,0.311
SAC,2002-03,104.4,97.8,6.6,0.499,0.535,96.63,0.627,0.289,0.678,0.493,0.149,0.464,0.381,0.746,44.5,24.8,14.5,9.0,5.6,101.7,6.5,0.262,0.446,0.275,0.158,0.322
SAS,2002-03,103.9,98.1,5.8,0.497,0.541,91.46,0.563,0.311,0.687,0.508,0.171,0.462,0.354,0.725,42.6,20.0,15.8,7.7,6.5,95.8,5.4,0.348,0.453,0.259,0.163,0.313
OKC,2002-03,102.4,102.6,-0.2,0.472,0.512,89.17,0.615,0.314,0.688,0.497,0.147,0.437,0.353,0.744,40.8,21.6,13.2,8.3,3.6,92.1,-0.1,0.27,0.484,0.283,0.164,0.312
TOR,2002-03,99.3,105.6,-6.3,0.458,0.497,91.01,0.556,0.318,0.678,0.491,0.157,0.427,0.343,0.718,41.2,19.3,14.4,7.4,4.8,90.9,-5.9,0.282,0.489,0.298,0.15,0.322
UTA,2002-03,103.7,101.1,2.6,0.486,0.537,90.78,0.727,0.353,0.673,0.519,0.184,0.468,0.349,0.745,41.5,25.6,16.8,8.6,5.7,94.7,2.4,0.38,0.468,0.338,0.174,0.327
WAS,2002-03,101.5,102.6,-1.1,0.46,0.513,89.46,0.572,0.305,0.686,0.496,0.148,0.44,0.312,0.779,40.4,19.7,13.4,7.6,4.8,91.5,-1.0,0.325,0.477,0.275,0.158,0.314
ATL,2003-04,99.1,103.9,-4.8,0.465,0.514,92.68,0.583,0.308,0.686,0.5,0.176,0.433,0.335,0.776,42.7,20.1,16.5,7.6,5.0,92.8,-4.6,0.303,0.476,0.307,0.15,0.314
BOS,2003-04,100.7,102.2,-1.5,0.486,0.532,94.47,0.592,0.279,0.658,0.473,0.172,0.443,0.346,0.75,40.1,20.5,16.2,9.4,4.0,95.3,-1.5,0.327,0.479,0.325,0.181,0.342
CHI,2003-04,95.6,102.1,-6.5,0.446,0.486,93.23,0.641,0.311,0.679,0.491,0.172,0.414,0.342,0.725,43.5,21.9,16.1,8.0,4.8,89.7,-6.4,0.272,0.469,0.339,0.162,0.321
CLE,2003-04,100.6,103.1,-2.6,0.451,0.498,91.71,0.619,0.34,0.688,0.514,0.16,0.433,0.314,0.753,45.6,22.0,14.8,7.1,6.5,92.9,-2.6,0.301,0.469,0.294,0.141,0.312
DAL,2003-04,110.4,105.9,4.5,0.495,0.536,94.62,0.591,0.335,0.686,0.507,0.128,0.459,0.348,0.796,45.3,23.9,12.2,8.0,5.3,105.2,4.4,0.256,0.498,0.287,0.159,0.314
DEN,2003-04,102.4,101.4,1.0,0.467,0.517,94.64,0.599,0.337,0.664,0.498,0.164,0.443,0.336,0.767,42.3,21.9,15.6,9.1,6.3,97.2,1.1,0.319,0.481,0.303,0.18,0.336
DET,2003-04,100.3,93.9,6.5,0.461,0.511,89.34,0.62,0.332,0.686,0.512,0.168,0.435,0.344,0.753,42.8,20.8,15.1,8.0,7.0,90.1,5.8,0.328,0.441,0.271,0.178,0.314
GSW,2003-04,101.5,102.6,-1.1,0.475,0.517,90.95,0.585,0.312,0.694,0.503,0.161,0.442,0.334,0.725,43.1,20.5,14.8,7.0,4.7,93.3,-0.7,0.311,0.476,0.283,0.152,0.306
HOU,2003-04,99.7,97.8,1.9,0.484,0.528,88.92,0.577,0.305,0.708,0.516,0.186,0.442,0.366,0.773,42.6,19.3,16.7,6.8,5.4,89.8,1.7,0.286,0.447,0.316,0.149,0.292
IND,2003-04,102.5,96.2,6.3,0.471,0.52,88.54,0.644,0.32,0.706,0.511,0.162,0.435,0.351,0.764,41.7,21.6,14.4,8.9,5.0,91.4,5.8,0.319,0.459,0.291,0.178,0.294
LAC,2003-04,101.9,106.6,-4.7,0.453,0.512,92.49,0.587,0.362,0.677,0.517,0.176,0.428,0.321,0.785,43.5,20.2,16.4,7.2,4.6,94.8,-4.6,0.35,0.494,0.312,0.147,0.323
LAL,2003-04,104.2,100.1,4.1,0.481,0.522,93.39,0.643,0.313,0.701,0.506,0.146,0.454,0.327,0.693,43.1,23.8,13.8,8.3,4.6,98.2,3.9,0.352,0.471,0.296,0.162,0.299
MEM,2003-04,103.4,100.8,2.6,0.479,0.522,92.6,0.646,0.325,0.655,0.489,0.16,0.445,0.34,0.727,41.8,23.4,15.0,9.7,6.9,96.7,2.4,0.322,0.465,0.328,0.182,0.345
MIA,2003-04,100.6,100.3,0.3,0.463,0.51,89.3,0.573,0.307,0.707,0.504,0.154,0.425,0.357,0.762,41.5,19.1,13.9,7.2,3.8,90.3,0.5,0.298,0.463,0.338,0.164,0.293
MIL,2003-04,104.6,103.5,1.1,0.477,0.528,93.2,0.63,0.308,0.69,0.499,0.144,0.447,0.35,0.775,42.2,22.8,13.5,6.8,4.7,98.0,1.1,0.33,0.485,0.288,0.152,0.31
MIN,2003-04,104.2,98.5,5.7,0.486,0.528,90.24,0.623,0.303,0.691,0.507,0.14,0.462,0.363,0.781,42.9,23.0,12.7,6.8,5.6,94.5,5.5,0.265,0.444,0.286,0.149,0.309
BKN,2003-04,99.0,96.4,2.6,0.471,0.515,90.97,0.714,0.289,0.711,0.501,0.162,0.441,0.336,0.753,40.7,24.5,14.7,8.6,3.9,90.3,2.5,0.291,0.46,0.29,0.177,0.289
NOP,2003-04,100.7,100.6,0.1,0.46,0.505,90.59,0.619,0.332,0.681,0.502,0.164,0.42,0.319,0.751,42.8,20.9,15.0,8.6,4.2,91.8,-0.1,0.293,0.476,0.291,0.171,0.319
NYK,2003-04,99.7,101.3,-1.6,0.474,0.518,91.29,0.588,0.307,0.701,0.508,0.17,0.442,0.364,0.793,42.6,20.7,15.7,7.4,4.8,92.0,-1.5,0.266,0.461,0.339,0.15,0.299
ORL,2003-04,101.4,108.8,-7.4,0.461,0.504,92.14,0.545,0.315,0.657,0.481,0.148,0.429,0.344,0.737,40.9,19.3,13.7,6.7,3.8,94.0,-7.0,0.296,0.502,0.289,0.146,0.343
PHI,2003-04,97.8,100.4,-2.6,0.456,0.505,89.26,0.611,0.313,0.681,0.498,0.177,0.428,0.342,0.753,40.8,20.0,15.9,8.0,4.4,88.0,-2.5,0.321,0.467,0.311,0.168,0.319
PHX,2003-04,100.3,104.2,-3.8,0.475,0.515,93.72,0.536,0.297,0.661,0.479,0.162,0.443,0.345,0.746,40.6,19.3,15.2,9.0,4.7,94.2,-3.7,0.28,0.482,0.314,0.169,0.339
POR,2003-04,102.1,103.5,-1.5,0.478,0.515,87.54,0.61,0.344,0.67,0.507,0.166,0.448,0.346,0.731,41.7,21.6,14.8,7.5,5.4,90.7,-1.3,0.267,0.482,0.246,0.154,0.33
SAC,2003-04,108.6,103.2,5.4,0.507,0.554,94.25,0.694,0.292,0.676,0.488,0.146,0.462,0.401,0.795,41.2,26.2,13.9,8.7,4.0,102.8,5.0,0.305,0.483,0.257,0.158,0.324
SAS,2003-04,101.0,93.1,7.9,0.473,0.511,90.23,0.59,0.319,0.71,0.516,0.162,0.442,0.358,0.681,45.1,20.4,14.7,8.1,6.5,91.5,7.2,0.322,0.433,0.289,0.169,0.29
OKC,2003-04,105.6,106.4,-0.8,0.501,0.54,91.34,0.606,0.302,0.655,0.479,0.158,0.446,0.373,0.765,39.3,21.7,14.5,8.1,4.7,97.1,-0.6,0.27,0.487,0.306,0.161,0.345
TOR,2003-04,95.3,98.8,-3.4,0.454,0.495,88.24,0.593,0.27,0.673,0.471,0.159,0.418,0.356,0.75,39.6,19.2,14.2,7.4,4.9,85.4,-3.0,0.26,0.449,0.323,0.163,0.327
UTA,2003-04,100.0,101.3,-1.3,0.456,0.509,88.26,0.621,0.373,0.691,0.529,0.188,0.436,0.321,0.746,41.2,20.4,16.6,7.1,6.0,88.7,-1.2,0.356,0.468,0.414,0.173,0.309
WAS,2003-04,97.2,102.9,-5.7,0.454,0.5,93.9,0.557,0.333,0.667,0.496,0.186,0.421,0.342,0.714,42.8,18.7,17.5,8.9,5.0,91.8,-5.6,0.337,0.486,0.278,0.17,0.333
ATL,2004-05,98.8,109.0,-10.2,0.464,0.504,93.09,0.549,0.326,0.696,0.502,0.171,0.441,0.312,0.711,41.9,19.7,16.1,7.7,4.2,92.7,-9.7,0.299,0.513,0.375,0.157,0.304
BOS,2004-05,105.9,105.1,0.8,0.501,0.551,94.61,0.594,0.305,0.671,0.494,0.165,0.468,0.349,0.764,40.8,22.1,15.8,8.1,5.2,101.3,0.9,0.357,0.481,0.364,0.163,0.329
CHA,2004-05,99.8,106.0,-6.2,0.455,0.497,93.54,0.606,0.327,0.676,0.492,0.154,0.432,0.363,0.709,41.7,21.9,14.5,8.5,5.4,94.3,-6.0,0.306,0.497,0.35,0.167,0.324
CHI,2004-05,100.5,99.1,1.4,0.471,0.517,93.41,0.612,0.317,0.691,0.506,0.178,0.432,0.357,0.75,43.8,21.3,16.7,7.0,4.5,94.5,1.1,0.311,0.454,0.352,0.165,0.309
CLE,2004-05,105.3,104.7,0.6,0.47,0.518,90.72,0.619,0.354,0.674,0.51,0.152,0.447,0.332,0.752,42.3,22.6,13.9,8.0,5.6,96.5,0.8,0.325,0.485,0.331,0.162,0.326
DAL,2004-05,108.5,102.6,5.9,0.492,0.545,94.18,0.526,0.319,0.674,0.5,0.142,0.457,0.364,0.789,42.9,19.6,13.4,8.6,5.6,102.5,5.7,0.346,0.472,0.316,0.165,0.326
DEN,2004-05,104.7,102.6,2.2,0.483,0.535,94.68,0.645,0.313,0.678,0.497,0.157,0.459,0.34,0.763,42.0,23.9,14.9,9.1,6.0,99.5,2.0,0.35,0.482,0.331,0.172,0.322
DET,2004-05,103.9,99.6,4.3,0.472,0.519,88.59,0.627,0.34,0.693,0.518,0.154,0.444,0.345,0.739,43.4,21.8,13.8,7.0,6.1,93.3,3.9,0.335,0.461,0.276,0.154,0.307
GSW,2004-05,103.4,105.5,-2.2,0.475,0.512,94.45,0.598,0.303,0.666,0.477,0.142,0.43,0.352,0.722,42.7,22.1,13.6,7.8,5.1,98.7,-2.2,0.278,0.491,0.305,0.16,0.334
HOU,2004-05,104.4,100.1,4.3,0.486,0.534,90.18,0.609,0.301,0.713,0.512,0.152,0.443,0.364,0.781,42.4,21.1,13.8,6.9,4.6,95.1,4.0,0.309,0.459,0.329,0.146,0.287
IND,2004-05,103.7,102.7,1.0,0.476,0.534,88.71,0.558,0.296,0.687,0.494,0.16,0.432,0.344,0.792,40.1,18.2,14.3,7.5,4.4,93.0,0.8,0.358,0.472,0.35,0.155,0.313
LAC,2004-05,103.8,104.5,-0.8,0.477,0.533,90.66,0.65,0.338,0.687,0.518,0.171,0.459,0.345,0.778,41.9,23.2,15.7,7.3,5.1,95.7,-0.8,0.357,0.48,0.308,0.148,0.313
LAL,2004-05,106.4,109.6,-3.2,0.485,0.535,92.34,0.578,0.324,0.68,0.503,0.155,0.437,0.355,0.777,43.2,20.4,14.3,6.2,4.2,98.7,-3.0,0.322,0.493,0.279,0.127,0.32
MEM,2004-05,104.2,101.5,2.7,0.489,0.535,89.65,0.612,0.308,0.663,0.487,0.163,0.447,0.357,0.754,39.0,20.9,14.6,8.5,5.8,93.4,2.3,0.323,0.466,0.351,0.177,0.337
MIA,2004-05,108.9,102.2,6.7,0.524,0.559,91.73,0.578,0.297,0.698,0.508,0.147,0.486,0.377,0.672,43.0,21.8,13.7,6.4,5.8,101.5,6.5,0.387,0.46,0.318,0.142,0.302
MIL,2004-05,105.1,108.1,-3.0,0.475,0.527,92.14,0.58,0.322,0.687,0.503,0.149,0.45,0.351,0.772,41.3,21.0,13.8,6.5,3.5,97.2,-3.0,0.339,0.499,0.303,0.14,0.313
MIN,2004-05,106.6,105.0,1.6,0.489,0.534,90.39,0.63,0.321,0.682,0.508,0.145,0.459,0.345,0.796,43.0,23.4,13.2,5.6,5.5,96.8,1.5,0.275,0.472,0.277,0.129,0.318
BKN,2004-05,99.9,101.6,-1.7,0.463,0.512,90.41,0.644,0.298,0.701,0.495,0.155,0.429,0.362,0.763,39.5,21.6,14.2,7.9,3.8,91.4,-1.5,0.318,0.479,0.374,0.171,0.299
NOP,2004-05,98.2,105.9,-7.7,0.446,0.493,88.97,0.634,0.329,0.675,0.494,0.165,0.415,0.315,0.766,40.2,21.0,14.8,6.7,3.8,88.4,-7.1,0.279,0.491,0.337,0.158,0.325
NYK,2004-05,104.5,107.2,-2.7,0.485,0.531,92.12,0.559,0.316,0.686,0.498,0.158,0.451,0.356,0.767,41.0,20.3,14.7,7.7,3.2,97.3,-2.4,0.312,0.501,0.351,0.157,0.314
ORL,2004-05,103.4,105.7,-2.3,0.478,0.529,96.15,0.522,0.328,0.682,0.507,0.168,0.454,0.349,0.759,43.7,19.3,16.1,7.7,5.4,99.5,-2.2,0.35,0.484,0.338,0.151,0.318
PHI,2004-05,101.8,102.5,-0.7,0.475,0.528,96.56,0.58,0.281,0.703,0.491,0.16,0.437,0.348,0.789,42.0,20.9,15.5,9.2,3.9,99.1,-0.7,0.326,0.485,0.347,0.174,0.297
PHX,2004-05,112.7,105.7,7.0,0.534,0.571,97.35,0.575,0.304,0.656,0.49,0.14,0.477,0.393,0.748,44.1,23.5,13.7,7.0,5.5,110.4,7.1,0.296,0.478,0.237,0.141,0.344
POR,2004-05,101.9,106.1,-4.3,0.484,0.524,91.05,0.595,0.331,0.65,0.496,0.175,0.451,0.362,0.725,41.1,21.0,16.0,7.1,6.6,92.9,-4.0,0.303,0.479,0.271,0.147,0.35
SAC,2004-05,108.8,106.5,2.3,0.496,0.541,94.52,0.626,0.315,0.667,0.491,0.137,0.459,0.374,0.787,42.4,24.5,13.1,8.2,3.9,103.7,2.2,0.287,0.493,0.29,0.154,0.333
SAS,2004-05,106.1,97.8,8.3,0.492,0.534,89.96,0.606,0.321,0.697,0.51,0.151,0.453,0.363,0.724,42.4,21.6,13.7,7.5,6.6,96.2,7.8,0.329,0.452,0.307,0.167,0.303
OKC,2004-05,110.3,108.0,2.3,0.495,0.546,89.24,0.516,0.357,0.681,0.517,0.151,0.444,0.365,0.79,40.9,18.1,13.6,6.7,4.1,98.9,2.3,0.328,0.496,0.333,0.148,0.319
TOR,2004-05,105.4,107.2,-1.8,0.492,0.539,94.01,0.566,0.269,0.682,0.473,0.14,0.444,0.385,0.774,40.1,20.4,13.3,7.6,3.9,99.7,-1.6,0.316,0.499,0.323,0.152,0.318
UTA,2004-05,102.9,107.3,-4.4,0.469,0.522,90.02,0.646,0.351,0.695,0.518,0.174,0.449,0.328,0.757,40.1,22.3,15.8,6.6,4.6,93.0,-4.3,0.361,0.499,0.445,0.159,0.305
WAS,2004-05,105.4,105.9,-0.4,0.474,0.523,94.8,0.527,0.338,0.667,0.497,0.15,0.437,0.343,0.725,42.8,19.1,14.3,8.7,4.2,100.5,-0.3,0.364,0.498,0.301,0.167,0.333
ATL,2005-06,104.8,110.1,-5.3,0.486,0.534,91.75,0.552,0.334,0.667,0.496,0.169,0.454,0.367,0.75,40.3,19.8,15.7,7.2,4.8,97.2,-4.8,0.34,0.513,0.369,0.162,0.333
BOS,2005-06,104.0,105.6,-1.5,0.504,0.551,93.27,0.581,0.289,0.694,0.497,0.176,0.467,0.362,0.755,39.6,20.9,16.6,7.0,5.1,98.0,-1.5,0.349,0.49,0.38,0.157,0.306
CHA,2005-06,101.2,105.6,-4.4,0.464,0.509,94.57,0.58,0.305,0.678,0.479,0.149,0.433,0.339,0.729,39.8,20.9,14.2,10.0,4.3,96.9,-4.0,0.319,0.514,0.356,0.187,0.322
CHI,2005-06,103.3,102.7,0.7,0.487,0.527,93.59,0.601,0.303,0.703,0.503,0.158,0.446,0.379,0.738,42.8,22.0,14.9,6.2,4.2,97.8,0.6,0.292,0.464,0.379,0.158,0.297
CLE,2005-06,106.6,104.4,2.1,0.492,0.538,90.77,0.536,0.313,0.717,0.514,0.151,0.454,0.339,0.729,42.3,19.0,13.9,6.9,4.8,97.6,2.2,0.362,0.49,0.304,0.144,0.283
DAL,2005-06,109.9,103.2,6.7,0.495,0.55,89.3,0.5,0.347,0.69,0.522,0.15,0.462,0.374,0.783,42.2,18.0,13.6,7.2,6.0,99.1,6.1,0.364,0.475,0.342,0.156,0.31
DEN,2005-06,104.4,104.1,0.3,0.488,0.535,94.9,0.624,0.3,0.682,0.494,0.154,0.461,0.325,0.744,41.3,23.4,14.8,8.5,5.6,100.3,0.2,0.347,0.493,0.309,0.168,0.318
DET,2005-06,109.3,101.7,7.6,0.497,0.535,87.98,0.661,0.317,0.68,0.497,0.128,0.455,0.384,0.727,40.5,24.0,11.4,7.1,6.0,96.8,6.7,0.297,0.477,0.26,0.157,0.32
GSW,2005-06,103.5,104.9,-1.4,0.479,0.521,94.43,0.576,0.296,0.686,0.485,0.148,0.433,0.341,0.718,42.3,20.7,14.1,7.4,4.3,98.5,-1.4,0.323,0.492,0.328,0.161,0.314
HOU,2005-06,100.4,102.1,-1.7,0.471,0.519,89.07,0.583,0.291,0.705,0.501,0.162,0.433,0.332,0.759,41.6,19.3,14.5,7.2,3.9,90.1,-1.6,0.317,0.472,0.338,0.149,0.295
IND,2005-06,103.1,101.0,2.0,0.487,0.533,90.85,0.585,0.304,0.699,0.506,0.168,0.444,0.349,0.737,42.2,19.9,15.3,7.3,5.0,93.9,1.9,0.344,0.464,0.317,0.149,0.301
LAC,2005-06,103.8,102.2,1.6,0.487,0.54,92.99,0.571,0.286,0.719,0.513,0.154,0.465,0.344,0.791,43.1,20.8,14.5,6.5,6.1,97.2,1.6,0.332,0.471,0.328,0.137,0.281
LAL,2005-06,106.8,104.2,2.6,0.495,0.539,92.22,0.58,0.316,0.701,0.507,0.15,0.453,0.349,0.745,42.2,21.1,13.9,7.7,4.3,99.4,2.5,0.329,0.486,0.324,0.152,0.299
MEM,2005-06,104.5,100.4,4.1,0.496,0.537,87.39,0.578,0.298,0.69,0.496,0.157,0.448,0.374,0.711,39.2,19.3,13.8,7.3,5.4,92.2,3.7,0.339,0.469,0.315,0.168,0.31
MIA,2005-06,107.5,103.4,4.1,0.517,0.556,92.56,0.557,0.297,0.726,0.519,0.156,0.478,0.345,0.7,43.1,20.6,14.5,6.4,5.4,99.9,3.9,0.363,0.477,0.34,0.14,0.274
MIL,2005-06,104.9,105.9,-1.0,0.492,0.535,92.45,0.594,0.309,0.713,0.507,0.157,0.453,0.38,0.738,41.2,21.6,14.6,7.3,3.3,97.8,-1.0,0.322,0.504,0.35,0.154,0.287
MIN,2005-06,101.5,103.5,-2.0,0.48,0.524,89.58,0.594,0.296,0.673,0.49,0.16,0.456,0.329,0.758,39.4,20.9,14.5,6.8,5.7,91.7,-1.9,0.299,0.475,0.32,0.154,0.327
BKN,2005-06,102.4,100.9,1.5,0.478,0.528,91.17,0.678,0.274,0.73,0.501,0.149,0.44,0.33,0.758,41.0,23.0,13.6,6.8,3.4,93.8,1.4,0.346,0.476,0.359,0.157,0.27
NOP,2005-06,102.3,105.1,-2.8,0.464,0.515,90.32,0.537,0.297,0.709,0.497,0.147,0.44,0.339,0.758,40.2,18.5,13.4,7.5,3.8,92.8,-2.8,0.339,0.502,0.32,0.16,0.291
NYK,2005-06,102.7,109.3,-6.6,0.481,0.534,92.03,0.52,0.342,0.697,0.518,0.19,0.455,0.362,0.726,41.4,17.9,17.7,6.8,3.3,95.6,-6.4,0.417,0.511,0.39,0.151,0.303
ORL,2005-06,105.3,106.6,-1.3,0.496,0.543,89.12,0.514,0.33,0.691,0.516,0.168,0.472,0.376,0.73,40.2,18.2,15.1,6.5,4.4,94.9,-1.1,0.369,0.49,0.361,0.149,0.309
PHI,2005-06,104.7,106.5,-1.8,0.487,0.538,93.91,0.551,0.285,0.676,0.481,0.149,0.458,0.364,0.76,40.2,20.2,14.1,7.9,4.9,99.4,-2.0,0.356,0.5,0.315,0.163,0.324
PHX,2005-06,110.2,104.7,5.4,0.537,0.568,96.92,0.635,0.256,0.69,0.48,0.135,0.479,0.399,0.806,41.8,26.6,13.3,6.7,5.0,108.4,5.5,0.206,0.49,0.274,0.151,0.31
POR,2005-06,99.7,110.3,-10.7,0.474,0.511,88.88,0.534,0.308,0.657,0.48,0.165,0.445,0.349,0.689,37.7,18.2,14.7,6.5,5.3,88.8,-9.5,0.31,0.507,0.305,0.145,0.343
SAC,2005-06,105.3,103.5,1.8,0.492,0.544,93.26,0.618,0.289,0.694,0.495,0.156,0.454,0.351,0.784,40.5,22.3,14.6,7.4,3.6,98.9,1.5,0.334,0.488,0.281,0.156,0.306
SAS,2005-06,106.2,98.7,7.5,0.513,0.546,89.41,0.574,0.289,0.708,0.505,0.153,0.472,0.385,0.702,41.5,20.9,13.7,6.6,5.7,95.6,6.8,0.298,0.457,0.298,0.154,0.292
OKC,2005-06,109.4,112.7,-3.3,0.504,0.551,93.04,0.551,0.34,0.659,0.495,0.157,0.459,0.371,0.785,39.6,20.7,14.7,7.6,3.7,102.6,-3.0,0.314,0.527,0.342,0.155,0.341
TOR,2005-06,107.9,111.2,-3.2,0.5,0.548,92.33,0.529,0.286,0.697,0.484,0.139,0.454,0.375,0.791,38.5,19.4,13.1,6.5,3.3,101.1,-3.0,0.315,0.53,0.352,0.152,0.303
UTA,2005-06,102.4,105.1,-2.7,0.467,0.519,89.4,0.646,0.356,0.702,0.526,0.174,0.442,0.336,0.719,42.1,21.6,15.7,6.4,6.0,92.4,-2.6,0.397,0.49,0.406,0.157,0.298
WAS,2005-06,107.7,105.8,1.9,0.484,0.538,93.68,0.512,0.329,0.679,0.499,0.148,0.447,0.357,0.757,41.2,18.6,13.9,8.0,4.1,101.7,1.9,0.375,0.504,0.343,0.171,0.321
ATL,2006-07,102.0,107.0,-5.1,0.471,0.523,90.98,0.556,0.328,0.676,0.499,0.173,0.444,0.329,0.761,40.1,19.2,15.9,7.4,5.4,93.7,-4.8,0.346,0.503,0.365,0.165,0.324
BOS,2006-07,102.3,105.8,-3.5,0.479,0.53,92.91,0.57,0.309,0.705,0.502,0.176,0.443,0.367,0.767,40.4,19.9,16.5,7.2,4.7,95.8,-3.4,0.337,0.502,0.375,0.163,0.295
CHA,2006-07,102.4,106.3,-3.9,0.48,0.524,93.11,0.62,0.299,0.682,0.485,0.158,0.446,0.357,0.734,39.8,22.4,14.9,7.8,4.5,96.9,-3.7,0.322,0.5,0.373,0.167,0.318
CHI,2006-07,104.0,98.8,5.2,0.493,0.534,94.47,0.601,0.319,0.707,0.514,0.168,0.457,0.388,0.734,43.7,22.3,16.0,7.8,5.4,98.8,5.0,0.313,0.473,0.346,0.184,0.293
CLE,2006-07,104.4,100.6,3.8,0.484,0.522,91.59,0.574,0.327,0.721,0.518,0.155,0.447,0.352,0.696,43.5,20.8,14.4,7.6,4.3,96.8,3.8,0.32,0.48,0.331,0.166,0.279
DAL,2006-07,109.7,102.1,7.6,0.509,0.559,90.68,0.542,0.32,0.719,0.522,0.152,0.467,0.381,0.805,41.9,19.9,13.9,6.8,5.0,100.0,7.2,0.317,0.477,0.355,0.16,0.281
DEN,2006-07,106.7,105.1,1.7,0.501,0.548,98.2,0.607,0.322,0.678,0.502,0.167,0.465,0.336,0.746,43.4,23.4,16.5,8.3,5.3,105.4,1.6,0.36,0.499,0.274,0.166,0.322
DET,2006-07,107.4,102.6,4.8,0.488,0.535,88.56,0.601,0.307,0.678,0.493,0.137,0.454,0.344,0.774,40.5,21.6,12.2,7.1,5.8,96.0,4.2,0.307,0.477,0.317,0.164,0.322
GSW,2006-07,106.2,106.5,-0.3,0.512,0.548,99.97,0.598,0.285,0.662,0.472,0.159,0.463,0.356,0.717,41.4,23.8,16.0,9.1,5.7,106.5,-0.3,0.3,0.506,0.352,0.185,0.338
HOU,2006-07,104.7,99.7,4.9,0.499,0.54,91.7,0.586,0.287,0.725,0.508,0.153,0.445,0.372,0.753,43.3,20.8,14.2,7.1,4.1,97.0,4.9,0.292,0.466,0.308,0.154,0.275
IND,2006-07,101.9,104.4,-2.5,0.474,0.523,93.43,0.585,0.321,0.694,0.503,0.173,0.438,0.346,0.76,41.8,20.5,16.3,7.3,5.5,95.6,-2.4,0.324,0.491,0.36,0.167,0.306
LAC,2006-07,103.8,104.2,-0.4,0.481,0.537,91.92,0.612,0.307,0.712,0.513,0.164,0.456,0.348,0.788,41.1,21.5,15.1,7.3,5.8,95.6,-0.5,0.355,0.488,0.333,0.15,0.288
LAL,2006-07,107.3,107.5,-0.2,0.511,0.554,94.58,0.596,0.3,0.69,0.496,0.161,0.466,0.353,0.747,41.2,22.6,15.5,7.3,5.1,103.3,-0.1,0.333,0.5,0.345,0.153,0.31
MEM,2006-07,105.7,110.9,-5.2,0.504,0.555,94.77,0.56,0.291,0.682,0.486,0.17,0.465,0.367,0.761,39.5,20.5,16.4,6.9,5.0,101.6,-5.1,0.374,0.529,0.313,0.159,0.318
MIA,2006-07,103.4,104.6,-1.2,0.506,0.541,90.61,0.576,0.279,0.693,0.493,0.16,0.464,0.343,0.69,40.8,20.5,14.6,6.9,5.4,94.6,-0.9,0.321,0.485,0.313,0.158,0.307
MIL,2006-07,106.0,110.3,-4.3,0.504,0.541,93.33,0.567,0.306,0.657,0.479,0.161,0.465,0.356,0.733,39.2,21.6,15.1,7.2,2.7,99.7,-4.4,0.286,0.522,0.316,0.166,0.343
MIN,2006-07,102.4,106.5,-4.0,0.49,0.537,92.19,0.617,0.292,0.698,0.5,0.166,0.461,0.353,0.792,40.1,22.5,15.6,6.5,4.0,96.1,-3.7,0.291,0.498,0.297,0.151,0.302
BKN,2006-07,104.2,105.1,-0.9,0.504,0.546,92.69,0.674,0.275,0.714,0.496,0.158,0.457,0.363,0.727,40.8,23.9,14.8,6.1,3.3,97.6,-0.8,0.338,0.49,0.349,0.155,0.286
NOP,2006-07,103.7,105.4,-1.6,0.479,0.52,91.19,0.517,0.318,0.719,0.514,0.157,0.445,0.362,0.74,43.1,18.7,14.5,6.4,4.2,95.5,-1.6,0.291,0.499,0.28,0.148,0.281
NYK,2006-07,104.3,107.4,-3.1,0.494,0.539,91.89,0.528,0.337,0.714,0.527,0.183,0.457,0.346,0.715,43.3,18.7,17.1,6.6,3.2,97.5,-2.9,0.377,0.504,0.325,0.147,0.286
ORL,2006-07,104.1,103.3,0.8,0.5,0.544,90.54,0.53,0.333,0.697,0.519,0.186,0.472,0.356,0.702,40.7,18.6,17.0,6.9,5.1,94.8,0.8,0.393,0.48,0.376,0.165,0.303
PHI,2006-07,102.4,105.6,-3.2,0.48,0.53,91.84,0.569,0.306,0.678,0.493,0.165,0.458,0.345,0.767,39.7,20.4,15.3,7.2,4.8,94.9,-3.0,0.333,0.501,0.293,0.168,0.322
PHX,2006-07,112.9,105.5,7.4,0.551,0.59,96.45,0.626,0.262,0.683,0.484,0.149,0.494,0.399,0.808,40.5,25.9,14.5,6.7,4.8,110.2,7.3,0.267,0.492,0.268,0.155,0.317
POR,2006-07,103.8,108.6,-4.8,0.483,0.53,89.36,0.526,0.326,0.697,0.507,0.166,0.45,0.346,0.769,39.3,18.5,15.1,6.8,4.6,94.1,-4.3,0.314,0.508,0.343,0.152,0.303
SAC,2006-07,105.1,106.7,-1.6,0.491,0.545,95.83,0.566,0.267,0.692,0.477,0.151,0.45,0.35,0.765,38.9,20.3,14.6,8.2,3.2,101.3,-1.8,0.379,0.513,0.317,0.169,0.308
SAS,2006-07,108.6,99.4,9.2,0.521,0.561,90.22,0.605,0.279,0.715,0.505,0.153,0.474,0.381,0.751,40.7,22.1,13.9,7.2,5.1,98.5,8.4,0.313,0.471,0.272,0.158,0.285
OKC,2006-07,105.9,108.9,-3.0,0.499,0.544,92.92,0.556,0.312,0.676,0.492,0.165,0.46,0.362,0.791,39.6,20.7,15.5,7.7,3.7,99.1,-2.9,0.288,0.515,0.323,0.161,0.324
TOR,2006-07,105.7,104.4,1.2,0.504,0.55,93.86,0.601,0.25,0.711,0.481,0.143,0.463,0.363,0.788,39.5,22.2,13.5,7.1,3.9,99.5,1.0,0.303,0.503,0.29,0.161,0.289
UTA,2006-07,108.6,105.6,3.0,0.502,0.551,92.81,0.659,0.352,0.721,0.534,0.167,0.474,0.335,0.743,42.5,24.7,15.6,7.0,4.1,101.5,2.9,0.38,0.496,0.409,0.161,0.279
WAS,2006-07,108.7,109.1,-0.4,0.491,0.542,95.33,0.541,0.312,0.678,0.489,0.144,0.45,0.348,0.765,41.2,20.2,13.8,7.7,4.6,104.3,-0.5,0.356,0.517,0.32,0.164,0.322
ATL,2007-08,105.5,107.3,-1.8,0.483,0.535,92.35,0.606,0.329,0.682,0.506,0.16,0.454,0.356,0.772,42.2,22.0,14.9,7.3,5.5,98.2,-1.8,0.34,0.501,0.289,0.147,0.318
BOS,2007-08,108.8,98.1,10.8,0.522,0.569,91.88,0.614,0.306,0.707,0.518,0.164,0.475,0.381,0.771,42.0,22.4,15.2,8.5,4.6,100.5,10.3,0.346,0.457,0.341,0.173,0.293
CHA,2007-08,103.7,108.2,-4.5,0.492,0.532,92.75,0.591,0.294,0.674,0.483,0.157,0.452,0.367,0.714,40.6,21.3,14.7,7.5,4.9,97.1,-4.4,0.323,0.505,0.314,0.153,0.326
CHI,2007-08,102.9,106.0,-3.1,0.47,0.515,94.04,0.606,0.325,0.687,0.5,0.154,0.435,0.363,0.756,43.0,22.1,14.6,7.7,5.2,97.3,-3.1,0.296,0.496,0.337,0.161,0.313
CLE,2007-08,104.8,105.4,-0.6,0.48,0.52,91.06,0.558,0.334,0.715,0.518,0.152,0.439,0.358,0.717,44.6,20.0,14.0,7.1,5.2,96.4,-0.4,0.308,0.494,0.32,0.145,0.285
DAL,2007-08,109.5,104.7,4.8,0.502,0.554,91.38,0.569,0.3,0.716,0.514,0.138,0.464,0.352,0.814,43.0,21.0,12.6,6.0,4.9,100.4,4.5,0.318,0.474,0.331,0.133,0.284
DEN,2007-08,108.9,105.5,3.4,0.51,0.557,100.58,0.612,0.292,0.686,0.494,0.144,0.47,0.355,0.751,44.1,24.7,14.7,9.2,6.7,110.7,3.7,0.358,0.499,0.278,0.162,0.314
DET,2007-08,109.8,101.5,8.3,0.495,0.539,88.54,0.611,0.327,0.7,0.513,0.131,0.458,0.366,0.767,41.4,22.3,11.7,7.1,5.8,97.5,7.4,0.3,0.47,0.328,0.152,0.3
GSW,2007-08,110.4,108.5,1.9,0.511,0.548,99.96,0.539,0.301,0.672,0.481,0.131,0.459,0.348,0.752,43.2,22.4,13.2,9.1,4.6,111.0,2.2,0.276,0.509,0.34,0.168,0.328
HOU,2007-08,105.4,100.5,4.8,0.492,0.528,91.42,0.585,0.323,0.711,0.519,0.15,0.448,0.342,0.726,44.6,21.4,13.7,7.3,5.1,96.7,4.7,0.276,0.465,0.29,0.146,0.289
IND,2007-08,105.1,106.3,-1.2,0.498,0.54,98.64,0.601,0.278,0.701,0.487,0.152,0.444,0.374,0.768,43.1,22.7,15.1,7.6,5.0,104.0,-1.4,0.292,0.498,0.358,0.16,0.299
LAC,2007-08,99.9,107.4,-7.5,0.465,0.519,93.38,0.614,0.267,0.703,0.484,0.153,0.438,0.324,0.781,40.1,21.1,14.4,6.8,4.9,93.8,-7.3,0.338,0.503,0.314,0.144,0.297
LAL,2007-08,111.7,104.3,7.3,0.525,0.57,96.7,0.617,0.297,0.702,0.507,0.145,0.476,0.378,0.769,44.1,24.4,14.1,8.0,5.3,108.6,7.3,0.333,0.485,0.284,0.147,0.298
MEM,2007-08,103.9,110.2,-6.3,0.5,0.539,96.33,0.514,0.277,0.706,0.489,0.157,0.454,0.349,0.723,41.6,19.2,15.3,6.1,4.7,100.7,-6.2,0.311,0.521,0.253,0.138,0.294
MIA,2007-08,99.4,108.8,-9.4,0.482,0.522,91.24,0.585,0.264,0.681,0.47,0.159,0.443,0.358,0.727,37.6,20.0,14.7,7.2,4.3,91.4,-8.6,0.3,0.51,0.325,0.155,0.319
MIL,2007-08,103.9,111.1,-7.2,0.482,0.522,92.61,0.582,0.332,0.694,0.506,0.158,0.449,0.344,0.733,41.7,21.5,14.8,6.6,4.4,97.0,-6.9,0.294,0.524,0.326,0.147,0.306
MIN,2007-08,102.7,110.0,-7.3,0.484,0.518,92.84,0.53,0.314,0.703,0.501,0.156,0.451,0.35,0.736,41.4,19.9,14.5,7.5,3.7,95.6,-6.8,0.248,0.513,0.35,0.145,0.297
BKN,2007-08,102.3,107.7,-5.4,0.481,0.528,92.96,0.674,0.3,0.706,0.502,0.16,0.443,0.348,0.736,41.9,23.5,15.0,6.4,4.8,95.8,-5.1,0.347,0.497,0.353,0.143,0.294
NOP,2007-08,110.0,104.4,5.6,0.512,0.548,91.04,0.564,0.3,0.717,0.506,0.13,0.466,0.389,0.769,41.8,21.8,11.9,7.8,3.9,100.9,5.3,0.251,0.501,0.239,0.151,0.283
NYK,2007-08,103.5,110.4,-6.8,0.475,0.518,92.76,0.516,0.321,0.697,0.502,0.155,0.439,0.337,0.727,42.5,18.7,14.5,6.4,2.6,96.9,-6.6,0.31,0.518,0.31,0.136,0.303
ORL,2007-08,110.4,104.9,5.6,0.537,0.575,94.02,0.558,0.274,0.709,0.501,0.151,0.474,0.386,0.721,42.0,20.8,14.3,6.3,4.1,104.5,5.5,0.355,0.484,0.288,0.14,0.291
PHI,2007-08,105.1,104.7,0.5,0.482,0.522,91.56,0.547,0.351,0.688,0.515,0.156,0.46,0.317,0.706,41.9,20.4,14.3,8.7,4.9,96.6,0.4,0.321,0.504,0.265,0.171,0.312
PHX,2007-08,112.0,107.0,5.0,0.551,0.59,97.72,0.645,0.253,0.674,0.481,0.147,0.5,0.393,0.783,41.5,26.7,14.4,6.5,6.3,110.1,5.0,0.292,0.488,0.254,0.137,0.326
POR,2007-08,105.9,106.8,-0.8,0.489,0.532,89.1,0.59,0.303,0.684,0.495,0.143,0.448,0.377,0.767,40.7,21.1,12.9,5.5,4.4,95.4,-1.0,0.281,0.491,0.276,0.139,0.316
SAC,2007-08,106.2,108.6,-2.4,0.503,0.556,95.81,0.515,0.29,0.689,0.493,0.166,0.464,0.373,0.798,40.1,19.1,16.1,7.9,4.1,102.5,-2.3,0.346,0.51,0.34,0.158,0.311
SAS,2007-08,106.0,100.7,5.3,0.504,0.543,89.72,0.585,0.268,0.733,0.503,0.14,0.457,0.369,0.761,41.3,21.0,12.6,6.4,4.1,95.4,4.8,0.276,0.477,0.266,0.143,0.267
OKC,2007-08,99.6,108.3,-8.6,0.467,0.509,97.32,0.559,0.305,0.7,0.502,0.163,0.444,0.333,0.77,44.6,21.3,16.0,6.5,4.9,97.5,-8.8,0.265,0.503,0.287,0.134,0.3
TOR,2007-08,108.9,105.6,3.3,0.511,0.551,91.35,0.62,0.269,0.709,0.489,0.127,0.468,0.392,0.812,40.1,23.8,11.7,7.0,4.1,100.2,2.9,0.247,0.505,0.264,0.152,0.291
UTA,2007-08,112.1,104.9,7.2,0.528,0.573,94.64,0.66,0.327,0.71,0.521,0.154,0.497,0.372,0.759,40.9,26.4,14.6,8.7,4.3,106.2,6.9,0.349,0.501,0.393,0.168,0.29
WAS,2007-08,107.6,107.9,-0.3,0.489,0.535,90.85,0.538,0.32,0.695,0.503,0.144,0.446,0.356,0.782,41.6,19.6,13.2,7.7,4.8,98.8,-0.3,0.297,0.513,0.288,0.152,0.305
ATL,2008-09,108.3,106.7,1.7,0.504,0.546,90.44,0.561,0.295,0.682,0.49,0.141,0.458,0.366,0.737,40.0,20.2,12.8,7.4,4.6,98.1,1.6,0.323,0.494,0.272,0.151,0.318
BOS,2008-09,109.5,101.6,7.9,0.528,0.571,91.15,0.606,0.314,0.715,0.524,0.169,0.486,0.397,0.765,42.1,22.7,15.6,7.6,4.7,100.9,7.5,0.328,0.47,0.329,0.158,0.285
CHA,2008-09,103.7,105.0,-1.3,0.494,0.536,89.18,0.607,0.321,0.686,0.504,0.173,0.455,0.366,0.74,39.7,21.2,15.6,7.1,4.8,93.6,-1.3,0.312,0.498,0.304,0.163,0.314
CHI,2008-09,107.2,107.5,-0.3,0.493,0.541,94.1,0.554,0.321,0.675,0.498,0.153,0.457,0.381,0.796,42.1,21.1,14.5,7.5,5.5,102.2,-0.3,0.3,0.493,0.303,0.151,0.325
CLE,2008-09,111.2,101.6,9.6,0.519,0.56,89.61,0.55,0.306,0.707,0.512,0.141,0.468,0.393,0.757,42.2,20.3,12.7,7.2,5.3,100.3,8.9,0.312,0.468,0.294,0.154,0.293
DAL,2008-09,109.0,107.0,2.0,0.504,0.55,92.68,0.569,0.297,0.707,0.504,0.136,0.462,0.35,0.819,42.7,21.7,12.7,7.2,5.2,101.7,2.0,0.274,0.493,0.282,0.139,0.293
DEN,2008-09,109.0,105.6,3.4,0.512,0.563,95.39,0.595,0.311,0.683,0.503,0.16,0.47,0.371,0.76,41.6,22.2,15.3,8.7,6.0,104.3,3.4,0.382,0.485,0.331,0.161,0.317
DET,2008-09,105.8,106.4,-0.6,0.483,0.524,88.02,0.567,0.311,0.711,0.508,0.133,0.454,0.349,0.751,41.4,20.6,11.9,6.0,4.6,94.2,-0.5,0.282,0.485,0.32,0.132,0.289
GSW,2008-09,108.0,111.7,-3.7,0.497,0.549,99.57,0.53,0.293,0.652,0.473,0.146,0.458,0.373,0.791,42.0,20.9,14.6,7.8,6.4,108.6,-3.7,0.339,0.508,0.323,0.149,0.348
HOU,2008-09,107.1,102.9,4.2,0.501,0.548,91.23,0.562,0.308,0.714,0.517,0.154,0.453,0.375,0.805,43.0,20.3,14.1,6.7,4.3,98.4,4.0,0.292,0.479,0.257,0.135,0.286
IND,2008-09,107.2,108.2,-1.0,0.501,0.545,97.34,0.551,0.291,0.707,0.498,0.148,0.455,0.378,0.807,43.7,21.6,14.5,7.0,5.3,105.1,-1.1,0.267,0.499,0.354,0.143,0.293
LAC,2008-09,101.0,110.1,-9.2,0.481,0.52,93.3,0.583,0.287,0.679,0.479,0.158,0.441,0.354,0.736,39.8,21.0,14.9,7.0,5.9,95.1,-8.8,0.275,0.512,0.299,0.141,0.321
LAL,2008-09,111.4,103.5,7.9,0.513,0.555,95.49,0.577,0.326,0.698,0.514,0.14,0.474,0.361,0.77,43.9,23.3,13.5,8.8,5.1,106.9,7.7,0.299,0.49,0.283,0.162,0.302
MEM,2008-09,102.3,108.2,-6.0,0.486,0.533,91.22,0.497,0.297,0.697,0.495,0.166,0.454,0.36,0.756,38.8,17.4,15.3,7.5,4.7,93.9,-5.5,0.329,0.515,0.32,0.159,0.303
MIA,2008-09,106.8,106.5,0.3,0.5,0.54,90.8,0.551,0.282,0.693,0.484,0.136,0.457,0.357,0.754,39.5,20.4,12.5,7.9,5.5,98.3,0.3,0.282,0.501,0.325,0.165,0.307
MIL,2008-09,105.2,106.3,-1.1,0.483,0.531,93.89,0.599,0.31,0.699,0.496,0.149,0.445,0.363,0.78,40.7,22.0,14.1,7.4,3.8,99.3,-1.1,0.306,0.503,0.398,0.174,0.301
MIN,2008-09,104.9,109.9,-5.0,0.481,0.526,92.76,0.561,0.321,0.717,0.511,0.152,0.441,0.353,0.769,41.7,20.4,14.2,6.2,3.9,97.8,-4.9,0.289,0.515,0.327,0.134,0.283
BKN,2008-09,106.8,109.5,-2.7,0.497,0.543,91.12,0.559,0.288,0.703,0.493,0.143,0.448,0.376,0.779,39.8,20.0,13.1,6.8,4.8,98.1,-2.4,0.303,0.509,0.357,0.147,0.297
NOP,2008-09,107.6,105.8,1.8,0.501,0.548,88.74,0.553,0.282,0.707,0.496,0.141,0.457,0.364,0.807,39.7,19.6,12.5,7.2,4.1,95.8,1.5,0.288,0.496,0.297,0.149,0.293
NYK,2008-09,107.0,109.4,-2.5,0.503,0.544,97.82,0.551,0.277,0.696,0.48,0.146,0.445,0.36,0.784,42.1,21.2,14.3,7.4,2.5,105.2,-2.6,0.268,0.52,0.284,0.147,0.304
OKC,2008-09,101.4,107.6,-6.2,0.471,0.521,95.1,0.555,0.309,0.716,0.508,0.17,0.447,0.346,0.786,42.6,20.3,16.2,7.4,4.5,97.0,-6.1,0.308,0.514,0.284,0.145,0.284
ORL,2008-09,108.3,101.3,7.1,0.52,0.559,92.99,0.544,0.273,0.717,0.502,0.149,0.457,0.381,0.715,43.3,19.4,13.9,7.0,5.4,101.0,6.7,0.351,0.465,0.277,0.14,0.283
PHI,2008-09,106.3,106.1,0.2,0.485,0.532,91.3,0.55,0.342,0.68,0.508,0.154,0.459,0.318,0.745,41.2,20.1,14.1,8.0,5.1,97.4,0.1,0.339,0.507,0.276,0.17,0.32
PHX,2008-09,112.4,110.4,2.0,0.545,0.584,96.99,0.565,0.308,0.682,0.503,0.161,0.504,0.383,0.744,41.7,23.2,15.7,7.2,5.1,109.4,1.9,0.336,0.511,0.3,0.146,0.318
POR,2008-09,112.1,106.1,6.0,0.511,0.553,88.02,0.552,0.355,0.708,0.528,0.145,0.465,0.383,0.765,41.7,20.3,12.9,6.7,4.9,99.4,5.3,0.306,0.499,0.282,0.149,0.292
SAC,2008-09,104.4,113.4,-9.0,0.491,0.542,95.29,0.541,0.289,0.669,0.477,0.16,0.447,0.368,0.798,39.1,19.7,15.4,6.9,4.3,100.6,-8.8,0.315,0.526,0.355,0.149,0.331
SAS,2008-09,107.6,103.4,4.2,0.513,0.548,89.19,0.571,0.258,0.74,0.502,0.13,0.466,0.386,0.761,41.0,21.2,11.7,5.8,4.0,97.0,3.8,0.251,0.487,0.249,0.13,0.26
TOR,2008-09,105.5,108.6,-3.0,0.494,0.542,93.26,0.601,0.276,0.706,0.493,0.143,0.458,0.372,0.824,40.4,22.4,13.4,6.4,4.8,99.0,-2.8,0.279,0.511,0.258,0.142,0.294
UTA,2008-09,108.5,105.8,2.7,0.504,0.554,94.47,0.644,0.316,0.693,0.505,0.155,0.475,0.349,0.771,41.0,24.7,14.8,8.8,4.6,103.6,2.6,0.355,0.505,0.343,0.169,0.307
WAS,2008-09,104.0,112.1,-8.1,0.48,0.524,92.26,0.548,0.313,0.689,0.495,0.151,0.45,0.33,0.767,40.1,20.0,14.0,7.5,4.5,96.1,-7.5,0.293,0.533,0.298,0.151,0.311
ATL,2009-10,111.0,106.0,4.9,0.506,0.545,90.77,0.562,0.32,0.685,0.502,0.13,0.468,0.36,0.759,41.7,21.8,12.0,7.2,5.0,101.7,4.7,0.281,0.496,0.28,0.151,0.315
BOS,2009-10,106.9,103.2,3.7,0.522,0.564,92.22,0.635,0.274,0.697,0.493,0.16,0.483,0.348,0.746,38.6,23.5,14.9,8.5,4.9,99.2,3.7,0.332,0.487,0.337,0.169,0.303
CHA,2009-10,103.9,102.0,1.9,0.49,0.538,90.91,0.58,0.315,0.698,0.51,0.172,0.453,0.346,0.751,40.8,20.2,15.7,7.7,5.4,95.3,1.5,0.346,0.491,0.262,0.167,0.302
CHI,2009-10,102.6,104.2,-1.6,0.477,0.52,94.02,0.553,0.303,0.709,0.509,0.151,0.451,0.33,0.754,44.5,20.8,14.3,6.5,5.8,97.5,-1.6,0.287,0.484,0.284,0.14,0.291
CLE,2009-10,110.6,103.8,6.8,0.532,0.57,91.77,0.592,0.293,0.725,0.519,0.15,0.485,0.381,0.72,42.5,22.4,13.9,6.9,5.2,102.1,6.5,0.341,0.482,0.288,0.138,0.275
DAL,2009-10,107.8,105.0,2.8,0.506,0.552,93.6,0.611,0.279,0.697,0.493,0.137,0.464,0.372,0.816,41.7,23.4,12.9,7.6,5.5,102.0,2.7,0.277,0.495,0.272,0.154,0.303
DEN,2009-10,110.8,106.5,4.4,0.509,0.561,95.61,0.55,0.304,0.687,0.498,0.144,0.468,0.359,0.772,41.4,21.0,13.9,8.3,5.1,106.5,4.1,0.376,0.495,0.326,0.157,0.313
DET,2009-10,104.5,110.3,-5.9,0.474,0.515,89.46,0.541,0.346,0.697,0.51,0.149,0.445,0.314,0.728,40.2,19.4,13.4,7.3,3.8,94.0,-5.1,0.303,0.526,0.344,0.159,0.303
GSW,2009-10,107.0,110.3,-3.3,0.514,0.557,101.52,0.552,0.254,0.659,0.453,0.144,0.469,0.375,0.782,38.4,22.4,14.7,9.3,4.1,108.8,-3.6,0.294,0.525,0.34,0.173,0.341
HOU,2009-10,106.8,106.8,0.0,0.494,0.537,94.91,0.579,0.309,0.699,0.498,0.151,0.447,0.351,0.772,42.0,21.8,14.5,7.1,3.9,102.4,-0.4,0.292,0.511,0.281,0.153,0.301
IND,2009-10,103.0,106.0,-3.0,0.491,0.536,97.77,0.573,0.255,0.69,0.473,0.154,0.443,0.348,0.775,41.5,21.1,15.0,7.1,5.4,100.8,-3.0,0.296,0.49,0.341,0.153,0.31
LAC,2009-10,102.3,109.1,-6.8,0.491,0.529,93.44,0.603,0.305,0.697,0.5,0.168,0.455,0.332,0.73,41.8,22.1,15.7,6.5,5.7,95.7,-6.4,0.283,0.509,0.281,0.138,0.303
LAL,2009-10,107.6,102.7,4.9,0.496,0.538,93.73,0.55,0.314,0.708,0.512,0.141,0.457,0.341,0.765,44.3,21.1,13.4,7.5,4.9,101.7,4.7,0.289,0.484,0.26,0.15,0.292
MEM,2009-10,107.5,109.0,-1.5,0.494,0.536,94.29,0.479,0.355,0.698,0.523,0.16,0.469,0.337,0.733,43.5,18.8,15.2,7.9,4.9,102.5,-1.5,0.32,0.52,0.271,0.149,0.302
MIA,2009-10,105.7,103.4,2.4,0.496,0.537,90.3,0.519,0.294,0.701,0.5,0.144,0.458,0.346,0.752,41.8,18.9,13.2,7.4,5.6,96.5,2.3,0.296,0.48,0.326,0.158,0.299
MIL,2009-10,104.0,101.9,2.1,0.482,0.518,92.6,0.57,0.298,0.726,0.501,0.141,0.436,0.356,0.755,43.0,21.2,13.2,7.1,4.7,97.7,1.7,0.239,0.486,0.348,0.162,0.274
MIN,2009-10,100.6,110.4,-9.8,0.478,0.518,97.12,0.524,0.308,0.705,0.501,0.167,0.449,0.341,0.746,42.9,19.8,16.3,7.3,3.7,98.2,-9.6,0.278,0.525,0.285,0.146,0.295
BKN,2009-10,99.3,108.9,-9.6,0.458,0.509,92.65,0.547,0.285,0.686,0.478,0.155,0.429,0.318,0.78,39.7,18.8,14.4,7.0,4.8,92.4,-9.1,0.307,0.517,0.307,0.15,0.314
NOP,2009-10,106.5,108.9,-2.4,0.506,0.543,93.53,0.575,0.282,0.696,0.486,0.143,0.464,0.363,0.778,40.3,22.3,13.5,7.6,3.7,100.2,-2.5,0.243,0.523,0.274,0.152,0.304
NYK,2009-10,106.4,110.3,-4.0,0.509,0.547,95.03,0.567,0.268,0.691,0.476,0.146,0.455,0.346,0.782,40.4,21.6,14.0,7.1,3.7,102.1,-3.8,0.256,0.526,0.275,0.15,0.309
OKC,2009-10,107.0,103.5,3.5,0.494,0.547,94.13,0.535,0.32,0.694,0.511,0.158,0.462,0.34,0.805,43.5,20.0,15.0,8.0,5.9,101.5,3.5,0.333,0.483,0.3,0.159,0.306
ORL,2009-10,110.7,102.8,7.9,0.536,0.573,92.54,0.537,0.28,0.726,0.512,0.152,0.47,0.375,0.724,43.2,19.7,14.1,6.2,5.6,102.8,7.5,0.34,0.477,0.272,0.138,0.274
PHI,2009-10,104.8,108.9,-4.1,0.496,0.534,92.72,0.558,0.31,0.693,0.498,0.156,0.46,0.343,0.756,41.0,21.0,14.5,8.1,5.4,97.7,-3.9,0.27,0.518,0.302,0.155,0.307
PHX,2009-10,113.9,109.1,4.8,0.546,0.585,96.43,0.573,0.311,0.673,0.503,0.152,0.492,0.412,0.77,43.0,23.3,14.8,5.8,5.1,110.2,4.9,0.312,0.491,0.295,0.135,0.327
POR,2009-10,109.6,106.1,3.5,0.499,0.547,88.64,0.563,0.32,0.702,0.51,0.138,0.461,0.354,0.79,40.2,20.4,12.3,6.4,4.3,98.1,3.3,0.315,0.502,0.294,0.151,0.298
SAC,2009-10,104.4,109.1,-4.7,0.491,0.528,94.78,0.534,0.315,0.7,0.504,0.156,0.456,0.349,0.726,42.6,20.5,15.0,6.9,4.5,100.0,-4.4,0.286,0.505,0.315,0.143,0.3
SAS,2009-10,109.3,103.9,5.4,0.515,0.552,92.26,0.581,0.303,0.72,0.515,0.147,0.473,0.358,0.74,42.8,22.3,13.6,6.3,4.6,101.4,5.1,0.296,0.483,0.283,0.136,0.28
TOR,2009-10,110.2,112.2,-2.0,0.521,0.564,93.94,0.564,0.288,0.692,0.495,0.142,0.482,0.371,0.764,40.4,22.0,13.4,5.7,4.7,104.1,-1.8,0.319,0.513,0.314,0.134,0.308
UTA,2009-10,109.7,104.0,5.7,0.524,0.565,94.68,0.678,0.313,0.718,0.52,0.16,0.491,0.364,0.741,42.2,26.7,15.2,8.2,4.9,104.2,5.3,0.34,0.492,0.353,0.159,0.282
WAS,2009-10,103.1,108.3,-5.3,0.481,0.524,92.6,0.518,0.317,0.691,0.501,0.159,0.449,0.353,0.762,41.8,19.0,14.9,6.0,5.1,96.2,-4.8,0.283,0.502,0.313,0.146,0.309
ATL,2010-11,105.1,105.8,-0.7,0.501,0.542,90.22,0.607,0.274,0.71,0.494,0.151,0.462,0.352,0.779,39.3,22.0,13.6,6.1,4.2,95.0,-0.8,0.269,0.495,0.273,0.138,0.29
BOS,2010-11,105.5,99.8,5.7,0.519,0.561,90.92,0.635,0.257,0.709,0.497,0.159,0.486,0.365,0.77,38.8,23.4,14.6,8.2,4.2,96.5,5.4,0.305,0.469,0.31,0.169,0.291
CHA,2010-11,102.8,107.0,-4.2,0.482,0.528,90.3,0.601,0.298,0.705,0.502,0.16,0.451,0.327,0.756,40.1,21.1,14.5,6.4,5.3,93.3,-4.0,0.314,0.5,0.294,0.145,0.295
CHI,2010-11,107.2,99.5,7.8,0.501,0.541,91.2,0.601,0.332,0.717,0.528,0.154,0.462,0.361,0.743,44.2,22.3,14.2,7.2,5.7,98.6,7.3,0.305,0.463,0.291,0.154,0.283
CLE,2010-11,101.5,110.9,-9.5,0.472,0.518,93.76,0.596,0.283,0.699,0.485,0.151,0.434,0.342,0.745,40.3,21.0,14.2,6.6,4.2,95.5,-9.0,0.312,0.524,0.278,0.144,0.301
DAL,2010-11,108.4,104.1,4.4,0.525,0.565,92.24,0.637,0.278,0.713,0.504,0.151,0.475,0.365,0.777,41.4,23.8,14.0,6.8,4.3,100.2,4.2,0.286,0.488,0.275,0.147,0.287
DEN,2010-11,111.7,106.8,4.9,0.526,0.574,96.06,0.576,0.283,0.716,0.506,0.147,0.476,0.388,0.765,42.0,22.1,14.1,7.4,4.3,107.5,4.8,0.367,0.5,0.296,0.143,0.284
DET,2010-11,107.0,110.7,-3.7,0.495,0.533,89.79,0.566,0.317,0.681,0.491,0.144,0.46,0.376,0.737,38.6,21.1,13.0,7.3,4.0,97.0,-3.6,0.279,0.526,0.306,0.156,0.319
GSW,2010-11,107.1,109.4,-2.3,0.51,0.544,95.85,0.568,0.3,0.659,0.476,0.151,0.461,0.392,0.761,40.5,22.5,14.6,9.0,5.0,103.4,-2.3,0.241,0.509,0.333,0.167,0.341
HOU,2010-11,110.2,107.9,2.3,0.503,0.55,95.14,0.617,0.315,0.69,0.501,0.141,0.454,0.367,0.801,42.8,23.8,13.5,7.1,4.5,105.9,2.2,0.299,0.5,0.28,0.143,0.31
IND,2010-11,104.1,105.0,-0.9,0.486,0.533,95.5,0.536,0.297,0.703,0.501,0.16,0.442,0.354,0.782,43.5,19.6,15.4,7.1,5.6,99.8,-1.1,0.3,0.487,0.315,0.145,0.297
LAC,2010-11,104.8,108.0,-3.2,0.496,0.535,93.35,0.601,0.33,0.692,0.511,0.174,0.457,0.338,0.707,42.1,22.1,16.4,7.1,4.9,98.6,-3.1,0.332,0.499,0.324,0.146,0.308
LAL,2010-11,109.6,103.3,6.3,0.502,0.545,91.78,0.576,0.325,0.692,0.513,0.141,0.463,0.352,0.779,44.0,22.0,13.1,7.3,5.1,101.5,6.1,0.293,0.477,0.236,0.147,0.308
MEM,2010-11,107.0,104.5,2.5,0.493,0.534,92.42,0.528,0.333,0.682,0.505,0.15,0.471,0.334,0.75,41.0,20.6,14.0,9.4,5.4,99.9,2.3,0.291,0.502,0.3,0.179,0.318
MIA,2010-11,110.6,102.9,7.8,0.524,0.573,91.63,0.541,0.287,0.715,0.514,0.151,0.481,0.37,0.769,42.1,20.0,13.9,6.6,5.2,102.1,7.5,0.363,0.475,0.299,0.143,0.285
MIL,2010-11,100.8,101.5,-0.8,0.467,0.511,90.57,0.549,0.287,0.71,0.492,0.148,0.43,0.342,0.757,40.8,18.8,13.5,7.5,4.9,91.9,-0.8,0.287,0.481,0.307,0.166,0.29
MIN,2010-11,103.2,109.9,-6.7,0.483,0.526,97.49,0.534,0.336,0.698,0.512,0.174,0.441,0.376,0.768,44.4,20.1,17.0,7.2,5.1,101.1,-6.6,0.282,0.514,0.323,0.147,0.302
BKN,2010-11,102.1,108.9,-6.8,0.474,0.517,90.7,0.59,0.304,0.7,0.497,0.152,0.44,0.343,0.759,40.8,21.0,14.0,5.6,4.7,94.2,-6.2,0.283,0.503,0.32,0.134,0.3
NOP,2010-11,105.4,104.4,1.0,0.493,0.537,89.4,0.574,0.289,0.721,0.503,0.145,0.459,0.36,0.765,40.1,20.6,13.0,7.6,4.4,94.9,0.9,0.296,0.501,0.286,0.161,0.279
NYK,2010-11,109.9,109.0,1.0,0.513,0.561,96.47,0.56,0.273,0.676,0.473,0.141,0.457,0.368,0.809,40.5,21.4,13.7,7.6,5.8,106.5,0.8,0.304,0.511,0.315,0.157,0.324
OKC,2010-11,109.9,105.9,3.9,0.501,0.561,93.84,0.545,0.306,0.697,0.507,0.148,0.464,0.347,0.823,42.8,20.4,14.1,8.0,5.9,104.8,3.8,0.363,0.493,0.307,0.147,0.303
ORL,2010-11,107.4,101.8,5.6,0.521,0.554,91.55,0.553,0.304,0.723,0.518,0.162,0.461,0.366,0.692,43.2,20.0,14.9,6.7,4.7,99.2,5.5,0.328,0.475,0.295,0.15,0.277
PHI,2010-11,105.3,103.8,1.5,0.494,0.535,92.78,0.596,0.278,0.714,0.497,0.138,0.461,0.355,0.77,41.8,22.7,13.0,7.6,4.3,99.0,1.5,0.273,0.487,0.299,0.152,0.286
PHX,2010-11,108.6,109.4,-0.8,0.522,0.559,95.18,0.604,0.275,0.681,0.48,0.147,0.47,0.377,0.759,40.2,23.7,14.3,6.6,4.4,105.0,-0.9,0.283,0.513,0.28,0.15,0.319
POR,2010-11,107.3,105.7,1.6,0.486,0.533,89.13,0.588,0.331,0.682,0.499,0.145,0.447,0.345,0.804,39.3,21.2,13.0,8.0,4.4,96.3,1.5,0.278,0.51,0.301,0.175,0.318
SAC,2010-11,102.9,108.4,-5.5,0.48,0.519,95.76,0.534,0.334,0.702,0.512,0.167,0.449,0.335,0.734,43.9,20.4,16.1,7.4,4.8,99.4,-5.3,0.284,0.513,0.305,0.152,0.298
SAS,2010-11,110.5,104.4,6.1,0.527,0.567,93.34,0.583,0.276,0.711,0.5,0.143,0.475,0.397,0.767,41.9,22.4,13.4,7.3,4.5,103.7,5.7,0.299,0.491,0.248,0.142,0.289
TOR,2010-11,105.2,111.7,-6.5,0.491,0.533,93.78,0.571,0.314,0.685,0.495,0.156,0.465,0.316,0.755,40.3,21.9,14.7,7.1,4.3,99.1,-6.3,0.293,0.522,0.326,0.148,0.315
UTA,2010-11,107.0,108.8,-1.8,0.498,0.544,92.03,0.627,0.314,0.679,0.496,0.154,0.465,0.346,0.771,39.5,23.4,14.3,7.7,5.9,99.4,-1.8,0.313,0.505,0.354,0.157,0.321
WAS,2010-11,101.3,109.1,-7.8,0.471,0.513,94.76,0.522,0.317,0.671,0.488,0.16,0.443,0.332,0.745,41.3,19.4,15.3,8.1,6.1,97.3,-7.4,0.29,0.512,0.327,0.164,0.329
ATL,2011-12,104.2,100.4,3.8,0.5,0.535,90.88,0.61,0.279,0.703,0.493,0.151,0.454,0.37,0.74,41.2,22.4,14.0,8.1,4.6,96.6,3.4,0.259,0.48,0.247,0.163,0.297
BOS,2011-12,100.1,97.5,2.6,0.496,0.535,91.11,0.665,0.245,0.686,0.478,0.162,0.46,0.367,0.778,38.8,23.6,14.8,7.5,5.5,91.8,2.5,0.257,0.452,0.285,0.171,0.314
CHA,2011-12,94.4,109.4,-15.0,0.439,0.483,91.86,0.605,0.285,0.678,0.474,0.157,0.414,0.295,0.746,39.0,20.1,14.5,6.0,5.5,87.0,-13.9,0.276,0.512,0.275,0.146,0.322
CHI,2011-12,106.3,97.5,8.8,0.49,0.523,89.98,0.619,0.361,0.703,0.536,0.154,0.452,0.375,0.722,46.7,23.1,14.0,6.9,5.9,96.3,8.2,0.255,0.45,0.236,0.147,0.297
CLE,2011-12,100.0,107.6,-7.6,0.463,0.505,92.34,0.579,0.323,0.683,0.496,0.166,0.422,0.346,0.716,42.3,19.8,15.4,7.1,4.0,93.0,-7.2,0.307,0.508,0.27,0.149,0.317
DAL,2011-12,102.1,100.9,1.1,0.489,0.527,92.61,0.575,0.268,0.714,0.493,0.149,0.443,0.339,0.771,42.8,20.9,14.0,8.6,5.1,95.8,1.0,0.246,0.479,0.27,0.157,0.286
DEN,2011-12,108.3,105.1,3.2,0.516,0.556,95.03,0.615,0.316,0.705,0.515,0.16,0.476,0.332,0.735,43.1,24.0,15.4,8.2,5.0,104.1,2.9,0.326,0.508,0.243,0.162,0.295
DET,2011-12,100.0,105.0,-5.0,0.468,0.51,90.31,0.538,0.322,0.689,0.5,0.172,0.438,0.346,0.752,40.3,18.7,15.7,7.0,4.2,90.9,-4.8,0.279,0.5,0.295,0.159,0.311
GSW,2011-12,103.9,107.3,-3.4,0.505,0.539,93.78,0.591,0.256,0.658,0.46,0.147,0.457,0.388,0.77,39.2,22.3,13.9,8.0,5.5,97.8,-3.4,0.227,0.496,0.318,0.157,0.342
HOU,2011-12,104.2,104.0,0.2,0.492,0.529,92.82,0.564,0.309,0.692,0.499,0.154,0.449,0.359,0.782,42.2,21.3,14.5,7.5,4.8,98.1,0.2,0.235,0.49,0.275,0.156,0.308
IND,2011-12,105.5,102.1,3.3,0.474,0.526,91.68,0.522,0.333,0.689,0.511,0.151,0.438,0.368,0.782,43.9,18.6,14.0,7.9,5.4,97.7,3.3,0.321,0.476,0.305,0.161,0.311
LAC,2011-12,107.5,104.8,2.7,0.502,0.533,89.98,0.568,0.331,0.692,0.507,0.147,0.455,0.357,0.68,41.6,21.0,13.3,8.4,4.8,97.5,2.6,0.287,0.492,0.329,0.161,0.308
LAL,2011-12,104.5,103.2,1.3,0.491,0.534,91.72,0.611,0.327,0.719,0.532,0.162,0.457,0.326,0.756,46.2,22.5,15.1,5.9,5.3,97.3,1.4,0.299,0.476,0.213,0.121,0.281
MEM,2011-12,102.8,100.6,2.2,0.473,0.515,91.82,0.532,0.335,0.688,0.508,0.157,0.447,0.326,0.759,42.0,19.5,14.5,9.6,5.2,95.0,2.0,0.277,0.485,0.297,0.185,0.312
MIA,2011-12,105.6,99.2,6.4,0.505,0.549,92.07,0.538,0.299,0.693,0.504,0.163,0.469,0.359,0.775,41.6,20.0,15.2,8.9,5.4,98.5,6.0,0.307,0.479,0.277,0.18,0.307
MIL,2011-12,104.5,104.1,0.4,0.481,0.521,94.68,0.62,0.314,0.675,0.49,0.148,0.443,0.345,0.774,42.5,23.5,14.1,8.3,5.1,99.0,0.3,0.25,0.489,0.281,0.168,0.325
MIN,2011-12,103.1,105.3,-2.2,0.477,0.524,94.44,0.548,0.311,0.693,0.502,0.16,0.433,0.332,0.771,43.7,19.5,15.2,6.6,4.4,97.9,-2.2,0.306,0.491,0.248,0.139,0.307
BKN,2011-12,101.8,108.1,-6.3,0.473,0.516,91.26,0.58,0.314,0.677,0.489,0.165,0.425,0.342,0.777,40.3,19.9,15.1,7.5,3.9,93.1,-6.0,0.269,0.513,0.282,0.156,0.323
NOP,2011-12,99.9,103.9,-4.0,0.476,0.517,89.27,0.595,0.31,0.696,0.506,0.173,0.451,0.333,0.757,41.1,20.7,15.5,7.4,4.8,89.6,-3.8,0.274,0.485,0.287,0.154,0.304
NYK,2011-12,103.5,100.2,3.2,0.492,0.533,93.91,0.562,0.309,0.702,0.503,0.169,0.443,0.336,0.741,41.7,20.1,16.0,9.4,4.2,97.8,3.2,0.306,0.485,0.304,0.18,0.298
OKC,2011-12,108.4,102.1,6.3,0.516,0.567,94.11,0.497,0.304,0.687,0.509,0.172,0.471,0.358,0.806,43.7,18.5,16.3,7.5,8.2,103.1,6.1,0.334,0.465,0.27,0.15,0.313
ORL,2011-12,104.0,103.4,0.6,0.506,0.533,89.75,0.581,0.306,0.72,0.51,0.165,0.441,0.375,0.66,42.5,20.0,14.9,6.8,4.2,94.2,0.8,0.292,0.488,0.246,0.145,0.28
PHI,2011-12,102.7,98.2,4.6,0.48,0.511,90.68,0.588,0.277,0.712,0.495,0.123,0.448,0.362,0.742,43.2,22.0,11.2,8.0,5.2,93.6,4.2,0.217,0.46,0.255,0.153,0.288
PHX,2011-12,105.2,105.2,-0.1,0.499,0.536,93.61,0.596,0.294,0.687,0.493,0.15,0.458,0.343,0.757,41.7,22.5,14.1,6.5,5.5,98.4,-0.2,0.257,0.491,0.262,0.15,0.313
POR,2011-12,104.4,105.3,-0.9,0.488,0.531,92.24,0.562,0.303,0.691,0.493,0.152,0.443,0.346,0.796,40.7,20.4,14.2,8.0,4.9,97.2,-0.6,0.263,0.504,0.266,0.16,0.309
SAC,2011-12,102.9,108.7,-5.8,0.472,0.51,95.56,0.51,0.321,0.67,0.487,0.15,0.436,0.316,0.736,42.9,19.3,14.4,8.5,4.9,98.8,-5.7,0.268,0.515,0.262,0.16,0.33
SAS,2011-12,110.0,102.3,7.7,0.528,0.562,93.67,0.585,0.282,0.72,0.507,0.144,0.478,0.393,0.748,43.0,23.2,13.6,7.4,4.4,103.7,7.2,0.261,0.489,0.222,0.146,0.28
TOR,2011-12,99.6,103.6,-3.9,0.475,0.518,90.19,0.609,0.294,0.708,0.503,0.167,0.44,0.34,0.77,42.0,20.9,15.2,6.5,4.9,90.7,-3.3,0.274,0.475,0.35,0.145,0.292
UTA,2011-12,105.5,104.9,0.5,0.481,0.525,92.53,0.57,0.34,0.703,0.519,0.15,0.456,0.323,0.754,44.2,21.8,14.2,8.3,5.8,99.7,0.6,0.302,0.493,0.325,0.155,0.297
WAS,2011-12,100.0,104.9,-5.0,0.472,0.508,93.59,0.523,0.308,0.678,0.489,0.163,0.441,0.32,0.727,41.7,19.1,15.3,8.0,6.3,93.6,-4.8,0.253,0.492,0.302,0.162,0.322
ATL,2012-13,103.7,103.4,0.3,0.517,0.546,93.56,0.651,0.254,0.701,0.482,0.157,0.464,0.371,0.715,40.9,24.5,14.9,8.1,4.5,98.0,0.4,0.244,0.496,0.237,0.161,0.299
BOS,2012-13,102.2,102.6,-0.5,0.503,0.542,92.46,0.614,0.246,0.69,0.477,0.154,0.465,0.358,0.776,39.3,22.8,14.6,8.2,4.5,96.5,-0.2,0.263,0.482,0.292,0.162,0.31
BKN,2012-13,106.9,104.8,2.0,0.498,0.536,89.88,0.567,0.343,0.701,0.52,0.162,0.45,0.357,0.731,42.8,20.3,14.7,7.3,4.8,96.9,1.8,0.299,0.503,0.238,0.148,0.299
CHA,2012-13,100.4,110.3,-9.9,0.46,0.507,92.49,0.562,0.305,0.679,0.486,0.151,0.425,0.335,0.75,40.3,19.4,14.1,7.2,5.8,93.4,-9.2,0.31,0.524,0.264,0.151,0.321
CHI,2012-13,102.4,101.9,0.5,0.47,0.512,90.35,0.645,0.332,0.699,0.514,0.157,0.437,0.353,0.773,43.2,23.0,14.3,7.2,5.1,93.2,0.3,0.259,0.477,0.278,0.15,0.301
CLE,2012-13,103.2,108.2,-5.0,0.473,0.514,93.25,0.566,0.326,0.695,0.5,0.15,0.434,0.346,0.756,41.0,20.7,14.0,7.9,4.1,96.5,-4.7,0.265,0.523,0.304,0.163,0.305
DAL,2012-13,104.7,105.4,-0.6,0.506,0.544,95.09,0.599,0.259,0.698,0.484,0.144,0.462,0.372,0.793,41.9,23.2,14.0,7.9,5.5,101.1,-0.6,0.242,0.492,0.302,0.152,0.302
DEN,2012-13,109.3,104.2,5.1,0.515,0.549,95.92,0.6,0.345,0.675,0.513,0.157,0.478,0.343,0.701,45.0,24.4,15.3,9.3,6.5,106.1,5.1,0.308,0.493,0.264,0.164,0.325
DET,2012-13,102.7,107.2,-4.5,0.487,0.521,91.68,0.585,0.324,0.695,0.506,0.164,0.449,0.356,0.699,42.1,21.2,15.1,7.0,4.9,94.9,-4.0,0.282,0.505,0.274,0.149,0.305
GSW,2012-13,105.1,104.2,0.9,0.506,0.545,95.64,0.589,0.285,0.712,0.506,0.157,0.458,0.403,0.79,45.0,22.5,15.1,6.9,4.2,101.2,0.9,0.255,0.486,0.282,0.141,0.288
HOU,2012-13,108.8,105.3,3.5,0.525,0.564,96.89,0.609,0.305,0.71,0.509,0.169,0.461,0.366,0.754,43.4,23.2,16.4,8.3,4.4,106.0,3.5,0.308,0.502,0.253,0.152,0.29
IND,2012-13,103.4,99.0,4.4,0.479,0.521,90.9,0.578,0.336,0.701,0.522,0.165,0.436,0.347,0.746,45.9,20.3,15.1,7.2,6.3,94.7,4.0,0.293,0.453,0.26,0.148,0.299
LAC,2012-13,109.8,102.8,6.9,0.526,0.557,91.83,0.62,0.323,0.697,0.512,0.159,0.478,0.358,0.711,41.6,23.9,14.6,9.6,5.6,101.1,6.5,0.286,0.492,0.306,0.175,0.303
LAL,2012-13,107.0,105.9,1.1,0.512,0.548,95.08,0.598,0.309,0.702,0.51,0.157,0.458,0.355,0.692,44.8,22.2,15.0,7.0,5.2,102.2,1.2,0.345,0.496,0.222,0.136,0.298
MEM,2012-13,103.6,99.1,4.5,0.472,0.514,89.56,0.579,0.344,0.702,0.52,0.155,0.444,0.345,0.773,42.7,20.9,14.0,8.6,5.3,93.4,4.1,0.261,0.475,0.279,0.172,0.298
MIA,2012-13,111.4,103.2,8.2,0.552,0.588,91.26,0.6,0.264,0.678,0.485,0.151,0.496,0.396,0.754,38.6,23.0,13.9,8.7,5.4,102.9,7.9,0.297,0.487,0.262,0.17,0.322
MIL,2012-13,102.5,104.2,-1.7,0.476,0.51,95.65,0.6,0.315,0.678,0.491,0.146,0.435,0.36,0.736,44.0,22.9,14.1,8.4,6.7,98.9,-1.5,0.236,0.492,0.265,0.166,0.322
MIN,2012-13,101.8,104.0,-2.2,0.473,0.516,93.94,0.624,0.312,0.702,0.5,0.157,0.439,0.305,0.742,42.0,22.4,14.8,8.5,4.7,95.7,-2.4,0.305,0.511,0.248,0.168,0.298
NOP,2012-13,104.5,108.9,-4.4,0.489,0.528,89.5,0.582,0.332,0.705,0.514,0.162,0.448,0.363,0.776,41.6,21.0,14.5,6.3,5.4,94.1,-3.9,0.248,0.52,0.274,0.147,0.295
NYK,2012-13,109.8,105.4,4.5,0.515,0.55,90.68,0.527,0.291,0.708,0.494,0.132,0.448,0.376,0.759,40.6,19.3,12.0,8.2,3.6,100.0,4.2,0.258,0.508,0.286,0.167,0.292
OKC,2012-13,111.0,101.2,9.9,0.527,0.58,94.58,0.561,0.291,0.702,0.513,0.16,0.481,0.377,0.828,43.6,21.4,15.3,8.3,7.6,105.7,9.2,0.338,0.469,0.254,0.155,0.298
ORL,2012-13,100.9,108.4,-7.4,0.485,0.514,92.81,0.605,0.293,0.707,0.498,0.156,0.448,0.329,0.755,42.7,22.8,14.5,6.4,4.4,94.1,-7.0,0.197,0.508,0.265,0.133,0.293
PHI,2012-13,101.0,104.7,-3.7,0.481,0.509,91.88,0.61,0.291,0.695,0.489,0.141,0.444,0.36,0.729,41.3,22.8,13.0,7.4,4.7,93.2,-3.3,0.2,0.495,0.264,0.155,0.305
PHX,2012-13,100.2,106.9,-6.7,0.477,0.512,94.48,0.606,0.308,0.687,0.491,0.164,0.443,0.33,0.744,41.6,22.6,15.6,8.0,5.3,95.2,-6.5,0.234,0.512,0.274,0.161,0.313
POR,2012-13,104.5,107.9,-3.4,0.498,0.536,92.46,0.593,0.294,0.702,0.495,0.157,0.448,0.353,0.776,40.8,21.8,14.7,6.6,4.3,97.5,-3.2,0.25,0.512,0.248,0.14,0.298
SAC,2012-13,105.3,110.0,-4.7,0.491,0.532,94.65,0.553,0.306,0.673,0.485,0.154,0.447,0.363,0.769,40.6,20.8,14.6,8.2,4.2,100.2,-4.9,0.271,0.517,0.29,0.154,0.327
SAS,2012-13,107.0,100.3,6.7,0.531,0.568,95.31,0.641,0.243,0.715,0.493,0.153,0.481,0.376,0.791,41.3,25.1,14.7,8.5,5.4,103.0,6.4,0.258,0.48,0.235,0.155,0.285
TOR,2012-13,105.0,106.4,-1.4,0.488,0.532,91.26,0.592,0.296,0.688,0.49,0.148,0.446,0.343,0.788,40.2,21.5,13.7,7.3,4.8,97.2,-1.5,0.274,0.5,0.331,0.154,0.312
UTA,2012-13,105.4,105.6,-0.2,0.492,0.533,92.05,0.61,0.329,0.697,0.51,0.159,0.454,0.366,0.764,42.0,22.7,14.8,8.4,6.3,98.0,-0.1,0.281,0.501,0.298,0.158,0.303
WAS,2012-13,99.3,101.6,-2.3,0.475,0.512,93.23,0.61,0.279,0.706,0.491,0.161,0.435,0.365,0.733,43.2,21.6,15.1,7.3,4.6,93.2,-2.5,0.261,0.483,0.279,0.154,0.294
ATL,2013-14,104.9,105.7,-0.7,0.515,0.554,95.41,0.667,0.256,0.711,0.485,0.159,0.458,0.363,0.781,40.0,24.9,15.3,8.3,4.0,101.0,-0.5,0.266,0.51,0.262,0.158,0.289
BOS,2013-14,101.9,106.5,-4.6,0.477,0.517,94.28,0.576,0.314,0.708,0.505,0.163,0.435,0.333,0.777,42.5,21.0,15.4,7.1,4.2,96.2,-4.5,0.248,0.505,0.299,0.151,0.292
BKN,2013-14,105.4,106.7,-1.3,0.514,0.555,92.42,0.585,0.26,0.686,0.475,0.155,0.459,0.369,0.753,38.1,20.9,14.5,8.6,3.8,98.5,-1.0,0.313,0.509,0.311,0.169,0.314
CHA,2013-14,103.0,103.3,-0.4,0.481,0.522,92.93,0.597,0.269,0.73,0.5,0.131,0.442,0.351,0.737,42.7,21.7,12.3,6.1,5.1,96.9,-0.2,0.297,0.491,0.241,0.142,0.27
CHI,2013-14,101.7,99.9,1.9,0.471,0.518,90.84,0.654,0.321,0.713,0.518,0.162,0.432,0.348,0.779,44.1,22.7,14.9,7.2,5.2,93.7,1.9,0.29,0.471,0.25,0.156,0.287
CLE,2013-14,103.5,107.0,-3.6,0.479,0.518,93.69,0.572,0.314,0.711,0.508,0.149,0.437,0.356,0.751,44.1,21.2,14.2,7.1,3.7,98.2,-3.3,0.268,0.508,0.263,0.147,0.289
DAL,2013-14,109.5,107.2,2.3,0.526,0.564,94.94,0.596,0.276,0.694,0.487,0.141,0.474,0.384,0.795,40.9,23.6,13.5,8.6,4.3,104.8,2.4,0.253,0.515,0.303,0.167,0.306
DEN,2013-14,105.1,107.3,-2.2,0.497,0.536,98.95,0.584,0.31,0.703,0.505,0.16,0.447,0.358,0.726,45.4,22.4,15.9,7.5,5.6,104.4,-2.1,0.306,0.5,0.306,0.145,0.297
DET,2013-14,105.2,109.0,-3.7,0.482,0.514,95.57,0.539,0.347,0.693,0.511,0.152,0.447,0.321,0.67,45.4,20.9,14.5,8.4,4.8,101.0,-3.7,0.296,0.52,0.288,0.156,0.307
GSW,2013-14,106.3,101.4,4.9,0.517,0.55,97.37,0.591,0.284,0.724,0.508,0.155,0.462,0.38,0.753,45.3,23.3,15.2,7.8,5.0,104.3,4.8,0.247,0.477,0.292,0.153,0.276
HOU,2013-14,109.8,105.2,4.6,0.531,0.571,97.27,0.563,0.306,0.7,0.513,0.165,0.472,0.358,0.712,45.3,21.4,16.1,7.6,5.6,107.7,4.6,0.386,0.489,0.255,0.143,0.3
IND,2013-14,103.6,98.9,4.7,0.49,0.535,92.89,0.56,0.296,0.721,0.517,0.162,0.449,0.357,0.779,44.7,20.1,15.1,6.7,5.4,96.7,4.4,0.29,0.46,0.261,0.146,0.279
LAC,2013-14,111.3,104.0,7.3,0.526,0.567,96.66,0.628,0.288,0.69,0.496,0.143,0.474,0.352,0.73,43.0,24.6,13.9,8.6,4.8,107.9,7.0,0.353,0.484,0.294,0.158,0.31
LAL,2013-14,103.2,109.3,-6.0,0.505,0.542,99.72,0.639,0.235,0.676,0.459,0.152,0.45,0.381,0.757,41.0,24.5,15.1,7.5,5.4,103.0,-6.3,0.263,0.513,0.264,0.142,0.324
MEM,2013-14,105.5,103.8,1.7,0.494,0.529,90.58,0.574,0.326,0.718,0.521,0.15,0.464,0.353,0.741,42.4,21.9,13.7,7.7,4.6,96.1,1.6,0.248,0.497,0.259,0.155,0.282
MIA,2013-14,110.0,105.0,5.1,0.554,0.59,91.9,0.588,0.244,0.686,0.476,0.159,0.501,0.364,0.76,36.9,22.5,14.8,8.9,4.5,102.2,4.8,0.3,0.511,0.283,0.18,0.314
MIL,2013-14,101.9,110.2,-8.3,0.479,0.519,92.96,0.596,0.31,0.678,0.49,0.161,0.438,0.353,0.747,41.1,21.5,15.1,6.6,4.9,95.5,-8.2,0.274,0.52,0.299,0.15,0.322
MIN,2013-14,107.7,105.2,2.6,0.486,0.535,98.33,0.616,0.317,0.715,0.508,0.14,0.444,0.341,0.778,44.7,23.9,13.9,8.8,3.6,106.9,2.7,0.321,0.518,0.233,0.166,0.285
NOP,2013-14,106.2,109.1,-3.0,0.495,0.537,93.07,0.563,0.305,0.694,0.497,0.147,0.459,0.373,0.769,41.7,21.3,13.8,7.9,6.4,99.7,-2.7,0.286,0.515,0.331,0.154,0.306
NYK,2013-14,107.0,108.1,-1.1,0.505,0.541,91.24,0.542,0.291,0.705,0.492,0.141,0.449,0.372,0.761,40.3,20.0,13.0,7.7,4.5,98.6,-0.8,0.248,0.514,0.32,0.158,0.295
OKC,2013-14,109.4,103.0,6.4,0.52,0.566,96.33,0.562,0.294,0.722,0.518,0.158,0.471,0.361,0.806,44.7,21.9,15.3,8.3,6.1,106.2,6.3,0.303,0.488,0.304,0.157,0.278
ORL,2013-14,101.0,106.6,-5.7,0.487,0.525,94.27,0.571,0.267,0.714,0.49,0.156,0.445,0.353,0.763,42.0,21.0,14.9,7.7,4.3,96.5,-5.4,0.253,0.504,0.274,0.146,0.286
PHI,2013-14,99.0,109.0,-10.0,0.475,0.51,99.74,0.576,0.29,0.684,0.479,0.168,0.435,0.312,0.71,42.7,21.8,16.9,9.3,4.0,99.5,-10.5,0.268,0.524,0.324,0.168,0.316
PHX,2013-14,108.2,105.6,2.6,0.519,0.558,96.83,0.493,0.298,0.699,0.5,0.158,0.463,0.372,0.758,43.0,19.1,15.3,8.4,4.6,105.2,2.6,0.293,0.496,0.309,0.158,0.301
POR,2013-14,110.4,106.2,4.2,0.504,0.548,95.9,0.594,0.32,0.713,0.517,0.142,0.45,0.372,0.815,46.4,23.2,13.7,5.5,4.7,106.7,4.0,0.27,0.488,0.253,0.124,0.287
SAC,2013-14,105.1,107.8,-2.7,0.484,0.532,95.04,0.511,0.316,0.725,0.518,0.159,0.447,0.333,0.759,44.5,18.9,15.2,7.2,3.9,100.5,-2.9,0.331,0.512,0.318,0.142,0.275
SAS,2013-14,109.5,101.4,8.1,0.537,0.571,95.87,0.621,0.261,0.725,0.503,0.15,0.486,0.397,0.785,43.3,25.2,14.4,7.4,5.1,105.4,7.7,0.24,0.482,0.242,0.144,0.275
TOR,2013-14,107.9,104.6,3.3,0.498,0.545,92.48,0.581,0.312,0.701,0.505,0.151,0.445,0.372,0.782,42.5,21.2,14.1,7.0,4.2,101.3,3.2,0.306,0.493,0.315,0.159,0.299
UTA,2013-14,102.4,110.1,-7.6,0.484,0.523,92.32,0.564,0.297,0.708,0.497,0.158,0.444,0.344,0.747,41.2,20.3,14.6,7.0,4.5,95.0,-7.2,0.271,0.518,0.293,0.136,0.292
WAS,2013-14,104.9,103.6,1.3,0.506,0.538,94.18,0.601,0.286,0.719,0.498,0.153,0.459,0.38,0.731,42.2,23.3,14.7,8.1,4.6,100.7,1.3,0.248,0.504,0.288,0.167,0.281
ATL,2014-15,108.2,102.3,5.9,0.527,0.563,94.66,0.676,0.264,0.697,0.487,0.15,0.466,0.38,0.778,40.6,25.7,14.2,9.1,4.6,102.5,5.4,0.259,0.492,0.242,0.169,0.303
BOS,2014-15,103.8,103.5,0.3,0.489,0.523,96.71,0.629,0.289,0.71,0.495,0.142,0.443,0.327,0.754,43.8,24.5,13.8,8.2,3.6,101.4,0.2,0.233,0.494,0.275,0.155,0.29
BKN,2014-15,103.4,106.3,-3.0,0.491,0.529,93.69,0.559,0.278,0.701,0.491,0.146,0.451,0.331,0.748,42.4,20.9,13.8,7.0,4.1,98.0,-2.9,0.267,0.506,0.253,0.146,0.299
CHA,2014-15,99.6,103.0,-3.4,0.456,0.498,93.45,0.568,0.27,0.746,0.502,0.126,0.42,0.318,0.748,44.1,20.2,11.9,6.1,5.5,94.2,-3.2,0.269,0.487,0.244,0.133,0.254
CHI,2014-15,106.3,103.3,3.0,0.489,0.536,93.8,0.593,0.312,0.709,0.516,0.147,0.442,0.353,0.783,45.7,21.7,14.0,6.3,5.8,100.8,3.0,0.304,0.473,0.242,0.129,0.291
CLE,2014-15,110.1,105.3,4.8,0.52,0.557,93.23,0.587,0.311,0.711,0.513,0.152,0.458,0.367,0.751,43.0,22.1,14.3,7.4,4.1,103.1,4.5,0.287,0.502,0.238,0.142,0.289
DAL,2014-15,108.2,104.9,3.2,0.515,0.55,96.4,0.567,0.269,0.681,0.477,0.133,0.463,0.352,0.752,42.3,22.5,13.0,8.1,4.5,105.2,2.9,0.262,0.503,0.271,0.167,0.319
DEN,2014-15,103.9,107.1,-3.3,0.479,0.518,96.87,0.577,0.303,0.7,0.494,0.146,0.433,0.325,0.734,44.7,21.8,14.2,7.8,4.5,101.5,-3.5,0.278,0.504,0.32,0.146,0.3
DET,2014-15,104.3,105.4,-1.1,0.482,0.515,93.68,0.582,0.316,0.712,0.505,0.142,0.432,0.344,0.703,44.9,21.6,13.4,7.6,4.7,98.5,-1.0,0.261,0.502,0.249,0.148,0.288
GSW,2014-15,110.4,100.4,9.9,0.54,0.571,99.28,0.659,0.273,0.703,0.498,0.145,0.478,0.398,0.768,44.7,27.4,14.5,9.3,6.0,110.0,10.1,0.239,0.47,0.284,0.163,0.297
HOU,2014-15,106.0,102.6,3.4,0.512,0.548,97.36,0.6,0.305,0.686,0.496,0.17,0.444,0.348,0.715,43.7,22.2,16.7,9.5,5.0,103.9,3.4,0.312,0.486,0.277,0.167,0.314
IND,2014-15,102.9,102.7,0.2,0.484,0.523,93.67,0.586,0.286,0.735,0.511,0.148,0.439,0.352,0.756,44.9,21.4,14.0,6.2,4.6,97.3,0.3,0.266,0.478,0.288,0.135,0.265
LAC,2014-15,111.6,104.7,6.9,0.533,0.565,95.4,0.629,0.272,0.716,0.497,0.129,0.473,0.376,0.71,42.6,24.8,12.3,7.8,5.0,106.7,6.6,0.303,0.493,0.312,0.149,0.284
LAL,2014-15,102.3,109.4,-7.1,0.473,0.513,95.03,0.562,0.29,0.72,0.497,0.138,0.435,0.344,0.741,43.9,20.9,13.2,7.0,4.5,98.5,-6.8,0.276,0.518,0.311,0.135,0.28
MEM,2014-15,104.8,101.2,3.5,0.489,0.531,92.82,0.574,0.288,0.716,0.503,0.142,0.458,0.339,0.773,42.6,21.7,13.3,8.5,4.2,98.3,3.2,0.276,0.492,0.247,0.163,0.284
MIA,2014-15,103.2,106.1,-3.0,0.5,0.54,91.49,0.564,0.284,0.687,0.489,0.161,0.456,0.335,0.741,39.1,19.8,14.8,7.8,4.5,94.7,-2.6,0.306,0.505,0.292,0.162,0.313
MIL,2014-15,102.0,101.4,0.6,0.499,0.536,94.82,0.627,0.29,0.686,0.491,0.175,0.459,0.363,0.757,42.1,23.6,16.7,9.6,4.9,97.8,0.4,0.258,0.487,0.298,0.181,0.314
MIN,2014-15,101.8,110.9,-9.1,0.468,0.517,95.45,0.593,0.311,0.682,0.489,0.156,0.438,0.332,0.776,40.9,21.6,15.0,8.1,4.0,97.8,-8.8,0.309,0.537,0.246,0.158,0.318
NOP,2014-15,107.1,106.3,0.8,0.501,0.537,92.29,0.581,0.309,0.712,0.511,0.143,0.457,0.37,0.751,43.5,22.0,13.3,6.7,6.2,99.4,0.8,0.263,0.496,0.257,0.132,0.288
NYK,2014-15,98.9,109.0,-10.1,0.47,0.508,92.06,0.606,0.289,0.691,0.484,0.158,0.428,0.347,0.769,40.4,21.3,14.7,7.0,4.7,91.9,-9.3,0.234,0.512,0.308,0.151,0.309
OKC,2014-15,106.7,104.6,2.1,0.492,0.532,96.61,0.528,0.318,0.73,0.524,0.151,0.447,0.339,0.754,47.5,20.5,14.7,7.3,5.5,104.0,2.2,0.284,0.489,0.286,0.14,0.27
ORL,2014-15,101.0,106.8,-5.9,0.494,0.524,94.51,0.55,0.269,0.716,0.491,0.157,0.453,0.347,0.729,41.8,20.6,14.9,7.9,3.8,95.7,-5.7,0.23,0.514,0.279,0.152,0.284
PHI,2014-15,94.9,103.9,-9.0,0.459,0.494,96.45,0.609,0.293,0.686,0.48,0.183,0.408,0.32,0.676,42.9,20.5,17.7,9.6,5.9,92.0,-9.0,0.288,0.497,0.298,0.172,0.314
PHX,2014-15,104.2,105.3,-1.1,0.501,0.537,97.2,0.522,0.281,0.698,0.489,0.154,0.452,0.341,0.76,43.2,20.2,15.1,8.5,4.7,102.4,-0.9,0.251,0.497,0.291,0.159,0.302
POR,2014-15,107.1,102.8,4.3,0.508,0.544,95.06,0.567,0.282,0.728,0.51,0.142,0.45,0.362,0.801,45.9,21.9,13.6,6.4,4.5,102.8,4.2,0.225,0.476,0.24,0.127,0.272
SAC,2014-15,104.5,108.2,-3.7,0.49,0.542,96.16,0.554,0.313,0.715,0.519,0.168,0.455,0.341,0.762,44.2,20.3,16.3,6.7,4.0,101.3,-3.7,0.363,0.507,0.268,0.133,0.285
SAS,2014-15,107.6,101.4,6.3,0.517,0.555,94.45,0.623,0.272,0.73,0.507,0.146,0.468,0.367,0.78,43.6,24.4,14.0,8.0,5.4,103.2,6.2,0.256,0.484,0.256,0.149,0.27
TOR,2014-15,110.2,107.1,3.1,0.508,0.553,93.46,0.547,0.301,0.689,0.494,0.137,0.455,0.352,0.787,41.5,20.7,12.9,7.5,4.4,104.0,3.1,0.295,0.506,0.283,0.153,0.311
UTA,2014-15,104.2,104.1,0.1,0.494,0.531,91.1,0.563,0.332,0.715,0.524,0.168,0.447,0.343,0.721,44.0,19.9,15.3,7.6,6.0,95.1,0.2,0.297,0.491,0.267,0.144,0.285
WAS,2014-15,103.0,102.4,0.6,0.499,0.534,94.29,0.627,0.288,0.726,0.514,0.157,0.462,0.36,0.742,44.7,24.0,15.0,7.3,4.6,98.5,0.7,0.259,0.481,0.284,0.146,0.274
ATL,2015-16,104.6,100.8,3.9,0.516,0.552,97.63,0.663,0.234,0.698,0.474,0.152,0.458,0.35,0.783,42.1,25.6,15.0,9.1,5.9,102.8,3.6,0.237,0.48,0.256,0.164,0.302
BOS,2015-16,105.8,102.5,3.3,0.488,0.531,99.43,0.616,0.29,0.707,0.495,0.138,0.439,0.335,0.788,44.9,24.2,13.7,9.2,4.2,105.7,3.2,0.264,0.487,0.306,0.164,0.293
BKN,2015-16,102.4,109.7,-7.4,0.492,0.527,96.12,0.583,0.279,0.716,0.494,0.153,0.453,0.352,0.757,42.4,22.3,14.8,7.6,4.0,98.6,-7.4,0.246,0.534,0.23,0.147,0.284
CHA,2015-16,106.4,103.7,2.7,0.502,0.545,96.24,0.586,0.244,0.754,0.499,0.129,0.439,0.362,0.79,43.9,21.7,12.5,7.3,5.3,103.4,2.7,0.28,0.496,0.249,0.138,0.246
CHI,2015-16,104.1,105.5,-1.4,0.487,0.526,96.6,0.591,0.29,0.714,0.506,0.142,0.441,0.371,0.787,46.3,22.8,13.9,6.0,5.7,101.6,-1.5,0.24,0.485,0.247,0.122,0.286
CLE,2015-16,110.2,103.9,6.3,0.524,0.558,93.82,0.587,0.294,0.742,0.519,0.143,0.46,0.362,0.748,44.5,22.7,13.6,6.7,3.9,104.3,6.0,0.259,0.496,0.275,0.141,0.258
DAL,2015-16,105.5,105.9,-0.4,0.502,0.544,95.34,0.592,0.241,0.723,0.484,0.132,0.444,0.344,0.794,43.1,22.1,12.8,6.8,3.7,102.3,-0.3,0.265,0.504,0.269,0.144,0.277
DEN,2015-16,104.9,108.2,-3.3,0.489,0.531,96.34,0.601,0.304,0.732,0.513,0.151,0.442,0.338,0.766,44.6,22.7,14.7,7.4,4.8,101.9,-3.1,0.282,0.515,0.284,0.141,0.268
DET,2015-16,105.3,104.9,0.3,0.491,0.522,95.75,0.512,0.313,0.753,0.521,0.14,0.439,0.345,0.668,46.3,19.4,13.5,7.0,3.7,102.0,0.6,0.296,0.504,0.25,0.139,0.247
GSW,2015-16,113.5,102.8,10.6,0.563,0.593,100.24,0.68,0.267,0.72,0.507,0.15,0.487,0.416,0.763,46.2,28.9,15.2,8.4,6.1,114.9,10.8,0.25,0.479,0.275,0.143,0.28
HOU,2015-16,107.3,107.3,0.0,0.516,0.553,98.42,0.589,0.297,0.692,0.492,0.161,0.452,0.347,0.694,43.1,22.2,15.9,10.0,5.2,106.5,0.2,0.352,0.516,0.289,0.168,0.308
IND,2015-16,103.8,102.2,1.6,0.497,0.536,97.35,0.554,0.271,0.714,0.494,0.151,0.45,0.351,0.764,44.2,21.2,14.9,9.0,4.8,102.2,1.7,0.268,0.489,0.273,0.161,0.286
LAC,2015-16,107.2,102.7,4.5,0.524,0.556,96.81,0.596,0.234,0.697,0.472,0.133,0.465,0.364,0.692,42.0,22.8,13.0,8.6,5.6,104.5,4.3,0.318,0.48,0.296,0.157,0.303
LAL,2015-16,100.7,110.3,-9.7,0.46,0.509,96.55,0.513,0.271,0.712,0.484,0.142,0.414,0.317,0.781,43.0,18.0,13.7,7.2,4.1,97.3,-9.6,0.292,0.523,0.277,0.131,0.288
MEM,2015-16,104.7,107.1,-2.4,0.477,0.524,93.95,0.562,0.298,0.709,0.495,0.14,0.44,0.331,0.783,41.6,20.7,13.3,8.8,4.3,99.1,-2.2,0.295,0.518,0.326,0.171,0.291
MIA,2015-16,105.5,103.7,1.7,0.508,0.545,94.14,0.543,0.28,0.729,0.512,0.148,0.47,0.336,0.744,44.1,20.8,14.1,6.7,6.5,100.0,1.6,0.282,0.485,0.255,0.136,0.271
MIL,2015-16,103.4,107.8,-4.5,0.499,0.537,95.05,0.603,0.286,0.689,0.49,0.159,0.467,0.345,0.747,41.7,23.1,15.2,8.2,5.8,99.0,-4.2,0.276,0.51,0.288,0.162,0.311
MIN,2015-16,105.4,109.0,-3.5,0.498,0.549,96.2,0.619,0.279,0.702,0.494,0.155,0.464,0.338,0.792,41.6,23.4,15.0,8.0,4.6,102.4,-3.5,0.332,0.524,0.265,0.153,0.298
NOP,2015-16,104.8,108.4,-3.7,0.498,0.537,97.64,0.577,0.252,0.748,0.493,0.137,0.448,0.36,0.776,42.6,22.2,13.4,7.7,4.2,102.7,-3.8,0.259,0.523,0.287,0.14,0.252
NYK,2015-16,103.9,106.7,-2.8,0.483,0.527,94.12,0.557,0.28,0.718,0.502,0.142,0.439,0.346,0.805,44.4,20.5,13.4,5.7,5.7,98.4,-2.7,0.255,0.487,0.271,0.119,0.282
OKC,2015-16,112.1,104.8,7.4,0.524,0.565,97.54,0.558,0.347,0.72,0.541,0.162,0.476,0.349,0.782,48.6,23.0,15.9,7.4,5.9,110.2,7.3,0.292,0.484,0.271,0.133,0.28
ORL,2015-16,104.4,106.0,-1.6,0.5,0.533,96.68,0.596,0.271,0.726,0.495,0.144,0.455,0.35,0.757,43.3,23.6,14.1,8.2,5.1,102.1,-1.6,0.232,0.513,0.288,0.155,0.274
PHI,2015-16,98.4,108.6,-10.2,0.487,0.519,98.44,0.594,0.25,0.693,0.466,0.165,0.431,0.339,0.694,41.2,21.5,16.4,8.3,6.0,97.4,-10.2,0.269,0.51,0.306,0.153,0.307
PHX,2015-16,101.5,107.9,-6.5,0.487,0.526,99.39,0.558,0.297,0.733,0.508,0.173,0.435,0.348,0.751,44.8,20.7,17.2,7.7,3.8,100.9,-6.7,0.271,0.523,0.317,0.15,0.267
POR,2015-16,107.6,106.8,0.8,0.511,0.548,97.06,0.552,0.294,0.728,0.51,0.15,0.45,0.37,0.754,45.5,21.3,14.6,6.9,4.6,105.1,0.8,0.268,0.503,0.307,0.136,0.272
SAC,2015-16,105.3,107.6,-2.3,0.51,0.546,100.66,0.612,0.281,0.717,0.5,0.16,0.464,0.359,0.725,44.2,24.5,16.2,8.9,4.5,106.6,-2.5,0.295,0.521,0.264,0.157,0.283
SAS,2015-16,109.3,98.2,11.1,0.526,0.564,94.54,0.611,0.266,0.746,0.516,0.138,0.484,0.375,0.803,43.9,24.5,13.1,8.3,5.9,103.5,10.6,0.246,0.477,0.24,0.157,0.254
TOR,2015-16,109.3,104.8,4.4,0.504,0.552,93.35,0.511,0.3,0.736,0.52,0.139,0.451,0.37,0.777,43.4,18.7,13.1,7.8,5.5,102.7,4.5,0.328,0.498,0.269,0.142,0.264
UTA,2015-16,105.0,103.2,1.8,0.501,0.54,91.66,0.526,0.303,0.731,0.517,0.161,0.449,0.355,0.744,43.2,19.0,14.9,7.7,5.2,97.7,1.8,0.286,0.495,0.281,0.15,0.269
WAS,2015-16,104.5,105.1,-0.5,0.511,0.544,99.16,0.619,0.25,0.737,0.49,0.145,0.46,0.358,0.73,41.8,24.5,14.5,8.6,3.9,104.1,-0.5,0.263,0.515,0.283,0.162,0.263
ATL,2016-17,104.5,105.2,-0.7,0.504,0.541,97.76,0.621,0.282,0.717,0.502,0.16,0.451,0.341,0.728,44.3,23.6,15.8,8.2,4.8,103.2,-0.9,0.295,0.507,0.232,0.156,0.283
BOS,2016-17,110.6,108.0,2.6,0.525,0.567,97.21,0.653,0.259,0.705,0.485,0.136,0.454,0.359,0.807,42.0,25.2,13.3,7.5,4.1,108.0,2.6,0.273,0.503,0.29,0.143,0.295
BKN,2016-17,103.6,110.1,-6.5,0.507,0.551,101.75,0.566,0.241,0.716,0.483,0.162,0.444,0.338,0.788,43.9,21.4,16.5,7.2,4.7,105.8,-6.7,0.289,0.513,0.275,0.13,0.284
CHA,2016-17,108.4,108.4,0.0,0.501,0.547,95.92,0.611,0.247,0.749,0.496,0.119,0.442,0.351,0.815,43.6,23.1,11.5,7.0,4.8,104.9,0.2,0.279,0.523,0.211,0.135,0.251
CHI,2016-17,106.5,106.2,0.3,0.487,0.53,96.02,0.584,0.311,0.733,0.519,0.14,0.444,0.34,0.798,46.3,22.6,13.6,7.8,4.8,102.9,0.4,0.259,0.507,0.219,0.139,0.267
CLE,2016-17,112.8,109.7,3.1,0.547,0.58,96.74,0.567,0.264,0.722,0.499,0.14,0.47,0.384,0.748,43.7,22.7,13.7,6.6,4.0,110.3,3.2,0.275,0.516,0.226,0.129,0.278
DAL,2016-17,104.7,107.7,-3.0,0.505,0.541,93.11,0.574,0.216,0.733,0.465,0.127,0.44,0.355,0.801,38.6,20.8,11.9,7.5,3.7,97.9,-2.9,0.225,0.529,0.282,0.16,0.267
DEN,2016-17,112.2,111.7,0.4,0.53,0.568,99.18,0.615,0.314,0.753,0.532,0.15,0.469,0.368,0.774,46.4,25.3,15.0,6.9,3.9,111.7,0.5,0.276,0.532,0.248,0.12,0.247
DET,2016-17,105.3,106.7,-1.4,0.492,0.521,95.52,0.53,0.286,0.775,0.519,0.123,0.449,0.33,0.719,45.7,21.1,11.9,7.0,3.8,101.3,-1.1,0.218,0.516,0.253,0.133,0.225
GSW,2016-17,114.8,103.4,11.4,0.563,0.597,100.37,0.705,0.272,0.709,0.504,0.146,0.495,0.383,0.788,44.4,30.4,14.8,9.6,6.8,115.9,11.6,0.259,0.486,0.261,0.154,0.291
HOU,2016-17,114.1,108.4,5.7,0.545,0.583,100.55,0.626,0.281,0.717,0.499,0.15,0.462,0.357,0.766,44.4,25.2,15.1,8.2,4.3,115.3,5.8,0.304,0.519,0.25,0.149,0.283
IND,2016-17,107.9,108.1,-0.2,0.516,0.558,96.59,0.572,0.255,0.713,0.488,0.141,0.465,0.376,0.81,42.0,22.5,13.8,8.2,5.0,105.1,-0.2,0.261,0.512,0.286,0.153,0.287
LAC,2016-17,111.8,107.5,4.4,0.537,0.574,96.77,0.57,0.256,0.733,0.501,0.133,0.475,0.375,0.745,43.0,22.5,13.0,7.5,4.2,108.7,4.3,0.312,0.506,0.274,0.136,0.267
LAL,2016-17,105.3,112.0,-6.7,0.501,0.537,99.26,0.532,0.284,0.717,0.494,0.153,0.45,0.346,0.754,43.5,20.9,15.2,8.2,3.9,104.6,-6.9,0.259,0.542,0.279,0.146,0.283
MEM,2016-17,107.0,106.5,0.5,0.491,0.535,92.84,0.584,0.295,0.731,0.507,0.137,0.435,0.354,0.784,42.8,21.3,12.9,8.0,4.2,100.5,0.5,0.28,0.506,0.341,0.152,0.269
MIA,2016-17,107.4,106.4,1.0,0.512,0.541,95.51,0.544,0.284,0.718,0.499,0.14,0.455,0.365,0.706,43.6,21.2,13.4,7.2,5.7,103.2,1.1,0.251,0.496,0.281,0.142,0.282
MIL,2016-17,108.5,108.7,-0.2,0.527,0.565,94.99,0.624,0.26,0.706,0.487,0.146,0.474,0.37,0.768,40.4,24.2,14.0,8.1,5.3,103.6,-0.2,0.274,0.518,0.279,0.154,0.294
MIN,2016-17,110.0,110.9,-0.9,0.511,0.555,95.48,0.6,0.309,0.71,0.507,0.146,0.467,0.349,0.799,42.4,23.7,14.0,8.0,4.5,105.6,-1.1,0.287,0.535,0.275,0.148,0.29
NOP,2016-17,104.7,106.8,-2.1,0.504,0.539,98.56,0.582,0.228,0.728,0.48,0.129,0.45,0.35,0.75,43.7,22.8,12.9,7.8,5.5,104.3,-2.1,0.256,0.509,0.232,0.14,0.272
NYK,2016-17,107.1,110.7,-3.6,0.496,0.534,96.63,0.551,0.305,0.698,0.5,0.143,0.447,0.348,0.788,45.2,21.8,13.9,7.1,5.5,104.3,-3.7,0.239,0.511,0.278,0.133,0.302
OKC,2016-17,107.9,107.1,0.8,0.5,0.54,98.18,0.532,0.323,0.742,0.528,0.152,0.452,0.327,0.745,46.6,21.0,15.0,7.9,5.0,106.6,0.8,0.295,0.511,0.285,0.139,0.258
ORL,2016-17,103.7,110.3,-6.5,0.489,0.524,96.9,0.58,0.267,0.726,0.491,0.137,0.44,0.328,0.747,43.2,22.2,13.3,7.1,4.8,101.1,-6.6,0.246,0.523,0.263,0.134,0.274
PHI,2016-17,102.7,108.2,-5.5,0.501,0.539,99.07,0.631,0.273,0.709,0.49,0.167,0.442,0.34,0.771,42.8,23.8,16.7,8.4,5.1,102.4,-5.7,0.258,0.512,0.303,0.151,0.291
PHX,2016-17,106.1,111.3,-5.2,0.493,0.538,100.85,0.491,0.299,0.718,0.503,0.152,0.45,0.332,0.776,45.0,19.6,15.4,8.2,4.9,107.7,-5.6,0.297,0.525,0.338,0.146,0.282
POR,2016-17,109.4,110.0,-0.6,0.52,0.559,97.38,0.534,0.269,0.72,0.496,0.139,0.459,0.375,0.78,43.7,21.1,13.7,7.0,5.0,107.9,-0.5,0.275,0.508,0.307,0.13,0.28
SAC,2016-17,106.6,110.8,-4.2,0.516,0.556,95.42,0.594,0.258,0.723,0.492,0.152,0.461,0.376,0.775,41.1,22.5,14.6,7.6,4.0,102.8,-3.9,0.284,0.528,0.291,0.145,0.277
SAS,2016-17,110.3,102.9,7.4,0.524,0.564,94.86,0.606,0.282,0.73,0.511,0.141,0.469,0.391,0.797,43.9,23.8,13.4,8.0,5.9,105.3,7.2,0.263,0.492,0.249,0.151,0.27
TOR,2016-17,111.4,107.1,4.3,0.517,0.561,95.41,0.472,0.291,0.717,0.505,0.132,0.464,0.363,0.796,43.3,18.5,12.7,8.3,4.9,106.9,4.2,0.293,0.507,0.286,0.153,0.283
UTA,2016-17,109.0,104.7,4.3,0.526,0.563,92.09,0.544,0.27,0.743,0.514,0.148,0.466,0.372,0.747,43.2,20.1,13.6,6.7,5.0,100.7,3.9,0.288,0.493,0.253,0.131,0.257
WAS,2016-17,110.4,108.8,1.7,0.528,0.564,97.94,0.577,0.286,0.716,0.501,0.143,0.475,0.372,0.784,42.9,23.9,14.2,8.5,4.1,109.2,1.8,0.254,0.524,0.284,0.155,0.284
ATL,2017-18,104.4,110.1,-5.7,0.512,0.547,98.76,0.622,0.263,0.719,0.489,0.157,0.446,0.36,0.785,41.9,23.7,15.5,7.8,4.2,103.4,-5.5,0.236,0.536,0.237,0.153,0.281
BOS,2017-18,106.8,103.2,3.6,0.518,0.552,96.75,0.586,0.263,0.739,0.504,0.144,0.45,0.377,0.771,44.5,22.5,14.0,7.4,4.5,104.0,3.6,0.243,0.495,0.251,0.145,0.261
BKN,2017-18,106.1,109.7,-3.6,0.514,0.551,99.66,0.619,0.251,0.731,0.489,0.151,0.441,0.356,0.772,44.4,23.7,15.2,6.2,4.8,106.6,-3.7,0.26,0.517,0.262,0.123,0.269
CHA,2017-18,109.0,109.0,-0.1,0.508,0.549,98.66,0.554,0.271,0.763,0.512,0.128,0.45,0.369,0.747,45.5,21.6,12.7,6.8,4.5,108.2,0.3,0.312,0.532,0.208,0.137,0.237
CHI,2017-18,103.4,110.5,-7.0,0.497,0.529,98.65,0.607,0.256,0.767,0.5,0.141,0.435,0.355,0.759,44.7,23.5,14.0,7.6,3.5,102.9,-7.0,0.216,0.542,0.233,0.136,0.233
CLE,2017-18,112.0,111.1,1.0,0.547,0.584,98.72,0.579,0.243,0.73,0.492,0.139,0.476,0.372,0.779,42.1,23.4,13.7,7.1,3.8,110.9,0.9,0.275,0.54,0.219,0.136,0.27
DAL,2017-18,105.4,108.4,-2.9,0.513,0.544,96.53,0.594,0.224,0.749,0.478,0.127,0.444,0.36,0.763,41.3,22.7,12.3,7.0,3.8,102.3,-3.0,0.217,0.532,0.255,0.141,0.251
DEN,2017-18,111.4,110.0,1.4,0.536,0.57,97.69,0.617,0.3,0.736,0.517,0.151,0.47,0.371,0.767,44.5,25.1,15.0,7.6,4.9,110.0,1.5,0.258,0.539,0.235,0.14,0.264
DET,2017-18,106.6,106.7,-0.1,0.512,0.543,96.75,0.582,0.269,0.74,0.499,0.138,0.45,0.373,0.745,43.7,22.8,13.4,7.7,3.9,103.8,-0.1,0.227,0.524,0.222,0.152,0.26
GSW,2017-18,112.8,106.8,5.9,0.569,0.603,100.35,0.685,0.243,0.712,0.497,0.153,0.503,0.391,0.815,43.5,29.3,15.4,8.0,7.5,113.5,6.0,0.239,0.504,0.245,0.142,0.288
HOU,2017-18,114.1,105.7,8.4,0.551,0.59,98.02,0.557,0.254,0.75,0.503,0.141,0.46,0.362,0.781,43.5,21.5,13.8,8.5,4.8,112.4,8.5,0.298,0.521,0.229,0.148,0.25
IND,2017-18,108.5,107.3,1.3,0.525,0.557,96.84,0.544,0.271,0.721,0.496,0.136,0.472,0.369,0.779,42.3,22.2,13.3,8.8,4.1,105.6,1.4,0.222,0.527,0.23,0.16,0.279
LAC,2017-18,109.4,109.2,0.2,0.527,0.564,99.54,0.555,0.284,0.718,0.504,0.147,0.471,0.354,0.743,43.9,22.3,14.7,7.7,4.5,109.0,0.0,0.299,0.52,0.259,0.141,0.282
LAL,2017-18,106.0,107.3,-1.3,0.517,0.548,100.9,0.584,0.279,0.729,0.505,0.155,0.461,0.345,0.714,46.4,23.8,15.8,7.7,4.7,108.1,-1.5,0.264,0.514,0.25,0.14,0.271
MEM,2017-18,103.6,110.4,-6.8,0.5,0.539,95.65,0.586,0.276,0.721,0.493,0.156,0.444,0.352,0.786,40.5,21.5,15.0,7.5,4.8,99.3,-6.2,0.255,0.529,0.333,0.154,0.279
MIA,2017-18,106.2,105.8,0.4,0.52,0.551,96.1,0.585,0.261,0.741,0.501,0.148,0.455,0.36,0.755,43.5,22.7,14.4,7.6,5.3,103.4,0.5,0.229,0.507,0.274,0.145,0.259
MIL,2017-18,109.0,109.1,-0.2,0.531,0.571,97.03,0.585,0.244,0.709,0.48,0.142,0.478,0.355,0.783,39.8,23.2,13.8,8.8,5.4,106.5,-0.3,0.281,0.528,0.281,0.159,0.291
MIN,2017-18,112.5,110.2,2.3,0.523,0.566,96.75,0.553,0.289,0.72,0.503,0.128,0.476,0.357,0.804,42.0,22.7,12.5,8.4,4.2,109.5,2.2,0.28,0.539,0.242,0.155,0.28
NOP,2017-18,108.5,107.4,1.1,0.541,0.573,101.48,0.627,0.24,0.726,0.494,0.145,0.483,0.362,0.772,44.3,26.8,14.9,8.0,5.9,111.7,1.3,0.237,0.513,0.223,0.141,0.274
NYK,2017-18,106.3,109.7,-3.4,0.51,0.544,97.64,0.573,0.289,0.727,0.509,0.15,0.464,0.352,0.787,44.0,23.3,14.7,6.7,5.1,104.5,-3.6,0.216,0.522,0.269,0.135,0.273
OKC,2017-18,110.1,106.4,3.7,0.514,0.546,97.34,0.535,0.32,0.725,0.515,0.143,0.453,0.354,0.716,45.1,21.3,14.0,9.1,5.0,107.9,3.4,0.275,0.525,0.252,0.163,0.275
ORL,2017-18,104.7,109.4,-4.7,0.512,0.545,98.58,0.604,0.248,0.714,0.48,0.147,0.452,0.351,0.757,41.6,23.4,14.5,7.6,4.9,103.4,-4.8,0.238,0.525,0.243,0.144,0.286
PHI,2017-18,108.5,103.9,4.6,0.535,0.568,100.75,0.663,0.286,0.736,0.52,0.163,0.472,0.369,0.752,47.4,27.1,16.5,8.3,5.1,109.8,4.5,0.263,0.492,0.293,0.141,0.264
PHX,2017-18,102.8,111.7,-9.0,0.495,0.532,101.14,0.553,0.271,0.724,0.493,0.155,0.442,0.334,0.741,44.1,21.3,15.7,6.9,4.5,103.9,-9.4,0.275,0.533,0.277,0.132,0.276
POR,2017-18,108.4,105.7,2.7,0.511,0.549,97.11,0.496,0.279,0.746,0.513,0.139,0.452,0.366,0.8,45.5,19.5,13.5,7.0,5.2,105.6,2.6,0.24,0.503,0.256,0.13,0.254
SAC,2017-18,103.1,110.4,-7.3,0.502,0.529,95.5,0.556,0.264,0.731,0.489,0.143,0.45,0.375,0.735,40.9,21.6,13.7,7.8,4.1,98.8,-7.0,0.194,0.542,0.26,0.149,0.269
SAS,2017-18,107.1,104.1,3.0,0.507,0.543,95.7,0.583,0.277,0.741,0.508,0.137,0.457,0.352,0.772,44.2,22.8,13.1,7.7,5.6,102.7,2.9,0.245,0.507,0.224,0.147,0.259
TOR,2017-18,113.0,105.3,7.7,0.539,0.575,98.02,0.59,0.274,0.725,0.502,0.135,0.472,0.358,0.794,44.0,24.3,13.4,7.6,6.1,111.7,7.8,0.25,0.501,0.277,0.145,0.275
UTA,2017-18,107.4,103.0,4.4,0.527,0.564,96.58,0.586,0.256,0.756,0.509,0.152,0.462,0.366,0.779,43.3,22.4,14.7,8.6,5.1,104.1,4.3,0.26,0.506,0.247,0.154,0.244
WAS,2017-18,108.1,107.7,0.4,0.525,0.56,97.67,0.631,0.274,0.732,0.504,0.148,0.467,0.375,0.772,43.1,25.2,14.6,7.9,4.3,106.6,0.6,0.254,0.522,0.279,0.151,0.268
ATL,2018-19,107.5,113.1,-5.5,0.522,0.555,104.56,0.624,0.284,0.718,0.496,0.162,0.451,0.352,0.752,46.1,25.8,17.0,8.2,5.1,113.3,-6.0,0.255,0.541,0.313,0.143,0.282
BOS,2018-19,111.3,107.0,4.3,0.534,0.567,100.43,0.624,0.257,0.728,0.495,0.127,0.465,0.365,0.802,44.5,26.3,12.8,8.6,5.3,112.4,4.4,0.215,0.514,0.259,0.15,0.272
BKN,2018-19,108.9,109.0,-0.1,0.52,0.556,101.52,0.592,0.282,0.72,0.501,0.146,0.449,0.353,0.745,46.6,23.8,15.1,6.6,4.1,112.2,-0.1,0.284,0.512,0.247,0.131,0.28
CHA,2018-19,110.7,112.0,-1.3,0.514,0.554,99.18,0.578,0.268,0.731,0.495,0.122,0.448,0.351,0.797,43.8,23.2,12.2,7.2,4.9,110.7,-1.1,0.257,0.538,0.227,0.135,0.269
CHI,2018-19,104.5,112.8,-8.3,0.505,0.541,99.3,0.55,0.242,0.727,0.483,0.141,0.453,0.351,0.783,42.9,21.9,14.1,7.4,4.3,104.9,-8.4,0.235,0.541,0.247,0.133,0.273
CLE,2018-19,106.8,116.8,-10.0,0.503,0.54,97.37,0.532,0.282,0.732,0.496,0.138,0.444,0.355,0.792,42.7,20.7,13.5,6.5,2.4,104.5,-9.6,0.236,0.564,0.235,0.128,0.268
DAL,2018-19,108.7,110.1,-1.5,0.519,0.555,99.6,0.603,0.273,0.734,0.503,0.142,0.447,0.34,0.742,45.3,23.4,14.2,6.5,4.3,108.9,-1.3,0.291,0.522,0.246,0.13,0.266
DEN,2018-19,112.1,108.1,4.0,0.527,0.558,98.49,0.653,0.308,0.744,0.524,0.136,0.466,0.351,0.755,46.4,27.4,13.4,7.7,4.4,110.7,4.0,0.232,0.521,0.257,0.137,0.256
DET,2018-19,108.4,108.7,-0.3,0.509,0.544,97.88,0.579,0.291,0.745,0.509,0.14,0.44,0.348,0.747,45.0,22.5,13.8,6.9,4.0,107.0,-0.2,0.262,0.526,0.279,0.142,0.255
GSW,2018-19,115.0,108.6,6.5,0.565,0.596,101.74,0.668,0.257,0.727,0.505,0.139,0.491,0.385,0.801,46.2,29.4,14.3,7.6,6.4,117.7,6.5,0.227,0.508,0.266,0.132,0.273
HOU,2018-19,114.9,110.1,4.8,0.542,0.581,98.39,0.541,0.269,0.7,0.481,0.135,0.449,0.356,0.791,42.1,21.2,13.3,8.5,4.9,113.9,4.8,0.279,0.525,0.274,0.152,0.3
IND,2018-19,109.4,106.0,3.4,0.53,0.561,98.64,0.628,0.269,0.722,0.499,0.139,0.475,0.374,0.752,43.0,26.0,13.7,8.7,4.9,108.0,3.3,0.242,0.516,0.243,0.158,0.278
LAC,2018-19,111.4,110.4,1.0,0.529,0.575,102.66,0.582,0.263,0.722,0.5,0.141,0.471,0.388,0.792,45.5,24.0,14.5,6.8,4.7,115.1,0.9,0.326,0.514,0.288,0.127,0.278
LAL,2018-19,107.4,108.9,-1.6,0.527,0.554,103.6,0.6,0.27,0.725,0.502,0.15,0.47,0.333,0.699,46.6,25.6,15.7,7.5,5.4,111.8,-1.7,0.257,0.516,0.245,0.137,0.275
MEM,2018-19,105.6,108.0,-2.4,0.508,0.548,97.15,0.631,0.247,0.724,0.484,0.143,0.45,0.342,0.772,41.8,23.9,14.0,8.3,5.5,103.5,-2.6,0.272,0.521,0.296,0.155,0.276
MIA,2018-19,106.7,107.1,-0.4,0.515,0.542,98.73,0.612,0.291,0.731,0.509,0.149,0.45,0.349,0.695,46.3,24.3,14.7,7.6,5.5,105.7,-0.2,0.247,0.51,0.262,0.143,0.269
MIL,2018-19,113.5,104.9,8.6,0.55,0.583,103.57,0.601,0.25,0.757,0.516,0.133,0.476,0.353,0.773,49.7,26.0,13.9,7.5,5.9,118.1,8.9,0.255,0.503,0.221,0.128,0.243
MIN,2018-19,110.6,112.2,-1.6,0.511,0.552,100.88,0.591,0.292,0.709,0.497,0.129,0.456,0.351,0.787,44.8,24.6,13.1,8.3,5.0,112.5,-1.5,0.267,0.538,0.247,0.145,0.291
NOP,2018-19,110.7,112.0,-1.3,0.529,0.563,103.89,0.619,0.285,0.729,0.509,0.142,0.473,0.344,0.761,47.3,27.0,14.8,7.4,5.4,115.4,-1.3,0.254,0.532,0.253,0.13,0.271
NYK,2018-19,104.0,112.9,-8.9,0.49,0.529,100.16,0.525,0.264,0.717,0.486,0.14,0.433,0.34,0.759,44.7,20.1,14.0,6.8,5.1,104.6,-9.2,0.27,0.533,0.265,0.131,0.283
OKC,2018-19,109.8,106.5,3.4,0.514,0.545,103.38,0.548,0.298,0.738,0.509,0.134,0.454,0.348,0.713,48.1,23.4,14.0,9.3,5.2,114.5,3.4,0.266,0.523,0.271,0.16,0.262
ORL,2018-19,108.2,107.6,0.6,0.518,0.55,98.65,0.632,0.259,0.754,0.504,0.133,0.454,0.356,0.782,45.4,25.5,13.2,6.6,5.4,107.3,0.7,0.216,0.515,0.239,0.131,0.246
PHI,2018-19,111.6,109.0,2.6,0.532,0.574,102.59,0.648,0.278,0.741,0.517,0.144,0.471,0.359,0.771,47.8,26.9,14.9,7.4,5.3,115.2,2.7,0.312,0.512,0.268,0.123,0.259
PHX,2018-19,105.3,114.2,-8.9,0.514,0.552,101.15,0.595,0.247,0.683,0.464,0.153,0.459,0.329,0.779,40.4,23.9,15.6,9.0,5.1,107.5,-9.3,0.259,0.545,0.313,0.153,0.317
POR,2018-19,113.7,109.5,4.2,0.528,0.568,99.96,0.544,0.308,0.739,0.526,0.137,0.467,0.359,0.814,48.0,23.0,13.8,6.7,5.0,114.7,4.2,0.258,0.516,0.253,0.123,0.261
SAC,2018-19,109.6,110.8,-1.2,0.524,0.554,103.88,0.588,0.268,0.713,0.487,0.128,0.464,0.378,0.726,45.4,25.4,13.4,8.3,4.4,114.2,-1.1,0.244,0.533,0.269,0.153,0.287
SAS,2018-19,112.2,110.6,1.6,0.534,0.572,98.88,0.58,0.246,0.744,0.501,0.122,0.478,0.392,0.819,44.7,24.5,12.1,6.1,4.7,111.7,1.7,0.237,0.528,0.225,0.122,0.256
TOR,2018-19,112.6,106.8,5.8,0.543,0.579,100.51,0.603,0.265,0.726,0.502,0.138,0.474,0.366,0.804,45.2,25.4,14.0,8.3,5.3,114.4,6.1,0.247,0.509,0.249,0.147,0.274
UTA,2018-19,110.3,105.3,5.0,0.538,0.572,100.84,0.644,0.275,0.759,0.522,0.149,0.468,0.356,0.736,46.4,26.0,15.1,8.1,5.9,111.7,5.3,0.295,0.507,0.251,0.137,0.241
WAS,2018-19,110.2,112.9,-2.7,0.531,0.567,102.23,0.623,0.252,0.706,0.477,0.136,0.468,0.341,0.768,42.4,26.3,14.1,8.3,4.6,114.0,-2.9,0.266,0.546,0.255,0.152,0.294
ATL,2019-20,107.0,114.4,-7.4,0.515,0.554,103.28,0.589,0.267,0.708,0.484,0.155,0.449,0.333,0.79,43.3,24.0,16.2,7.8,5.1,111.8,-8.0,0.258,0.543,0.303,0.143,0.292
BOS,2019-20,112.8,106.5,6.3,0.531,0.57,99.92,0.557,0.283,0.731,0.509,0.137,0.461,0.364,0.801,46.1,23.0,13.8,8.3,5.6,113.7,6.3,0.259,0.509,0.281,0.151,0.269
BKN,2019-20,108.7,109.2,-0.5,0.52,0.554,101.7,0.606,0.28,0.736,0.511,0.148,0.448,0.343,0.745,47.9,24.5,15.3,6.4,4.5,111.8,-0.6,0.267,0.511,0.243,0.124,0.264
CHA,2019-20,105.9,112.8,-7.0,0.504,0.539,96.24,0.639,0.28,0.706,0.486,0.15,0.434,0.352,0.748,42.8,23.8,14.6,6.6,4.1,102.9,-6.8,0.252,0.546,0.21,0.148,0.294
CHI,2019-20,105.8,108.9,-3.1,0.515,0.547,100.46,0.587,0.267,0.719,0.481,0.153,0.447,0.348,0.755,41.9,23.2,15.5,10.0,4.1,106.8,-3.1,0.231,0.546,0.315,0.181,0.281
CLE,2019-20,106.9,114.8,-7.9,0.522,0.553,99.17,0.573,0.296,0.738,0.512,0.165,0.458,0.351,0.758,44.2,23.1,16.5,6.9,3.2,106.9,-7.9,0.227,0.56,0.214,0.13,0.262
DAL,2019-20,115.9,111.2,4.8,0.545,0.581,99.89,0.592,0.275,0.74,0.509,0.126,0.461,0.367,0.779,46.9,24.7,12.7,6.1,4.8,117.0,4.9,0.264,0.525,0.23,0.119,0.26
DEN,2019-20,112.6,110.4,2.2,0.535,0.567,97.64,0.636,0.294,0.725,0.509,0.139,0.473,0.359,0.777,44.1,26.7,13.8,8.0,4.6,111.3,2.1,0.235,0.533,0.26,0.144,0.275
DET,2019-20,108.8,112.3,-3.5,0.529,0.561,97.86,0.612,0.277,0.717,0.493,0.155,0.459,0.367,0.743,41.7,24.1,15.3,7.4,4.5,107.2,-3.6,0.261,0.541,0.239,0.142,0.283
GSW,2019-20,104.4,113.0,-8.6,0.497,0.54,101.04,0.663,0.255,0.722,0.481,0.146,0.438,0.334,0.803,42.8,25.6,14.9,8.2,4.6,106.3,-8.7,0.264,0.553,0.247,0.154,0.278
HOU,2019-20,112.5,109.8,2.7,0.537,0.578,104.04,0.53,0.249,0.713,0.48,0.14,0.451,0.345,0.791,44.3,21.6,14.7,8.7,5.2,117.8,3.0,0.288,0.529,0.259,0.154,0.287
IND,2019-20,109.5,107.5,1.9,0.534,0.565,99.41,0.614,0.243,0.718,0.487,0.132,0.476,0.363,0.787,42.8,25.9,13.2,7.4,5.2,109.4,2.0,0.216,0.511,0.244,0.147,0.282
LAC,2019-20,113.3,106.9,6.3,0.535,0.577,102.16,0.571,0.278,0.737,0.515,0.142,0.466,0.371,0.791,47.7,23.7,14.6,7.1,4.7,116.3,6.4,0.295,0.506,0.272,0.137,0.263
LAL,2019-20,111.7,106.1,5.6,0.542,0.573,101.2,0.6,0.283,0.737,0.512,0.149,0.48,0.349,0.729,45.7,25.4,15.2,8.6,6.6,113.4,5.8,0.276,0.515,0.263,0.157,0.263
MEM,2019-20,108.7,109.7,-1.0,0.528,0.561,103.31,0.633,0.271,0.733,0.506,0.147,0.468,0.347,0.763,46.5,26.9,15.2,7.9,5.5,112.6,-1.1,0.24,0.521,0.277,0.143,0.267
MIA,2019-20,111.9,109.3,2.7,0.547,0.587,98.7,0.657,0.257,0.753,0.512,0.149,0.468,0.379,0.783,44.4,25.9,14.9,7.5,4.5,112.0,2.9,0.299,0.523,0.272,0.14,0.247
MIL,2019-20,111.9,102.5,9.4,0.552,0.583,105.51,0.598,0.241,0.775,0.524,0.142,0.476,0.355,0.742,51.7,25.9,15.1,7.2,5.9,118.7,10.1,0.271,0.489,0.226,0.133,0.225
MIN,2019-20,107.6,111.6,-4.0,0.514,0.551,103.94,0.59,0.264,0.731,0.488,0.146,0.441,0.336,0.753,44.8,23.8,15.3,8.7,5.7,113.3,-4.3,0.277,0.541,0.279,0.147,0.269
NOP,2019-20,110.5,111.8,-1.3,0.539,0.568,103.89,0.63,0.287,0.729,0.508,0.156,0.465,0.37,0.729,46.5,26.8,16.4,7.5,5.0,115.8,-1.3,0.256,0.532,0.268,0.139,0.271
NYK,2019-20,105.9,112.4,-6.5,0.501,0.531,99.11,0.552,0.3,0.742,0.513,0.143,0.447,0.337,0.694,46.5,22.1,14.3,7.6,4.7,105.8,-6.5,0.263,0.541,0.299,0.138,0.258
OKC,2019-20,110.1,108.1,2.1,0.53,0.573,99.42,0.543,0.241,0.728,0.492,0.137,0.468,0.355,0.796,42.9,21.7,13.7,7.6,4.9,110.4,2.0,0.29,0.518,0.218,0.142,0.272
ORL,2019-20,107.9,109.2,-1.3,0.506,0.544,98.99,0.608,0.267,0.749,0.5,0.129,0.444,0.343,0.774,44.5,23.9,12.8,8.2,5.4,107.3,-1.0,0.256,0.535,0.228,0.147,0.251
PHI,2019-20,110.7,108.4,2.3,0.534,0.566,99.59,0.628,0.281,0.753,0.516,0.142,0.468,0.368,0.755,45.4,25.8,14.2,8.0,5.3,110.7,2.4,0.255,0.523,0.285,0.138,0.247
PHX,2019-20,111.3,110.8,0.5,0.532,0.576,101.74,0.661,0.261,0.734,0.498,0.145,0.468,0.358,0.834,43.5,27.2,14.8,7.7,4.0,113.6,0.2,0.271,0.539,0.28,0.152,0.266
POR,2019-20,113.2,114.3,-1.1,0.533,0.57,101.17,0.488,0.266,0.712,0.492,0.126,0.463,0.377,0.804,45.3,20.6,12.8,6.3,6.1,115.0,-1.1,0.242,0.53,0.27,0.127,0.288
SAC,2019-20,109.5,111.4,-1.9,0.534,0.566,99.6,0.582,0.258,0.736,0.492,0.144,0.462,0.364,0.77,42.6,23.8,14.5,7.7,4.1,110.1,-2.0,0.23,0.543,0.285,0.151,0.264
SAS,2019-20,111.7,112.6,-0.9,0.531,0.572,101.14,0.585,0.233,0.751,0.495,0.123,0.472,0.376,0.81,44.6,24.7,12.6,7.3,5.5,114.1,-1.1,0.262,0.542,0.249,0.129,0.249
TOR,2019-20,110.8,104.7,6.1,0.536,0.574,101.19,0.627,0.256,0.721,0.496,0.146,0.458,0.374,0.796,45.4,25.2,14.8,8.8,5.0,112.8,6.2,0.264,0.502,0.263,0.165,0.279
UTA,2019-20,111.8,109.3,2.5,0.549,0.585,99.15,0.56,0.261,0.746,0.512,0.152,0.471,0.38,0.779,44.9,22.4,15.1,6.1,4.1,111.3,2.5,0.268,0.518,0.241,0.124,0.254
WAS,2019-20,110.2,114.7,-4.5,0.523,0.562,103.38,0.602,0.262,0.712,0.478,0.136,0.457,0.368,0.788,42.0,25.0,14.2,8.0,4.3,114.4,-4.7,0.27,0.558,0.297,0.156,0.288
ATL,2020-21,114.3,112.1,2.2,0.539,0.581,98.68,0.591,0.284,0.742,0.516,0.133,0.468,0.373,0.812,45.6,24.1,13.2,7.0,4.8,113.7,2.3,0.278,0.53,0.237,0.124,0.258
BOS,2020-21,113.1,111.8,1.2,0.543,0.574,98.94,0.566,0.289,0.737,0.51,0.141,0.466,0.374,0.775,44.3,23.5,14.1,7.7,5.3,112.6,1.5,0.234,0.539,0.273,0.142,0.263
BKN,2020-21,117.3,113.1,4.2,0.575,0.61,100.27,0.621,0.252,0.726,0.503,0.134,0.494,0.392,0.804,44.4,26.8,13.5,6.7,5.3,118.6,4.5,0.258,0.531,0.241,0.125,0.274
CHA,2020-21,110.1,112.0,-1.9,0.532,0.564,99.0,0.672,0.276,0.722,0.496,0.149,0.455,0.369,0.761,43.8,26.8,14.8,7.8,4.8,109.5,-1.9,0.238,0.55,0.219,0.148,0.278
CHI,2020-21,110.4,111.5,-1.1,0.547,0.575,99.58,0.635,0.267,0.767,0.519,0.151,0.476,0.37,0.791,45.0,26.8,15.1,6.7,4.2,110.7,-0.9,0.197,0.538,0.253,0.127,0.233
CLE,2020-21,105.2,113.5,-8.3,0.508,0.543,97.96,0.618,0.28,0.729,0.499,0.157,0.45,0.336,0.743,42.8,23.8,15.5,7.8,4.5,103.8,-8.4,0.261,0.556,0.235,0.145,0.271
DAL,2020-21,114.6,112.3,2.3,0.55,0.582,97.94,0.557,0.253,0.734,0.496,0.123,0.47,0.362,0.778,43.3,22.9,12.1,6.3,4.3,112.4,2.3,0.242,0.534,0.259,0.129,0.266
DEN,2020-21,116.3,111.5,4.8,0.557,0.588,97.74,0.621,0.292,0.751,0.522,0.136,0.485,0.377,0.803,44.4,26.8,13.5,8.1,4.5,115.1,4.9,0.219,0.545,0.258,0.143,0.249
DET,2020-21,107.6,112.2,-4.5,0.519,0.556,98.19,0.626,0.267,0.725,0.493,0.151,0.452,0.351,0.759,42.7,24.2,14.9,7.4,5.2,106.6,-4.5,0.273,0.541,0.257,0.141,0.275
GSW,2020-21,110.5,109.4,1.1,0.551,0.583,102.81,0.67,0.222,0.727,0.48,0.146,0.468,0.376,0.785,43.0,27.7,15.0,8.2,4.8,113.7,1.1,0.239,0.522,0.286,0.146,0.273
HOU,2020-21,107.0,114.4,-7.4,0.521,0.553,101.69,0.601,0.24,0.723,0.474,0.145,0.444,0.339,0.74,42.6,23.6,14.7,7.6,5.0,108.8,-7.9,0.252,0.555,0.256,0.144,0.277
IND,2020-21,111.9,111.9,0.1,0.542,0.575,102.05,0.633,0.247,0.701,0.476,0.131,0.474,0.364,0.792,42.7,27.4,13.5,8.5,6.4,115.3,0.0,0.227,0.531,0.258,0.144,0.299
LAC,2020-21,116.7,110.6,6.1,0.564,0.599,97.63,0.584,0.27,0.754,0.518,0.135,0.482,0.411,0.839,44.2,24.4,13.2,7.1,4.1,114.0,6.2,0.222,0.531,0.239,0.132,0.246
LAL,2020-21,109.8,106.8,2.9,0.536,0.569,98.85,0.607,0.269,0.748,0.511,0.152,0.472,0.354,0.739,44.2,24.7,15.2,7.8,5.4,109.5,2.8,0.271,0.526,0.237,0.152,0.252
MEM,2020-21,111.7,110.5,1.2,0.528,0.56,100.77,0.628,0.285,0.736,0.507,0.131,0.467,0.356,0.771,46.5,26.9,13.3,9.1,5.1,113.3,1.0,0.232,0.535,0.249,0.146,0.264
MIA,2020-21,110.6,110.7,-0.1,0.546,0.581,97.09,0.671,0.24,0.733,0.491,0.144,0.468,0.358,0.79,41.5,26.3,14.1,7.9,4.0,108.1,0.0,0.252,0.542,0.234,0.154,0.267
MIL,2020-21,116.5,110.7,5.8,0.566,0.593,102.85,0.569,0.269,0.755,0.519,0.134,0.487,0.389,0.76,48.1,25.5,13.8,8.1,4.6,120.1,5.9,0.233,0.536,0.202,0.127,0.245
MIN,2020-21,109.3,114.5,-5.3,0.52,0.555,101.96,0.63,0.271,0.717,0.484,0.139,0.448,0.349,0.761,43.5,25.6,14.3,8.8,5.5,112.1,-5.6,0.254,0.556,0.264,0.149,0.283
NOP,2020-21,113.0,113.3,-0.3,0.537,0.57,100.54,0.612,0.302,0.755,0.527,0.144,0.477,0.348,0.729,47.4,26.0,14.6,7.6,4.4,114.6,-0.3,0.293,0.55,0.236,0.132,0.245
NYK,2020-21,110.2,107.8,2.4,0.524,0.559,96.32,0.543,0.264,0.738,0.505,0.133,0.456,0.392,0.784,45.1,21.4,12.9,7.0,5.1,107.0,2.3,0.242,0.509,0.257,0.131,0.262
OKC,2020-21,102.8,113.4,-10.6,0.509,0.539,101.61,0.568,0.254,0.742,0.494,0.158,0.441,0.339,0.725,45.6,22.1,16.1,7.0,4.4,105.0,-10.6,0.242,0.547,0.216,0.128,0.258
ORL,2020-21,104.6,113.9,-9.3,0.49,0.527,99.17,0.57,0.252,0.744,0.488,0.129,0.429,0.343,0.775,45.4,21.8,12.8,6.9,4.4,104.0,-9.3,0.24,0.547,0.215,0.128,0.256
PHI,2020-21,112.5,107.0,5.5,0.541,0.579,100.12,0.572,0.277,0.737,0.511,0.143,0.476,0.374,0.767,45.1,23.7,14.4,9.1,6.2,113.6,5.6,0.293,0.521,0.262,0.154,0.263
PHX,2020-21,116.3,110.4,5.9,0.564,0.597,98.0,0.622,0.248,0.741,0.5,0.126,0.49,0.378,0.834,42.9,26.9,12.5,7.2,4.3,115.3,5.8,0.212,0.534,0.25,0.137,0.259
POR,2020-21,117.1,115.3,1.8,0.54,0.577,98.97,0.515,0.273,0.731,0.495,0.112,0.453,0.385,0.823,44.5,21.3,11.1,6.9,5.0,116.1,1.8,0.238,0.546,0.258,0.125,0.269
SAC,2020-21,112.7,116.5,-3.8,0.549,0.578,100.71,0.599,0.253,0.713,0.482,0.133,0.481,0.364,0.745,41.4,25.5,13.4,7.5,5.0,113.7,-3.7,0.248,0.557,0.253,0.136,0.287
SAS,2020-21,110.5,112.0,-1.5,0.517,0.554,99.45,0.584,0.243,0.733,0.485,0.113,0.462,0.35,0.792,43.9,24.4,11.4,7.0,5.1,111.1,-1.7,0.243,0.541,0.23,0.131,0.267
TOR,2020-21,111.6,112.0,-0.4,0.529,0.567,99.57,0.607,0.256,0.716,0.479,0.133,0.448,0.368,0.815,41.6,24.1,13.2,8.6,5.4,111.3,-0.5,0.241,0.543,0.293,0.162,0.284
UTA,2020-21,116.5,107.5,9.0,0.563,0.597,99.37,0.573,0.284,0.757,0.529,0.142,0.468,0.389,0.799,48.3,23.7,14.2,6.6,5.2,116.4,9.3,0.244,0.507,0.207,0.115,0.243
WAS,2020-21,110.7,112.3,-1.6,0.531,0.569,104.67,0.59,0.25,0.736,0.494,0.137,0.475,0.351,0.769,45.2,25.5,14.4,7.3,4.1,116.6,-1.8,0.288,0.539,0.277,0.139,0.264
ATL,2021-22,115.4,113.7,1.6,0.543,0.581,98.67,0.593,0.269,0.731,0.501,0.12,0.47,0.374,0.812,44.0,24.6,11.9,7.2,4.2,113.9,1.6,0.253,0.543,0.224,0.129,0.269
BOS,2021-22,113.6,106.2,7.4,0.542,0.578,97.26,0.609,0.277,0.725,0.509,0.139,0.466,0.356,0.816,46.1,24.8,13.6,7.2,5.8,111.8,7.3,0.239,0.502,0.234,0.14,0.275
BKN,2021-22,113.2,112.3,0.9,0.54,0.576,99.4,0.602,0.281,0.704,0.499,0.141,0.475,0.361,0.805,44.4,25.3,14.1,7.1,5.5,112.9,0.8,0.246,0.521,0.255,0.133,0.296
CHA,2021-22,113.6,113.1,0.5,0.544,0.572,100.52,0.656,0.27,0.706,0.486,0.131,0.468,0.365,0.74,44.6,28.1,13.3,8.6,4.9,115.3,0.4,0.234,0.544,0.246,0.148,0.294
CHI,2021-22,112.7,113.2,-0.5,0.541,0.579,98.76,0.572,0.249,0.735,0.495,0.13,0.48,0.369,0.813,42.3,23.9,12.8,7.1,4.1,111.6,-0.4,0.248,0.541,0.251,0.132,0.265
CLE,2021-22,111.0,108.9,2.1,0.538,0.571,96.83,0.634,0.277,0.724,0.506,0.148,0.469,0.355,0.76,44.2,25.2,14.4,7.1,4.2,107.8,2.1,0.261,0.52,0.223,0.138,0.276
DAL,2021-22,112.5,109.1,3.5,0.538,0.572,95.64,0.595,0.256,0.733,0.496,0.13,0.461,0.35,0.771,43.0,23.4,12.5,6.7,4.0,108.0,3.3,0.249,0.521,0.241,0.136,0.267
DEN,2021-22,113.8,111.5,2.3,0.556,0.59,98.41,0.667,0.268,0.752,0.515,0.146,0.483,0.353,0.795,44.1,27.8,14.5,7.2,3.7,112.7,2.3,0.244,0.537,0.249,0.129,0.248
DET,2021-22,105.6,113.3,-7.7,0.494,0.533,98.81,0.615,0.276,0.707,0.481,0.143,0.431,0.326,0.782,43.0,23.5,14.2,7.7,4.8,104.8,-7.7,0.249,0.541,0.292,0.147,0.293
GSW,2021-22,112.1,106.6,5.5,0.552,0.582,98.74,0.669,0.269,0.736,0.51,0.15,0.469,0.364,0.769,45.5,27.1,14.9,8.8,4.5,111.0,5.5,0.235,0.509,0.265,0.147,0.264
HOU,2021-22,108.1,116.4,-8.3,0.534,0.565,101.16,0.598,0.265,0.71,0.485,0.162,0.456,0.349,0.713,42.0,23.6,16.5,7.3,4.7,109.7,-8.5,0.284,0.554,0.263,0.139,0.29
IND,2021-22,111.9,115.5,-3.6,0.531,0.564,98.55,0.612,0.31,0.725,0.512,0.145,0.463,0.344,0.768,43.9,25.4,14.4,7.1,5.6,111.5,-3.5,0.239,0.552,0.256,0.133,0.275
LAC,2021-22,109.5,109.5,0.0,0.531,0.564,98.51,0.599,0.254,0.706,0.486,0.139,0.458,0.374,0.793,44.0,24.0,13.7,7.4,5.0,108.4,0.0,0.224,0.514,0.216,0.137,0.294
LAL,2021-22,110.0,112.8,-2.9,0.537,0.567,100.47,0.576,0.256,0.72,0.49,0.142,0.469,0.347,0.732,44.0,24.0,14.5,7.6,5.2,112.1,-3.0,0.259,0.54,0.257,0.138,0.28
MEM,2021-22,114.3,108.9,5.3,0.522,0.553,100.52,0.597,0.338,0.726,0.526,0.13,0.461,0.353,0.734,49.2,26.0,13.2,9.8,6.5,115.6,5.7,0.245,0.523,0.253,0.149,0.274
MIA,2021-22,113.0,108.4,4.5,0.547,0.584,96.53,0.644,0.278,0.735,0.51,0.149,0.467,0.379,0.808,43.7,25.5,14.6,7.4,3.2,110.0,4.5,0.252,0.524,0.268,0.154,0.265
MIL,2021-22,114.3,111.1,3.2,0.546,0.58,100.59,0.572,0.269,0.747,0.512,0.133,0.468,0.366,0.776,46.7,23.9,13.4,7.6,4.0,115.5,3.4,0.257,0.536,0.22,0.129,0.253
MIN,2021-22,113.8,111.0,2.7,0.539,0.573,101.47,0.617,0.284,0.706,0.49,0.141,0.457,0.358,0.778,44.2,25.7,14.3,8.8,5.6,115.9,2.6,0.254,0.535,0.291,0.16,0.294
NOP,2021-22,111.2,112.0,-0.8,0.517,0.557,98.02,0.621,0.306,0.742,0.518,0.143,0.457,0.332,0.789,45.2,25.0,14.1,8.3,4.0,109.3,-1.0,0.264,0.547,0.25,0.144,0.258
NYK,2021-22,109.7,110.2,-0.4,0.513,0.55,96.42,0.581,0.291,0.74,0.512,0.137,0.437,0.357,0.744,46.1,21.9,13.3,7.0,4.9,106.5,-0.1,0.28,0.521,0.259,0.131,0.26
OKC,2021-22,103.8,111.7,-8.0,0.497,0.53,99.39,0.58,0.256,0.727,0.487,0.14,0.43,0.323,0.756,45.6,22.2,14.0,7.6,4.6,103.7,-8.1,0.223,0.533,0.22,0.132,0.273
ORL,2021-22,103.9,112.1,-8.1,0.503,0.538,99.71,0.62,0.249,0.735,0.49,0.144,0.434,0.331,0.787,44.3,23.7,14.5,6.8,4.5,104.2,-8.0,0.223,0.532,0.254,0.131,0.265
PHI,2021-22,113.0,110.2,2.8,0.534,0.578,96.71,0.602,0.246,0.724,0.49,0.129,0.466,0.364,0.821,42.3,23.7,12.5,7.7,5.3,109.9,2.6,0.282,0.524,0.25,0.136,0.276
PHX,2021-22,114.2,106.8,7.5,0.549,0.581,100.26,0.627,0.264,0.728,0.503,0.129,0.485,0.364,0.797,45.3,27.4,12.9,8.6,4.4,114.8,7.5,0.221,0.51,0.257,0.146,0.272
POR,2021-22,107.3,116.3,-9.1,0.515,0.55,98.74,0.595,0.268,0.721,0.487,0.146,0.442,0.346,0.76,42.9,22.9,14.5,8.0,4.5,106.2,-8.9,0.248,0.559,0.286,0.142,0.279
SAC,2021-22,109.6,114.8,-5.2,0.525,0.561,100.1,0.585,0.259,0.714,0.484,0.14,0.46,0.344,0.768,42.9,23.7,14.1,7.2,4.5,110.3,-5.5,0.264,0.551,0.226,0.134,0.286
SAS,2021-22,111.9,111.7,0.2,0.527,0.556,100.51,0.646,0.281,0.711,0.494,0.126,0.467,0.352,0.754,45.3,27.9,12.7,7.6,4.9,113.2,0.1,0.22,0.532,0.229,0.136,0.289
TOR,2021-22,112.1,109.9,2.2,0.51,0.543,96.63,0.543,0.325,0.714,0.508,0.128,0.445,0.349,0.759,45.3,22.1,12.5,9.0,4.6,109.4,2.3,0.234,0.535,0.252,0.162,0.286
UTA,2021-22,116.2,110.0,6.2,0.555,0.589,97.5,0.552,0.3,0.738,0.525,0.143,0.471,0.36,0.767,46.3,22.4,14.0,7.2,4.9,113.6,6.0,0.271,0.521,0.216,0.123,0.262
WAS,2021-22,110.2,113.6,-3.4,0.532,0.568,97.8,0.617,0.247,0.731,0.494,0.133,0.472,0.342,0.783,43.1,25.0,13.1,6.4,5.0,108.6,-3.4,0.252,0.529,0.251,0.12,0.269
ATL,2022-23,115.5,115.4,0.1,0.541,0.579,101.56,0.56,0.289,0.717,0.5,0.126,0.483,0.352,0.818,44.4,25.0,12.9,7.1,4.9,118.4,0.3,0.244,0.552,0.257,0.138,0.283
BOS,2022-23,117.3,110.6,6.7,0.566,0.6,99.15,0.632,0.255,0.746,0.506,0.133,0.475,0.377,0.812,45.3,26.7,13.4,6.4,5.2,117.9,6.5,0.243,0.528,0.234,0.126,0.254
BKN,2022-23,114.6,113.5,1.1,0.562,0.598,98.77,0.616,0.234,0.689,0.472,0.139,0.487,0.378,0.8,40.5,25.5,13.7,7.1,6.2,113.4,0.9,0.26,0.53,0.276,0.139,0.311
CHA,2022-23,108.4,114.7,-6.3,0.516,0.551,101.47,0.609,0.276,0.717,0.491,0.139,0.457,0.33,0.749,44.5,25.1,14.2,7.7,5.2,111.0,-6.2,0.261,0.544,0.266,0.14,0.283
CHI,2022-23,112.8,111.5,1.3,0.55,0.587,99.18,0.575,0.236,0.736,0.493,0.133,0.49,0.361,0.809,42.4,24.5,13.4,7.9,4.5,113.1,1.3,0.251,0.544,0.253,0.15,0.264
CLE,2022-23,115.5,109.9,5.6,0.556,0.59,96.27,0.6,0.273,0.715,0.496,0.137,0.488,0.367,0.78,41.1,24.9,13.3,7.1,4.7,112.3,5.4,0.264,0.535,0.268,0.161,0.285
DAL,2022-23,115.9,116.1,-0.2,0.565,0.599,97.21,0.573,0.226,0.717,0.471,0.124,0.475,0.371,0.755,38.8,22.9,12.2,6.3,3.7,114.2,0.1,0.298,0.549,0.29,0.133,0.283
DEN,2022-23,116.8,113.5,3.3,0.573,0.601,98.74,0.663,0.289,0.727,0.514,0.147,0.504,0.379,0.751,43.0,28.9,14.5,7.5,4.5,115.8,3.3,0.259,0.543,0.26,0.136,0.273
DET,2022-23,109.9,117.8,-7.9,0.52,0.561,99.88,0.581,0.292,0.702,0.491,0.15,0.454,0.351,0.771,42.4,23.0,15.1,7.0,3.8,110.3,-8.2,0.295,0.557,0.298,0.134,0.298
GSW,2022-23,115.1,113.4,1.7,0.571,0.6,102.54,0.691,0.277,0.719,0.502,0.158,0.479,0.385,0.794,44.6,29.8,16.3,7.2,4.0,118.9,1.8,0.224,0.54,0.278,0.138,0.281
HOU,2022-23,110.5,118.6,-8.1,0.516,0.554,99.74,0.551,0.344,0.729,0.53,0.162,0.457,0.327,0.754,46.3,22.4,16.2,7.3,4.6,110.7,-7.9,0.285,0.564,0.275,0.132,0.271
IND,2022-23,113.8,117.1,-3.3,0.545,0.581,101.68,0.643,0.285,0.685,0.482,0.146,0.469,0.367,0.79,41.5,27.0,14.9,7.7,5.8,116.3,-3.2,0.265,0.554,0.287,0.148,0.315
LAC,2022-23,114.0,113.6,0.5,0.551,0.588,98.84,0.581,0.273,0.731,0.505,0.143,0.477,0.381,0.781,43.2,23.9,14.2,7.1,4.4,113.6,0.5,0.278,0.543,0.253,0.13,0.269
LAL,2022-23,113.9,113.2,0.7,0.542,0.582,101.92,0.589,0.269,0.727,0.505,0.137,0.482,0.346,0.775,45.7,25.3,14.1,6.4,4.6,117.2,0.6,0.299,0.535,0.222,0.123,0.273
MEM,2022-23,114.7,110.7,4.0,0.54,0.57,101.5,0.596,0.302,0.711,0.507,0.133,0.475,0.351,0.733,46.6,26.0,13.6,8.3,5.8,116.9,3.9,0.259,0.526,0.262,0.148,0.289
MIA,2022-23,112.3,112.8,-0.5,0.53,0.574,96.76,0.608,0.274,0.733,0.498,0.138,0.46,0.344,0.831,40.6,23.8,13.5,8.0,3.0,109.5,-0.3,0.27,0.561,0.253,0.161,0.267
MIL,2022-23,114.3,110.9,3.4,0.555,0.583,101.45,0.604,0.284,0.745,0.521,0.143,0.473,0.368,0.743,48.6,25.8,14.6,6.4,4.9,116.9,3.6,0.248,0.52,0.225,0.116,0.255
MIN,2022-23,113.3,113.1,0.2,0.56,0.592,101.55,0.61,0.258,0.703,0.485,0.15,0.49,0.365,0.755,41.9,26.2,15.3,8.0,5.4,115.8,0.0,0.271,0.54,0.293,0.15,0.297
NOP,2022-23,113.8,112.0,1.9,0.543,0.582,99.58,0.616,0.29,0.732,0.512,0.145,0.48,0.364,0.793,43.7,25.9,14.6,8.3,4.1,114.4,1.9,0.279,0.543,0.272,0.149,0.268
NYK,2022-23,117.0,114.2,2.8,0.541,0.577,97.75,0.546,0.318,0.727,0.521,0.131,0.47,0.354,0.761,46.6,22.9,13.0,6.4,4.1,116.0,2.9,0.285,0.536,0.269,0.129,0.273
OKC,2022-23,114.2,113.2,1.0,0.531,0.57,101.94,0.567,0.289,0.693,0.487,0.127,0.465,0.356,0.809,43.7,24.4,13.0,8.2,4.2,117.5,1.1,0.256,0.547,0.288,0.163,0.307
ORL,2022-23,111.3,113.7,-2.3,0.532,0.573,99.66,0.574,0.281,0.73,0.505,0.151,0.47,0.346,0.784,43.2,23.2,15.1,7.4,4.7,111.4,-2.6,0.29,0.55,0.265,0.146,0.27
PHI,2022-23,117.0,112.7,4.4,0.563,0.608,97.44,0.616,0.258,0.721,0.496,0.139,0.487,0.387,0.835,40.9,25.2,13.7,7.7,4.7,115.2,4.3,0.3,0.541,0.277,0.145,0.279
PHX,2022-23,114.5,112.3,2.2,0.535,0.57,98.83,0.647,0.307,0.714,0.508,0.136,0.467,0.374,0.793,44.2,27.3,13.5,7.1,5.3,113.6,2.1,0.241,0.532,0.298,0.145,0.286
POR,2022-23,114.0,118.0,-4.0,0.549,0.589,99.25,0.597,0.264,0.709,0.486,0.145,0.474,0.365,0.796,40.5,24.2,14.5,6.7,4.6,113.4,-4.0,0.289,0.563,0.276,0.136,0.291
SAC,2022-23,118.6,116.0,2.6,0.572,0.608,100.99,0.626,0.265,0.731,0.499,0.133,0.494,0.369,0.79,42.5,27.3,13.5,7.0,3.4,120.7,2.6,0.284,0.563,0.258,0.139,0.269
SAS,2022-23,109.7,119.6,-9.9,0.525,0.554,102.07,0.632,0.299,0.709,0.495,0.148,0.465,0.345,0.743,43.7,27.2,15.3,7.0,3.9,113.0,-10.0,0.229,0.576,0.26,0.135,0.291
TOR,2022-23,114.6,113.1,1.5,0.517,0.555,97.85,0.571,0.316,0.721,0.502,0.118,0.459,0.335,0.784,43.0,23.9,11.7,9.4,5.2,112.9,1.5,0.257,0.565,0.28,0.169,0.279
UTA,2022-23,115.3,116.0,-0.7,0.547,0.584,101.02,0.611,0.308,0.711,0.512,0.151,0.473,0.353,0.786,45.9,26.0,15.4,6.1,5.2,117.1,-0.9,0.265,0.541,0.265,0.123,0.289
WAS,2022-23,113.7,114.9,-1.2,0.55,0.585,99.16,0.603,0.273,0.724,0.505,0.142,0.485,0.356,0.785,43.6,25.4,14.1,6.8,5.2,113.2,-1.2,0.258,0.54,0.244,0.123,0.276
