Date,Start (ET),Visitor/Neutral,PTS,Home/Neutral,PTS.1,Box Score,OT,Attend.,LOG,Arena,Notes
Tue Oct 22 2019,8:00p,New Orleans Pelicans,122,Toronto Raptors,130,Box Score,,Box Score,OT,"20,787",2:50
Tue Oct 22 2019,10:30p,Los Angeles Lakers,102,Los Angeles Clippers,112,Box Score,,Box Score,,"19,068",2:28
Wed Oct 23 2019,7:00p,Chicago Bulls,125,Charlotte Hornets,126,Box Score,,Box Score,,"15,424",2:11
Wed Oct 23 2019,7:00p,Detroit Pistons,119,Indiana Pacers,110,Box Score,,Box Score,,"17,923",2:22
Wed Oct 23 2019,7:00p,Cleveland Cavaliers,85,Orlando Magic,94,Box Score,,Box Score,,"18,846",2:02
Wed Oct 23 2019,7:30p,Minnesota Timberwolves,127,Brooklyn Nets,126,Box Score,,Box Score,OT,"17,732",2:34
Wed Oct 23 2019,7:30p,Memphis Grizzlies,101,Miami Heat,120,Box Score,,Box Score,,"19,600",2:28
Wed Oct 23 2019,7:30p,Boston Celtics,93,Philadelphia 76ers,107,Box Score,,Box Score,,"20,422",2:38
Wed Oct 23 2019,8:30p,Washington Wizards,100,Dallas Mavericks,108,Box Score,,Box Score,,"19,816",2:24
Wed Oct 23 2019,8:30p,New York Knicks,111,San Antonio Spurs,120,Box Score,,Box Score,,"18,354",2:14
Wed Oct 23 2019,9:00p,Oklahoma City Thunder,95,Utah Jazz,100,Box Score,,Box Score,,"18,306",2:24
Wed Oct 23 2019,10:00p,Sacramento Kings,95,Phoenix Suns,124,Box Score,,Box Score,,"18,055",2:19
Wed Oct 23 2019,10:00p,Denver Nuggets,108,Portland Trail Blazers,100,Box Score,,Box Score,,"19,991",2:24
Thu Oct 24 2019,7:00p,Atlanta Hawks,117,Detroit Pistons,100,Box Score,,Box Score,,"20,338",2:15
Thu Oct 24 2019,8:00p,Milwaukee Bucks,117,Houston Rockets,111,Box Score,,Box Score,,"18,055",2:25
Thu Oct 24 2019,10:30p,Los Angeles Clippers,141,Golden State Warriors,122,Box Score,,Box Score,,"18,064",2:24
Fri Oct 25 2019,7:00p,Toronto Raptors,106,Boston Celtics,112,Box Score,,Box Score,,"18,624",2:18
Fri Oct 25 2019,7:00p,Minnesota Timberwolves,121,Charlotte Hornets,99,Box Score,,Box Score,,"14,879",2:15
Fri Oct 25 2019,7:30p,New York Knicks,109,Brooklyn Nets,113,Box Score,,Box Score,,"17,732",2:33
Fri Oct 25 2019,8:00p,Chicago Bulls,110,Memphis Grizzlies,102,Box Score,,Box Score,,"17,794",2:12
Fri Oct 25 2019,8:00p,Dallas Mavericks,123,New Orleans Pelicans,116,Box Score,,Box Score,,"17,027",2:23
Fri Oct 25 2019,8:00p,Washington Wizards,97,Oklahoma City Thunder,85,Box Score,,Box Score,,"18,203",2:04
Fri Oct 25 2019,9:00p,Phoenix Suns,107,Denver Nuggets,108,Box Score,,Box Score,OT,"19,557",2:45
Fri Oct 25 2019,10:00p,Portland Trail Blazers,122,Sacramento Kings,112,Box Score,,Box Score,,"17,583",2:16
Fri Oct 25 2019,10:30p,Utah Jazz,86,Los Angeles Lakers,95,Box Score,,Box Score,,"18,997",2:21
Sat Oct 26 2019,5:00p,Miami Heat,131,Milwaukee Bucks,126,Box Score,,Box Score,OT,"17,467",2:53
Sat Oct 26 2019,7:00p,Philadelphia 76ers,117,Detroit Pistons,111,Box Score,,Box Score,,"16,207",2:25
Sat Oct 26 2019,7:30p,Orlando Magic,99,Atlanta Hawks,103,Box Score,,Box Score,,"17,078",2:18
Sat Oct 26 2019,7:30p,Boston Celtics,118,New York Knicks,95,Box Score,,Box Score,,"19,812",2:15
Sat Oct 26 2019,8:00p,Toronto Raptors,108,Chicago Bulls,84,Box Score,,Box Score,,"21,498",2:11
Sat Oct 26 2019,8:00p,Indiana Pacers,99,Cleveland Cavaliers,110,Box Score,,Box Score,,"19,432",2:20
Sat Oct 26 2019,8:00p,New Orleans Pelicans,123,Houston Rockets,126,Box Score,,Box Score,,"18,055",2:23
Sat Oct 26 2019,8:30p,Washington Wizards,122,San Antonio Spurs,124,Box Score,,Box Score,,"18,354",2:09
Sat Oct 26 2019,9:00p,Sacramento Kings,81,Utah Jazz,113,Box Score,,Box Score,,"18,306",2:03
Sat Oct 26 2019,10:00p,Los Angeles Clippers,122,Phoenix Suns,130,Box Score,,Box Score,,"15,802",2:39
Sun Oct 27 2019,3:30p,Golden State Warriors,92,Oklahoma City Thunder,120,Box Score,,Box Score,,"18,203",2:11
Sun Oct 27 2019,6:00p,Brooklyn Nets,133,Memphis Grizzlies,134,Box Score,,Box Score,OT,"15,517",2:41
Sun Oct 27 2019,7:00p,Portland Trail Blazers,121,Dallas Mavericks,119,Box Score,,Box Score,,"19,707",2:25
Sun Oct 27 2019,7:00p,Miami Heat,109,Minnesota Timberwolves,116,Box Score,,Box Score,,"17,049",2:16
Sun Oct 27 2019,9:30p,Charlotte Hornets,101,Los Angeles Lakers,120,Box Score,,Box Score,,"18,997",2:16
Mon Oct 28 2019,7:00p,Chicago Bulls,98,New York Knicks,105,Box Score,,Box Score,,"19,812",2:17
Mon Oct 28 2019,7:00p,Indiana Pacers,94,Detroit Pistons,96,Box Score,,Box Score,,"13,565",2:10
Mon Oct 28 2019,7:30p,Orlando Magic,95,Toronto Raptors,104,Box Score,,Box Score,,"19,800",2:16
Mon Oct 28 2019,7:30p,Philadelphia 76ers,105,Atlanta Hawks,103,Box Score,,Box Score,,"14,094",2:35
Mon Oct 28 2019,8:00p,Oklahoma City Thunder,112,Houston Rockets,116,Box Score,,Box Score,,"18,055",2:23
Mon Oct 28 2019,8:00p,Cleveland Cavaliers,112,Milwaukee Bucks,129,Box Score,,Box Score,,"17,385",2:05
Mon Oct 28 2019,8:00p,Golden State Warriors,134,New Orleans Pelicans,123,Box Score,,Box Score,,"17,307",2:13
Mon Oct 28 2019,8:30p,Portland Trail Blazers,110,San Antonio Spurs,113,Box Score,,Box Score,,"18,083",2:19
Mon Oct 28 2019,10:00p,Utah Jazz,96,Phoenix Suns,95,Box Score,,Box Score,,"14,805",2:30
Mon Oct 28 2019,10:00p,Denver Nuggets,101,Sacramento Kings,94,Box Score,,Box Score,,"15,870",2:16
Mon Oct 28 2019,10:30p,Charlotte Hornets,96,Los Angeles Clippers,111,Box Score,,Box Score,,"19,068",2:11
Tue Oct 29 2019,7:30p,Atlanta Hawks,97,Miami Heat,112,Box Score,,Box Score,,"19,600",2:22
Tue Oct 29 2019,9:00p,Dallas Mavericks,109,Denver Nuggets,106,Box Score,,Box Score,,"16,605",2:14
Tue Oct 29 2019,10:30p,Memphis Grizzlies,91,Los Angeles Lakers,120,Box Score,,Box Score,,"18,997",2:20
Wed Oct 30 2019,7:00p,Chicago Bulls,111,Cleveland Cavaliers,117,Box Score,,Box Score,,"17,595",2:20
Wed Oct 30 2019,7:00p,New York Knicks,83,Orlando Magic,95,Box Score,,Box Score,,"17,456",2:04
Wed Oct 30 2019,7:00p,Minnesota Timberwolves,95,Philadelphia 76ers,117,Box Score,,Box Score,,"20,204",2:22
Wed Oct 30 2019,7:30p,Milwaukee Bucks,105,Boston Celtics,116,Box Score,,Box Score,,"18,624",2:24
Wed Oct 30 2019,7:30p,Indiana Pacers,118,Brooklyn Nets,108,Box Score,,Box Score,,"17,083",2:16
Wed Oct 30 2019,7:30p,Detroit Pistons,113,Toronto Raptors,125,Box Score,,Box Score,,"19,800",2:07
Wed Oct 30 2019,8:00p,Portland Trail Blazers,102,Oklahoma City Thunder,99,Box Score,,Box Score,,"18,203",2:17
Wed Oct 30 2019,8:00p,Houston Rockets,159,Washington Wizards,158,Box Score,,Box Score,,"20,476",2:23
Wed Oct 30 2019,10:00p,Charlotte Hornets,118,Sacramento Kings,111,Box Score,,Box Score,,"15,416",2:03
Wed Oct 30 2019,10:00p,Los Angeles Clippers,96,Utah Jazz,110,Box Score,,Box Score,,"18,306",2:16
Wed Oct 30 2019,10:30p,Phoenix Suns,121,Golden State Warriors,110,Box Score,,Box Score,,"18,064",2:17
Thu Oct 31 2019,7:00p,Miami Heat,106,Atlanta Hawks,97,Box Score,,Box Score,,"16,539",2:17
Thu Oct 31 2019,9:30p,Denver Nuggets,107,New Orleans Pelicans,122,Box Score,,Box Score,,"16,613",2:20
Thu Oct 31 2019,10:30p,San Antonio Spurs,97,Los Angeles Clippers,103,Box Score,,Box Score,,"19,068",2:17
Fri Nov 01 2019,7:00p,Houston Rockets,116,Brooklyn Nets,123,Box Score,,Box Score,,"17,732",2:19
Fri Nov 01 2019,7:00p,Cleveland Cavaliers,95,Indiana Pacers,102,Box Score,,Box Score,,"16,079",2:19
Fri Nov 01 2019,7:00p,Milwaukee Bucks,123,Orlando Magic,91,Box Score,,Box Score,,"15,105",2:03
Fri Nov 01 2019,7:30p,New York Knicks,102,Boston Celtics,104,Box Score,,Box Score,,"18,624",2:17
Fri Nov 01 2019,8:00p,Detroit Pistons,106,Chicago Bulls,112,Box Score,,Box Score,,"20,671",2:18
Fri Nov 01 2019,9:30p,Los Angeles Lakers,119,Dallas Mavericks,110,Box Score,,Box Score,OT,"20,358",2:41
Fri Nov 01 2019,10:00p,Utah Jazz,101,Sacramento Kings,102,Box Score,,Box Score,,"16,273",2:15
Fri Nov 01 2019,10:30p,San Antonio Spurs,127,Golden State Warriors,110,Box Score,,Box Score,,"18,064",2:10
Sat Nov 02 2019,5:00p,New Orleans Pelicans,104,Oklahoma City Thunder,115,Box Score,,Box Score,,"18,203",2:15
Sat Nov 02 2019,7:00p,Brooklyn Nets,109,Detroit Pistons,113,Box Score,,Box Score,,"17,222",2:19
Sat Nov 02 2019,7:00p,Denver Nuggets,91,Orlando Magic,87,Box Score,,Box Score,,"17,025",2:17
Sat Nov 02 2019,8:00p,Phoenix Suns,114,Memphis Grizzlies,105,Box Score,,Box Score,,"14,144",2:10
Sat Nov 02 2019,8:00p,Toronto Raptors,105,Milwaukee Bucks,115,Box Score,,Box Score,,"17,637",2:16
Sat Nov 02 2019,8:00p,Minnesota Timberwolves,131,Washington Wizards,109,Box Score,,Box Score,,"15,150",2:07
Sat Nov 02 2019,8:30p,Charlotte Hornets,93,Golden State Warriors,87,Box Score,,Box Score,,"18,064",2:16
Sat Nov 02 2019,10:00p,Philadelphia 76ers,129,Portland Trail Blazers,128,Box Score,,Box Score,,"19,669",2:14
Sun Nov 03 2019,5:00p,Chicago Bulls,95,Indiana Pacers,108,Box Score,,Box Score,,"17,073",2:13
Sun Nov 03 2019,6:00p,Houston Rockets,100,Miami Heat,129,Box Score,,Box Score,,"19,724",2:11
Sun Nov 03 2019,6:00p,Sacramento Kings,113,New York Knicks,92,Box Score,,Box Score,,"19,812",2:24
Sun Nov 03 2019,7:00p,Los Angeles Lakers,103,San Antonio Spurs,96,Box Score,,Box Score,,"18,610",2:12
Sun Nov 03 2019,7:30p,Dallas Mavericks,131,Cleveland Cavaliers,111,Box Score,,Box Score,,"18,078",2:02
Sun Nov 03 2019,9:00p,Utah Jazz,94,Los Angeles Clippers,105,Box Score,,Box Score,,"19,068",2:21
Mon Nov 04 2019,7:00p,Detroit Pistons,99,Washington Wizards,115,Box Score,,Box Score,,"13,052",2:12
Mon Nov 04 2019,7:30p,New Orleans Pelicans,125,Brooklyn Nets,135,Box Score,,Box Score,,"17,194",2:19
Mon Nov 04 2019,8:00p,Houston Rockets,107,Memphis Grizzlies,100,Box Score,,Box Score,,"14,197",2:17
Mon Nov 04 2019,8:00p,Milwaukee Bucks,134,Minnesota Timberwolves,106,Box Score,,Box Score,,"16,271",2:21
Mon Nov 04 2019,9:00p,Philadelphia 76ers,109,Phoenix Suns,114,Box Score,,Box Score,,"14,285",2:22
Mon Nov 04 2019,10:30p,Portland Trail Blazers,118,Golden State Warriors,127,Box Score,,Box Score,,"18,064",2:15
Tue Nov 05 2019,7:00p,Indiana Pacers,120,Charlotte Hornets,122,Box Score,,Box Score,OT,"13,341",2:35
Tue Nov 05 2019,7:00p,Boston Celtics,119,Cleveland Cavaliers,113,Box Score,,Box Score,,"17,709",2:08
Tue Nov 05 2019,7:30p,San Antonio Spurs,100,Atlanta Hawks,108,Box Score,,Box Score,,"14,025",2:15
Tue Nov 05 2019,8:00p,Los Angeles Lakers,118,Chicago Bulls,112,Box Score,,Box Score,,"21,193",2:11
Tue Nov 05 2019,8:00p,Orlando Magic,94,Oklahoma City Thunder,102,Box Score,,Box Score,,"18,203",2:13
Tue Nov 05 2019,9:00p,Miami Heat,89,Denver Nuggets,109,Box Score,,Box Score,,"18,010",2:13
Wed Nov 06 2019,7:00p,New York Knicks,102,Detroit Pistons,122,Box Score,,Box Score,,"15,463",2:11
Wed Nov 06 2019,7:00p,Washington Wizards,106,Indiana Pacers,121,Box Score,,Box Score,,"16,171",2:15
Wed Nov 06 2019,7:30p,Chicago Bulls,113,Atlanta Hawks,93,Box Score,,Box Score,,"15,049",2:16
Wed Nov 06 2019,7:30p,Golden State Warriors,112,Houston Rockets,129,Box Score,,Box Score,,"18,055",2:14
Wed Nov 06 2019,7:30p,Sacramento Kings,120,Toronto Raptors,124,Box Score,,Box Score,,"19,800",2:25
Wed Nov 06 2019,8:00p,Minnesota Timberwolves,121,Memphis Grizzlies,137,Box Score,,Box Score,,"13,503",2:16
Wed Nov 06 2019,8:30p,Orlando Magic,106,Dallas Mavericks,107,Box Score,,Box Score,,"19,487",2:18
Wed Nov 06 2019,9:00p,Philadelphia 76ers,104,Utah Jazz,106,Box Score,,Box Score,,"18,306",2:20
Wed Nov 06 2019,10:00p,Milwaukee Bucks,129,Los Angeles Clippers,124,Box Score,,Box Score,,"19,068",2:38
Thu Nov 07 2019,8:00p,Boston Celtics,108,Charlotte Hornets,87,Box Score,,Box Score,,"18,487",2:15
Thu Nov 07 2019,8:30p,Oklahoma City Thunder,112,San Antonio Spurs,121,Box Score,,Box Score,,"18,354",2:05
Thu Nov 07 2019,9:00p,Miami Heat,124,Phoenix Suns,108,Box Score,,Box Score,,"15,498",2:15
Thu Nov 07 2019,10:30p,Portland Trail Blazers,101,Los Angeles Clippers,107,Box Score,,Box Score,,"19,068",2:21
Fri Nov 08 2019,7:00p,Detroit Pistons,106,Indiana Pacers,112,Box Score,,Box Score,,"15,544",2:15
Fri Nov 08 2019,7:00p,Memphis Grizzlies,86,Orlando Magic,118,Box Score,,Box Score,,"17,021",2:07
Fri Nov 08 2019,7:00p,Cleveland Cavaliers,113,Washington Wizards,100,Box Score,,Box Score,,"16,946",2:13
Fri Nov 08 2019,7:30p,Sacramento Kings,121,Atlanta Hawks,109,Box Score,,Box Score,,"16,447",2:06
Fri Nov 08 2019,8:00p,Golden State Warriors,119,Minnesota Timberwolves,125,Box Score,,Box Score,OT,"15,647",2:41
Fri Nov 08 2019,8:00p,Toronto Raptors,122,New Orleans Pelicans,104,Box Score,,Box Score,,"16,337",2:12
Fri Nov 08 2019,8:30p,New York Knicks,106,Dallas Mavericks,102,Box Score,,Box Score,,"20,257",2:17
Fri Nov 08 2019,9:00p,Philadelphia 76ers,97,Denver Nuggets,100,Box Score,,Box Score,,"19,520",2:12
Fri Nov 08 2019,9:00p,Milwaukee Bucks,100,Utah Jazz,103,Box Score,,Box Score,,"18,306",2:33
Fri Nov 08 2019,10:00p,Brooklyn Nets,119,Portland Trail Blazers,115,Box Score,,Box Score,,"20,089",2:19
Fri Nov 08 2019,10:30p,Miami Heat,80,Los Angeles Lakers,95,Box Score,,Box Score,,"18,997",2:14
Sat Nov 09 2019,5:00p,Boston Celtics,135,San Antonio Spurs,115,Box Score,,Box Score,,"18,354",2:19
Sat Nov 09 2019,7:00p,New Orleans Pelicans,115,Charlotte Hornets,110,Box Score,,Box Score,,"18,513",2:22
Sat Nov 09 2019,8:00p,Houston Rockets,117,Chicago Bulls,94,Box Score,,Box Score,,"20,482",2:10
Sat Nov 09 2019,8:00p,Dallas Mavericks,138,Memphis Grizzlies,122,Box Score,,Box Score,,"15,753",2:05
Sat Nov 09 2019,8:00p,Golden State Warriors,108,Oklahoma City Thunder,114,Box Score,,Box Score,,"18,203",2:09
Sun Nov 10 2019,3:30p,Denver Nuggets,100,Minnesota Timberwolves,98,Box Score,,Box Score,OT,"13,553",2:36
Sun Nov 10 2019,6:00p,Indiana Pacers,109,Orlando Magic,102,Box Score,,Box Score,,"17,118",1:55
Sun Nov 10 2019,6:00p,Charlotte Hornets,106,Philadelphia 76ers,114,Box Score,,Box Score,,"20,311",2:07
Sun Nov 10 2019,7:00p,Milwaukee Bucks,121,Oklahoma City Thunder,119,Box Score,,Box Score,,"18,203",2:15
Sun Nov 10 2019,7:30p,Cleveland Cavaliers,108,New York Knicks,87,Box Score,,Box Score,,"19,812",2:12
Sun Nov 10 2019,8:00p,Brooklyn Nets,112,Phoenix Suns,138,Box Score,,Box Score,,"17,290",2:05
Sun Nov 10 2019,9:00p,Atlanta Hawks,113,Portland Trail Blazers,124,Box Score,,Box Score,OT,"20,041",2:35
Sun Nov 10 2019,9:30p,Toronto Raptors,113,Los Angeles Lakers,104,Box Score,,Box Score,,"18,997",2:19
Mon Nov 11 2019,7:00p,Minnesota Timberwolves,120,Detroit Pistons,114,Box Score,,Box Score,,"12,526",2:20
Mon Nov 11 2019,7:30p,Dallas Mavericks,106,Boston Celtics,116,Box Score,,Box Score,,"18,624",2:18
Mon Nov 11 2019,7:30p,Memphis Grizzlies,113,San Antonio Spurs,109,Box Score,,Box Score,,"18,627",2:16
Mon Nov 11 2019,8:00p,Houston Rockets,122,New Orleans Pelicans,116,Box Score,,Box Score,,"16,695",2:20
Mon Nov 11 2019,10:30p,Utah Jazz,122,Golden State Warriors,108,Box Score,,Box Score,,"18,064",2:15
Mon Nov 11 2019,10:30p,Toronto Raptors,88,Los Angeles Clippers,98,Box Score,,Box Score,,"19,068",2:18
Tue Nov 12 2019,7:00p,Oklahoma City Thunder,85,Indiana Pacers,111,Box Score,,Box Score,,"15,838",2:02
Tue Nov 12 2019,7:00p,Cleveland Cavaliers,97,Philadelphia 76ers,98,Box Score,,Box Score,,"20,294",2:11
Tue Nov 12 2019,7:30p,Detroit Pistons,108,Miami Heat,117,Box Score,,Box Score,,"19,600",2:25
Tue Nov 12 2019,8:00p,New York Knicks,102,Chicago Bulls,120,Box Score,,Box Score,,"18,668",2:19
Tue Nov 12 2019,9:00p,Atlanta Hawks,125,Denver Nuggets,121,Box Score,,Box Score,,"18,327",2:19
Tue Nov 12 2019,9:00p,Los Angeles Lakers,123,Phoenix Suns,115,Box Score,,Box Score,,"18,055",2:16
Tue Nov 12 2019,9:00p,Brooklyn Nets,114,Utah Jazz,119,Box Score,,Box Score,,"18,306",2:26
Tue Nov 12 2019,10:00p,Portland Trail Blazers,99,Sacramento Kings,107,Box Score,,Box Score,,"16,358",2:16
Wed Nov 13 2019,7:00p,Memphis Grizzlies,119,Charlotte Hornets,117,Box Score,,Box Score,,"13,155",2:06
Wed Nov 13 2019,7:00p,Philadelphia 76ers,97,Orlando Magic,112,Box Score,,Box Score,,"15,113",2:18
Wed Nov 13 2019,7:30p,Washington Wizards,133,Boston Celtics,140,Box Score,,Box Score,,"19,156",2:17
Wed Nov 13 2019,7:30p,Los Angeles Clippers,93,Houston Rockets,102,Box Score,,Box Score,,"18,055",2:28
Wed Nov 13 2019,8:00p,San Antonio Spurs,114,Minnesota Timberwolves,129,Box Score,,Box Score,,"11,581",2:16
Wed Nov 13 2019,10:00p,Golden State Warriors,94,Los Angeles Lakers,120,Box Score,,Box Score,,"18,997",2:16
Wed Nov 13 2019,10:00p,Toronto Raptors,114,Portland Trail Blazers,106,Box Score,,Box Score,,"19,544",2:05
Thu Nov 14 2019,6:00p,Miami Heat,108,Cleveland Cavaliers,97,Box Score,,Box Score,,"17,374",2:08
Thu Nov 14 2019,8:00p,Chicago Bulls,115,Milwaukee Bucks,124,Box Score,,Box Score,,"17,627",2:24
Thu Nov 14 2019,8:00p,Los Angeles Clippers,127,New Orleans Pelicans,132,Box Score,,Box Score,,"17,147",2:19
Thu Nov 14 2019,8:00p,Dallas Mavericks,103,New York Knicks,106,Box Score,,Box Score,,"19,812",2:33
Thu Nov 14 2019,9:00p,Atlanta Hawks,112,Phoenix Suns,128,Box Score,,Box Score,,"15,143",2:19
Thu Nov 14 2019,10:30p,Brooklyn Nets,93,Denver Nuggets,101,Box Score,,Box Score,,"18,394",2:16
Fri Nov 15 2019,7:00p,Detroit Pistons,106,Charlotte Hornets,109,Box Score,,Box Score,,"16,778",2:14
Fri Nov 15 2019,7:00p,San Antonio Spurs,109,Orlando Magic,111,Box Score,,Box Score,,"16,296",2:14
Fri Nov 15 2019,8:00p,Indiana Pacers,102,Houston Rockets,111,Box Score,,Box Score,,"18,055",2:16
Fri Nov 15 2019,8:00p,Utah Jazz,106,Memphis Grizzlies,107,Box Score,,Box Score,,"16,422",2:17
Fri Nov 15 2019,8:00p,Washington Wizards,137,Minnesota Timberwolves,116,Box Score,,Box Score,,"12,716",2:19
Fri Nov 15 2019,8:00p,Philadelphia 76ers,119,Oklahoma City Thunder,127,Box Score,,Box Score,OT,"18,203",2:36
Fri Nov 15 2019,10:30p,Boston Celtics,105,Golden State Warriors,100,Box Score,,Box Score,,"18,064",2:25
Fri Nov 15 2019,10:30p,Sacramento Kings,97,Los Angeles Lakers,99,Box Score,,Box Score,,"18,997",2:16
Sat Nov 16 2019,6:00p,Brooklyn Nets,117,Chicago Bulls,111,Box Score,,Box Score,,"19,148",2:25
Sat Nov 16 2019,7:00p,Milwaukee Bucks,102,Indiana Pacers,83,Box Score,,Box Score,,"17,024",1:54
Sat Nov 16 2019,7:30p,Charlotte Hornets,103,New York Knicks,102,Box Score,,Box Score,,"19,401",2:13
Sat Nov 16 2019,8:00p,New Orleans Pelicans,94,Miami Heat,109,Box Score,,Box Score,,"19,600",2:00
Sat Nov 16 2019,8:00p,Houston Rockets,125,Minnesota Timberwolves,105,Box Score,,Box Score,,"18,978",2:07
Sat Nov 16 2019,8:30p,Toronto Raptors,102,Dallas Mavericks,110,Box Score,,Box Score,,"19,926",2:15
Sat Nov 16 2019,8:30p,Portland Trail Blazers,121,San Antonio Spurs,116,Box Score,,Box Score,,"18,534",2:15
Sat Nov 16 2019,10:30p,Atlanta Hawks,101,Los Angeles Clippers,150,Box Score,,Box Score,,"19,068",2:17
Sun Nov 17 2019,3:00p,Philadelphia 76ers,114,Cleveland Cavaliers,95,Box Score,,Box Score,,"19,432",2:17
Sun Nov 17 2019,3:30p,Boston Celtics,99,Sacramento Kings,100,Box Score,,Box Score,,"16,633",2:13
Sun Nov 17 2019,6:00p,Denver Nuggets,131,Memphis Grizzlies,114,Box Score,,Box Score,,"14,227",2:04
Sun Nov 17 2019,6:00p,Washington Wizards,121,Orlando Magic,125,Box Score,,Box Score,,"16,344",2:05
Sun Nov 17 2019,7:00p,Golden State Warriors,100,New Orleans Pelicans,108,Box Score,,Box Score,,"16,812",2:11
Sun Nov 17 2019,9:30p,Atlanta Hawks,101,Los Angeles Lakers,122,Box Score,,Box Score,,"18,997",2:12
Mon Nov 18 2019,7:00p,Cleveland Cavaliers,105,New York Knicks,123,Box Score,,Box Score,,"17,097",2:18
Mon Nov 18 2019,7:30p,Indiana Pacers,115,Brooklyn Nets,86,Box Score,,Box Score,,"14,140",2:12
Mon Nov 18 2019,7:30p,Charlotte Hornets,96,Toronto Raptors,132,Box Score,,Box Score,,"19,800",2:07
Mon Nov 18 2019,8:00p,Milwaukee Bucks,115,Chicago Bulls,101,Box Score,,Box Score,,"17,565",2:09
Mon Nov 18 2019,8:00p,Portland Trail Blazers,108,Houston Rockets,132,Box Score,,Box Score,,"18,055",2:05
Mon Nov 18 2019,8:30p,San Antonio Spurs,110,Dallas Mavericks,117,Box Score,,Box Score,,"19,637",2:07
Mon Nov 18 2019,9:00p,Boston Celtics,99,Phoenix Suns,85,Box Score,,Box Score,,"15,193",2:01
Mon Nov 18 2019,9:00p,Minnesota Timberwolves,112,Utah Jazz,102,Box Score,,Box Score,,"18,306",2:18
Mon Nov 18 2019,10:30p,Oklahoma City Thunder,88,Los Angeles Clippers,90,Box Score,,Box Score,,"19,068",2:20
Tue Nov 19 2019,8:00p,Golden State Warriors,114,Memphis Grizzlies,95,Box Score,,Box Score,,"14,511",2:15
Tue Nov 19 2019,8:00p,Portland Trail Blazers,104,New Orleans Pelicans,115,Box Score,,Box Score,,"15,021",2:04
Tue Nov 19 2019,10:00p,Phoenix Suns,116,Sacramento Kings,120,Box Score,,Box Score,,"16,732",2:21
Tue Nov 19 2019,10:30p,Oklahoma City Thunder,107,Los Angeles Lakers,112,Box Score,,Box Score,,"18,997",2:19
Wed Nov 20 2019,7:00p,New York Knicks,104,Philadelphia 76ers,109,Box Score,,Box Score,,"20,384",2:23
Wed Nov 20 2019,7:00p,San Antonio Spurs,132,Washington Wizards,138,Box Score,,Box Score,,"14,579",2:11
Wed Nov 20 2019,7:30p,Milwaukee Bucks,135,Atlanta Hawks,127,Box Score,,Box Score,,"16,441",2:32
Wed Nov 20 2019,7:30p,Charlotte Hornets,91,Brooklyn Nets,101,Box Score,,Box Score,,"14,011",2:13
Wed Nov 20 2019,7:30p,Golden State Warriors,94,Dallas Mavericks,142,Box Score,,Box Score,,"19,569",2:13
Wed Nov 20 2019,7:30p,Cleveland Cavaliers,100,Miami Heat,124,Box Score,,Box Score,,"19,600",2:13
Wed Nov 20 2019,7:30p,Orlando Magic,97,Toronto Raptors,113,Box Score,,Box Score,,"19,800",2:10
Wed Nov 20 2019,8:00p,Detroit Pistons,89,Chicago Bulls,109,Box Score,,Box Score,,"18,119",2:15
Wed Nov 20 2019,8:00p,Utah Jazz,103,Minnesota Timberwolves,95,Box Score,,Box Score,,"13,177",2:13
Wed Nov 20 2019,9:00p,Houston Rockets,95,Denver Nuggets,105,Box Score,,Box Score,,"17,778",2:11
Wed Nov 20 2019,10:00p,Boston Celtics,104,Los Angeles Clippers,107,Box Score,,Box Score,OT,"19,068",2:43
Thu Nov 21 2019,8:00p,Portland Trail Blazers,129,Milwaukee Bucks,137,Box Score,,Box Score,,"17,385",2:17
Thu Nov 21 2019,10:30p,New Orleans Pelicans,124,Phoenix Suns,121,Box Score,,Box Score,,"13,903",2:27
Fri Nov 22 2019,7:00p,Atlanta Hawks,103,Detroit Pistons,128,Box Score,,Box Score,,"15,399",2:02
Fri Nov 22 2019,7:00p,Charlotte Hornets,118,Washington Wizards,125,Box Score,,Box Score,,"15,053",2:03
Fri Nov 22 2019,7:30p,Sacramento Kings,97,Brooklyn Nets,116,Box Score,,Box Score,,"15,619",2:12
Fri Nov 22 2019,8:00p,Miami Heat,116,Chicago Bulls,108,Box Score,,Box Score,,"18,953",2:18
Fri Nov 22 2019,8:00p,Los Angeles Lakers,130,Oklahoma City Thunder,127,Box Score,,Box Score,,"18,203",2:24
Fri Nov 22 2019,8:00p,San Antonio Spurs,104,Philadelphia 76ers,115,Box Score,,Box Score,,"20,927",2:11
Fri Nov 22 2019,8:30p,Cleveland Cavaliers,101,Dallas Mavericks,143,Box Score,,Box Score,,"19,639",1:58
Fri Nov 22 2019,9:00p,Boston Celtics,92,Denver Nuggets,96,Box Score,,Box Score,,"19,520",2:23
Fri Nov 22 2019,9:00p,Golden State Warriors,109,Utah Jazz,113,Box Score,,Box Score,,"18,306",2:14
Fri Nov 22 2019,10:30p,Houston Rockets,119,Los Angeles Clippers,122,Box Score,,Box Score,,"19,068",2:32
Sat Nov 23 2019,5:00p,Phoenix Suns,100,Minnesota Timberwolves,98,Box Score,,Box Score,,"17,362",2:08
Sat Nov 23 2019,7:00p,Chicago Bulls,116,Charlotte Hornets,115,Box Score,,Box Score,,"17,891",2:15
Sat Nov 23 2019,7:00p,Orlando Magic,106,Indiana Pacers,111,Box Score,,Box Score,,"16,446",2:05
Sat Nov 23 2019,7:30p,Toronto Raptors,119,Atlanta Hawks,116,Box Score,,Box Score,,"16,931",2:13
Sat Nov 23 2019,7:30p,San Antonio Spurs,111,New York Knicks,104,Box Score,,Box Score,,"19,320",2:11
Sat Nov 23 2019,7:30p,Miami Heat,86,Philadelphia 76ers,113,Box Score,,Box Score,,"21,017",2:08
Sat Nov 23 2019,8:00p,Portland Trail Blazers,104,Cleveland Cavaliers,110,Box Score,,Box Score,,"19,432",2:12
Sat Nov 23 2019,8:00p,Los Angeles Lakers,109,Memphis Grizzlies,108,Box Score,,Box Score,,"17,794",
Sat Nov 23 2019,8:30p,Detroit Pistons,90,Milwaukee Bucks,104,Box Score,,Box Score,,"17,585",2:05
Sat Nov 23 2019,9:00p,New Orleans Pelicans,120,Utah Jazz,128,Box Score,,Box Score,,"18,306",2:16
Sun Nov 24 2019,3:30p,Dallas Mavericks,137,Houston Rockets,123,Box Score,,Box Score,,"18,055",2:11
Sun Nov 24 2019,6:00p,Brooklyn Nets,103,New York Knicks,101,Box Score,,Box Score,,"18,770",2:23
Sun Nov 24 2019,6:00p,Sacramento Kings,113,Washington Wizards,106,Box Score,,Box Score,,"15,885",2:08
Sun Nov 24 2019,8:00p,Phoenix Suns,104,Denver Nuggets,116,Box Score,,Box Score,,"19,520",1:59
Sun Nov 24 2019,9:00p,New Orleans Pelicans,109,Los Angeles Clippers,134,Box Score,,Box Score,,"19,068",2:08
Mon Nov 25 2019,7:00p,Brooklyn Nets,108,Cleveland Cavaliers,106,Box Score,,Box Score,,"17,143",2:16
Mon Nov 25 2019,7:00p,Orlando Magic,88,Detroit Pistons,103,Box Score,,Box Score,,"14,695",2:09
Mon Nov 25 2019,7:00p,Memphis Grizzlies,114,Indiana Pacers,126,Box Score,,Box Score,,"15,141",1:58
Mon Nov 25 2019,7:30p,Minnesota Timberwolves,125,Atlanta Hawks,113,Box Score,,Box Score,,"16,218",2:21
Mon Nov 25 2019,7:30p,Sacramento Kings,102,Boston Celtics,103,Box Score,,Box Score,,"19,156",2:13
Mon Nov 25 2019,7:30p,Charlotte Hornets,100,Miami Heat,117,Box Score,,Box Score,,"19,600",2:15
Mon Nov 25 2019,7:30p,Philadelphia 76ers,96,Toronto Raptors,101,Box Score,,Box Score,,"19,800",2:13
Mon Nov 25 2019,8:00p,Portland Trail Blazers,117,Chicago Bulls,94,Box Score,,Box Score,,"18,776",2:06
Mon Nov 25 2019,8:00p,Utah Jazz,118,Milwaukee Bucks,122,Box Score,,Box Score,,"17,385",2:14
Mon Nov 25 2019,8:30p,Los Angeles Lakers,114,San Antonio Spurs,104,Box Score,,Box Score,,"18,498",2:06
Mon Nov 25 2019,10:30p,Oklahoma City Thunder,100,Golden State Warriors,97,Box Score,,Box Score,,"18,064",2:04
Tue Nov 26 2019,8:30p,Los Angeles Clippers,114,Dallas Mavericks,99,Box Score,,Box Score,,"20,407",2:16
Tue Nov 26 2019,9:00p,Washington Wizards,104,Denver Nuggets,117,Box Score,,Box Score,,"18,673",2:07
Wed Nov 27 2019,7:00p,Brooklyn Nets,110,Boston Celtics,121,Box Score,,Box Score,,"19,156",2:14
Wed Nov 27 2019,7:00p,Detroit Pistons,101,Charlotte Hornets,102,Box Score,,Box Score,,"15,535",2:12
Wed Nov 27 2019,7:00p,Orlando Magic,116,Cleveland Cavaliers,104,Box Score,,Box Score,,"17,712",2:02
Wed Nov 27 2019,7:00p,Utah Jazz,102,Indiana Pacers,121,Box Score,,Box Score,,"17,027",2:09
Wed Nov 27 2019,7:00p,Sacramento Kings,91,Philadelphia 76ers,97,Box Score,,Box Score,,"20,592",2:07
Wed Nov 27 2019,7:30p,New York Knicks,98,Toronto Raptors,126,Box Score,,Box Score,,"19,800",2:08
Wed Nov 27 2019,8:00p,Miami Heat,108,Houston Rockets,117,Box Score,,Box Score,,"18,055",2:14
Wed Nov 27 2019,8:00p,Los Angeles Clippers,121,Memphis Grizzlies,119,Box Score,,Box Score,,"16,721",2:20
Wed Nov 27 2019,8:00p,Atlanta Hawks,102,Milwaukee Bucks,111,Box Score,,Box Score,,"17,525",2:18
Wed Nov 27 2019,8:30p,Minnesota Timberwolves,113,San Antonio Spurs,101,Box Score,,Box Score,,"18,354",2:09
Wed Nov 27 2019,9:00p,Washington Wizards,140,Phoenix Suns,132,Box Score,,Box Score,,"14,123",2:12
Wed Nov 27 2019,9:30p,Los Angeles Lakers,114,New Orleans Pelicans,110,Box Score,,Box Score,,"18,626",2:38
Wed Nov 27 2019,10:00p,Oklahoma City Thunder,119,Portland Trail Blazers,136,Box Score,,Box Score,,"19,870",2:11
Wed Nov 27 2019,10:30p,Chicago Bulls,90,Golden State Warriors,104,Box Score,,Box Score,,"18,064",2:10
Fri Nov 29 2019,12:00p,Boston Celtics,107,Brooklyn Nets,112,Box Score,,Box Score,,"17,732",2:12
Fri Nov 29 2019,7:00p,Charlotte Hornets,110,Detroit Pistons,107,Box Score,,Box Score,,"15,006",2:07
Fri Nov 29 2019,7:00p,Toronto Raptors,90,Orlando Magic,83,Box Score,,Box Score,,"17,014",2:12
Fri Nov 29 2019,7:30p,Milwaukee Bucks,119,Cleveland Cavaliers,110,Box Score,,Box Score,,"19,432",2:03
Fri Nov 29 2019,7:30p,Philadelphia 76ers,101,New York Knicks,95,Box Score,,Box Score,,"18,109",2:34
Fri Nov 29 2019,8:00p,Atlanta Hawks,104,Indiana Pacers,105,Box Score,,Box Score,OT,"15,827",2:26
Fri Nov 29 2019,8:00p,Utah Jazz,103,Memphis Grizzlies,94,Box Score,,Box Score,,"16,605",2:02
Fri Nov 29 2019,8:00p,Golden State Warriors,105,Miami Heat,122,Box Score,,Box Score,,"19,600",2:15
Fri Nov 29 2019,8:00p,New Orleans Pelicans,104,Oklahoma City Thunder,109,Box Score,,Box Score,,"18,203",2:04
Fri Nov 29 2019,8:30p,Los Angeles Clippers,97,San Antonio Spurs,107,Box Score,,Box Score,,"18,354",2:06
Fri Nov 29 2019,9:00p,Dallas Mavericks,120,Phoenix Suns,113,Box Score,,Box Score,,"18,055",2:27
Fri Nov 29 2019,10:00p,Chicago Bulls,103,Portland Trail Blazers,107,Box Score,,Box Score,,"20,139",2:19
Fri Nov 29 2019,10:30p,Washington Wizards,103,Los Angeles Lakers,125,Box Score,,Box Score,,"18,997",2:09
Sat Nov 30 2019,5:00p,Denver Nuggets,97,Sacramento Kings,100,Box Score,,Box Score,OT,"17,583",2:28
Sat Nov 30 2019,7:00p,Indiana Pacers,116,Philadelphia 76ers,119,Box Score,,Box Score,,"20,517",2:17
Sat Nov 30 2019,8:00p,Atlanta Hawks,111,Houston Rockets,158,Box Score,,Box Score,,"18,055",2:11
Sat Nov 30 2019,8:00p,Charlotte Hornets,96,Milwaukee Bucks,137,Box Score,,Box Score,,"17,550",1:53
Sun Dec 01 2019,3:00p,Miami Heat,109,Brooklyn Nets,106,Box Score,,Box Score,,"17,026",2:12
Sun Dec 01 2019,3:30p,Memphis Grizzlies,115,Minnesota Timberwolves,107,Box Score,,Box Score,,"12,276",2:14
Sun Dec 01 2019,3:30p,Boston Celtics,113,New York Knicks,104,Box Score,,Box Score,,"18,005",2:14
Sun Dec 01 2019,4:00p,Dallas Mavericks,114,Los Angeles Lakers,100,Box Score,,Box Score,,"18,997",2:05
Sun Dec 01 2019,5:00p,San Antonio Spurs,98,Detroit Pistons,132,Box Score,,Box Score,,"14,270",2:08
Sun Dec 01 2019,5:00p,Oklahoma City Thunder,107,New Orleans Pelicans,104,Box Score,,Box Score,,"15,427",2:04
Sun Dec 01 2019,6:00p,Golden State Warriors,96,Orlando Magic,100,Box Score,,Box Score,,"15,052",2:13
Sun Dec 01 2019,6:00p,Utah Jazz,110,Toronto Raptors,130,Box Score,,Box Score,,"18,132",2:07
Sun Dec 01 2019,10:30p,Washington Wizards,125,Los Angeles Clippers,150,Box Score,,Box Score,,"19,068",2:14
Mon Dec 02 2019,7:00p,Phoenix Suns,109,Charlotte Hornets,104,Box Score,,Box Score,,"11,221",2:20
Mon Dec 02 2019,7:00p,Utah Jazz,94,Philadelphia 76ers,103,Box Score,,Box Score,,"20,208",2:18
Mon Dec 02 2019,7:30p,Golden State Warriors,79,Atlanta Hawks,104,Box Score,,Box Score,,"14,278",2:01
Mon Dec 02 2019,8:00p,Indiana Pacers,117,Memphis Grizzlies,104,Box Score,,Box Score,,"11,919",2:06
Mon Dec 02 2019,8:00p,New York Knicks,88,Milwaukee Bucks,132,Box Score,,Box Score,,"17,385",2:13
Mon Dec 02 2019,10:00p,Chicago Bulls,113,Sacramento Kings,106,Box Score,,Box Score,,"17,257",2:14
Tue Dec 03 2019,7:00p,Detroit Pistons,127,Cleveland Cavaliers,94,Box Score,,Box Score,,"17,504",1:58
Tue Dec 03 2019,7:00p,Orlando Magic,127,Washington Wizards,120,Box Score,,Box Score,,"13,159",2:08
Tue Dec 03 2019,7:30p,Dallas Mavericks,118,New Orleans Pelicans,97,Box Score,,Box Score,,"14,664",2:12
Tue Dec 03 2019,7:30p,Miami Heat,121,Toronto Raptors,110,Box Score,,Box Score,OT,"19,800",2:34
Tue Dec 03 2019,8:30p,Houston Rockets,133,San Antonio Spurs,135,Box Score,,Box Score,2OT,"18,354",2:53
Tue Dec 03 2019,9:00p,Los Angeles Lakers,105,Denver Nuggets,96,Box Score,,Box Score,,"19,658",2:17
Tue Dec 03 2019,10:00p,Portland Trail Blazers,97,Los Angeles Clippers,117,Box Score,,Box Score,,"19,068",2:11
Wed Dec 04 2019,7:00p,Golden State Warriors,91,Charlotte Hornets,106,Box Score,,Box Score,,"14,355",2:02
Wed Dec 04 2019,7:00p,Milwaukee Bucks,127,Detroit Pistons,103,Box Score,,Box Score,,"15,742",2:17
Wed Dec 04 2019,7:00p,Phoenix Suns,114,Orlando Magic,128,Box Score,,Box Score,,"15,176",2:10
Wed Dec 04 2019,7:30p,Brooklyn Nets,130,Atlanta Hawks,118,Box Score,,Box Score,,"15,694",2:11
Wed Dec 04 2019,7:30p,Miami Heat,93,Boston Celtics,112,Box Score,,Box Score,,"19,156",2:10
Wed Dec 04 2019,8:00p,Memphis Grizzlies,99,Chicago Bulls,106,Box Score,,Box Score,,"15,017",2:21
Wed Dec 04 2019,8:00p,Indiana Pacers,107,Oklahoma City Thunder,100,Box Score,,Box Score,,"18,203",2:06
Wed Dec 04 2019,8:30p,Minnesota Timberwolves,114,Dallas Mavericks,121,Box Score,,Box Score,,"19,671",2:12
Wed Dec 04 2019,9:00p,Los Angeles Lakers,121,Utah Jazz,96,Box Score,,Box Score,,"18,306",2:11
Wed Dec 04 2019,10:00p,Sacramento Kings,116,Portland Trail Blazers,127,Box Score,,Box Score,,"19,393",2:07
Thu Dec 05 2019,7:00p,Philadelphia 76ers,113,Washington Wizards,119,Box Score,,Box Score,,"16,554",2:17
Thu Dec 05 2019,7:30p,Denver Nuggets,129,New York Knicks,92,Box Score,,Box Score,,"18,171",2:05
Thu Dec 05 2019,7:30p,Houston Rockets,119,Toronto Raptors,109,Box Score,,Box Score,,"19,800",2:16
Thu Dec 05 2019,8:00p,Phoenix Suns,139,New Orleans Pelicans,132,Box Score,,Box Score,OT,"15,607",2:32
Fri Dec 06 2019,7:00p,Brooklyn Nets,111,Charlotte Hornets,104,Box Score,,Box Score,,"15,075",2:08
Fri Dec 06 2019,7:00p,Orlando Magic,93,Cleveland Cavaliers,87,Box Score,,Box Score,,"18,446",2:02
Fri Dec 06 2019,7:00p,Indiana Pacers,101,Detroit Pistons,108,Box Score,,Box Score,,"14,894",2:11
Fri Dec 06 2019,8:00p,Denver Nuggets,95,Boston Celtics,108,Box Score,,Box Score,,"19,156",2:08
Fri Dec 06 2019,8:00p,Golden State Warriors,100,Chicago Bulls,98,Box Score,,Box Score,,"18,841",2:01
Fri Dec 06 2019,8:00p,Washington Wizards,103,Miami Heat,112,Box Score,,Box Score,,"19,600",2:07
Fri Dec 06 2019,8:00p,Minnesota Timberwolves,127,Oklahoma City Thunder,139,Box Score,,Box Score,OT,"18,203",2:41
Fri Dec 06 2019,8:30p,Los Angeles Clippers,91,Milwaukee Bucks,119,Box Score,,Box Score,,"17,732",2:12
Fri Dec 06 2019,8:30p,Sacramento Kings,104,San Antonio Spurs,105,Box Score,,Box Score,OT,"18,354",2:34
Fri Dec 06 2019,10:30p,Los Angeles Lakers,136,Portland Trail Blazers,113,Box Score,,Box Score,,"19,912",2:26
Sat Dec 07 2019,2:00p,New Orleans Pelicans,84,Dallas Mavericks,130,Box Score,,Box Score,,"19,456",2:10
Sat Dec 07 2019,7:30p,Indiana Pacers,104,New York Knicks,103,Box Score,,Box Score,,"19,110",2:06
Sat Dec 07 2019,7:30p,Cleveland Cavaliers,94,Philadelphia 76ers,141,Box Score,,Box Score,,"20,844",2:01
Sat Dec 07 2019,8:00p,Phoenix Suns,109,Houston Rockets,115,Box Score,,Box Score,,"18,055",2:19
Sat Dec 07 2019,10:00p,Memphis Grizzlies,112,Utah Jazz,126,Box Score,,Box Score,,"18,306",2:07
Sun Dec 08 2019,3:00p,Denver Nuggets,102,Brooklyn Nets,105,Box Score,,Box Score,,"16,679",2:14
Sun Dec 08 2019,5:00p,Atlanta Hawks,122,Charlotte Hornets,107,Box Score,,Box Score,,"15,489",2:09
Sun Dec 08 2019,6:00p,Chicago Bulls,105,Miami Heat,110,Box Score,,Box Score,OT,"19,600",2:46
Sun Dec 08 2019,6:00p,Toronto Raptors,104,Philadelphia 76ers,110,Box Score,,Box Score,,"20,313",2:20
Sun Dec 08 2019,6:00p,Los Angeles Clippers,135,Washington Wizards,119,Box Score,,Box Score,,"15,946",2:20
Sun Dec 08 2019,7:00p,Sacramento Kings,110,Dallas Mavericks,106,Box Score,,Box Score,,"19,566",2:04
Sun Dec 08 2019,9:00p,Oklahoma City Thunder,108,Portland Trail Blazers,96,Box Score,,Box Score,,"19,393",2:12
Sun Dec 08 2019,9:30p,Minnesota Timberwolves,125,Los Angeles Lakers,142,Box Score,,Box Score,,"18,997",2:13
Mon Dec 09 2019,7:00p,Los Angeles Clippers,110,Indiana Pacers,99,Box Score,,Box Score,,"14,644",2:16
Mon Dec 09 2019,7:30p,Cleveland Cavaliers,88,Boston Celtics,110,Box Score,,Box Score,,"19,156",1:59
Mon Dec 09 2019,8:00p,Toronto Raptors,93,Chicago Bulls,92,Box Score,,Box Score,,"14,775",2:11
Mon Dec 09 2019,8:00p,Sacramento Kings,119,Houston Rockets,118,Box Score,,Box Score,,"18,055",2:17
Mon Dec 09 2019,8:00p,Orlando Magic,101,Milwaukee Bucks,110,Box Score,,Box Score,,"17,385",2:11
Mon Dec 09 2019,8:00p,Detroit Pistons,105,New Orleans Pelicans,103,Box Score,,Box Score,,"13,694",2:20
Mon Dec 09 2019,9:00p,Minnesota Timberwolves,109,Phoenix Suns,125,Box Score,,Box Score,,"13,230",
Mon Dec 09 2019,9:00p,Oklahoma City Thunder,104,Utah Jazz,90,Box Score,,Box Score,,"18,306",2:07
Mon Dec 09 2019,10:30p,Memphis Grizzlies,110,Golden State Warriors,102,Box Score,,Box Score,,"18,064",2:09
Tue Dec 10 2019,7:00p,Washington Wizards,107,Charlotte Hornets,114,Box Score,,Box Score,,"10,626",2:21
Tue Dec 10 2019,8:00p,Atlanta Hawks,121,Miami Heat,135,Box Score,,Box Score,OT,"19,600",2:25
Tue Dec 10 2019,8:00p,Denver Nuggets,92,Philadelphia 76ers,97,Box Score,,Box Score,,"20,591",2:14
Tue Dec 10 2019,10:00p,New York Knicks,87,Portland Trail Blazers,115,Box Score,,Box Score,,"19,393",2:02
Wed Dec 11 2019,7:00p,Houston Rockets,116,Cleveland Cavaliers,110,Box Score,,Box Score,,"17,122",2:07
Wed Dec 11 2019,7:00p,Boston Celtics,117,Indiana Pacers,122,Box Score,,Box Score,,"15,637",2:20
Wed Dec 11 2019,7:00p,Los Angeles Lakers,96,Orlando Magic,87,Box Score,,Box Score,,"18,846",2:12
Wed Dec 11 2019,7:00p,Los Angeles Clippers,112,Toronto Raptors,92,Box Score,,Box Score,,"20,144",2:20
Wed Dec 11 2019,7:30p,Charlotte Hornets,113,Brooklyn Nets,108,Box Score,,Box Score,,"15,631",2:18
Wed Dec 11 2019,8:00p,Atlanta Hawks,102,Chicago Bulls,136,Box Score,,Box Score,,"15,084",2:09
Wed Dec 11 2019,8:00p,Utah Jazz,127,Minnesota Timberwolves,116,Box Score,,Box Score,,"12,369",2:16
Wed Dec 11 2019,9:00p,Memphis Grizzlies,115,Phoenix Suns,108,Box Score,,Box Score,,"12,254",2:16
Wed Dec 11 2019,9:30p,New Orleans Pelicans,112,Milwaukee Bucks,127,Box Score,,Box Score,,"17,385",2:06
Wed Dec 11 2019,10:00p,Oklahoma City Thunder,93,Sacramento Kings,94,Box Score,,Box Score,,"16,723",2:08
Wed Dec 11 2019,10:30p,New York Knicks,124,Golden State Warriors,122,Box Score,,Box Score,OT,"18,064",2:35
Thu Dec 12 2019,8:00p,Philadelphia 76ers,115,Boston Celtics,109,Box Score,,Box Score,,"19,156",2:29
Thu Dec 12 2019,8:30p,Cleveland Cavaliers,117,San Antonio Spurs,109,Box Score,,Box Score,OT,"18,354",2:26
Thu Dec 12 2019,9:00p,Dallas Mavericks,122,Detroit Pistons,111,Box Score,,Box Score,,"20,064",2:14
Thu Dec 12 2019,10:30p,Portland Trail Blazers,99,Denver Nuggets,114,Box Score,,Box Score,,"18,828",2:04
Fri Dec 13 2019,7:00p,Los Angeles Lakers,113,Miami Heat,110,Box Score,,Box Score,,"20,013",2:24
Fri Dec 13 2019,7:00p,Houston Rockets,130,Orlando Magic,107,Box Score,,Box Score,,"16,335",1:59
Fri Dec 13 2019,7:00p,New Orleans Pelicans,109,Philadelphia 76ers,116,Box Score,,Box Score,,"20,620",2:29
Fri Dec 13 2019,7:30p,Indiana Pacers,110,Atlanta Hawks,100,Box Score,,Box Score,,"15,121",2:13
Fri Dec 13 2019,8:00p,Charlotte Hornets,83,Chicago Bulls,73,Box Score,,Box Score,,"18,377",2:05
Fri Dec 13 2019,8:00p,Milwaukee Bucks,127,Memphis Grizzlies,114,Box Score,,Box Score,,"16,109",2:17
Fri Dec 13 2019,9:00p,Golden State Warriors,106,Utah Jazz,114,Box Score,,Box Score,,"18,306",2:18
Fri Dec 13 2019,9:30p,Los Angeles Clippers,124,Minnesota Timberwolves,117,Box Score,,Box Score,,"17,585",2:39
Fri Dec 13 2019,10:00p,New York Knicks,103,Sacramento Kings,101,Box Score,,Box Score,,"17,583",2:12
Sat Dec 14 2019,5:00p,San Antonio Spurs,121,Phoenix Suns,119,Box Score,,Box Score,OT,"20,013",2:37
Sat Dec 14 2019,7:30p,Brooklyn Nets,102,Toronto Raptors,110,Box Score,,Box Score,,"19,800",2:13
Sat Dec 14 2019,8:00p,Los Angeles Clippers,106,Chicago Bulls,109,Box Score,,Box Score,,"18,426",2:22
Sat Dec 14 2019,8:00p,Washington Wizards,111,Memphis Grizzlies,128,Box Score,,Box Score,,"15,631",2:14
Sat Dec 14 2019,8:30p,Miami Heat,122,Dallas Mavericks,118,Box Score,,Box Score,OT,"20,333",2:40
Sat Dec 14 2019,8:30p,Cleveland Cavaliers,108,Milwaukee Bucks,125,Box Score,,Box Score,,"17,481",2:03
Sat Dec 14 2019,9:00p,Oklahoma City Thunder,102,Denver Nuggets,110,Box Score,,Box Score,,"19,520",2:12
Sat Dec 14 2019,9:00p,Detroit Pistons,115,Houston Rockets,107,Box Score,,Box Score,,"18,055",2:11
Sun Dec 15 2019,3:30p,Orlando Magic,130,New Orleans Pelicans,119,Box Score,,Box Score,,"15,388",2:08
Sun Dec 15 2019,5:00p,Charlotte Hornets,85,Indiana Pacers,107,Box Score,,Box Score,,"16,061",2:06
Sun Dec 15 2019,6:00p,Los Angeles Lakers,101,Atlanta Hawks,96,Box Score,,Box Score,,"16,962",2:28
Sun Dec 15 2019,6:00p,Philadelphia 76ers,89,Brooklyn Nets,109,Box Score,,Box Score,,"17,732",2:09
Sun Dec 15 2019,8:00p,New York Knicks,105,Denver Nuggets,111,Box Score,,Box Score,,"18,867",2:08
Sun Dec 15 2019,8:30p,Sacramento Kings,100,Golden State Warriors,79,Box Score,,Box Score,,"18,064",2:10
Mon Dec 16 2019,7:00p,Washington Wizards,133,Detroit Pistons,119,Box Score,,Box Score,,"14,632",2:25
Mon Dec 16 2019,7:30p,Cleveland Cavaliers,113,Toronto Raptors,133,Box Score,,Box Score,,"19,800",
Mon Dec 16 2019,8:00p,San Antonio Spurs,107,Houston Rockets,109,Box Score,,Box Score,,"18,055",2:17
Mon Dec 16 2019,8:00p,Miami Heat,111,Memphis Grizzlies,118,Box Score,,Box Score,,"14,021",2:20
Mon Dec 16 2019,8:00p,Dallas Mavericks,120,Milwaukee Bucks,116,Box Score,,Box Score,,"17,727",2:26
Mon Dec 16 2019,8:00p,Chicago Bulls,106,Oklahoma City Thunder,109,Box Score,,Box Score,,"18,203",2:19
Mon Dec 16 2019,9:00p,Portland Trail Blazers,111,Phoenix Suns,110,Box Score,,Box Score,,"14,193",2:17
Tue Dec 17 2019,7:00p,Sacramento Kings,102,Charlotte Hornets,110,Box Score,,Box Score,,"13,229",2:11
Tue Dec 17 2019,7:00p,Los Angeles Lakers,102,Indiana Pacers,105,Box Score,,Box Score,,"17,923",2:13
Tue Dec 17 2019,7:30p,Atlanta Hawks,120,New York Knicks,143,Box Score,,Box Score,,"18,268",2:09
Tue Dec 17 2019,8:00p,Brooklyn Nets,108,New Orleans Pelicans,101,Box Score,,Box Score,OT,"15,177",2:31
Tue Dec 17 2019,9:00p,Orlando Magic,102,Utah Jazz,109,Box Score,,Box Score,,"18,306",2:07
Tue Dec 17 2019,10:30p,Phoenix Suns,99,Los Angeles Clippers,120,Box Score,,Box Score,,"19,068",2:02
Wed Dec 18 2019,7:00p,Charlotte Hornets,98,Cleveland Cavaliers,100,Box Score,,Box Score,,"17,023",2:13
Wed Dec 18 2019,7:00p,Toronto Raptors,112,Detroit Pistons,99,Box Score,,Box Score,,"15,319",2:16
Wed Dec 18 2019,7:00p,Miami Heat,108,Philadelphia 76ers,104,Box Score,,Box Score,,"20,715",2:20
Wed Dec 18 2019,7:00p,Chicago Bulls,110,Washington Wizards,109,Box Score,,Box Score,OT,"14,987",2:40
Wed Dec 18 2019,8:00p,New Orleans Pelicans,107,Minnesota Timberwolves,99,Box Score,,Box Score,,"12,490",2:14
Wed Dec 18 2019,8:00p,Memphis Grizzlies,122,Oklahoma City Thunder,126,Box Score,,Box Score,,"18,203",2:15
Wed Dec 18 2019,9:00p,Orlando Magic,104,Denver Nuggets,113,Box Score,,Box Score,,"18,182",2:11
Wed Dec 18 2019,9:30p,Boston Celtics,109,Dallas Mavericks,103,Box Score,,Box Score,,"20,181",2:25
Wed Dec 18 2019,10:00p,Golden State Warriors,112,Portland Trail Blazers,122,Box Score,,Box Score,,"19,393",2:18
Thu Dec 19 2019,7:30p,Utah Jazz,111,Atlanta Hawks,106,Box Score,,Box Score,,"16,739",2:16
Thu Dec 19 2019,8:00p,Los Angeles Lakers,104,Milwaukee Bucks,111,Box Score,,Box Score,,"18,051",2:31
Thu Dec 19 2019,8:30p,Brooklyn Nets,105,San Antonio Spurs,118,Box Score,,Box Score,,"18,354",2:14
Thu Dec 19 2019,10:30p,Houston Rockets,122,Los Angeles Clippers,117,Box Score,,Box Score,,"19,068",2:33
Fri Dec 20 2019,7:00p,Memphis Grizzlies,107,Cleveland Cavaliers,114,Box Score,,Box Score,,"19,432",2:03
Fri Dec 20 2019,7:00p,Sacramento Kings,105,Indiana Pacers,119,Box Score,,Box Score,,"14,649",2:01
Fri Dec 20 2019,7:30p,Detroit Pistons,93,Boston Celtics,114,Box Score,,Box Score,,"19,156",2:06
Fri Dec 20 2019,7:30p,Washington Wizards,118,Toronto Raptors,122,Box Score,,Box Score,,"19,800",2:28
Fri Dec 20 2019,8:00p,New York Knicks,114,Miami Heat,129,Box Score,,Box Score,,"19,704",2:14
Fri Dec 20 2019,8:00p,Phoenix Suns,108,Oklahoma City Thunder,126,Box Score,,Box Score,,"18,203",2:13
Fri Dec 20 2019,8:00p,Dallas Mavericks,117,Philadelphia 76ers,98,Box Score,,Box Score,,"20,778",2:15
Fri Dec 20 2019,9:00p,Minnesota Timberwolves,100,Denver Nuggets,109,Box Score,,Box Score,,"19,520",2:15
Fri Dec 20 2019,10:00p,Orlando Magic,103,Portland Trail Blazers,118,Box Score,,Box Score,,"19,393",2:10
Fri Dec 20 2019,10:30p,New Orleans Pelicans,102,Golden State Warriors,106,Box Score,,Box Score,,"18,064",2:21
Sat Dec 21 2019,5:00p,Utah Jazz,114,Charlotte Hornets,107,Box Score,,Box Score,,"16,187",2:17
Sat Dec 21 2019,6:00p,Atlanta Hawks,112,Brooklyn Nets,122,Box Score,,Box Score,,"16,496",2:15
Sat Dec 21 2019,7:00p,Chicago Bulls,119,Detroit Pistons,107,Box Score,,Box Score,,"15,948",2:10
Sat Dec 21 2019,7:00p,Washington Wizards,108,Philadelphia 76ers,125,Box Score,,Box Score,,"20,529",2:18
Sat Dec 21 2019,7:30p,Milwaukee Bucks,123,New York Knicks,102,Box Score,,Box Score,,"18,124",2:12
Sat Dec 21 2019,8:00p,Sacramento Kings,115,Memphis Grizzlies,119,Box Score,,Box Score,,"15,603",2:13
Sat Dec 21 2019,8:30p,Los Angeles Clippers,134,San Antonio Spurs,109,Box Score,,Box Score,,"18,354",
Sat Dec 21 2019,9:00p,Houston Rockets,139,Phoenix Suns,125,Box Score,,Box Score,,"16,061",2:07
Sat Dec 21 2019,10:00p,Minnesota Timberwolves,106,Portland Trail Blazers,113,Box Score,,Box Score,,"19,393",2:11
Sun Dec 22 2019,3:30p,Dallas Mavericks,107,Toronto Raptors,110,Box Score,,Box Score,,"19,800",2:21
Sun Dec 22 2019,6:00p,Charlotte Hornets,93,Boston Celtics,119,Box Score,,Box Score,,"19,156",2:07
Sun Dec 22 2019,7:00p,Indiana Pacers,89,Milwaukee Bucks,117,Box Score,,Box Score,,"18,029",1:56
Sun Dec 22 2019,7:00p,Los Angeles Clippers,112,Oklahoma City Thunder,118,Box Score,,Box Score,,"18,203",2:15
Sun Dec 22 2019,9:30p,Denver Nuggets,128,Los Angeles Lakers,104,Box Score,,Box Score,,"18,997",2:19
Mon Dec 23 2019,7:00p,Atlanta Hawks,118,Cleveland Cavaliers,121,Box Score,,Box Score,,"18,007",2:10
Mon Dec 23 2019,7:00p,Philadelphia 76ers,125,Detroit Pistons,109,Box Score,,Box Score,,"16,476",2:06
Mon Dec 23 2019,7:00p,Toronto Raptors,115,Indiana Pacers,120,Box Score,,Box Score,OT,"17,164",2:28
Mon Dec 23 2019,7:00p,Washington Wizards,121,New York Knicks,115,Box Score,,Box Score,,"19,413",2:17
Mon Dec 23 2019,7:00p,Chicago Bulls,95,Orlando Magic,103,Box Score,,Box Score,,"18,846",2:01
Mon Dec 23 2019,7:30p,Utah Jazz,104,Miami Heat,107,Box Score,,Box Score,,"19,890",2:22
Mon Dec 23 2019,8:00p,San Antonio Spurs,145,Memphis Grizzlies,115,Box Score,,Box Score,,"16,776",2:00
Mon Dec 23 2019,9:00p,Denver Nuggets,113,Phoenix Suns,111,Box Score,,Box Score,,"16,041",2:11
Mon Dec 23 2019,10:00p,New Orleans Pelicans,102,Portland Trail Blazers,94,Box Score,,Box Score,,"19,499",2:03
Mon Dec 23 2019,10:00p,Houston Rockets,113,Sacramento Kings,104,Box Score,,Box Score,,"17,583",2:08
Mon Dec 23 2019,10:30p,Minnesota Timberwolves,104,Golden State Warriors,113,Box Score,,Box Score,,"18,064",2:20
Wed Dec 25 2019,12:00p,Boston Celtics,118,Toronto Raptors,102,Box Score,,Box Score,,"19,800",2:14
Wed Dec 25 2019,2:30p,Milwaukee Bucks,109,Philadelphia 76ers,121,Box Score,,Box Score,,"21,028",2:04
Wed Dec 25 2019,5:00p,Houston Rockets,104,Golden State Warriors,116,Box Score,,Box Score,,"18,064",2:14
Wed Dec 25 2019,8:00p,Los Angeles Clippers,111,Los Angeles Lakers,106,Box Score,,Box Score,,"18,997",2:29
Wed Dec 25 2019,10:30p,New Orleans Pelicans,112,Denver Nuggets,100,Box Score,,Box Score,,"19,520",2:10
Thu Dec 26 2019,7:00p,Washington Wizards,102,Detroit Pistons,132,Box Score,,Box Score,,"17,188",2:14
Thu Dec 26 2019,7:30p,New York Knicks,94,Brooklyn Nets,82,Box Score,,Box Score,,"17,732",2:07
Thu Dec 26 2019,8:00p,San Antonio Spurs,98,Dallas Mavericks,102,Box Score,,Box Score,,"20,427",2:12
Thu Dec 26 2019,8:00p,Memphis Grizzlies,110,Oklahoma City Thunder,97,Box Score,,Box Score,,"18,203",2:05
Thu Dec 26 2019,10:00p,Minnesota Timberwolves,105,Sacramento Kings,104,Box Score,,Box Score,2OT,"17,583",2:43
Thu Dec 26 2019,10:30p,Portland Trail Blazers,115,Utah Jazz,121,Box Score,,Box Score,,"18,306",2:19
Fri Dec 27 2019,4:00p,Cleveland Cavaliers,117,Boston Celtics,129,Box Score,,Box Score,,"19,156",2:07
Fri Dec 27 2019,7:00p,Oklahoma City Thunder,104,Charlotte Hornets,102,Box Score,,Box Score,OT,"18,418",2:36
Fri Dec 27 2019,7:00p,Philadelphia 76ers,97,Orlando Magic,98,Box Score,,Box Score,,"17,311",2:13
Fri Dec 27 2019,7:30p,Milwaukee Bucks,112,Atlanta Hawks,86,Box Score,,Box Score,,"17,358",1:59
Fri Dec 27 2019,8:00p,Indiana Pacers,112,Miami Heat,113,Box Score,,Box Score,,"19,767",2:02
Fri Dec 27 2019,10:30p,Phoenix Suns,96,Golden State Warriors,105,Box Score,,Box Score,,"18,064",2:10
Sat Dec 28 2019,5:00p,Memphis Grizzlies,110,Denver Nuggets,119,Box Score,,Box Score,,"19,697",2:13
Sat Dec 28 2019,7:00p,Toronto Raptors,113,Boston Celtics,97,Box Score,,Box Score,,"19,156",2:09
Sat Dec 28 2019,7:00p,Indiana Pacers,98,New Orleans Pelicans,120,Box Score,,Box Score,,"15,391",2:03
Sat Dec 28 2019,8:00p,Atlanta Hawks,81,Chicago Bulls,116,Box Score,,Box Score,,"21,496",2:02
Sat Dec 28 2019,8:00p,Brooklyn Nets,98,Houston Rockets,108,Box Score,,Box Score,,"18,306",2:13
Sat Dec 28 2019,8:00p,Philadelphia 76ers,116,Miami Heat,117,Box Score,,Box Score,OT,"19,865",2:40
Sat Dec 28 2019,8:00p,Cleveland Cavaliers,94,Minnesota Timberwolves,88,Box Score,,Box Score,,"15,411",2:28
Sat Dec 28 2019,8:00p,New York Knicks,107,Washington Wizards,100,Box Score,,Box Score,,"19,033",2:16
Sat Dec 28 2019,8:30p,Dallas Mavericks,141,Golden State Warriors,121,Box Score,,Box Score,,"18,064",2:13
Sat Dec 28 2019,8:30p,Orlando Magic,100,Milwaukee Bucks,111,Box Score,,Box Score,,"17,920",2:03
Sat Dec 28 2019,8:30p,Detroit Pistons,109,San Antonio Spurs,136,Box Score,,Box Score,,"18,524",2:08
Sat Dec 28 2019,9:00p,Phoenix Suns,112,Sacramento Kings,110,Box Score,,Box Score,,"17,583",2:14
Sat Dec 28 2019,10:00p,Los Angeles Lakers,128,Portland Trail Blazers,120,Box Score,,Box Score,,"19,960",2:21
Sat Dec 28 2019,10:30p,Utah Jazz,120,Los Angeles Clippers,107,Box Score,,Box Score,,"19,068",2:09
Sun Dec 29 2019,6:00p,Oklahoma City Thunder,98,Toronto Raptors,97,Box Score,,Box Score,,"19,800",2:08
Sun Dec 29 2019,8:00p,Sacramento Kings,115,Denver Nuggets,120,Box Score,,Box Score,,"19,520",2:19
Sun Dec 29 2019,8:00p,Charlotte Hornets,104,Memphis Grizzlies,117,Box Score,,Box Score,,"16,842",2:10
Sun Dec 29 2019,8:00p,Houston Rockets,112,New Orleans Pelicans,127,Box Score,,Box Score,,"17,712",2:06
Sun Dec 29 2019,9:30p,Dallas Mavericks,95,Los Angeles Lakers,108,Box Score,,Box Score,,"18,997",2:20
Mon Dec 30 2019,7:00p,Atlanta Hawks,101,Orlando Magic,93,Box Score,,Box Score,,"17,784",2:15
Mon Dec 30 2019,7:00p,Miami Heat,105,Washington Wizards,123,Box Score,,Box Score,,"20,476",2:18
Mon Dec 30 2019,8:00p,Milwaukee Bucks,123,Chicago Bulls,102,Box Score,,Box Score,,"21,954",1:58
Mon Dec 30 2019,8:00p,Brooklyn Nets,115,Minnesota Timberwolves,122,Box Score,,Box Score,OT,"15,824",2:36
Mon Dec 30 2019,9:00p,Detroit Pistons,81,Utah Jazz,104,Box Score,,Box Score,,"18,306",2:09
Mon Dec 30 2019,10:00p,Phoenix Suns,122,Portland Trail Blazers,116,Box Score,,Box Score,,"19,896",2:07
Tue Dec 31 2019,3:00p,Boston Celtics,109,Charlotte Hornets,92,Box Score,,Box Score,,"19,216",1:57
Tue Dec 31 2019,3:00p,Philadelphia 76ers,97,Indiana Pacers,115,Box Score,,Box Score,,"17,923",2:08
Tue Dec 31 2019,5:00p,Los Angeles Clippers,105,Sacramento Kings,87,Box Score,,Box Score,,"16,231",2:10
Tue Dec 31 2019,7:00p,Denver Nuggets,104,Houston Rockets,130,Box Score,,Box Score,,"18,055",2:13
Tue Dec 31 2019,7:00p,Golden State Warriors,113,San Antonio Spurs,117,Box Score,,Box Score,OT,"18,354",2:24
Tue Dec 31 2019,7:00p,Cleveland Cavaliers,97,Toronto Raptors,117,Box Score,,Box Score,,"19,800",2:05
Tue Dec 31 2019,8:00p,Dallas Mavericks,101,Oklahoma City Thunder,106,Box Score,,Box Score,,"18,203",2:19
Wed Jan 01 2020,6:00p,Orlando Magic,122,Washington Wizards,101,Box Score,,Box Score,,"14,921",2:07
Wed Jan 01 2020,7:30p,Portland Trail Blazers,93,New York Knicks,117,Box Score,,Box Score,,"19,812",2:00
Wed Jan 01 2020,8:00p,Minnesota Timberwolves,104,Milwaukee Bucks,106,Box Score,,Box Score,,"17,819",2:23
Wed Jan 01 2020,10:30p,Phoenix Suns,107,Los Angeles Lakers,117,Box Score,,Box Score,,"18,997",2:20
Thu Jan 02 2020,7:00p,Charlotte Hornets,109,Cleveland Cavaliers,106,Box Score,,Box Score,,"17,859",2:09
Thu Jan 02 2020,7:00p,Denver Nuggets,124,Indiana Pacers,116,Box Score,,Box Score,,"16,688",2:15
Thu Jan 02 2020,7:30p,Toronto Raptors,76,Miami Heat,84,Box Score,,Box Score,,"19,939",2:07
Thu Jan 02 2020,8:00p,Utah Jazz,102,Chicago Bulls,98,Box Score,,Box Score,,"19,398",2:13
Thu Jan 02 2020,8:00p,Golden State Warriors,84,Minnesota Timberwolves,99,Box Score,,Box Score,,"15,477",2:03
Thu Jan 02 2020,8:30p,Brooklyn Nets,111,Dallas Mavericks,123,Box Score,,Box Score,,"20,289",2:11
Thu Jan 02 2020,8:30p,Oklahoma City Thunder,109,San Antonio Spurs,103,Box Score,,Box Score,,"18,354",2:03
Thu Jan 02 2020,10:00p,Memphis Grizzlies,123,Sacramento Kings,128,Box Score,,Box Score,,"17,351",2:15
Thu Jan 02 2020,10:30p,Detroit Pistons,112,Los Angeles Clippers,126,Box Score,,Box Score,,"19,068",2:12
Fri Jan 03 2020,7:00p,Atlanta Hawks,106,Boston Celtics,109,Box Score,,Box Score,,"19,156",2:14
Fri Jan 03 2020,7:00p,Miami Heat,85,Orlando Magic,105,Box Score,,Box Score,,"17,198",2:08
Fri Jan 03 2020,7:00p,Portland Trail Blazers,122,Washington Wizards,103,Box Score,,Box Score,,"17,945",2:17
Fri Jan 03 2020,8:00p,Philadelphia 76ers,108,Houston Rockets,118,Box Score,,Box Score,,"18,055",2:19
Fri Jan 03 2020,9:00p,New York Knicks,112,Phoenix Suns,120,Box Score,,Box Score,,"18,055",2:21
Fri Jan 03 2020,10:30p,New Orleans Pelicans,113,Los Angeles Lakers,123,Box Score,,Box Score,,"18,997",2:13
Sat Jan 04 2020,3:30p,Memphis Grizzlies,140,Los Angeles Clippers,114,Box Score,,Box Score,,"19,068",2:05
Sat Jan 04 2020,6:00p,Toronto Raptors,121,Brooklyn Nets,102,Box Score,,Box Score,,"17,732",2:24
Sat Jan 04 2020,7:00p,Utah Jazz,109,Orlando Magic,96,Box Score,,Box Score,,"16,913",1:59
Sat Jan 04 2020,7:30p,Indiana Pacers,111,Atlanta Hawks,116,Box Score,,Box Score,,"16,420",2:31
Sat Jan 04 2020,7:30p,Oklahoma City Thunder,121,Cleveland Cavaliers,106,Box Score,,Box Score,,"19,432",2:07
Sat Jan 04 2020,8:00p,Boston Celtics,111,Chicago Bulls,104,Box Score,,Box Score,,"21,130",2:16
Sat Jan 04 2020,8:00p,Denver Nuggets,114,Washington Wizards,128,Box Score,,Box Score,,"16,233",2:20
Sat Jan 04 2020,8:30p,Charlotte Hornets,123,Dallas Mavericks,120,Box Score,,Box Score,OT,"20,327",2:31
Sat Jan 04 2020,8:30p,Detroit Pistons,111,Golden State Warriors,104,Box Score,,Box Score,,"18,064",2:13
Sat Jan 04 2020,8:30p,San Antonio Spurs,118,Milwaukee Bucks,127,Box Score,,Box Score,,"18,002",2:11
Sat Jan 04 2020,10:00p,New Orleans Pelicans,117,Sacramento Kings,115,Box Score,,Box Score,,"16,808",2:29
Sun Jan 05 2020,3:30p,New York Knicks,132,Los Angeles Clippers,135,Box Score,,Box Score,,"19,068",2:25
Sun Jan 05 2020,6:00p,Portland Trail Blazers,111,Miami Heat,122,Box Score,,Box Score,,"19,846",2:02
Sun Jan 05 2020,7:30p,Minnesota Timberwolves,118,Cleveland Cavaliers,103,Box Score,,Box Score,,"16,159",2:02
Sun Jan 05 2020,8:00p,Memphis Grizzlies,121,Phoenix Suns,114,Box Score,,Box Score,,"14,181",2:08
Sun Jan 05 2020,10:00p,Detroit Pistons,99,Los Angeles Lakers,106,Box Score,,Box Score,,"18,997",2:24
Mon Jan 06 2020,7:00p,Indiana Pacers,115,Charlotte Hornets,104,Box Score,,Box Score,,"13,009",2:03
Mon Jan 06 2020,7:00p,Brooklyn Nets,89,Orlando Magic,101,Box Score,,Box Score,,"15,008",2:03
Mon Jan 06 2020,7:00p,Oklahoma City Thunder,113,Philadelphia 76ers,120,Box Score,,Box Score,,"20,561",2:21
Mon Jan 06 2020,7:00p,Boston Celtics,94,Washington Wizards,99,Box Score,,Box Score,,"17,963",2:09
Mon Jan 06 2020,7:30p,Denver Nuggets,123,Atlanta Hawks,115,Box Score,,Box Score,,"15,286",2:17
Mon Jan 06 2020,8:00p,Utah Jazz,128,New Orleans Pelicans,126,Box Score,,Box Score,,"14,138",2:14
Mon Jan 06 2020,8:30p,Chicago Bulls,110,Dallas Mavericks,118,Box Score,,Box Score,,"20,238",2:04
Mon Jan 06 2020,8:30p,Milwaukee Bucks,104,San Antonio Spurs,126,Box Score,,Box Score,,"18,354",2:03
Mon Jan 06 2020,10:00p,Golden State Warriors,98,Sacramento Kings,111,Box Score,,Box Score,,"15,819",2:13
Tue Jan 07 2020,7:00p,Detroit Pistons,115,Cleveland Cavaliers,113,Box Score,,Box Score,,"17,274",2:20
Tue Jan 07 2020,7:00p,Portland Trail Blazers,101,Toronto Raptors,99,Box Score,,Box Score,,"19,800",2:12
Tue Jan 07 2020,7:30p,Oklahoma City Thunder,111,Brooklyn Nets,103,Box Score,,Box Score,OT,"15,677",2:26
Tue Jan 07 2020,8:00p,Minnesota Timberwolves,112,Memphis Grizzlies,119,Box Score,,Box Score,,"14,117",2:08
Tue Jan 07 2020,9:00p,Sacramento Kings,114,Phoenix Suns,103,Box Score,,Box Score,,"14,134",2:21
Tue Jan 07 2020,10:30p,New York Knicks,87,Los Angeles Lakers,117,Box Score,,Box Score,,"18,997",2:14
Wed Jan 08 2020,7:00p,San Antonio Spurs,129,Boston Celtics,114,Box Score,,Box Score,,"19,156",2:14
Wed Jan 08 2020,7:00p,Toronto Raptors,112,Charlotte Hornets,110,Box Score,,Box Score,OT,"13,965",2:30
Wed Jan 08 2020,7:00p,Miami Heat,122,Indiana Pacers,108,Box Score,,Box Score,,"17,040",2:10
Wed Jan 08 2020,7:00p,Washington Wizards,89,Orlando Magic,123,Box Score,,Box Score,,"16,013",2:12
Wed Jan 08 2020,7:30p,Houston Rockets,122,Atlanta Hawks,115,Box Score,,Box Score,,"16,514",2:18
Wed Jan 08 2020,7:30p,Denver Nuggets,107,Dallas Mavericks,106,Box Score,,Box Score,,"20,314",2:15
Wed Jan 08 2020,8:00p,Chicago Bulls,108,New Orleans Pelicans,123,Box Score,,Box Score,,"15,324",2:09
Wed Jan 08 2020,9:00p,New York Knicks,104,Utah Jazz,128,Box Score,,Box Score,,"18,306",1:58
Wed Jan 08 2020,10:00p,Milwaukee Bucks,107,Golden State Warriors,98,Box Score,,Box Score,,"18,064",2:22
Thu Jan 09 2020,7:00p,Cleveland Cavaliers,115,Detroit Pistons,112,Box Score,,Box Score,OT,"13,445",2:35
Thu Jan 09 2020,7:00p,Boston Celtics,98,Philadelphia 76ers,109,Box Score,,Box Score,,"20,822",2:09
Thu Jan 09 2020,8:00p,Portland Trail Blazers,102,Minnesota Timberwolves,116,Box Score,,Box Score,,"13,720",2:11
Thu Jan 09 2020,9:30p,Houston Rockets,92,Oklahoma City Thunder,113,Box Score,,Box Score,,"18,203",2:06
Fri Jan 10 2020,7:00p,Atlanta Hawks,101,Washington Wizards,111,Box Score,,Box Score,,"16,360",2:13
Fri Jan 10 2020,7:15p,New Orleans Pelicans,123,New York Knicks,111,Box Score,,Box Score,,"18,003",2:12
Fri Jan 10 2020,7:30p,Miami Heat,113,Brooklyn Nets,117,Box Score,,Box Score,,"16,011",2:06
Fri Jan 10 2020,8:00p,Indiana Pacers,116,Chicago Bulls,105,Box Score,,Box Score,,"20,229",2:00
Fri Jan 10 2020,8:00p,San Antonio Spurs,121,Memphis Grizzlies,134,Box Score,,Box Score,,"16,448",2:05
Fri Jan 10 2020,9:00p,Orlando Magic,94,Phoenix Suns,98,Box Score,,Box Score,,"14,562",2:12
Fri Jan 10 2020,9:00p,Charlotte Hornets,92,Utah Jazz,109,Box Score,,Box Score,,"18,306",2:01
Fri Jan 10 2020,9:45p,Los Angeles Lakers,129,Dallas Mavericks,114,Box Score,,Box Score,,"20,542",2:30
Fri Jan 10 2020,10:00p,Milwaukee Bucks,127,Sacramento Kings,106,Box Score,,Box Score,,"17,583",2:09
Fri Jan 10 2020,10:30p,Golden State Warriors,100,Los Angeles Clippers,109,Box Score,,Box Score,,"19,068",2:13
Sat Jan 11 2020,5:00p,Minnesota Timberwolves,109,Houston Rockets,139,Box Score,,Box Score,,"18,055",2:10
Sat Jan 11 2020,7:00p,New Orleans Pelicans,105,Boston Celtics,140,Box Score,,Box Score,,"19,156",2:02
Sat Jan 11 2020,7:00p,Chicago Bulls,108,Detroit Pistons,99,Box Score,,Box Score,,"15,951",2:15
Sat Jan 11 2020,8:00p,Los Angeles Lakers,125,Oklahoma City Thunder,110,Box Score,,Box Score,,"18,203",2:02
Sat Jan 11 2020,8:30p,Philadelphia 76ers,91,Dallas Mavericks,109,Box Score,,Box Score,,"20,244",2:04
Sat Jan 11 2020,9:00p,Cleveland Cavaliers,111,Denver Nuggets,103,Box Score,,Box Score,,"19,533",2:05
Sat Jan 11 2020,10:00p,Milwaukee Bucks,122,Portland Trail Blazers,101,Box Score,,Box Score,,"19,843",2:06
Sun Jan 12 2020,3:30p,Miami Heat,121,New York Knicks,124,Box Score,,Box Score,,"18,861",2:23
Sun Jan 12 2020,3:30p,Utah Jazz,127,Washington Wizards,116,Box Score,,Box Score,,"15,953",2:12
Sun Jan 12 2020,6:00p,Atlanta Hawks,86,Brooklyn Nets,108,Box Score,,Box Score,,"15,201",2:10
Sun Jan 12 2020,6:00p,Golden State Warriors,102,Memphis Grizzlies,122,Box Score,,Box Score,,"16,408",2:02
Sun Jan 12 2020,6:00p,San Antonio Spurs,105,Toronto Raptors,104,Box Score,,Box Score,,"19,800",2:13
Sun Jan 12 2020,8:00p,Los Angeles Clippers,104,Denver Nuggets,114,Box Score,,Box Score,,"19,520",2:20
Sun Jan 12 2020,8:00p,Charlotte Hornets,92,Phoenix Suns,100,Box Score,,Box Score,,"14,751",2:07
Mon Jan 13 2020,7:00p,New Orleans Pelicans,117,Detroit Pistons,110,Box Score,,Box Score,OT,"13,780",2:35
Mon Jan 13 2020,7:00p,Philadelphia 76ers,95,Indiana Pacers,101,Box Score,,Box Score,,"15,257",2:08
Mon Jan 13 2020,7:30p,Chicago Bulls,101,Boston Celtics,113,Box Score,,Box Score,,"19,156",2:10
Mon Jan 13 2020,8:00p,Oklahoma City Thunder,117,Minnesota Timberwolves,104,Box Score,,Box Score,,"11,044",2:06
Mon Jan 13 2020,10:00p,Charlotte Hornets,112,Portland Trail Blazers,115,Box Score,,Box Score,,"19,111",2:07
Mon Jan 13 2020,10:00p,Orlando Magic,114,Sacramento Kings,112,Box Score,,Box Score,,"16,299",2:12
Mon Jan 13 2020,10:30p,Cleveland Cavaliers,99,Los Angeles Lakers,128,Box Score,,Box Score,,"18,997",2:09
Tue Jan 14 2020,7:30p,Phoenix Suns,110,Atlanta Hawks,123,Box Score,,Box Score,,"16,060",2:13
Tue Jan 14 2020,7:30p,Utah Jazz,118,Brooklyn Nets,107,Box Score,,Box Score,,"15,381",2:07
Tue Jan 14 2020,8:00p,Houston Rockets,110,Memphis Grizzlies,121,Box Score,,Box Score,,"16,181",2:09
Tue Jan 14 2020,8:00p,New York Knicks,102,Milwaukee Bucks,128,Box Score,,Box Score,,"17,590",2:06
Tue Jan 14 2020,10:30p,Dallas Mavericks,124,Golden State Warriors,97,Box Score,,Box Score,,"18,064",2:06
Tue Jan 14 2020,10:30p,Cleveland Cavaliers,103,Los Angeles Clippers,128,Box Score,,Box Score,,"19,068",2:01
Wed Jan 15 2020,7:00p,Detroit Pistons,116,Boston Celtics,103,Box Score,,Box Score,,"19,156",2:06
Wed Jan 15 2020,7:00p,Brooklyn Nets,106,Philadelphia 76ers,117,Box Score,,Box Score,,"20,416",2:16
Wed Jan 15 2020,7:30p,San Antonio Spurs,100,Miami Heat,106,Box Score,,Box Score,,"19,704",2:08
Wed Jan 15 2020,8:00p,Washington Wizards,106,Chicago Bulls,115,Box Score,,Box Score,,"19,382",2:12
Wed Jan 15 2020,8:00p,Indiana Pacers,104,Minnesota Timberwolves,99,Box Score,,Box Score,,"12,648",2:06
Wed Jan 15 2020,8:00p,Toronto Raptors,130,Oklahoma City Thunder,121,Box Score,,Box Score,,"18,203",2:06
Wed Jan 15 2020,9:00p,Charlotte Hornets,86,Denver Nuggets,100,Box Score,,Box Score,,"19,520",2:13
Wed Jan 15 2020,9:30p,Portland Trail Blazers,117,Houston Rockets,107,Box Score,,Box Score,,"18,055",2:12
Wed Jan 15 2020,10:00p,Dallas Mavericks,127,Sacramento Kings,123,Box Score,,Box Score,,"17,029",2:16
Wed Jan 15 2020,10:30p,Orlando Magic,119,Los Angeles Lakers,118,Box Score,,Box Score,,"18,997",2:11
Thu Jan 16 2020,7:30p,Phoenix Suns,121,New York Knicks,98,Box Score,,Box Score,,"18,215",2:07
Thu Jan 16 2020,8:00p,Boston Celtics,123,Milwaukee Bucks,128,Box Score,,Box Score,,"17,873",2:23
Thu Jan 16 2020,8:00p,Utah Jazz,132,New Orleans Pelicans,138,Box Score,,Box Score,OT,"16,717",2:47
Thu Jan 16 2020,10:30p,Denver Nuggets,134,Golden State Warriors,131,Box Score,,Box Score,OT,"18,064",2:45
Thu Jan 16 2020,10:30p,Orlando Magic,95,Los Angeles Clippers,122,Box Score,,Box Score,,"19,068",2:01
Fri Jan 17 2020,7:00p,Minnesota Timberwolves,114,Indiana Pacers,116,Box Score,,Box Score,,"16,248",2:15
Fri Jan 17 2020,7:00p,Chicago Bulls,89,Philadelphia 76ers,100,Box Score,,Box Score,,"20,919",2:03
Fri Jan 17 2020,7:00p,Washington Wizards,111,Toronto Raptors,140,Box Score,,Box Score,,"19,800",2:13
Fri Jan 17 2020,8:00p,Cleveland Cavaliers,109,Memphis Grizzlies,113,Box Score,,Box Score,,"17,102",2:14
Fri Jan 17 2020,8:00p,Miami Heat,115,Oklahoma City Thunder,108,Box Score,,Box Score,,"18,203",2:13
Fri Jan 17 2020,8:30p,Atlanta Hawks,121,San Antonio Spurs,120,Box Score,,Box Score,,"18,354",2:13
Fri Jan 17 2020,9:30p,Portland Trail Blazers,112,Dallas Mavericks,120,Box Score,,Box Score,,"20,283",2:23
Sat Jan 18 2020,3:30p,Los Angeles Clippers,133,New Orleans Pelicans,130,Box Score,,Box Score,,"17,959",2:35
Sat Jan 18 2020,6:00p,Milwaukee Bucks,117,Brooklyn Nets,97,Box Score,,Box Score,,"17,732",1:59
Sat Jan 18 2020,7:00p,Phoenix Suns,123,Boston Celtics,119,Box Score,,Box Score,,"19,156",2:23
Sat Jan 18 2020,7:30p,Detroit Pistons,136,Atlanta Hawks,103,Box Score,,Box Score,,"17,056",2:06
Sat Jan 18 2020,7:30p,Philadelphia 76ers,90,New York Knicks,87,Box Score,,Box Score,,"17,812",2:15
Sat Jan 18 2020,8:00p,Cleveland Cavaliers,116,Chicago Bulls,118,Box Score,,Box Score,,"19,939",2:16
Sat Jan 18 2020,8:00p,Toronto Raptors,122,Minnesota Timberwolves,112,Box Score,,Box Score,,"16,520",2:11
Sat Jan 18 2020,8:30p,Orlando Magic,95,Golden State Warriors,109,Box Score,,Box Score,,"18,064",1:56
Sat Jan 18 2020,8:30p,Los Angeles Lakers,124,Houston Rockets,115,Box Score,,Box Score,,"18,502",2:25
Sat Jan 18 2020,9:00p,Portland Trail Blazers,106,Oklahoma City Thunder,119,Box Score,,Box Score,,"18,203",2:17
Sat Jan 18 2020,9:00p,Sacramento Kings,101,Utah Jazz,123,Box Score,,Box Score,,"18,306",2:05
Sun Jan 19 2020,3:00p,Miami Heat,102,San Antonio Spurs,107,Box Score,,Box Score,,"18,422",2:14
Sun Jan 19 2020,8:00p,Indiana Pacers,115,Denver Nuggets,107,Box Score,,Box Score,,"19,520",2:13
Mon Jan 20 2020,2:00p,Detroit Pistons,100,Washington Wizards,106,Box Score,,Box Score,,"17,305",2:17
Mon Jan 20 2020,2:30p,Toronto Raptors,122,Atlanta Hawks,117,Box Score,,Box Score,,"17,300",2:34
Mon Jan 20 2020,3:00p,Philadelphia 76ers,117,Brooklyn Nets,111,Box Score,,Box Score,,"16,801",2:20
Mon Jan 20 2020,5:00p,Orlando Magic,106,Charlotte Hornets,83,Box Score,,Box Score,,"16,133",2:03
Mon Jan 20 2020,5:00p,New York Knicks,106,Cleveland Cavaliers,86,Box Score,,Box Score,,"17,133",2:01
Mon Jan 20 2020,5:00p,Oklahoma City Thunder,112,Houston Rockets,107,Box Score,,Box Score,,"18,055",2:16
Mon Jan 20 2020,5:00p,New Orleans Pelicans,126,Memphis Grizzlies,116,Box Score,,Box Score,,"17,794",2:16
Mon Jan 20 2020,5:00p,Sacramento Kings,113,Miami Heat,118,Box Score,,Box Score,OT,"19,600",2:35
Mon Jan 20 2020,5:00p,Chicago Bulls,98,Milwaukee Bucks,111,Box Score,,Box Score,,"17,747",2:13
Mon Jan 20 2020,7:30p,Los Angeles Lakers,107,Boston Celtics,139,Box Score,,Box Score,,"19,156",2:21
Mon Jan 20 2020,8:00p,Denver Nuggets,107,Minnesota Timberwolves,100,Box Score,,Box Score,,"12,172",2:04
Mon Jan 20 2020,9:00p,San Antonio Spurs,120,Phoenix Suns,118,Box Score,,Box Score,,"14,847",2:15
Mon Jan 20 2020,9:00p,Indiana Pacers,88,Utah Jazz,118,Box Score,,Box Score,,"18,306",1:57
Mon Jan 20 2020,10:00p,Golden State Warriors,124,Portland Trail Blazers,129,Box Score,,Box Score,OT,"19,493",2:36
Tue Jan 21 2020,8:30p,Los Angeles Clippers,110,Dallas Mavericks,107,Box Score,,Box Score,,"19,783",2:22
Wed Jan 22 2020,7:00p,Sacramento Kings,106,Detroit Pistons,127,Box Score,,Box Score,,"13,972",2:15
Wed Jan 22 2020,7:00p,Oklahoma City Thunder,120,Orlando Magic,114,Box Score,,Box Score,,"18,846",2:06
Wed Jan 22 2020,7:00p,Philadelphia 76ers,95,Toronto Raptors,107,Box Score,,Box Score,,"19,800",2:18
Wed Jan 22 2020,7:30p,Los Angeles Clippers,95,Atlanta Hawks,102,Box Score,,Box Score,,"14,338",2:25
Wed Jan 22 2020,7:30p,Memphis Grizzlies,95,Boston Celtics,119,Box Score,,Box Score,,"19,156",2:00
Wed Jan 22 2020,7:30p,Washington Wizards,129,Miami Heat,134,Box Score,,Box Score,OT,"19,600",2:33
Wed Jan 22 2020,7:30p,Los Angeles Lakers,100,New York Knicks,92,Box Score,,Box Score,,"19,812",2:15
Wed Jan 22 2020,8:00p,Minnesota Timberwolves,110,Chicago Bulls,117,Box Score,,Box Score,,"18,875",2:19
Wed Jan 22 2020,8:00p,Denver Nuggets,105,Houston Rockets,121,Box Score,,Box Score,,"18,055",2:07
Wed Jan 22 2020,9:00p,Indiana Pacers,112,Phoenix Suns,87,Box Score,,Box Score,,"14,691",2:12
Wed Jan 22 2020,9:30p,San Antonio Spurs,121,New Orleans Pelicans,117,Box Score,,Box Score,,"18,365",2:17
Wed Jan 22 2020,10:00p,Utah Jazz,129,Golden State Warriors,96,Box Score,,Box Score,,"18,064",2:04
Thu Jan 23 2020,7:00p,Washington Wizards,124,Cleveland Cavaliers,112,Box Score,,Box Score,,"16,689",2:10
Thu Jan 23 2020,8:00p,Los Angeles Lakers,128,Brooklyn Nets,113,Box Score,,Box Score,,"17,732",2:16
Thu Jan 23 2020,10:30p,Dallas Mavericks,133,Portland Trail Blazers,125,Box Score,,Box Score,,"19,574",2:15
Fri Jan 24 2020,3:00p,Milwaukee Bucks,116,Charlotte Hornets,103,Box Score,,Box Score,,"15,758",2:12
Fri Jan 24 2020,7:00p,Memphis Grizzlies,125,Detroit Pistons,112,Box Score,,Box Score,,"14,583",2:13
Fri Jan 24 2020,7:00p,Boston Celtics,109,Orlando Magic,98,Box Score,,Box Score,,"18,846",2:06
Fri Jan 24 2020,7:30p,Toronto Raptors,118,New York Knicks,112,Box Score,,Box Score,,"18,883",2:08
Fri Jan 24 2020,8:00p,Sacramento Kings,98,Chicago Bulls,81,Box Score,,Box Score,,"17,661",2:07
Fri Jan 24 2020,8:00p,Los Angeles Clippers,122,Miami Heat,117,Box Score,,Box Score,,"19,632",2:29
Fri Jan 24 2020,8:00p,Houston Rockets,131,Minnesota Timberwolves,124,Box Score,,Box Score,,"16,101",2:19
Fri Jan 24 2020,8:00p,Denver Nuggets,113,New Orleans Pelicans,106,Box Score,,Box Score,,"16,398",2:15
Fri Jan 24 2020,8:00p,Atlanta Hawks,111,Oklahoma City Thunder,140,Box Score,,Box Score,,"18,203",2:10
Fri Jan 24 2020,8:30p,Phoenix Suns,103,San Antonio Spurs,99,Box Score,,Box Score,,"18,354",2:18
Fri Jan 24 2020,10:30p,Indiana Pacers,129,Golden State Warriors,118,Box Score,,Box Score,,"18,064",2:09
Sat Jan 25 2020,5:00p,Dallas Mavericks,107,Utah Jazz,112,Box Score,,Box Score,,"18,306",2:15
Sat Jan 25 2020,7:00p,Brooklyn Nets,121,Detroit Pistons,111,Box Score,,Box Score,OT,"15,890",2:23
Sat Jan 25 2020,8:00p,Chicago Bulls,118,Cleveland Cavaliers,106,Box Score,,Box Score,,"19,432",2:02
Sat Jan 25 2020,8:00p,Oklahoma City Thunder,113,Minnesota Timberwolves,104,Box Score,,Box Score,,"16,236",2:17
Sat Jan 25 2020,8:30p,Los Angeles Lakers,91,Philadelphia 76ers,108,Box Score,,Box Score,,"21,109",2:19
Sun Jan 26 2020,3:30p,Houston Rockets,110,Denver Nuggets,117,Box Score,,Box Score,,"19,520",2:11
Sun Jan 26 2020,4:00p,Toronto Raptors,110,San Antonio Spurs,106,Box Score,,Box Score,,"18,354",
Sun Jan 26 2020,6:00p,Washington Wizards,133,Atlanta Hawks,152,Box Score,,Box Score,,"15,567",2:30
Sun Jan 26 2020,6:00p,Phoenix Suns,109,Memphis Grizzlies,114,Box Score,,Box Score,,"17,214",2:27
Sun Jan 26 2020,6:00p,Boston Celtics,108,New Orleans Pelicans,123,Box Score,,Box Score,,"16,737",2:21
Sun Jan 26 2020,6:00p,Brooklyn Nets,97,New York Knicks,110,Box Score,,Box Score,,"17,831",2:09
Sun Jan 26 2020,6:00p,Los Angeles Clippers,112,Orlando Magic,97,Box Score,,Box Score,,"15,427",2:19
Sun Jan 26 2020,9:00p,Indiana Pacers,129,Portland Trail Blazers,139,Box Score,,Box Score,,"19,663",2:05
Mon Jan 27 2020,7:00p,Cleveland Cavaliers,115,Detroit Pistons,100,Box Score,,Box Score,,"12,597",2:06
Mon Jan 27 2020,7:30p,Orlando Magic,92,Miami Heat,113,Box Score,,Box Score,,"19,600",2:02
Mon Jan 27 2020,8:00p,San Antonio Spurs,109,Chicago Bulls,110,Box Score,,Box Score,,"16,071",2:18
Mon Jan 27 2020,8:00p,Sacramento Kings,133,Minnesota Timberwolves,129,Box Score,,Box Score,OT,"13,449",2:47
Mon Jan 27 2020,8:00p,Dallas Mavericks,107,Oklahoma City Thunder,97,Box Score,,Box Score,,"18,203",2:02
Mon Jan 27 2020,9:00p,Houston Rockets,126,Utah Jazz,117,Box Score,,Box Score,,"18,306",2:33
Tue Jan 28 2020,7:00p,New York Knicks,92,Charlotte Hornets,97,Box Score,,Box Score,,"14,342",2:17
Tue Jan 28 2020,7:00p,Golden State Warriors,104,Philadelphia 76ers,115,Box Score,,Box Score,,"20,854",2:11
Tue Jan 28 2020,7:30p,New Orleans Pelicans,125,Cleveland Cavaliers,111,Box Score,,Box Score,,"19,432",2:09
Tue Jan 28 2020,7:30p,Atlanta Hawks,114,Toronto Raptors,130,Box Score,,Box Score,,"19,800",2:21
Tue Jan 28 2020,8:00p,Denver Nuggets,96,Memphis Grizzlies,104,Box Score,,Box Score,,"14,365",2:08
Tue Jan 28 2020,8:00p,Boston Celtics,109,Miami Heat,101,Box Score,,Box Score,,"19,704",2:23
Tue Jan 28 2020,8:00p,Washington Wizards,131,Milwaukee Bucks,151,Box Score,,Box Score,,"17,681",2:19
Tue Jan 28 2020,8:30p,Phoenix Suns,133,Dallas Mavericks,104,Box Score,,Box Score,,"20,216",2:11
Wed Jan 29 2020,7:00p,Chicago Bulls,106,Indiana Pacers,115,Box Score,,Box Score,OT,"17,923",2:20
Wed Jan 29 2020,7:30p,Detroit Pistons,115,Brooklyn Nets,125,Box Score,,Box Score,,"14,275",2:21
Wed Jan 29 2020,7:30p,Memphis Grizzlies,127,New York Knicks,106,Box Score,,Box Score,,"18,768",2:26
Wed Jan 29 2020,8:30p,Utah Jazz,120,San Antonio Spurs,127,Box Score,,Box Score,,"17,887",2:26
Wed Jan 29 2020,10:00p,Houston Rockets,112,Portland Trail Blazers,125,Box Score,,Box Score,,"19,393",2:17
Wed Jan 29 2020,10:00p,Oklahoma City Thunder,120,Sacramento Kings,100,Box Score,,Box Score,,"16,935",2:09
Thu Jan 30 2020,7:00p,Toronto Raptors,115,Cleveland Cavaliers,109,Box Score,,Box Score,,"17,695",2:16
Thu Jan 30 2020,7:00p,Charlotte Hornets,107,Washington Wizards,121,Box Score,,Box Score,,"15,013",2:07
Thu Jan 30 2020,7:30p,Philadelphia 76ers,117,Atlanta Hawks,127,Box Score,,Box Score,,"15,227",2:31
Thu Jan 30 2020,8:00p,Golden State Warriors,104,Boston Celtics,119,Box Score,,Box Score,,"19,156",2:15
Thu Jan 30 2020,10:30p,Utah Jazz,100,Denver Nuggets,106,Box Score,,Box Score,,"19,520",2:18
Thu Jan 30 2020,10:30p,Sacramento Kings,124,Los Angeles Clippers,103,Box Score,,Box Score,,"19,068",2:11
Fri Jan 31 2020,7:00p,Toronto Raptors,105,Detroit Pistons,92,Box Score,,Box Score,,"17,356",2:07
Fri Jan 31 2020,7:30p,Chicago Bulls,118,Brooklyn Nets,133,Box Score,,Box Score,,"17,732",2:11
Fri Jan 31 2020,7:30p,Dallas Mavericks,121,Houston Rockets,128,Box Score,,Box Score,,"18,055",2:19
Fri Jan 31 2020,8:00p,Memphis Grizzlies,111,New Orleans Pelicans,139,Box Score,,Box Score,,"18,362",2:06
Fri Jan 31 2020,9:00p,Denver Nuggets,127,Milwaukee Bucks,115,Box Score,,Box Score,,"18,141",2:08
Fri Jan 31 2020,9:00p,Oklahoma City Thunder,111,Phoenix Suns,107,Box Score,,Box Score,,"17,260",2:23
Fri Jan 31 2020,10:30p,Portland Trail Blazers,127,Los Angeles Lakers,119,Box Score,,Box Score,,"18,997",2:23
Sat Feb 01 2020,3:30p,Minnesota Timberwolves,106,Los Angeles Clippers,118,Box Score,,Box Score,,"19,068",2:15
Sat Feb 01 2020,7:00p,New York Knicks,92,Indiana Pacers,85,Box Score,,Box Score,,"17,923",2:12
Sat Feb 01 2020,7:00p,Miami Heat,102,Orlando Magic,89,Box Score,,Box Score,,"18,846",2:05
Sat Feb 01 2020,8:00p,Golden State Warriors,131,Cleveland Cavaliers,112,Box Score,,Box Score,,"18,410",1:58
Sat Feb 01 2020,8:00p,Brooklyn Nets,107,Washington Wizards,113,Box Score,,Box Score,,"18,196",2:16
Sat Feb 01 2020,8:30p,Philadelphia 76ers,95,Boston Celtics,116,Box Score,,Box Score,,"19,156",2:21
Sat Feb 01 2020,8:30p,Atlanta Hawks,100,Dallas Mavericks,123,Box Score,,Box Score,,"20,328",2:03
Sat Feb 01 2020,9:00p,Charlotte Hornets,90,San Antonio Spurs,114,Box Score,,Box Score,,"18,615",1:59
Sat Feb 01 2020,10:00p,Los Angeles Lakers,129,Sacramento Kings,113,Box Score,,Box Score,,"17,583",2:13
Sat Feb 01 2020,10:30p,Utah Jazz,107,Portland Trail Blazers,124,Box Score,,Box Score,,"19,603",2:08
Sun Feb 02 2020,12:30p,Denver Nuggets,123,Detroit Pistons,128,Box Score,,Box Score,OT,"15,488",2:28
Sun Feb 02 2020,2:00p,New Orleans Pelicans,109,Houston Rockets,117,Box Score,,Box Score,,"18,055",2:14
Sun Feb 02 2020,2:00p,Phoenix Suns,108,Milwaukee Bucks,129,Box Score,,Box Score,,"17,754",2:09
Sun Feb 02 2020,3:00p,Chicago Bulls,102,Toronto Raptors,129,Box Score,,Box Score,,"19,800",2:11
Mon Feb 03 2020,7:00p,Orlando Magic,112,Charlotte Hornets,100,Box Score,,Box Score,,"12,337",1:56
Mon Feb 03 2020,7:00p,New York Knicks,139,Cleveland Cavaliers,134,Box Score,,Box Score,OT,"16,303",2:22
Mon Feb 03 2020,7:00p,Dallas Mavericks,112,Indiana Pacers,103,Box Score,,Box Score,,"15,086",2:05
Mon Feb 03 2020,7:00p,Golden State Warriors,125,Washington Wizards,117,Box Score,,Box Score,,"17,120",2:16
Mon Feb 03 2020,7:30p,Boston Celtics,123,Atlanta Hawks,115,Box Score,,Box Score,,"16,231",2:13
Mon Feb 03 2020,7:30p,Phoenix Suns,97,Brooklyn Nets,119,Box Score,,Box Score,,"14,891",2:10
Mon Feb 03 2020,7:30p,Philadelphia 76ers,106,Miami Heat,137,Box Score,,Box Score,,"19,725",2:13
Mon Feb 03 2020,8:00p,Detroit Pistons,82,Memphis Grizzlies,96,Box Score,,Box Score,,"14,597",2:03
Mon Feb 03 2020,10:00p,Minnesota Timberwolves,109,Sacramento Kings,113,Box Score,,Box Score,,"15,819",2:23
Mon Feb 03 2020,10:30p,San Antonio Spurs,105,Los Angeles Clippers,108,Box Score,,Box Score,,"19,068",2:12
Tue Feb 04 2020,7:30p,Milwaukee Bucks,120,New Orleans Pelicans,108,Box Score,,Box Score,,"15,424",2:12
Tue Feb 04 2020,8:00p,Charlotte Hornets,110,Houston Rockets,125,Box Score,,Box Score,,"18,055",2:11
Tue Feb 04 2020,9:00p,Portland Trail Blazers,99,Denver Nuggets,127,Box Score,,Box Score,,"19,520",2:18
Tue Feb 04 2020,10:00p,San Antonio Spurs,102,Los Angeles Lakers,129,Box Score,,Box Score,,"18,997",2:06
Wed Feb 05 2020,7:00p,Phoenix Suns,108,Detroit Pistons,116,Box Score,,Box Score,,"13,707",2:07
Wed Feb 05 2020,7:30p,Orlando Magic,100,Boston Celtics,116,Box Score,,Box Score,,"19,156",2:10
Wed Feb 05 2020,7:30p,Golden State Warriors,88,Brooklyn Nets,129,Box Score,,Box Score,,"14,352",1:58
Wed Feb 05 2020,7:30p,Indiana Pacers,118,Toronto Raptors,119,Box Score,,Box Score,,"19,800",2:11
Wed Feb 05 2020,8:00p,Atlanta Hawks,127,Minnesota Timberwolves,120,Box Score,,Box Score,,"10,779",2:17
Wed Feb 05 2020,8:00p,Cleveland Cavaliers,103,Oklahoma City Thunder,109,Box Score,,Box Score,,"18,203",2:12
Wed Feb 05 2020,8:30p,Memphis Grizzlies,121,Dallas Mavericks,107,Box Score,,Box Score,,"20,069",2:08
Wed Feb 05 2020,9:00p,Denver Nuggets,98,Utah Jazz,95,Box Score,,Box Score,,"18,306",2:08
Wed Feb 05 2020,10:00p,Miami Heat,111,Los Angeles Clippers,128,Box Score,,Box Score,,"19,068",2:13
Thu Feb 06 2020,7:30p,Orlando Magic,103,New York Knicks,105,Box Score,,Box Score,,"18,895",2:11
Thu Feb 06 2020,8:00p,New Orleans Pelicans,125,Chicago Bulls,119,Box Score,,Box Score,,"18,247",2:02
Thu Feb 06 2020,8:00p,Philadelphia 76ers,101,Milwaukee Bucks,112,Box Score,,Box Score,,"17,928",2:13
Thu Feb 06 2020,10:00p,San Antonio Spurs,117,Portland Trail Blazers,125,Box Score,,Box Score,,"19,653",2:00
Thu Feb 06 2020,10:30p,Houston Rockets,121,Los Angeles Lakers,111,Box Score,,Box Score,,"18,997",2:20
Fri Feb 07 2020,7:00p,Memphis Grizzlies,107,Philadelphia 76ers,119,Box Score,,Box Score,,"20,779",2:11
Fri Feb 07 2020,7:00p,Dallas Mavericks,118,Washington Wizards,119,Box Score,,Box Score,,"20,476",2:12
Fri Feb 07 2020,7:30p,Atlanta Hawks,107,Boston Celtics,112,Box Score,,Box Score,,"19,156",2:11
Fri Feb 07 2020,8:00p,Toronto Raptors,115,Indiana Pacers,106,Box Score,,Box Score,,"17,028",2:11
Fri Feb 07 2020,8:00p,Detroit Pistons,101,Oklahoma City Thunder,108,Box Score,,Box Score,,"18,203",2:20
Fri Feb 07 2020,9:00p,Houston Rockets,91,Phoenix Suns,127,Box Score,,Box Score,,"17,043",2:07
Fri Feb 07 2020,10:00p,Miami Heat,97,Sacramento Kings,105,Box Score,,Box Score,,"16,760",2:14
Fri Feb 07 2020,10:30p,Portland Trail Blazers,114,Utah Jazz,117,Box Score,,Box Score,,"18,306",2:22
Sat Feb 08 2020,5:00p,Milwaukee Bucks,111,Orlando Magic,95,Box Score,,Box Score,,"16,632",1:59
Sat Feb 08 2020,7:00p,Dallas Mavericks,116,Charlotte Hornets,100,Box Score,,Box Score,,"19,370",2:01
Sat Feb 08 2020,7:00p,New York Knicks,95,Detroit Pistons,92,Box Score,,Box Score,,"15,980",2:12
Sat Feb 08 2020,7:30p,New Orleans Pelicans,124,Indiana Pacers,117,Box Score,,Box Score,,"17,923",2:11
Sat Feb 08 2020,7:30p,Brooklyn Nets,118,Toronto Raptors,119,Box Score,,Box Score,,"19,800",2:05
Sat Feb 08 2020,8:00p,Los Angeles Clippers,115,Minnesota Timberwolves,142,Box Score,,Box Score,,"18,978",2:08
Sat Feb 08 2020,8:30p,Los Angeles Lakers,125,Golden State Warriors,120,Box Score,,Box Score,,"18,064",2:33
Sat Feb 08 2020,9:00p,Denver Nuggets,117,Phoenix Suns,108,Box Score,,Box Score,,"16,843",2:15
Sat Feb 08 2020,10:00p,San Antonio Spurs,102,Sacramento Kings,122,Box Score,,Box Score,,"16,756",2:05
Sun Feb 09 2020,3:30p,Boston Celtics,112,Oklahoma City Thunder,111,Box Score,,Box Score,,"18,203",2:16
Sun Feb 09 2020,6:00p,New York Knicks,135,Atlanta Hawks,140,Box Score,,Box Score,2OT,"16,309",2:55
Sun Feb 09 2020,6:00p,Chicago Bulls,111,Philadelphia 76ers,118,Box Score,,Box Score,,"21,018",2:19
Sun Feb 09 2020,6:00p,Memphis Grizzlies,106,Washington Wizards,99,Box Score,,Box Score,,"17,251",2:13
Sun Feb 09 2020,7:00p,Utah Jazz,114,Houston Rockets,113,Box Score,,Box Score,,"18,055",2:10
Sun Feb 09 2020,7:30p,Los Angeles Clippers,133,Cleveland Cavaliers,92,Box Score,,Box Score,,"17,240",2:07
Sun Feb 09 2020,9:00p,Miami Heat,109,Portland Trail Blazers,115,Box Score,,Box Score,,"19,726",2:15
Mon Feb 10 2020,7:00p,Charlotte Hornets,87,Detroit Pistons,76,Box Score,,Box Score,,"13,941",2:03
Mon Feb 10 2020,7:00p,Brooklyn Nets,106,Indiana Pacers,105,Box Score,,Box Score,,"16,761",2:11
Mon Feb 10 2020,7:00p,Atlanta Hawks,126,Orlando Magic,135,Box Score,,Box Score,,"17,076",2:04
Mon Feb 10 2020,7:30p,Minnesota Timberwolves,126,Toronto Raptors,137,Box Score,,Box Score,,"19,800",2:27
Mon Feb 10 2020,8:00p,Sacramento Kings,111,Milwaukee Bucks,123,Box Score,,Box Score,,"17,463",2:10
Mon Feb 10 2020,8:30p,Utah Jazz,123,Dallas Mavericks,119,Box Score,,Box Score,,"19,793",2:22
Mon Feb 10 2020,9:00p,San Antonio Spurs,120,Denver Nuggets,127,Box Score,,Box Score,,"19,520",2:14
Mon Feb 10 2020,10:30p,Miami Heat,113,Golden State Warriors,101,Box Score,,Box Score,,"18,064",2:10
Mon Feb 10 2020,10:30p,Phoenix Suns,100,Los Angeles Lakers,125,Box Score,,Box Score,,"18,997",2:16
Tue Feb 11 2020,7:00p,Los Angeles Clippers,103,Philadelphia 76ers,110,Box Score,,Box Score,,"20,730",2:19
Tue Feb 11 2020,7:00p,Chicago Bulls,114,Washington Wizards,126,Box Score,,Box Score,,"15,135",2:05
Tue Feb 11 2020,8:00p,Portland Trail Blazers,117,New Orleans Pelicans,138,Box Score,,Box Score,,"15,739",2:07
Tue Feb 11 2020,8:00p,San Antonio Spurs,114,Oklahoma City Thunder,106,Box Score,,Box Score,,"18,203",2:16
Tue Feb 11 2020,9:30p,Boston Celtics,105,Houston Rockets,116,Box Score,,Box Score,,"18,055",2:28
Wed Feb 12 2020,7:00p,Atlanta Hawks,105,Cleveland Cavaliers,127,Box Score,,Box Score,,"16,200",2:19
Wed Feb 12 2020,7:00p,Detroit Pistons,112,Orlando Magic,116,Box Score,,Box Score,OT,"16,607",2:27
Wed Feb 12 2020,7:30p,Toronto Raptors,91,Brooklyn Nets,101,Box Score,,Box Score,,"15,823",2:10
Wed Feb 12 2020,7:30p,Milwaukee Bucks,111,Indiana Pacers,118,Box Score,,Box Score,,"17,018",2:19
Wed Feb 12 2020,7:30p,Washington Wizards,114,New York Knicks,96,Box Score,,Box Score,,"18,835",2:15
Wed Feb 12 2020,8:00p,Portland Trail Blazers,104,Memphis Grizzlies,111,Box Score,,Box Score,,"16,889",2:11
Wed Feb 12 2020,8:00p,Charlotte Hornets,115,Minnesota Timberwolves,108,Box Score,,Box Score,,"18,978",2:24
Wed Feb 12 2020,8:30p,Sacramento Kings,111,Dallas Mavericks,130,Box Score,,Box Score,,"19,842",2:10
Wed Feb 12 2020,9:00p,Golden State Warriors,106,Phoenix Suns,112,Box Score,,Box Score,,"15,216",2:11
Wed Feb 12 2020,9:00p,Miami Heat,101,Utah Jazz,116,Box Score,,Box Score,,"18,306",2:11
Wed Feb 12 2020,10:00p,Los Angeles Lakers,120,Denver Nuggets,116,Box Score,,Box Score,OT,"19,860",2:41
Thu Feb 13 2020,8:00p,Los Angeles Clippers,133,Boston Celtics,141,Box Score,,Box Score,2OT,"19,156",3:08
Thu Feb 13 2020,8:00p,Oklahoma City Thunder,123,New Orleans Pelicans,118,Box Score,,Box Score,,"17,865",2:17
Thu Feb 20 2020,7:00p,Milwaukee Bucks,126,Detroit Pistons,106,Box Score,,Box Score,,"16,097",2:06
Thu Feb 20 2020,7:30p,Miami Heat,124,Atlanta Hawks,129,Box Score,,Box Score,,"17,356",2:27
Thu Feb 20 2020,8:00p,Charlotte Hornets,103,Chicago Bulls,93,Box Score,,Box Score,,"17,463",2:11
Thu Feb 20 2020,8:00p,Brooklyn Nets,104,Philadelphia 76ers,112,Box Score,,Box Score,OT,"20,806",2:43
Thu Feb 20 2020,10:00p,Memphis Grizzlies,125,Sacramento Kings,129,Box Score,,Box Score,,"17,078",2:29
Thu Feb 20 2020,10:30p,Houston Rockets,135,Golden State Warriors,105,Box Score,,Box Score,,"18,064",2:10
Fri Feb 21 2020,7:00p,Dallas Mavericks,122,Orlando Magic,106,Box Score,,Box Score,,"18,846",2:10
Fri Feb 21 2020,7:00p,Cleveland Cavaliers,113,Washington Wizards,108,Box Score,,Box Score,,"18,895",2:14
Fri Feb 21 2020,7:30p,Indiana Pacers,106,New York Knicks,98,Box Score,,Box Score,,"19,812",2:18
Fri Feb 21 2020,7:30p,Phoenix Suns,101,Toronto Raptors,118,Box Score,,Box Score,,"19,800",2:18
Fri Feb 21 2020,8:00p,Boston Celtics,127,Minnesota Timberwolves,117,Box Score,,Box Score,,"18,978",2:18
Fri Feb 21 2020,8:00p,Denver Nuggets,101,Oklahoma City Thunder,113,Box Score,,Box Score,,"18,203",2:18
Fri Feb 21 2020,9:00p,San Antonio Spurs,113,Utah Jazz,104,Box Score,,Box Score,,"18,306",2:09
Fri Feb 21 2020,10:30p,Memphis Grizzlies,105,Los Angeles Lakers,117,Box Score,,Box Score,,"18,997",2:22
Fri Feb 21 2020,10:30p,New Orleans Pelicans,128,Portland Trail Blazers,115,Box Score,,Box Score,,"19,946",2:21
Sat Feb 22 2020,3:30p,Sacramento Kings,112,Los Angeles Clippers,103,Box Score,,Box Score,,"19,068",2:17
Sat Feb 22 2020,7:00p,Brooklyn Nets,115,Charlotte Hornets,86,Box Score,,Box Score,,"19,079",2:01
Sat Feb 22 2020,7:30p,Dallas Mavericks,107,Atlanta Hawks,111,Box Score,,Box Score,,"17,050",2:20
Sat Feb 22 2020,8:00p,Phoenix Suns,112,Chicago Bulls,104,Box Score,,Box Score,,"20,506",2:17
Sat Feb 22 2020,8:00p,Cleveland Cavaliers,105,Miami Heat,124,Box Score,,Box Score,,"19,754",2:27
Sat Feb 22 2020,8:30p,Philadelphia 76ers,98,Milwaukee Bucks,119,Box Score,,Box Score,,"18,290",2:10
Sat Feb 22 2020,9:00p,Houston Rockets,120,Utah Jazz,110,Box Score,,Box Score,,"18,306",2:09
Sun Feb 23 2020,3:30p,Boston Celtics,112,Los Angeles Lakers,114,Box Score,,Box Score,,"18,997",2:40
Sun Feb 23 2020,6:00p,Minnesota Timberwolves,116,Denver Nuggets,128,Box Score,,Box Score,,"19,626",2:17
Sun Feb 23 2020,6:00p,Indiana Pacers,81,Toronto Raptors,127,Box Score,,Box Score,,"19,800",2:03
Sun Feb 23 2020,7:00p,Washington Wizards,117,Chicago Bulls,126,Box Score,,Box Score,,"18,024",2:22
Sun Feb 23 2020,7:00p,San Antonio Spurs,103,Oklahoma City Thunder,131,Box Score,,Box Score,,"18,203",2:08
Sun Feb 23 2020,8:30p,New Orleans Pelicans,115,Golden State Warriors,101,Box Score,,Box Score,,"18,064",2:01
Sun Feb 23 2020,9:00p,Detroit Pistons,104,Portland Trail Blazers,107,Box Score,,Box Score,,"19,393",2:08
Mon Feb 24 2020,7:00p,Miami Heat,119,Cleveland Cavaliers,125,Box Score,,Box Score,OT,"17,336",2:48
Mon Feb 24 2020,7:00p,Atlanta Hawks,112,Philadelphia 76ers,129,Box Score,,Box Score,,"20,836",2:16
Mon Feb 24 2020,7:00p,Milwaukee Bucks,137,Washington Wizards,134,Box Score,,Box Score,OT,"16,580",2:37
Mon Feb 24 2020,7:30p,Orlando Magic,115,Brooklyn Nets,113,Box Score,,Box Score,,"16,162",2:02
Mon Feb 24 2020,8:00p,New York Knicks,112,Houston Rockets,123,Box Score,,Box Score,,"18,055",2:07
Mon Feb 24 2020,8:30p,Minnesota Timberwolves,123,Dallas Mavericks,139,Box Score,,Box Score,,"19,936",2:16
Mon Feb 24 2020,9:00p,Phoenix Suns,131,Utah Jazz,111,Box Score,,Box Score,,"18,306",2:19
Mon Feb 24 2020,10:30p,Memphis Grizzlies,97,Los Angeles Clippers,124,Box Score,,Box Score,,"19,068",2:07
Tue Feb 25 2020,7:00p,Charlotte Hornets,80,Indiana Pacers,119,Box Score,,Box Score,,"16,088",1:55
Tue Feb 25 2020,7:30p,Milwaukee Bucks,108,Toronto Raptors,97,Box Score,,Box Score,,"19,993",2:31
Tue Feb 25 2020,8:00p,Oklahoma City Thunder,124,Chicago Bulls,122,Box Score,,Box Score,,"16,911",2:17
Tue Feb 25 2020,9:00p,Detroit Pistons,98,Denver Nuggets,115,Box Score,,Box Score,,"19,143",2:11
Tue Feb 25 2020,10:00p,New Orleans Pelicans,109,Los Angeles Lakers,118,Box Score,,Box Score,,"18,997",2:25
Tue Feb 25 2020,10:00p,Boston Celtics,118,Portland Trail Blazers,106,Box Score,,Box Score,,"19,460",2:03
Tue Feb 25 2020,10:30p,Sacramento Kings,112,Golden State Warriors,94,Box Score,,Box Score,,"18,064",2:20
Wed Feb 26 2020,7:00p,New York Knicks,101,Charlotte Hornets,107,Box Score,,Box Score,,"13,152",2:16
Wed Feb 26 2020,7:00p,Philadelphia 76ers,94,Cleveland Cavaliers,108,Box Score,,Box Score,,"16,332",2:00
Wed Feb 26 2020,7:00p,Brooklyn Nets,106,Washington Wizards,110,Box Score,,Box Score,,"15,021",2:18
Wed Feb 26 2020,7:30p,Orlando Magic,130,Atlanta Hawks,120,Box Score,,Box Score,,"14,967",2:07
Wed Feb 26 2020,7:30p,Minnesota Timberwolves,129,Miami Heat,126,Box Score,,Box Score,,"19,600",2:27
Wed Feb 26 2020,8:00p,Memphis Grizzlies,112,Houston Rockets,140,Box Score,,Box Score,,"18,055",2:14
Wed Feb 26 2020,8:30p,Dallas Mavericks,109,San Antonio Spurs,103,Box Score,,Box Score,,"18,354",2:11
Wed Feb 26 2020,9:00p,Los Angeles Clippers,102,Phoenix Suns,92,Box Score,,Box Score,,"15,157",2:12
Wed Feb 26 2020,10:30p,Boston Celtics,114,Utah Jazz,103,Box Score,,Box Score,,"18,306",2:09
Thu Feb 27 2020,7:00p,New York Knicks,106,Philadelphia 76ers,115,Box Score,,Box Score,,"20,175",2:01
Thu Feb 27 2020,8:00p,Portland Trail Blazers,100,Indiana Pacers,106,Box Score,,Box Score,,"16,872",2:13
Thu Feb 27 2020,8:00p,Sacramento Kings,108,Oklahoma City Thunder,112,Box Score,,Box Score,,"18,203",2:22
Thu Feb 27 2020,10:30p,Los Angeles Lakers,116,Golden State Warriors,86,Box Score,,Box Score,,"18,064",2:21
Fri Feb 28 2020,7:00p,Minnesota Timberwolves,125,Orlando Magic,136,Box Score,,Box Score,,"18,846",2:14
Fri Feb 28 2020,7:30p,Brooklyn Nets,118,Atlanta Hawks,141,Box Score,,Box Score,,"17,034",2:07
Fri Feb 28 2020,7:30p,Charlotte Hornets,99,Toronto Raptors,96,Box Score,,Box Score,,"19,800",2:26
Fri Feb 28 2020,8:00p,Sacramento Kings,104,Memphis Grizzlies,101,Box Score,,Box Score,,"17,794",2:19
Fri Feb 28 2020,8:00p,Dallas Mavericks,118,Miami Heat,126,Box Score,,Box Score,,"19,704",2:27
Fri Feb 28 2020,8:00p,Oklahoma City Thunder,86,Milwaukee Bucks,133,Box Score,,Box Score,,"18,412",2:06
Fri Feb 28 2020,8:00p,Cleveland Cavaliers,104,New Orleans Pelicans,116,Box Score,,Box Score,,"18,304",2:01
Fri Feb 28 2020,9:00p,Detroit Pistons,113,Phoenix Suns,111,Box Score,,Box Score,,"17,142",2:12
Fri Feb 28 2020,9:00p,Washington Wizards,119,Utah Jazz,129,Box Score,,Box Score,,"18,306",2:13
Fri Feb 28 2020,10:30p,Denver Nuggets,103,Los Angeles Clippers,132,Box Score,,Box Score,,"19,068",2:09
Sat Feb 29 2020,5:00p,Chicago Bulls,115,New York Knicks,125,Box Score,,Box Score,,"19,812",2:12
Sat Feb 29 2020,7:30p,Portland Trail Blazers,117,Atlanta Hawks,129,Box Score,,Box Score,,"17,765",2:12
Sat Feb 29 2020,7:30p,Brooklyn Nets,113,Miami Heat,116,Box Score,,Box Score,,"19,600",2:18
Sat Feb 29 2020,8:00p,Indiana Pacers,113,Cleveland Cavaliers,104,Box Score,,Box Score,,"19,432",2:03
Sat Feb 29 2020,8:00p,Los Angeles Lakers,88,Memphis Grizzlies,105,Box Score,,Box Score,,"17,794",2:04
Sat Feb 29 2020,8:30p,Houston Rockets,111,Boston Celtics,110,Box Score,,Box Score,OT,"19,156",2:33
Sat Feb 29 2020,8:30p,Orlando Magic,113,San Antonio Spurs,114,Box Score,,Box Score,,"18,354",2:12
Sat Feb 29 2020,9:00p,Golden State Warriors,115,Phoenix Suns,99,Box Score,,Box Score,,"16,395",2:13
Sun Mar 01 2020,1:00p,Milwaukee Bucks,93,Charlotte Hornets,85,Box Score,,Box Score,,"19,149",2:04
Sun Mar 01 2020,3:30p,Philadelphia 76ers,130,Los Angeles Clippers,136,Box Score,,Box Score,,"19,068",2:28
Sun Mar 01 2020,3:30p,Dallas Mavericks,111,Minnesota Timberwolves,91,Box Score,,Box Score,,"18,058",2:07
Sun Mar 01 2020,6:00p,Toronto Raptors,118,Denver Nuggets,133,Box Score,,Box Score,,"19,777",2:22
Sun Mar 01 2020,6:00p,Detroit Pistons,100,Sacramento Kings,106,Box Score,,Box Score,,"17,499",2:19
Sun Mar 01 2020,8:00p,Los Angeles Lakers,122,New Orleans Pelicans,114,Box Score,,Box Score,,"18,547",2:24
Sun Mar 01 2020,8:30p,Washington Wizards,124,Golden State Warriors,110,Box Score,,Box Score,,"18,064",2:12
Mon Mar 02 2020,7:00p,Utah Jazz,126,Cleveland Cavaliers,113,Box Score,,Box Score,,"15,453",2:01
Mon Mar 02 2020,7:00p,Houston Rockets,123,New York Knicks,125,Box Score,,Box Score,,"18,142",2:19
Mon Mar 02 2020,7:00p,Portland Trail Blazers,130,Orlando Magic,107,Box Score,,Box Score,,"18,078",2:05
Mon Mar 02 2020,7:30p,Memphis Grizzlies,127,Atlanta Hawks,88,Box Score,,Box Score,,"16,207",2:09
Mon Mar 02 2020,7:30p,Milwaukee Bucks,89,Miami Heat,105,Box Score,,Box Score,,"19,600",2:06
Mon Mar 02 2020,8:00p,Dallas Mavericks,107,Chicago Bulls,109,Box Score,,Box Score,,"18,407",2:19
Mon Mar 02 2020,8:30p,Indiana Pacers,116,San Antonio Spurs,111,Box Score,,Box Score,,"17,635",2:12
Tue Mar 03 2020,7:00p,San Antonio Spurs,104,Charlotte Hornets,103,Box Score,,Box Score,,"12,008",2:00
Tue Mar 03 2020,7:30p,Brooklyn Nets,129,Boston Celtics,120,Box Score,,Box Score,OT,"19,156",2:37
Tue Mar 03 2020,8:00p,Minnesota Timberwolves,139,New Orleans Pelicans,134,Box Score,,Box Score,,"15,264",2:13
Tue Mar 03 2020,8:00p,Los Angeles Clippers,109,Oklahoma City Thunder,94,Box Score,,Box Score,,"18,203",2:17
Tue Mar 03 2020,9:00p,Golden State Warriors,116,Denver Nuggets,100,Box Score,,Box Score,,"19,520",2:15
Tue Mar 03 2020,9:00p,Toronto Raptors,123,Phoenix Suns,114,Box Score,,Box Score,,"15,553",2:25
Tue Mar 03 2020,10:00p,Philadelphia 76ers,107,Los Angeles Lakers,120,Box Score,,Box Score,,"18,997",2:16
Tue Mar 03 2020,10:00p,Washington Wizards,126,Sacramento Kings,133,Box Score,,Box Score,,"16,419",2:15
Wed Mar 04 2020,7:00p,Boston Celtics,112,Cleveland Cavaliers,106,Box Score,,Box Score,,"16,897",2:14
Wed Mar 04 2020,7:00p,Oklahoma City Thunder,114,Detroit Pistons,107,Box Score,,Box Score,,"15,138",2:12
Wed Mar 04 2020,7:00p,Indiana Pacers,100,Milwaukee Bucks,119,Box Score,,Box Score,,"17,695",2:09
Wed Mar 04 2020,7:30p,Memphis Grizzlies,118,Brooklyn Nets,79,Box Score,,Box Score,,"16,941",1:58
Wed Mar 04 2020,7:30p,Utah Jazz,112,New York Knicks,104,Box Score,,Box Score,,"16,588",2:07
Wed Mar 04 2020,7:30p,Orlando Magic,113,Miami Heat,116,Box Score,,Box Score,,"19,600",2:14
Wed Mar 04 2020,8:00p,Chicago Bulls,108,Minnesota Timberwolves,115,Box Score,,Box Score,,"13,392",2:07
Wed Mar 04 2020,9:30p,New Orleans Pelicans,123,Dallas Mavericks,127,Box Score,,Box Score,OT,"20,459",2:29
Wed Mar 04 2020,10:00p,Washington Wizards,104,Portland Trail Blazers,125,Box Score,,Box Score,,"19,393",2:12
Thu Mar 05 2020,7:00p,Denver Nuggets,114,Charlotte Hornets,112,Box Score,,Box Score,,"13,311",2:18
Thu Mar 05 2020,8:00p,Los Angeles Clippers,120,Houston Rockets,105,Box Score,,Box Score,,"18,055",2:25
Thu Mar 05 2020,10:00p,Philadelphia 76ers,125,Sacramento Kings,108,Box Score,,Box Score,,"15,485",2:04
Thu Mar 05 2020,10:30p,Toronto Raptors,121,Golden State Warriors,113,Box Score,,Box Score,,"18,064",2:24
Fri Mar 06 2020,7:00p,Atlanta Hawks,112,Washington Wizards,118,Box Score,,Box Score,,"17,856",2:16
Fri Mar 06 2020,7:30p,San Antonio Spurs,120,Brooklyn Nets,139,Box Score,,Box Score,,"16,277",2:11
Fri Mar 06 2020,7:30p,Oklahoma City Thunder,126,New York Knicks,103,Box Score,,Box Score,,"19,499",2:13
Fri Mar 06 2020,8:00p,Indiana Pacers,108,Chicago Bulls,102,Box Score,,Box Score,,"20,229",2:10
Fri Mar 06 2020,8:00p,Orlando Magic,132,Minnesota Timberwolves,118,Box Score,,Box Score,,"14,315",2:17
Fri Mar 06 2020,8:00p,Miami Heat,104,New Orleans Pelicans,110,Box Score,,Box Score,,"18,384",2:33
Fri Mar 06 2020,8:00p,Utah Jazz,99,Boston Celtics,94,Box Score,,Box Score,,"19,156",2:10
Fri Mar 06 2020,8:30p,Memphis Grizzlies,96,Dallas Mavericks,121,Box Score,,Box Score,,"20,370",1:56
Fri Mar 06 2020,9:00p,Portland Trail Blazers,117,Phoenix Suns,127,Box Score,,Box Score,,"15,522",2:13
Fri Mar 06 2020,10:30p,Milwaukee Bucks,103,Los Angeles Lakers,113,Box Score,,Box Score,,"18,997",2:34
Sat Mar 07 2020,5:00p,Houston Rockets,99,Charlotte Hornets,108,Box Score,,Box Score,,"19,159",2:06
Sat Mar 07 2020,7:00p,Utah Jazz,111,Detroit Pistons,105,Box Score,,Box Score,,"16,590",2:17
Sat Mar 07 2020,7:30p,Denver Nuggets,102,Cleveland Cavaliers,104,Box Score,,Box Score,,"19,432",2:04
Sat Mar 07 2020,8:00p,Atlanta Hawks,101,Memphis Grizzlies,118,Box Score,,Box Score,,"17,117",2:10
Sat Mar 07 2020,8:30p,Philadelphia 76ers,114,Golden State Warriors,118,Box Score,,Box Score,,"18,064",2:18
Sat Mar 07 2020,10:00p,Sacramento Kings,123,Portland Trail Blazers,111,Box Score,,Box Score,,"19,691",2:09
Sun Mar 08 2020,3:00p,Chicago Bulls,107,Brooklyn Nets,110,Box Score,,Box Score,,"15,916",2:28
Sun Mar 08 2020,3:30p,New Orleans Pelicans,120,Minnesota Timberwolves,107,Box Score,,Box Score,,"18,978",2:19
Sun Mar 08 2020,3:30p,Los Angeles Lakers,112,Los Angeles Clippers,103,Box Score,,Box Score,,"19,068",2:33
Sun Mar 08 2020,6:00p,Oklahoma City Thunder,105,Boston Celtics,104,Box Score,,Box Score,,"19,156",2:19
Sun Mar 08 2020,6:00p,Milwaukee Bucks,131,Phoenix Suns,140,Box Score,,Box Score,,"17,282",2:18
Sun Mar 08 2020,7:00p,Miami Heat,100,Washington Wizards,89,Box Score,,Box Score,,"18,135",2:19
Sun Mar 08 2020,7:00p,Indiana Pacers,112,Dallas Mavericks,109,Box Score,,Box Score,,"20,324",2:11
Sun Mar 08 2020,7:00p,Orlando Magic,126,Houston Rockets,106,Box Score,,Box Score,,"18,055",2:06
Sun Mar 08 2020,7:30p,Detroit Pistons,84,New York Knicks,96,Box Score,,Box Score,,"18,361",2:08
Sun Mar 08 2020,7:30p,San Antonio Spurs,129,Cleveland Cavaliers,132,Box Score,,Box Score,OT,"17,995",2:43
Sun Mar 08 2020,9:00p,Toronto Raptors,118,Sacramento Kings,113,Box Score,,Box Score,,"16,449",2:24
Mon Mar 09 2020,7:30p,Charlotte Hornets,138,Atlanta Hawks,143,Box Score,,Box Score,2OT,"14,399",2:55
Mon Mar 09 2020,9:00p,Milwaukee Bucks,95,Denver Nuggets,109,Box Score,,Box Score,,"19,838",2:08
Mon Mar 09 2020,9:00p,Toronto Raptors,101,Utah Jazz,92,Box Score,,Box Score,,"18,306",2:20
Tue Mar 10 2020,7:00p,New York Knicks,115,Washington Wizards,122,Box Score,,Box Score,,"15,048",2:33
Tue Mar 10 2020,7:00p,Boston Celtics,114,Indiana Pacers,111,Box Score,,Box Score,,"17,053",2:07
Tue Mar 10 2020,8:00p,Minnesota Timberwolves,111,Houston Rockets,117,Box Score,,Box Score,,"18,055",2:10
Tue Mar 10 2020,8:00p,Dallas Mavericks,109,San Antonio Spurs,119,Box Score,,Box Score,,"18,354",2:17
Tue Mar 10 2020,8:00p,Orlando Magic,120,Memphis Grizzlies,115,Box Score,,Box Score,,"15,388",2:20
Tue Mar 10 2020,8:00p,Cleveland Cavaliers,103,Chicago Bulls,108,Box Score,,Box Score,,"17,837",2:12
Tue Mar 10 2020,10:00p,Phoenix Suns,105,Portland Trail Blazers,121,Box Score,,Box Score,,"19,393",2:04
Tue Mar 10 2020,10:30p,Brooklyn Nets,104,Los Angeles Lakers,102,Box Score,,Box Score,,"18,997",2:15
Tue Mar 10 2020,10:30p,Los Angeles Clippers,131,Golden State Warriors,107,Box Score,,Box Score,,"18,064",2:14
Wed Mar 11 2020,7:00p,Detroit Pistons,106,Philadelphia 76ers,124,Box Score,,Box Score,,"20,172",2:12
Wed Mar 11 2020,7:30p,New York Knicks,136,Atlanta Hawks,131,Box Score,,Box Score,OT,"15,393",2:33
Wed Mar 11 2020,7:30p,Charlotte Hornets,109,Miami Heat,98,Box Score,,Box Score,,"19,600",2:07
Wed Mar 11 2020,8:00p,Denver Nuggets,97,Dallas Mavericks,113,Box Score,,Box Score,,"20,302",2:11
Thu Jul 30 2020,6:30p,Utah Jazz,106,New Orleans Pelicans,104,Box Score,,,2:25,HP Field House,
Thu Jul 30 2020,9:00p,Los Angeles Clippers,101,Los Angeles Lakers,103,Box Score,,,2:45,The Arena,
Fri Jul 31 2020,2:30p,Orlando Magic,128,Brooklyn Nets,118,Box Score,,0,2:19,HP Field House,
Fri Jul 31 2020,4:00p,Memphis Grizzlies,135,Portland Trail Blazers,140,Box Score,OT,,2:53,The Arena,
Fri Jul 31 2020,4:00p,Phoenix Suns,125,Washington Wizards,112,Box Score,,,2:18,Visa Athletic Center,
Fri Jul 31 2020,6:30p,Boston Celtics,112,Milwaukee Bucks,119,Box Score,,,2:33,HP Field House,
Fri Jul 31 2020,8:00p,Sacramento Kings,120,San Antonio Spurs,129,Box Score,,,2:23,Visa Athletic Center,
Fri Jul 31 2020,9:00p,Houston Rockets,153,Dallas Mavericks,149,Box Score,OT,,2:48,The Arena,
Sat Aug 1 2020,1:00p,Miami Heat,125,Denver Nuggets,105,Box Score,,,2:26,HP Field House,
Sat Aug 1 2020,3:30p,Utah Jazz,94,Oklahoma City Thunder,110,Box Score,,,2:21,The Arena,
Sat Aug 1 2020,6:00p,New Orleans Pelicans,103,Los Angeles Clippers,126,Box Score,,,2:18,HP Field House,
Sat Aug 1 2020,7:00p,Philadelphia 76ers,121,Indiana Pacers,127,Box Score,,,2:24,Visa Athletic Center,
Sat Aug 1 2020,8:30p,Los Angeles Lakers,92,Toronto Raptors,107,Box Score,,,2:29,The Arena,
Sun Aug 2 2020,2:00p,Washington Wizards,110,Brooklyn Nets,118,Box Score,,,2:25,HP Field House,
Sun Aug 2 2020,3:30p,Portland Trail Blazers,124,Boston Celtics,128,Box Score,,,2:26,The Arena,
Sun Aug 2 2020,4:00p,San Antonio Spurs,108,Memphis Grizzlies,106,Box Score,,,2:31,Visa Athletic Center,
Sun Aug 2 2020,6:00p,Sacramento Kings,116,Orlando Magic,132,Box Score,,,2:20,HP Field House,
Sun Aug 2 2020,8:30p,Milwaukee Bucks,116,Houston Rockets,120,Box Score,,,2:27,The Arena,
Sun Aug 2 2020,9:00p,Dallas Mavericks,115,Phoenix Suns,117,Box Score,,,2:34,Visa Athletic Center,
Mon Aug 3 2020,1:30p,Toronto Raptors,107,Miami Heat,103,Box Score,,,2:33,HP Field House,
Mon Aug 3 2020,4:00p,Denver Nuggets,121,Oklahoma City Thunder,113,Box Score,OT,,2:46,The Arena,
Mon Aug 3 2020,4:00p,Indiana Pacers,111,Washington Wizards,100,Box Score,,,2:13,Visa Athletic Center,
Mon Aug 3 2020,6:30p,Memphis Grizzlies,99,New Orleans Pelicans,109,Box Score,,,2:24,HP Field House,
Mon Aug 3 2020,8:00p,San Antonio Spurs,130,Philadelphia 76ers,132,Box Score,,,2:38,Visa Athletic Center,
Mon Aug 3 2020,9:00p,Los Angeles Lakers,116,Utah Jazz,108,Box Score,,,2:33,The Arena,
Tue Aug 4 2020,1:30p,Brooklyn Nets,119,Milwaukee Bucks,116,Box Score,,,2:27,Visa Athletic Center,
Tue Aug 4 2020,2:30p,Dallas Mavericks,114,Sacramento Kings,110,Box Score,OT,,2:43,HP Field House,
Tue Aug 4 2020,4:00p,Phoenix Suns,117,Los Angeles Clippers,115,Box Score,,,2:16,The Arena,
Tue Aug 4 2020,6:00p,Orlando Magic,109,Indiana Pacers,120,Box Score,,,2:09,Visa Athletic Center,
Tue Aug 4 2020,6:30p,Boston Celtics,106,Miami Heat,112,Box Score,,,2:28,HP Field House,
Tue Aug 4 2020,9:00p,Houston Rockets,102,Portland Trail Blazers,110,Box Score,,,2:22,The Arena,
Wed Aug 5 2020,2:30p,Memphis Grizzlies,115,Utah Jazz,124,Box Score,,,2:35,HP Field House,
Wed Aug 5 2020,4:00p,Denver Nuggets,132,San Antonio Spurs,126,Box Score,,,2:22,Visa Athletic Center,
Wed Aug 5 2020,4:00p,Philadelphia 76ers,107,Washington Wizards,98,Box Score,,,2:23,The Arena,
Wed Aug 5 2020,6:30p,Oklahoma City Thunder,105,Los Angeles Lakers,86,Box Score,,,2:31,HP Field House,
Wed Aug 5 2020,8:00p,Toronto Raptors,109,Orlando Magic,99,Box Score,,,2:23,Visa Athletic Center,
Wed Aug 5 2020,9:00p,Brooklyn Nets,115,Boston Celtics,149,Box Score,,,2:16,The Arena,
Thu Aug 6 2020,1:30p,New Orleans Pelicans,125,Sacramento Kings,140,Box Score,,,2:16,HP Field House,
Thu Aug 6 2020,4:00p,Miami Heat,116,Milwaukee Bucks,130,Box Score,,,2:29,The Arena,
Thu Aug 6 2020,4:00p,Indiana Pacers,99,Phoenix Suns,114,Box Score,,,2:09,Visa Athletic Center,
Thu Aug 6 2020,6:30p,Los Angeles Clippers,126,Dallas Mavericks,111,Box Score,,,2:16,HP Field House,
Thu Aug 6 2020,8:00p,Portland Trail Blazers,125,Denver Nuggets,115,Box Score,,,2:13,Visa Athletic Center,
Thu Aug 6 2020,9:00p,Los Angeles Lakers,97,Houston Rockets,113,Box Score,,,2:31,The Arena,
Fri Aug 7 2020,1:00p,Utah Jazz,111,San Antonio Spurs,119,Box Score,,,2:13,HP Field House,
Fri Aug 7 2020,4:00p,Oklahoma City Thunder,92,Memphis Grizzlies,121,Box Score,,,2:12,Visa Athletic Center,
Fri Aug 7 2020,5:00p,Sacramento Kings,106,Brooklyn Nets,119,Box Score,,,2:15,The Arena,
Fri Aug 7 2020,6:30p,Orlando Magic,101,Philadelphia 76ers,108,Box Score,,,2:28,HP Field House,
Fri Aug 7 2020,8:00p,Washington Wizards,107,New Orleans Pelicans,118,Box Score,,,2:18,Visa Athletic Center,
Fri Aug 7 2020,9:00p,Boston Celtics,122,Toronto Raptors,100,Box Score,,,2:17,The Arena,
Sat Aug 8 2020,1:00p,Los Angeles Clippers,122,Portland Trail Blazers,117,Box Score,,,2:26,HP Field House,
Sat Aug 8 2020,3:30p,Utah Jazz,132,Denver Nuggets,134,Box Score,2OT,,3:13,The Arena,
Sat Aug 8 2020,6:00p,Los Angeles Lakers,111,Indiana Pacers,116,Box Score,,,2:21,HP Field House,
Sat Aug 8 2020,7:30p,Phoenix Suns,119,Miami Heat,112,Box Score,,,2:18,Visa Athletic Center,
Sat Aug 8 2020,8:30p,Milwaukee Bucks,132,Dallas Mavericks,136,Box Score,OT,,2:50,The Arena,
Sun Aug 9 2020,12:30p,Washington Wizards,103,Oklahoma City Thunder,121,Box Score,,,2:11,The Arena,
Sun Aug 9 2020,2:00p,Memphis Grizzlies,99,Toronto Raptors,108,Box Score,,,2:27,Visa Athletic Center,
Sun Aug 9 2020,3:00p,San Antonio Spurs,122,New Orleans Pelicans,113,Box Score,,,2:30,HP Field House,
Sun Aug 9 2020,5:00p,Orlando Magic,119,Boston Celtics,122,Box Score,OT,,2:31,The Arena,
Sun Aug 9 2020,6:30p,Philadelphia 76ers,121,Portland Trail Blazers,124,Box Score,,,2:27,Visa Athletic Center,
Sun Aug 9 2020,8:00p,Houston Rockets,129,Sacramento Kings,112,Box Score,,,2:11,HP Field House,
Sun Aug 9 2020,9:00p,Brooklyn Nets,129,Los Angeles Clippers,120,Box Score,,,2:19,The Arena,
Mon Aug 10 2020,2:30p,Oklahoma City Thunder,101,Phoenix Suns,128,Box Score,,,2:17,HP Field House,
Mon Aug 10 2020,3:00p,Dallas Mavericks,122,Utah Jazz,114,Box Score,,,2:13,The Arena,
Mon Aug 10 2020,6:30p,Toronto Raptors,114,Milwaukee Bucks,106,Box Score,,,2:22,HP Field House,
Mon Aug 10 2020,8:00p,Indiana Pacers,92,Miami Heat,114,Box Score,,,2:08,Visa Athletic Center,
Mon Aug 10 2020,9:00p,Denver Nuggets,121,Los Angeles Lakers,124,Box Score,,,2:28,The Arena,
Tue Aug 11 2020,1:00p,Brooklyn Nets,108,Orlando Magic,96,Box Score,,,2:17,The Arena,
Tue Aug 11 2020,2:00p,Houston Rockets,105,San Antonio Spurs,123,Box Score,,,2:07,HP Field House,
Tue Aug 11 2020,4:30p,Phoenix Suns,130,Philadelphia 76ers,117,Box Score,,,2:11,Visa Athletic Center,
Tue Aug 11 2020,5:00p,Boston Celtics,122,Memphis Grizzlies,107,Box Score,,,2:22,The Arena,
Tue Aug 11 2020,6:30p,Portland Trail Blazers,134,Dallas Mavericks,131,Box Score,,,2:29,HP Field House,
Tue Aug 11 2020,9:00p,New Orleans Pelicans,106,Sacramento Kings,112,Box Score,,,2:16,The Arena,
Tue Aug 11 2020,9:00p,Milwaukee Bucks,126,Washington Wizards,113,Box Score,,,2:24,Visa Athletic Center,
Wed Aug 12 2020,4:00p,Indiana Pacers,108,Houston Rockets,104,Box Score,,,2:17,The Arena,
Wed Aug 12 2020,6:30p,Toronto Raptors,125,Philadelphia 76ers,121,Box Score,,,2:33,HP Field House,
Wed Aug 12 2020,8:00p,Miami Heat,115,Oklahoma City Thunder,116,Box Score,,,2:18,Visa Athletic Center,
Wed Aug 12 2020,9:00p,Los Angeles Clippers,124,Denver Nuggets,111,Box Score,,,2:13,The Arena,
Thu Aug 13 2020,12:00p,Washington Wizards,96,Boston Celtics,90,Box Score,,,2:19,The Arena,
Thu Aug 13 2020,1:30p,Sacramento Kings,136,Los Angeles Lakers,122,Box Score,,,2:04,HP Field House,
Thu Aug 13 2020,4:00p,Milwaukee Bucks,106,Memphis Grizzlies,119,Box Score,,,2:16,Visa Athletic Center,
Thu Aug 13 2020,4:00p,Dallas Mavericks,102,Phoenix Suns,128,Box Score,,,2:14,The Arena,
Thu Aug 13 2020,6:30p,San Antonio Spurs,112,Utah Jazz,118,Box Score,,,2:16,HP Field House,
Thu Aug 13 2020,9:00p,Portland Trail Blazers,134,Brooklyn Nets,133,Box Score,,,2:18,The Arena,
Thu Aug 13 2020,9:00p,New Orleans Pelicans,127,Orlando Magic,133,Box Score,,,2:20,Visa Athletic Center,
Fri Aug 14 2020,1:30p,Denver Nuggets,109,Toronto Raptors,117,Box Score,,,2:13,HP Field House,
Fri Aug 14 2020,4:00p,Miami Heat,92,Indiana Pacers,109,Box Score,,,2:18,The Arena,
Fri Aug 14 2020,6:30p,Oklahoma City Thunder,103,Los Angeles Clippers,107,Box Score,OT,,2:42,HP Field House,
Fri Aug 14 2020,9:00p,Philadelphia 76ers,134,Houston Rockets,96,Box Score,,,2:07,The Arena,
Sat Aug 15 2020,2:30p,Memphis Grizzlies,122,Portland Trail Blazers,126,Box Score,,,2:25,HP Field House,Play-In Game
Mon Aug 17 2020,1:30p,Utah Jazz,125,Denver Nuggets,135,Box Score,OT,,2:33,HP Field House,
Mon Aug 17 2020,4:00p,Brooklyn Nets,110,Toronto Raptors,134,Box Score,,,2:26,The Arena,
Mon Aug 17 2020,6:30p,Philadelphia 76ers,101,Boston Celtics,109,Box Score,,,2:25,HP Field House,
Mon Aug 17 2020,9:00p,Dallas Mavericks,110,Los Angeles Clippers,118,Box Score,,,2:30,The Arena,
Tue Aug 18 2020,1:30p,Orlando Magic,122,Milwaukee Bucks,110,Box Score,,,2:25,HP Field House,
Tue Aug 18 2020,4:00p,Miami Heat,113,Indiana Pacers,101,Box Score,,,2:20,The Arena,
Tue Aug 18 2020,6:30p,Oklahoma City Thunder,108,Houston Rockets,123,Box Score,,,2:20,HP Field House,
Tue Aug 18 2020,9:00p,Portland Trail Blazers,100,Los Angeles Lakers,93,Box Score,,,2:38,The Arena,
Wed Aug 19 2020,1:30p,Brooklyn Nets,99,Toronto Raptors,104,Box Score,,,2:32,HP Field House,
Wed Aug 19 2020,4:00p,Utah Jazz,124,Denver Nuggets,105,Box Score,,,2:15,The Arena,
Wed Aug 19 2020,6:30p,Philadelphia 76ers,101,Boston Celtics,128,Box Score,,,2:21,HP Field House,
Wed Aug 19 2020,9:00p,Dallas Mavericks,127,Los Angeles Clippers,114,Box Score,,,2:40,The Arena,
Thu Aug 20 2020,1:00p,Miami Heat,109,Indiana Pacers,100,Box Score,,,2:22,HP Field House,
Thu Aug 20 2020,3:30p,Oklahoma City Thunder,98,Houston Rockets,111,Box Score,,,2:25,The Arena,
Thu Aug 20 2020,6:00p,Orlando Magic,96,Milwaukee Bucks,111,Box Score,,,2:21,HP Field House,
Thu Aug 20 2020,9:00p,Portland Trail Blazers,88,Los Angeles Lakers,111,Box Score,,,2:12,The Arena,
Fri Aug 21 2020,1:30p,Toronto Raptors,117,Brooklyn Nets,92,Box Score,,,2:08,HP Field House,
Fri Aug 21 2020,4:00p,Denver Nuggets,87,Utah Jazz,124,Box Score,,,2:14,The Arena,
Fri Aug 21 2020,6:30p,Boston Celtics,102,Philadelphia 76ers,94,Box Score,,,2:29,HP Field House,
Fri Aug 21 2020,9:00p,Los Angeles Clippers,130,Dallas Mavericks,122,Box Score,,,2:28,The Arena,
Sat Aug 22 2020,1:00p,Milwaukee Bucks,121,Orlando Magic,107,Box Score,,,2:18,HP Field House,
Sat Aug 22 2020,3:30p,Indiana Pacers,115,Miami Heat,124,Box Score,,,2:38,The Arena,
Sat Aug 22 2020,6:00p,Houston Rockets,107,Oklahoma City Thunder,119,Box Score,OT,,2:46,HP Field House,
Sat Aug 22 2020,8:30p,Los Angeles Lakers,116,Portland Trail Blazers,108,Box Score,,,2:24,The Arena,
Sun Aug 23 2020,1:00p,Boston Celtics,110,Philadelphia 76ers,106,Box Score,,,2:37,HP Field House,
Sun Aug 23 2020,3:30p,Los Angeles Clippers,133,Dallas Mavericks,135,Box Score,OT,,2:44,The Arena,
Sun Aug 23 2020,6:30p,Toronto Raptors,150,Brooklyn Nets,122,Box Score,,,2:20,HP Field House,
Sun Aug 23 2020,9:00p,Denver Nuggets,127,Utah Jazz,129,Box Score,,,2:30,The Arena,
Mon Aug 24 2020,1:30p,Milwaukee Bucks,121,Orlando Magic,106,Box Score,,,2:17,HP Field House,
Mon Aug 24 2020,4:00p,Houston Rockets,114,Oklahoma City Thunder,117,Box Score,,,2:26,The Arena,
Mon Aug 24 2020,6:30p,Indiana Pacers,87,Miami Heat,99,Box Score,,,2:21,HP Field House,
Mon Aug 24 2020,9:00p,Los Angeles Lakers,135,Portland Trail Blazers,115,Box Score,,,2:27,The Arena,
Tue Aug 25 2020,6:30p,Utah Jazz,107,Denver Nuggets,117,Box Score,,,2:25,HP Field House,
Tue Aug 25 2020,9:00p,Dallas Mavericks,111,Los Angeles Clippers,154,Box Score,,,2:33,The Arena,
Sat Aug 29 2020,3:30p,Orlando Magic,104,Milwaukee Bucks,118,Box Score,,,2:21,The Arena,
Sat Aug 29 2020,6:30p,Oklahoma City Thunder,80,Houston Rockets,114,Box Score,,,2:18,HP Field House,
Sat Aug 29 2020,9:00p,Portland Trail Blazers,122,Los Angeles Lakers,131,Box Score,,,2:33,The Arena,
Sun Aug 30 2020,1:00p,Boston Celtics,112,Toronto Raptors,94,Box Score,,,2:24,HP Field House,
Sun Aug 30 2020,3:30p,Los Angeles Clippers,111,Dallas Mavericks,97,Box Score,,,2:16,The Arena,
Sun Aug 30 2020,8:30p,Denver Nuggets,119,Utah Jazz,107,Box Score,,,2:25,The Arena,
Mon Aug 31 2020,6:30p,Miami Heat,115,Milwaukee Bucks,104,Box Score,,,2:33,HP Field House,
Mon Aug 31 2020,9:00p,Houston Rockets,100,Oklahoma City Thunder,104,Box Score,,,2:24,The Arena,
Tue Sep 1 2020,5:30p,Boston Celtics,102,Toronto Raptors,99,Box Score,,,2:26,HP Field House,
Tue Sep 1 2020,8:30p,Utah Jazz,78,Denver Nuggets,80,Box Score,,,2:13,The Arena,
Wed Sep 2 2020,6:30p,Miami Heat,116,Milwaukee Bucks,114,Box Score,,,2:47,HP Field House,
Wed Sep 2 2020,9:00p,Oklahoma City Thunder,102,Houston Rockets,104,Box Score,,,2:30,The Arena,
Thu Sep 3 2020,6:30p,Toronto Raptors,104,Boston Celtics,103,Box Score,,,2:24,HP Field House,
Thu Sep 3 2020,9:00p,Denver Nuggets,97,Los Angeles Clippers,120,Box Score,,,2:13,The Arena,
Fri Sep 4 2020,6:30p,Milwaukee Bucks,100,Miami Heat,115,Box Score,,,2:31,HP Field House,
Fri Sep 4 2020,9:00p,Houston Rockets,112,Los Angeles Lakers,97,Box Score,,,2:24,The Arena,
Sat Sep 5 2020,6:30p,Toronto Raptors,100,Boston Celtics,93,Box Score,,,2:27,HP Field House,
Sat Sep 5 2020,9:00p,Denver Nuggets,110,Los Angeles Clippers,101,Box Score,,,2:22,The Arena,
Sun Sep 6 2020,3:30p,Milwaukee Bucks,118,Miami Heat,115,Box Score,OT,,2:45,The Arena,
Sun Sep 6 2020,8:30p,Houston Rockets,109,Los Angeles Lakers,117,Box Score,,,2:24,The Arena,
Mon Sep 7 2020,6:30p,Boston Celtics,111,Toronto Raptors,89,Box Score,,,2:18,HP Field House,
Mon Sep 7 2020,9:00p,Los Angeles Clippers,113,Denver Nuggets,107,Box Score,,,2:24,The Arena,
Tue Sep 8 2020,6:30p,Miami Heat,103,Milwaukee Bucks,94,Box Score,,,2:32,HP Field House,
Tue Sep 8 2020,9:00p,Los Angeles Lakers,112,Houston Rockets,102,Box Score,,,2:20,The Arena,
Wed Sep 9 2020,6:30p,Toronto Raptors,125,Boston Celtics,122,Box Score,2OT,,3:01,HP Field House,
Wed Sep 9 2020,9:00p,Los Angeles Clippers,96,Denver Nuggets,85,Box Score,,,2:43,The Arena,
Thu Sep 10 2020,7:00p,Los Angeles Lakers,110,Houston Rockets,100,Box Score,,,2:29,The Arena,
Fri Sep 11 2020,6:30p,Denver Nuggets,111,Los Angeles Clippers,105,Box Score,,,2:29,HP Field House,
Fri Sep 11 2020,9:00p,Boston Celtics,92,Toronto Raptors,87,Box Score,,,2:22,The Arena,
Sat Sep 12 2020,8:00p,Houston Rockets,96,Los Angeles Lakers,119,Box Score,,,2:22,The Arena,
Sun Sep 13 2020,1:00p,Los Angeles Clippers,98,Denver Nuggets,111,Box Score,,,2:27,The Arena,
Tue Sep 15 2020,6:30p,Miami Heat,117,Boston Celtics,114,Box Score,OT,,2:41,HP Field House,
Tue Sep 15 2020,9:00p,Denver Nuggets,104,Los Angeles Clippers,89,Box Score,,,2:17,The Arena,
Thu Sep 17 2020,7:00p,Miami Heat,106,Boston Celtics,101,Box Score,,,2:22,The Arena,
Fri Sep 18 2020,9:00p,Denver Nuggets,114,Los Angeles Lakers,126,Box Score,,,2:31,The Arena,
Sat Sep 19 2020,8:30p,Boston Celtics,117,Miami Heat,106,Box Score,,,2:29,The Arena,
Sun Sep 20 2020,7:30p,Denver Nuggets,103,Los Angeles Lakers,105,Box Score,,,2:35,The Arena,
Tue Sep 22 2020,9:00p,Los Angeles Lakers,106,Denver Nuggets,114,Box Score,,,2:34,The Arena,
Wed Sep 23 2020,8:30p,Boston Celtics,109,Miami Heat,112,Box Score,,,2:35,The Arena,
Thu Sep 24 2020,9:00p,Los Angeles Lakers,114,Denver Nuggets,108,Box Score,,,2:31,The Arena,
Fri Sep 25 2020,8:30p,Miami Heat,108,Boston Celtics,121,Box Score,,,2:35,The Arena,
Sat Sep 26 2020,9:00p,Denver Nuggets,107,Los Angeles Lakers,117,Box Score,,,2:32,The Arena,
Sun Sep 27 2020,7:30p,Boston Celtics,113,Miami Heat,125,Box Score,,,2:19,The Arena,
Wed Sep 30 2020,9:00p,Miami Heat,98,Los Angeles Lakers,116,Box Score,,,2:24,The Arena,
Fri Oct 2 2020,9:00p,Miami Heat,114,Los Angeles Lakers,124,Box Score,,,2:22,The Arena,
Sun Oct 4 2020,7:30p,Los Angeles Lakers,104,Miami Heat,115,Box Score,,,2:26,The Arena,
Tue Oct 6 2020,9:00p,Los Angeles Lakers,102,Miami Heat,96,Box Score,,,2:29,The Arena,
Fri Oct 9 2020,9:00p,Miami Heat,111,Los Angeles Lakers,108,Box Score,,,2:28,The Arena,
Sun Oct 11 2020,7:30p,Los Angeles Lakers,106,Miami Heat,93,Box Score,,,2:21,The Arena,
Tue Dec 22 2020,7:00p,Golden State Warriors,99,Brooklyn Nets,125,Box Score,,Box Score,,0,2:14
Tue Dec 22 2020,10:00p,Los Angeles Clippers,116,Los Angeles Lakers,109,Box Score,,Box Score,,0,2:28
Wed Dec 23 2020,7:00p,Charlotte Hornets,114,Cleveland Cavaliers,121,Box Score,,Box Score,,300,2:11
Wed Dec 23 2020,7:00p,New York Knicks,107,Indiana Pacers,121,Box Score,,Box Score,,0,2:12
Wed Dec 23 2020,7:00p,Miami Heat,107,Orlando Magic,113,Box Score,,Box Score,,"3,396",2:11
Wed Dec 23 2020,7:00p,Washington Wizards,107,Philadelphia 76ers,113,Box Score,,Box Score,,0,2:25
Wed Dec 23 2020,7:30p,New Orleans Pelicans,113,Toronto Raptors,99,Box Score,,Box Score,,"3,800",2:09
Wed Dec 23 2020,7:30p,Milwaukee Bucks,121,Boston Celtics,122,Box Score,,Box Score,,0,2:20
Wed Dec 23 2020,8:00p,Atlanta Hawks,124,Chicago Bulls,104,Box Score,,Box Score,,0,2:13
Wed Dec 23 2020,8:00p,San Antonio Spurs,131,Memphis Grizzlies,119,Box Score,,Box Score,,0,2:08
Wed Dec 23 2020,8:00p,Detroit Pistons,101,Minnesota Timberwolves,111,Box Score,,Box Score,,0,2:09
Wed Dec 23 2020,9:00p,Sacramento Kings,124,Denver Nuggets,122,Box Score,,Box Score,OT,0,2:36
Wed Dec 23 2020,10:00p,Utah Jazz,120,Portland Trail Blazers,100,Box Score,,Box Score,,0,2:03
Wed Dec 23 2020,10:30p,Dallas Mavericks,102,Phoenix Suns,106,Box Score,,Box Score,,0,2:25
Fri Dec 25 2020,12:00p,New Orleans Pelicans,98,Miami Heat,111,Box Score,,Box Score,,0,2:28
Fri Dec 25 2020,2:30p,Golden State Warriors,99,Milwaukee Bucks,138,Box Score,,Box Score,,0,2:17
Fri Dec 25 2020,5:00p,Brooklyn Nets,123,Boston Celtics,95,Box Score,,Box Score,,0,2:19
Fri Dec 25 2020,8:00p,Dallas Mavericks,115,Los Angeles Lakers,138,Box Score,,Box Score,,0,2:26
Fri Dec 25 2020,10:30p,Los Angeles Clippers,121,Denver Nuggets,108,Box Score,,Box Score,,0,2:30
Sat Dec 26 2020,5:00p,Atlanta Hawks,122,Memphis Grizzlies,112,Box Score,,Box Score,,0,2:17
Sat Dec 26 2020,7:00p,Oklahoma City Thunder,109,Charlotte Hornets,107,Box Score,,Box Score,,0,2:22
Sat Dec 26 2020,7:00p,Cleveland Cavaliers,128,Detroit Pistons,119,Box Score,,Box Score,2OT,0,2:49
Sat Dec 26 2020,7:00p,Orlando Magic,130,Washington Wizards,120,Box Score,,Box Score,,0,2:15
Sat Dec 26 2020,7:30p,Philadelphia 76ers,109,New York Knicks,89,Box Score,,Box Score,,0,2:14
Sat Dec 26 2020,8:00p,Indiana Pacers,125,Chicago Bulls,106,Box Score,,Box Score,,0,2:09
Sat Dec 26 2020,8:30p,Toronto Raptors,114,San Antonio Spurs,119,Box Score,,Box Score,,0,2:11
Sat Dec 26 2020,9:00p,Minnesota Timberwolves,116,Utah Jazz,111,Box Score,,Box Score,,"1,932",2:28
Sat Dec 26 2020,10:00p,Houston Rockets,126,Portland Trail Blazers,128,Box Score,,Box Score,OT,0,2:37
Sat Dec 26 2020,10:00p,Phoenix Suns,103,Sacramento Kings,106,Box Score,,Box Score,,0,2:13
Sun Dec 27 2020,3:30p,Dallas Mavericks,124,Los Angeles Clippers,73,Box Score,,Box Score,,0,2:04
Sun Dec 27 2020,7:00p,San Antonio Spurs,95,New Orleans Pelicans,98,Box Score,,Box Score,,750,2:10
Sun Dec 27 2020,7:00p,Orlando Magic,120,Washington Wizards,113,Box Score,,Box Score,,0,2:11
Sun Dec 27 2020,7:00p,Brooklyn Nets,104,Charlotte Hornets,106,Box Score,,Box Score,,0,2:11
Sun Dec 27 2020,7:30p,Philadelphia 76ers,94,Cleveland Cavaliers,118,Box Score,,Box Score,,300,2:09
Sun Dec 27 2020,7:30p,Milwaukee Bucks,110,New York Knicks,130,Box Score,,Box Score,,0,2:19
Sun Dec 27 2020,8:00p,Boston Celtics,107,Indiana Pacers,108,Box Score,,Box Score,,0,2:10
Sun Dec 27 2020,8:00p,Golden State Warriors,129,Chicago Bulls,128,Box Score,,Box Score,,0,2:22
Sun Dec 27 2020,9:00p,Phoenix Suns,116,Sacramento Kings,100,Box Score,,Box Score,,0,2:04
Sun Dec 27 2020,10:00p,Minnesota Timberwolves,91,Los Angeles Lakers,127,Box Score,,Box Score,,0,2:10
Mon Dec 28 2020,7:30p,Memphis Grizzlies,116,Brooklyn Nets,111,Box Score,,Box Score,OT,0,2:23
Mon Dec 28 2020,7:30p,Detroit Pistons,120,Atlanta Hawks,128,Box Score,,Box Score,,0,2:16
Mon Dec 28 2020,8:00p,Utah Jazz,110,Oklahoma City Thunder,109,Box Score,,Box Score,,0,2:03
Mon Dec 28 2020,9:00p,Houston Rockets,111,Denver Nuggets,124,Box Score,,Box Score,,0,2:16
Mon Dec 28 2020,10:00p,Portland Trail Blazers,115,Los Angeles Lakers,107,Box Score,,Box Score,,0,2:14
Tue Dec 29 2020,7:00p,New York Knicks,95,Cleveland Cavaliers,86,Box Score,,Box Score,,300,2:04
Tue Dec 29 2020,7:00p,Golden State Warriors,116,Detroit Pistons,106,Box Score,,Box Score,,0,2:31
Tue Dec 29 2020,7:00p,Boston Celtics,116,Indiana Pacers,111,Box Score,,Box Score,,0,2:12
Tue Dec 29 2020,7:00p,Chicago Bulls,115,Washington Wizards,107,Box Score,,Box Score,,0,2:23
Tue Dec 29 2020,7:00p,Toronto Raptors,93,Philadelphia 76ers,100,Box Score,,Box Score,,0,2:27
Tue Dec 29 2020,7:30p,Milwaukee Bucks,144,Miami Heat,97,Box Score,,Box Score,,0,2:09
Tue Dec 29 2020,8:00p,Orlando Magic,118,Oklahoma City Thunder,107,Box Score,,Box Score,,0,2:05
Tue Dec 29 2020,10:00p,New Orleans Pelicans,86,Phoenix Suns,111,Box Score,,Box Score,,0,2:09
Tue Dec 29 2020,10:00p,Denver Nuggets,115,Sacramento Kings,125,Box Score,,Box Score,,0,2:14
Tue Dec 29 2020,10:00p,Minnesota Timberwolves,101,Los Angeles Clippers,124,Box Score,,Box Score,,0,2:08
Wed Dec 30 2020,7:30p,Milwaukee Bucks,108,Miami Heat,119,Box Score,,Box Score,,0,2:11
Wed Dec 30 2020,7:30p,Atlanta Hawks,141,Brooklyn Nets,145,Box Score,,Box Score,,0,2:09
Wed Dec 30 2020,7:30p,Memphis Grizzlies,107,Boston Celtics,126,Box Score,,Box Score,,0,2:03
Wed Dec 30 2020,8:30p,Charlotte Hornets,118,Dallas Mavericks,99,Box Score,,Box Score,,0,2:20
Wed Dec 30 2020,8:30p,Los Angeles Lakers,121,San Antonio Spurs,107,Box Score,,Box Score,,0,2:07
Wed Dec 30 2020,10:00p,Portland Trail Blazers,105,Los Angeles Clippers,128,Box Score,,Box Score,,0,2:06
Thu Dec 31 2020,3:00p,Cleveland Cavaliers,99,Indiana Pacers,119,Box Score,,Box Score,,0,2:16
Thu Dec 31 2020,5:00p,Chicago Bulls,133,Washington Wizards,130,Box Score,,Box Score,,0,2:27
Thu Dec 31 2020,6:30p,Philadelphia 76ers,116,Orlando Magic,92,Box Score,,Box Score,,"3,247",2:02
Thu Dec 31 2020,7:00p,Sacramento Kings,119,Houston Rockets,122,Box Score,,Box Score,,"3,247",2:23
Thu Dec 31 2020,7:30p,New York Knicks,83,Toronto Raptors,100,Box Score,,Box Score,,"3,449",2:09
Thu Dec 31 2020,8:00p,New Orleans Pelicans,113,Oklahoma City Thunder,80,Box Score,,Box Score,,0,2:04
Thu Dec 31 2020,9:00p,Phoenix Suns,106,Utah Jazz,95,Box Score,,Box Score,,"1,932",2:07
Fri Jan 01 2021,7:00p,Memphis Grizzlies,108,Charlotte Hornets,93,Box Score,,Box Score,,0,2:04
Fri Jan 01 2021,7:00p,Miami Heat,83,Dallas Mavericks,93,Box Score,,Box Score,,0,2:12
Fri Jan 01 2021,7:00p,Boston Celtics,93,Detroit Pistons,96,Box Score,,Box Score,,0,2:04
Fri Jan 01 2021,7:30p,Atlanta Hawks,114,Brooklyn Nets,96,Box Score,,Box Score,,0,2:00
Fri Jan 01 2021,8:00p,Chicago Bulls,96,Milwaukee Bucks,126,Box Score,,Box Score,,0,2:09
Fri Jan 01 2021,8:00p,Washington Wizards,130,Minnesota Timberwolves,109,Box Score,,Box Score,,0,2:08
Fri Jan 01 2021,8:00p,Los Angeles Lakers,109,San Antonio Spurs,103,Box Score,,Box Score,,0,2:14
Fri Jan 01 2021,9:00p,Phoenix Suns,106,Denver Nuggets,103,Box Score,,Box Score,,0,2:21
Fri Jan 01 2021,9:00p,Los Angeles Clippers,100,Utah Jazz,106,Box Score,,Box Score,,"1,932",2:10
Fri Jan 01 2021,10:30p,Portland Trail Blazers,123,Golden State Warriors,98,Box Score,,Box Score,,0,2:15
Sat Jan 02 2021,5:00p,Sacramento Kings,94,Houston Rockets,102,Box Score,,Box Score,,"3,065",2:15
Sat Jan 02 2021,7:00p,New York Knicks,106,Indiana Pacers,102,Box Score,,Box Score,,0,2:11
Sat Jan 02 2021,7:00p,Oklahoma City Thunder,108,Orlando Magic,99,Box Score,,Box Score,,"3,339",2:02
Sat Jan 02 2021,7:00p,Charlotte Hornets,112,Philadelphia 76ers,127,Box Score,,Box Score,,0,2:15
Sat Jan 02 2021,7:30p,Cleveland Cavaliers,96,Atlanta Hawks,91,Box Score,,Box Score,,0,2:14
Sat Jan 02 2021,7:30p,Toronto Raptors,116,New Orleans Pelicans,120,Box Score,,Box Score,,750,2:19
Sun Jan 03 2021,3:00p,Boston Celtics,122,Detroit Pistons,120,Box Score,,Box Score,,0,2:16
Sun Jan 03 2021,6:00p,Washington Wizards,123,Brooklyn Nets,122,Box Score,,Box Score,,0,2:18
Sun Jan 03 2021,6:00p,Los Angeles Lakers,108,Memphis Grizzlies,94,Box Score,,Box Score,,0,2:07
Sun Jan 03 2021,7:00p,Denver Nuggets,124,Minnesota Timberwolves,109,Box Score,,Box Score,,0,2:02
Sun Jan 03 2021,7:00p,Utah Jazz,130,San Antonio Spurs,109,Box Score,,Box Score,,0,2:00
Sun Jan 03 2021,8:00p,Dallas Mavericks,108,Chicago Bulls,118,Box Score,,Box Score,,0,2:26
Sun Jan 03 2021,8:00p,Los Angeles Clippers,112,Phoenix Suns,107,Box Score,,Box Score,,0,2:13
Sun Jan 03 2021,8:30p,Portland Trail Blazers,122,Golden State Warriors,137,Box Score,,Box Score,,0,2:22
Mon Jan 04 2021,7:00p,Cleveland Cavaliers,83,Orlando Magic,103,Box Score,,Box Score,,"2,726",2:04
Mon Jan 04 2021,7:00p,Charlotte Hornets,101,Philadelphia 76ers,118,Box Score,,Box Score,,0,2:07
Mon Jan 04 2021,7:30p,New York Knicks,113,Atlanta Hawks,108,Box Score,,Box Score,,0,2:16
Mon Jan 04 2021,7:30p,Oklahoma City Thunder,90,Miami Heat,118,Box Score,,Box Score,,0,2:06
Mon Jan 04 2021,7:30p,Boston Celtics,126,Toronto Raptors,114,Box Score,,Box Score,,"3,740",2:19
Mon Jan 04 2021,8:00p,Dallas Mavericks,113,Houston Rockets,100,Box Score,,Box Score,,"3,070",2:20
Mon Jan 04 2021,8:00p,Detroit Pistons,115,Milwaukee Bucks,125,Box Score,,Box Score,,0,2:10
Mon Jan 04 2021,8:00p,Indiana Pacers,118,New Orleans Pelicans,116,Box Score,,Box Score,OT,750,2:24
Mon Jan 04 2021,10:00p,Sacramento Kings,106,Golden State Warriors,137,Box Score,,Box Score,,0,2:06
Tue Jan 05 2021,7:30p,Utah Jazz,96,Brooklyn Nets,130,Box Score,,Box Score,,0,2:04
Tue Jan 05 2021,8:00p,Los Angeles Lakers,94,Memphis Grizzlies,92,Box Score,,Box Score,,0,2:13
Tue Jan 05 2021,9:00p,Minnesota Timberwolves,116,Denver Nuggets,123,Box Score,,Box Score,,0,2:26
Tue Jan 05 2021,10:00p,San Antonio Spurs,116,Los Angeles Clippers,113,Box Score,,Box Score,,0,2:07
Tue Jan 05 2021,10:30p,Chicago Bulls,111,Portland Trail Blazers,108,Box Score,,Box Score,,0,2:15
Wed Jan 06 2021,7:00p,Houston Rockets,107,Indiana Pacers,114,Box Score,,Box Score,,0,2:19
Wed Jan 06 2021,7:00p,Cleveland Cavaliers,94,Orlando Magic,105,Box Score,,Box Score,,"2,948",2:06
Wed Jan 06 2021,7:00p,Washington Wizards,136,Philadelphia 76ers,141,Box Score,,Box Score,,0,2:23
Wed Jan 06 2021,7:30p,Charlotte Hornets,102,Atlanta Hawks,94,Box Score,,Box Score,,0,2:14
Wed Jan 06 2021,7:30p,Boston Celtics,107,Miami Heat,105,Box Score,,Box Score,,0,2:20
Wed Jan 06 2021,7:30p,Utah Jazz,100,New York Knicks,112,Box Score,,Box Score,,0,2:12
Wed Jan 06 2021,8:00p,Detroit Pistons,115,Milwaukee Bucks,130,Box Score,,Box Score,,0,2:13
Wed Jan 06 2021,8:00p,Oklahoma City Thunder,111,New Orleans Pelicans,110,Box Score,,Box Score,,750,2:06
Wed Jan 06 2021,9:00p,Toronto Raptors,115,Phoenix Suns,123,Box Score,,Box Score,,0,2:19
Wed Jan 06 2021,10:00p,Los Angeles Clippers,108,Golden State Warriors,101,Box Score,,Box Score,,0,2:19
Wed Jan 06 2021,10:00p,Chicago Bulls,124,Sacramento Kings,128,Box Score,,Box Score,,0,2:13
Thu Jan 07 2021,7:30p,Philadelphia 76ers,109,Brooklyn Nets,122,Box Score,,Box Score,,0,2:14
Thu Jan 07 2021,8:00p,Cleveland Cavaliers,94,Memphis Grizzlies,90,Box Score,,Box Score,,0,2:04
Thu Jan 07 2021,10:00p,Dallas Mavericks,124,Denver Nuggets,117,Box Score,,Box Score,OT,0,2:37
Thu Jan 07 2021,10:00p,San Antonio Spurs,118,Los Angeles Lakers,109,Box Score,,Box Score,,0,2:11
Thu Jan 07 2021,10:00p,Minnesota Timberwolves,117,Portland Trail Blazers,135,Box Score,,Box Score,,0,2:09
Fri Jan 08 2021,7:00p,Phoenix Suns,105,Detroit Pistons,110,Box Score,,Box Score,OT,0,2:35
Fri Jan 08 2021,7:30p,Washington Wizards,107,Boston Celtics,116,Box Score,,Box Score,,0,2:13
Fri Jan 08 2021,7:30p,Charlotte Hornets,118,New Orleans Pelicans,110,Box Score,,Box Score,,750,2:20
Fri Jan 08 2021,7:30p,Oklahoma City Thunder,101,New York Knicks,89,Box Score,,Box Score,,0,2:05
Fri Jan 08 2021,8:00p,Orlando Magic,90,Houston Rockets,132,Box Score,,Box Score,,"3,039",1:56
Fri Jan 08 2021,8:00p,Brooklyn Nets,110,Memphis Grizzlies,115,Box Score,,Box Score,,0,2:13
Fri Jan 08 2021,8:00p,Utah Jazz,131,Milwaukee Bucks,118,Box Score,,Box Score,,0,2:06
Fri Jan 08 2021,10:00p,Los Angeles Clippers,105,Golden State Warriors,115,Box Score,,Box Score,,0,2:17
Fri Jan 08 2021,10:00p,Chicago Bulls,115,Los Angeles Lakers,117,Box Score,,Box Score,,0,2:17
Fri Jan 08 2021,10:00p,Toronto Raptors,144,Sacramento Kings,123,Box Score,,Box Score,,0,2:06
Sat Jan 09 2021,3:00p,Denver Nuggets,115,Philadelphia 76ers,103,Box Score,,Box Score,,0,2:05
Sat Jan 09 2021,7:00p,Atlanta Hawks,105,Charlotte Hornets,113,Box Score,,Box Score,,0,2:10
Sat Jan 09 2021,7:00p,Phoenix Suns,125,Indiana Pacers,117,Box Score,,Box Score,,0,2:07
Sat Jan 09 2021,7:00p,Miami Heat,128,Washington Wizards,124,Box Score,,Box Score,,0,2:15
Sat Jan 09 2021,8:00p,Cleveland Cavaliers,90,Milwaukee Bucks,100,Box Score,,Box Score,,0,2:09
Sat Jan 09 2021,8:00p,San Antonio Spurs,125,Minnesota Timberwolves,122,Box Score,,Box Score,OT,0,2:28
Sat Jan 09 2021,8:30p,Orlando Magic,98,Dallas Mavericks,112,Box Score,,Box Score,,0,2:07
Sat Jan 09 2021,10:00p,Portland Trail Blazers,125,Sacramento Kings,99,Box Score,,Box Score,,0,2:12
Sun Jan 10 2021,3:00p,Utah Jazz,96,Detroit Pistons,86,Box Score,,Box Score,,0,2:14
Sun Jan 10 2021,4:00p,Chicago Bulls,127,Los Angeles Clippers,130,Box Score,,Box Score,,0,2:20
Sun Jan 10 2021,6:00p,Oklahoma City Thunder,129,Brooklyn Nets,116,Box Score,,Box Score,,0,2:07
Sun Jan 10 2021,6:00p,Denver Nuggets,114,New York Knicks,89,Box Score,,Box Score,,0,2:05
Sun Jan 10 2021,7:00p,Los Angeles Lakers,120,Houston Rockets,102,Box Score,,Box Score,,"3,327",2:29
Sun Jan 10 2021,8:00p,San Antonio Spurs,88,Minnesota Timberwolves,96,Box Score,,Box Score,,0,2:11
Sun Jan 10 2021,8:30p,Toronto Raptors,105,Golden State Warriors,106,Box Score,,Box Score,,0,2:22
Mon Jan 11 2021,7:00p,New York Knicks,88,Charlotte Hornets,109,Box Score,,Box Score,,0,2:10
Mon Jan 11 2021,7:00p,Memphis Grizzlies,101,Cleveland Cavaliers,91,Box Score,,Box Score,,"1,944",2:19
Mon Jan 11 2021,7:00p,Milwaukee Bucks,121,Orlando Magic,99,Box Score,,Box Score,,"3,248",2:05
Mon Jan 11 2021,7:00p,Phoenix Suns,107,Washington Wizards,128,Box Score,,Box Score,,0,2:12
Mon Jan 11 2021,7:30p,Philadelphia 76ers,94,Atlanta Hawks,112,Box Score,,Box Score,,0,2:01
Mon Jan 11 2021,10:00p,Toronto Raptors,111,Portland Trail Blazers,112,Box Score,,Box Score,,0,2:06
Mon Jan 11 2021,10:00p,Indiana Pacers,122,Sacramento Kings,127,Box Score,,Box Score,,0,2:19
Tue Jan 12 2021,7:00p,Miami Heat,134,Philadelphia 76ers,137,Box Score,,Box Score,OT,0,2:40
Tue Jan 12 2021,7:30p,Denver Nuggets,116,Brooklyn Nets,122,Box Score,,Box Score,,0,2:06
Tue Jan 12 2021,7:30p,Utah Jazz,117,Cleveland Cavaliers,87,Box Score,,Box Score,,"1,944",1:57
Tue Jan 12 2021,8:00p,Los Angeles Lakers,117,Houston Rockets,100,Box Score,,Box Score,,"3,221",2:08
Tue Jan 12 2021,8:00p,San Antonio Spurs,112,Oklahoma City Thunder,102,Box Score,,Box Score,,0,2:09
Tue Jan 12 2021,10:30p,Indiana Pacers,104,Golden State Warriors,95,Box Score,,Box Score,,0,2:23
Wed Jan 13 2021,7:00p,Dallas Mavericks,104,Charlotte Hornets,93,Box Score,,Box Score,,0,2:02
Wed Jan 13 2021,7:00p,Milwaukee Bucks,110,Detroit Pistons,101,Box Score,,Box Score,,0,2:05
Wed Jan 13 2021,7:30p,Brooklyn Nets,116,New York Knicks,109,Box Score,,Box Score,,0,2:07
Wed Jan 13 2021,8:00p,Memphis Grizzlies,118,Minnesota Timberwolves,107,Box Score,,Box Score,,0,2:13
Wed Jan 13 2021,8:00p,Los Angeles Lakers,128,Oklahoma City Thunder,99,Box Score,,Box Score,,0,2:05
Wed Jan 13 2021,10:00p,New Orleans Pelicans,106,Los Angeles Clippers,111,Box Score,,Box Score,,0,2:12
Wed Jan 13 2021,10:00p,Portland Trail Blazers,132,Sacramento Kings,126,Box Score,,Box Score,,0,2:15
Thu Jan 14 2021,7:00p,Miami Heat,108,Philadelphia 76ers,125,Box Score,,Box Score,,0,2:14
Thu Jan 14 2021,7:30p,Houston Rockets,109,San Antonio Spurs,105,Box Score,,Box Score,,0,2:18
Thu Jan 14 2021,7:30p,Charlotte Hornets,108,Toronto Raptors,111,Box Score,,Box Score,,0,2:05
Thu Jan 14 2021,10:00p,Golden State Warriors,104,Denver Nuggets,114,Box Score,,Box Score,,0,2:14
Thu Jan 14 2021,10:00p,Indiana Pacers,111,Portland Trail Blazers,87,Box Score,,Box Score,,0,2:04
Fri Jan 15 2021,7:30p,Orlando Magic,97,Boston Celtics,124,Box Score,,Box Score,,0,2:05
Fri Jan 15 2021,7:30p,New York Knicks,103,Cleveland Cavaliers,106,Box Score,,Box Score,,"1,944",2:13
Fri Jan 15 2021,7:30p,Dallas Mavericks,109,Milwaukee Bucks,112,Box Score,,Box Score,,0,2:21
Fri Jan 15 2021,8:00p,Chicago Bulls,125,Oklahoma City Thunder,127,Box Score,,Box Score,OT,0,2:26
Fri Jan 15 2021,9:00p,Atlanta Hawks,92,Utah Jazz,116,Box Score,,Box Score,,"1,932",2:06
Fri Jan 15 2021,10:00p,New Orleans Pelicans,95,Los Angeles Lakers,112,Box Score,,Box Score,,0,2:19
Fri Jan 15 2021,10:00p,Los Angeles Clippers,138,Sacramento Kings,100,Box Score,,Box Score,,0,2:01
Sat Jan 16 2021,5:00p,Houston Rockets,91,San Antonio Spurs,103,Box Score,,Box Score,,0,2:12
Sat Jan 16 2021,6:00p,Orlando Magic,115,Brooklyn Nets,122,Box Score,,Box Score,,0,2:13
Sat Jan 16 2021,7:30p,Charlotte Hornets,113,Toronto Raptors,116,Box Score,,Box Score,,0,2:19
Sat Jan 16 2021,8:00p,Philadelphia 76ers,104,Memphis Grizzlies,106,Box Score,,Box Score,,206,2:16
Sat Jan 16 2021,8:00p,Detroit Pistons,120,Miami Heat,100,Box Score,,Box Score,,0,2:20
Sat Jan 16 2021,10:00p,Atlanta Hawks,106,Portland Trail Blazers,112,Box Score,,Box Score,,0,2:18
Sun Jan 17 2021,1:00p,New York Knicks,105,Boston Celtics,75,Box Score,,Box Score,,0,2:14
Sun Jan 17 2021,3:00p,Chicago Bulls,117,Dallas Mavericks,101,Box Score,,Box Score,,0,2:13
Sun Jan 17 2021,8:00p,Utah Jazz,109,Denver Nuggets,105,Box Score,,Box Score,,0,2:17
Sun Jan 17 2021,9:00p,New Orleans Pelicans,128,Sacramento Kings,123,Box Score,,Box Score,,0,2:22
Sun Jan 17 2021,10:00p,Indiana Pacers,96,Los Angeles Clippers,129,Box Score,,Box Score,,0,2:07
Mon Jan 18 2021,12:00p,Orlando Magic,84,New York Knicks,91,Box Score,,Box Score,,0,2:13
Mon Jan 18 2021,2:30p,Minnesota Timberwolves,97,Atlanta Hawks,108,Box Score,,Box Score,,0,2:13
Mon Jan 18 2021,3:00p,San Antonio Spurs,125,Portland Trail Blazers,104,Box Score,,Box Score,,0,2:04
Mon Jan 18 2021,5:00p,Phoenix Suns,104,Memphis Grizzlies,108,Box Score,,Box Score,,204,2:18
Mon Jan 18 2021,7:30p,Milwaukee Bucks,123,Brooklyn Nets,125,Box Score,,Box Score,,0,2:16
Mon Jan 18 2021,7:30p,Dallas Mavericks,93,Toronto Raptors,116,Box Score,,Box Score,,0,2:14
Mon Jan 18 2021,8:00p,Houston Rockets,120,Chicago Bulls,125,Box Score,,Box Score,,0,2:13
Mon Jan 18 2021,8:00p,Detroit Pistons,107,Miami Heat,113,Box Score,,Box Score,,0,2:25
Mon Jan 18 2021,10:00p,Golden State Warriors,115,Los Angeles Lakers,113,Box Score,,Box Score,,0,2:29
Tue Jan 19 2021,9:00p,Oklahoma City Thunder,101,Denver Nuggets,119,Box Score,,Box Score,,0,1:59
Tue Jan 19 2021,9:00p,New Orleans Pelicans,102,Utah Jazz,118,Box Score,,Box Score,,"1,932",2:05
Wed Jan 20 2021,7:00p,Brooklyn Nets,135,Cleveland Cavaliers,147,Box Score,,Box Score,2OT,"1,944",2:39
Wed Jan 20 2021,7:00p,Dallas Mavericks,124,Indiana Pacers,112,Box Score,,Box Score,,0,2:09
Wed Jan 20 2021,7:00p,Boston Celtics,109,Philadelphia 76ers,117,Box Score,,Box Score,,0,2:26
Wed Jan 20 2021,7:30p,Detroit Pistons,115,Atlanta Hawks,123,Box Score,,Box Score,OT,0,2:33
Wed Jan 20 2021,7:30p,Miami Heat,111,Toronto Raptors,102,Box Score,,Box Score,,0,2:13
Wed Jan 20 2021,8:00p,Orlando Magic,97,Minnesota Timberwolves,96,Box Score,,Box Score,,0,2:15
Wed Jan 20 2021,9:30p,Phoenix Suns,109,Houston Rockets,103,Box Score,,Box Score,,"3,022",2:22
Wed Jan 20 2021,10:00p,San Antonio Spurs,99,Golden State Warriors,121,Box Score,,Box Score,,0,2:09
Wed Jan 20 2021,10:00p,Sacramento Kings,96,Los Angeles Clippers,115,Box Score,,Box Score,,0,2:02
Thu Jan 21 2021,7:30p,Los Angeles Lakers,113,Milwaukee Bucks,106,Box Score,,Box Score,,0,2:16
Thu Jan 21 2021,10:00p,New York Knicks,119,Golden State Warriors,104,Box Score,,Box Score,,0,2:24
Thu Jan 21 2021,10:00p,New Orleans Pelicans,118,Utah Jazz,129,Box Score,,Box Score,,"1,932",2:26
Fri Jan 22 2021,7:00p,Chicago Bulls,123,Charlotte Hornets,110,Box Score,,Box Score,,0,2:07
Fri Jan 22 2021,7:00p,Houston Rockets,103,Detroit Pistons,102,Box Score,,Box Score,,0,2:18
Fri Jan 22 2021,7:00p,Orlando Magic,118,Indiana Pacers,120,Box Score,,Box Score,OT,0,2:28
Fri Jan 22 2021,7:30p,Brooklyn Nets,113,Cleveland Cavaliers,125,Box Score,,Box Score,,"1,944",2:10
Fri Jan 22 2021,7:30p,Boston Celtics,110,Philadelphia 76ers,122,Box Score,,Box Score,,0,2:18
Fri Jan 22 2021,7:30p,Miami Heat,81,Toronto Raptors,101,Box Score,,Box Score,,0,2:01
Fri Jan 22 2021,8:00p,Atlanta Hawks,116,Minnesota Timberwolves,98,Box Score,,Box Score,,0,2:02
Fri Jan 22 2021,8:30p,Dallas Mavericks,122,San Antonio Spurs,117,Box Score,,Box Score,,0,2:13
Fri Jan 22 2021,10:00p,Oklahoma City Thunder,106,Los Angeles Clippers,120,Box Score,,Box Score,,0,2:05
Fri Jan 22 2021,10:00p,Denver Nuggets,130,Phoenix Suns,126,Box Score,,Box Score,OT,0,2:24
Fri Jan 22 2021,10:00p,New York Knicks,94,Sacramento Kings,103,Box Score,,Box Score,,0,2:23
Sat Jan 23 2021,8:00p,Miami Heat,124,Brooklyn Nets,128,Box Score,,Box Score,,0,2:25
Sat Jan 23 2021,8:00p,Philadelphia 76ers,114,Detroit Pistons,110,Box Score,,Box Score,,0,2:20
Sat Jan 23 2021,8:00p,New Orleans Pelicans,110,Minnesota Timberwolves,120,Box Score,,Box Score,,0,2:21
Sat Jan 23 2021,9:00p,Los Angeles Lakers,101,Chicago Bulls,90,Box Score,,Box Score,,0,2:18
Sat Jan 23 2021,9:00p,Houston Rockets,133,Dallas Mavericks,108,Box Score,,Box Score,,0,2:14
Sat Jan 23 2021,9:00p,Denver Nuggets,120,Phoenix Suns,112,Box Score,,Box Score,2OT,0,2:47
Sat Jan 23 2021,9:00p,Golden State Warriors,108,Utah Jazz,127,Box Score,,Box Score,,"1,932",2:05
Sun Jan 24 2021,1:00p,Toronto Raptors,107,Indiana Pacers,102,Box Score,,Box Score,,0,2:18
Sun Jan 24 2021,4:00p,Oklahoma City Thunder,100,Los Angeles Clippers,108,Box Score,,Box Score,,0,2:03
Sun Jan 24 2021,7:00p,Cleveland Cavaliers,103,Boston Celtics,141,Box Score,,Box Score,,0,2:09
Sun Jan 24 2021,7:00p,Charlotte Hornets,107,Orlando Magic,104,Box Score,,Box Score,,"3,507",2:09
Sun Jan 24 2021,8:00p,Atlanta Hawks,115,Milwaukee Bucks,129,Box Score,,Box Score,,0,2:11
Sun Jan 24 2021,8:00p,Washington Wizards,101,San Antonio Spurs,121,Box Score,,Box Score,,0,1:59
Sun Jan 24 2021,10:00p,New York Knicks,113,Portland Trail Blazers,116,Box Score,,Box Score,,0,2:20
Mon Jan 25 2021,7:00p,Philadelphia 76ers,104,Detroit Pistons,119,Box Score,,Box Score,,0,2:20
Mon Jan 25 2021,7:00p,Toronto Raptors,114,Indiana Pacers,129,Box Score,,Box Score,,0,2:27
Mon Jan 25 2021,7:00p,Charlotte Hornets,108,Orlando Magic,117,Box Score,,Box Score,,"3,167",2:14
Mon Jan 25 2021,7:30p,Miami Heat,85,Brooklyn Nets,98,Box Score,,Box Score,,0,2:08
Mon Jan 25 2021,8:00p,Los Angeles Lakers,115,Cleveland Cavaliers,108,Box Score,,Box Score,,0,2:22
Mon Jan 25 2021,8:30p,Denver Nuggets,117,Dallas Mavericks,113,Box Score,,Box Score,,0,2:20
Mon Jan 25 2021,9:00p,Boston Celtics,119,Chicago Bulls,103,Box Score,,Box Score,,0,2:03
Mon Jan 25 2021,10:00p,Minnesota Timberwolves,108,Golden State Warriors,130,Box Score,,Box Score,,0,2:20
Mon Jan 25 2021,10:00p,Oklahoma City Thunder,125,Portland Trail Blazers,122,Box Score,,Box Score,,0,2:17
Tue Jan 26 2021,7:30p,Los Angeles Clippers,99,Atlanta Hawks,108,Box Score,,Box Score,,"1,180",2:11
Tue Jan 26 2021,8:00p,Washington Wizards,88,Houston Rockets,107,Box Score,,Box Score,,"2,996",2:13
Tue Jan 26 2021,9:00p,New York Knicks,94,Utah Jazz,108,Box Score,,Box Score,,"1,932",2:10
Wed Jan 27 2021,7:00p,Indiana Pacers,116,Charlotte Hornets,106,Box Score,,Box Score,,0,2:04
Wed Jan 27 2021,7:00p,Detroit Pistons,107,Cleveland Cavaliers,122,Box Score,,Box Score,,"1,944",2:11
Wed Jan 27 2021,7:00p,Sacramento Kings,121,Orlando Magic,107,Box Score,,Box Score,,"3,216",2:10
Wed Jan 27 2021,7:30p,Brooklyn Nets,132,Atlanta Hawks,128,Box Score,,Box Score,OT,"1,008",2:33
Wed Jan 27 2021,7:30p,Denver Nuggets,109,Miami Heat,82,Box Score,,Box Score,,0,2:02
Wed Jan 27 2021,7:30p,Los Angeles Lakers,106,Philadelphia 76ers,107,Box Score,,Box Score,,0,2:37
Wed Jan 27 2021,7:30p,Milwaukee Bucks,115,Toronto Raptors,108,Box Score,,Box Score,,0,2:17
Wed Jan 27 2021,8:30p,Boston Celtics,106,San Antonio Spurs,110,Box Score,,Box Score,,0,2:10
Wed Jan 27 2021,9:00p,Washington Wizards,106,New Orleans Pelicans,124,Box Score,,Box Score,,750,2:10
Wed Jan 27 2021,9:00p,Oklahoma City Thunder,102,Phoenix Suns,97,Box Score,,Box Score,,0,2:01
Wed Jan 27 2021,9:00p,Dallas Mavericks,104,Utah Jazz,116,Box Score,,Box Score,,0,2:05
Wed Jan 27 2021,10:00p,Minnesota Timberwolves,111,Golden State Warriors,123,Box Score,,Box Score,,0,2:26
Thu Jan 28 2021,7:30p,Portland Trail Blazers,101,Houston Rockets,104,Box Score,,Box Score,,"3,154",2:13
Thu Jan 28 2021,8:00p,Los Angeles Lakers,92,Detroit Pistons,107,Box Score,,Box Score,,0,2:13
Thu Jan 28 2021,8:00p,Los Angeles Clippers,109,Miami Heat,105,Box Score,,Box Score,,0,2:14
Thu Jan 28 2021,10:00p,Golden State Warriors,93,Phoenix Suns,114,Box Score,,Box Score,,0,2:05
Fri Jan 29 2021,7:00p,Indiana Pacers,105,Charlotte Hornets,108,Box Score,,Box Score,,0,2:04
Fri Jan 29 2021,7:00p,Atlanta Hawks,116,Washington Wizards,100,Box Score,,Box Score,,0,2:19
Fri Jan 29 2021,7:30p,Milwaukee Bucks,126,New Orleans Pelicans,131,Box Score,,Box Score,,"1,440",2:19
Fri Jan 29 2021,7:30p,Cleveland Cavaliers,81,New York Knicks,102,Box Score,,Box Score,,0,2:06
Fri Jan 29 2021,7:30p,Sacramento Kings,126,Toronto Raptors,124,Box Score,,Box Score,,0,2:30
Fri Jan 29 2021,8:00p,Philadelphia 76ers,118,Minnesota Timberwolves,94,Box Score,,Box Score,,0,2:13
Fri Jan 29 2021,8:00p,Brooklyn Nets,147,Oklahoma City Thunder,125,Box Score,,Box Score,,0,2:07
Fri Jan 29 2021,8:00p,Los Angeles Clippers,116,Orlando Magic,90,Box Score,,Box Score,,"3,763",2:02
Fri Jan 29 2021,8:30p,Denver Nuggets,109,San Antonio Spurs,119,Box Score,,Box Score,,0,2:09
Fri Jan 29 2021,10:00p,Dallas Mavericks,101,Utah Jazz,120,Box Score,,Box Score,,"1,932",2:25
Sat Jan 30 2021,8:00p,Portland Trail Blazers,123,Chicago Bulls,122,Box Score,,Box Score,,0,2:06
Sat Jan 30 2021,8:00p,Milwaukee Bucks,114,Charlotte Hornets,126,Box Score,,Box Score,,0,2:15
Sat Jan 30 2021,8:00p,Sacramento Kings,104,Miami Heat,105,Box Score,,Box Score,,0,2:13
Sat Jan 30 2021,8:00p,Houston Rockets,126,New Orleans Pelicans,112,Box Score,,Box Score,,"1,440",2:08
Sat Jan 30 2021,8:30p,Los Angeles Lakers,96,Boston Celtics,95,Box Score,,Box Score,,0,2:08
Sat Jan 30 2021,8:30p,Memphis Grizzlies,129,San Antonio Spurs,112,Box Score,,Box Score,,0,2:09
Sat Jan 30 2021,9:00p,Phoenix Suns,111,Dallas Mavericks,105,Box Score,,Box Score,,0,2:12
Sat Jan 30 2021,10:00p,Detroit Pistons,91,Golden State Warriors,118,Box Score,,Box Score,,0,2:04
Sun Jan 31 2021,1:00p,Los Angeles Clippers,129,New York Knicks,115,Box Score,,Box Score,,0,2:15
Sun Jan 31 2021,3:30p,Utah Jazz,117,Denver Nuggets,128,Box Score,,Box Score,,0,2:18
Sun Jan 31 2021,7:00p,Philadelphia 76ers,119,Indiana Pacers,110,Box Score,,Box Score,,0,2:19
Sun Jan 31 2021,7:00p,Orlando Magic,102,Toronto Raptors,115,Box Score,,Box Score,,0,2:14
Sun Jan 31 2021,7:00p,Brooklyn Nets,146,Washington Wizards,149,Box Score,,Box Score,,0,2:23
Sun Jan 31 2021,8:00p,Cleveland Cavaliers,104,Minnesota Timberwolves,109,Box Score,,Box Score,,0,2:06
Mon Feb 01 2021,7:30p,Los Angeles Lakers,107,Atlanta Hawks,99,Box Score,,Box Score,,"1,341",2:19
Mon Feb 01 2021,7:30p,Charlotte Hornets,129,Miami Heat,121,Box Score,,Box Score,OT,0,2:34
Mon Feb 01 2021,8:00p,New York Knicks,102,Chicago Bulls,110,Box Score,,Box Score,,0,2:12
Mon Feb 01 2021,8:00p,Minnesota Timberwolves,98,Cleveland Cavaliers,100,Box Score,,Box Score,,0,2:14
Mon Feb 01 2021,8:00p,Portland Trail Blazers,106,Milwaukee Bucks,134,Box Score,,Box Score,,0,1:59
Mon Feb 01 2021,8:00p,Sacramento Kings,118,New Orleans Pelicans,109,Box Score,,Box Score,,"1,440",2:17
Mon Feb 01 2021,8:00p,Houston Rockets,136,Oklahoma City Thunder,106,Box Score,,Box Score,,0,1:59
Mon Feb 01 2021,8:30p,Phoenix Suns,109,Dallas Mavericks,108,Box Score,,Box Score,,0,2:13
Mon Feb 01 2021,8:30p,Memphis Grizzlies,133,San Antonio Spurs,102,Box Score,,Box Score,,0,2:02
Tue Feb 02 2021,7:00p,Toronto Raptors,123,Orlando Magic,108,Box Score,,Box Score,,"3,211",2:06
Tue Feb 02 2021,7:30p,Los Angeles Clippers,120,Brooklyn Nets,124,Box Score,,Box Score,,0,2:21
Tue Feb 02 2021,8:00p,Memphis Grizzlies,116,Indiana Pacers,134,Box Score,,Box Score,,0,2:16
Tue Feb 02 2021,8:00p,Portland Trail Blazers,132,Washington Wizards,121,Box Score,,Box Score,,0,2:11
Tue Feb 02 2021,10:00p,Boston Celtics,111,Golden State Warriors,107,Box Score,,Box Score,,0,2:28
Tue Feb 02 2021,10:00p,Detroit Pistons,105,Utah Jazz,117,Box Score,,Box Score,,"3,902",2:16
Wed Feb 03 2021,7:00p,Philadelphia 76ers,118,Charlotte Hornets,111,Box Score,,Box Score,,0,2:17
Wed Feb 03 2021,7:00p,Indiana Pacers,110,Milwaukee Bucks,130,Box Score,,Box Score,,0,2:03
Wed Feb 03 2021,7:30p,Dallas Mavericks,122,Atlanta Hawks,116,Box Score,,Box Score,,"1,259",2:18
Wed Feb 03 2021,8:00p,New York Knicks,107,Chicago Bulls,103,Box Score,,Box Score,,0,2:03
Wed Feb 03 2021,8:00p,Los Angeles Clippers,121,Cleveland Cavaliers,99,Box Score,,Box Score,,"1,944",2:01
Wed Feb 03 2021,8:00p,Washington Wizards,103,Miami Heat,100,Box Score,,Box Score,,0,2:10
Wed Feb 03 2021,8:00p,Houston Rockets,87,Oklahoma City Thunder,104,Box Score,,Box Score,,0,2:03
Wed Feb 03 2021,8:30p,Minnesota Timberwolves,108,San Antonio Spurs,111,Box Score,,Box Score,,0,2:08
Wed Feb 03 2021,9:30p,Phoenix Suns,101,New Orleans Pelicans,123,Box Score,,Box Score,,"1,440",2:14
Wed Feb 03 2021,10:00p,Boston Celtics,111,Sacramento Kings,116,Box Score,,Box Score,,0,2:19
Thu Feb 04 2021,7:30p,Utah Jazz,112,Atlanta Hawks,91,Box Score,,Box Score,,"1,261",2:03
Thu Feb 04 2021,7:30p,Golden State Warriors,147,Dallas Mavericks,116,Box Score,,Box Score,,0,2:20
Thu Feb 04 2021,8:00p,Portland Trail Blazers,121,Philadelphia 76ers,105,Box Score,,Box Score,,0,2:12
Thu Feb 04 2021,9:00p,Houston Rockets,115,Memphis Grizzlies,103,Box Score,,Box Score,,"1,762",2:12
Thu Feb 04 2021,10:00p,Denver Nuggets,93,Los Angeles Lakers,114,Box Score,,Box Score,,0,2:19
Fri Feb 05 2021,7:00p,New Orleans Pelicans,114,Indiana Pacers,113,Box Score,,Box Score,,0,2:30
Fri Feb 05 2021,7:00p,Chicago Bulls,119,Orlando Magic,123,Box Score,,Box Score,,"3,535",2:18
Fri Feb 05 2021,7:30p,Toronto Raptors,123,Brooklyn Nets,117,Box Score,,Box Score,,0,2:26
Fri Feb 05 2021,7:30p,Milwaukee Bucks,123,Cleveland Cavaliers,105,Box Score,,Box Score,,"2,720",2:10
Fri Feb 05 2021,8:00p,Utah Jazz,138,Charlotte Hornets,121,Box Score,,Box Score,,0,2:13
Fri Feb 05 2021,8:00p,Washington Wizards,95,Miami Heat,122,Box Score,,Box Score,,0,2:13
Fri Feb 05 2021,8:00p,Minnesota Timberwolves,106,Oklahoma City Thunder,103,Box Score,,Box Score,,0,2:01
Fri Feb 05 2021,9:00p,Detroit Pistons,92,Phoenix Suns,109,Box Score,,Box Score,,0,2:18
Fri Feb 05 2021,10:00p,Boston Celtics,119,Los Angeles Clippers,115,Box Score,,Box Score,,0,2:18
Sat Feb 06 2021,1:00p,Portland Trail Blazers,99,New York Knicks,110,Box Score,,Box Score,,0,2:09
Sat Feb 06 2021,5:00p,Denver Nuggets,114,Sacramento Kings,119,Box Score,,Box Score,,0,2:12
Sat Feb 06 2021,7:00p,Chicago Bulls,118,Orlando Magic,92,Box Score,,Box Score,,"3,880",2:02
Sat Feb 06 2021,8:00p,Toronto Raptors,121,Atlanta Hawks,132,Box Score,,Box Score,,991,2:18
Sat Feb 06 2021,8:00p,Milwaukee Bucks,124,Cleveland Cavaliers,99,Box Score,,Box Score,,"2,720",2:09
Sat Feb 06 2021,8:00p,San Antonio Spurs,111,Houston Rockets,106,Box Score,,Box Score,,"3,313",2:20
Sat Feb 06 2021,8:00p,Minnesota Timberwolves,118,Oklahoma City Thunder,120,Box Score,,Box Score,,0,2:10
Sat Feb 06 2021,8:00p,Brooklyn Nets,108,Philadelphia 76ers,124,Box Score,,Box Score,,0,2:06
Sat Feb 06 2021,8:30p,Golden State Warriors,132,Dallas Mavericks,134,Box Score,,Box Score,,0,2:26
Sat Feb 06 2021,9:00p,Memphis Grizzlies,109,New Orleans Pelicans,118,Box Score,,Box Score,,"1,440",2:06
Sat Feb 06 2021,10:00p,Detroit Pistons,129,Los Angeles Lakers,135,Box Score,,Box Score,2OT,0,2:51
Sun Feb 07 2021,1:00p,Washington Wizards,97,Charlotte Hornets,119,Box Score,,Box Score,,0,2:19
Sun Feb 07 2021,1:00p,Utah Jazz,103,Indiana Pacers,95,Box Score,,Box Score,,0,2:11
Sun Feb 07 2021,1:00p,Miami Heat,109,New York Knicks,103,Box Score,,Box Score,,0,2:13
Sun Feb 07 2021,2:00p,Boston Celtics,91,Phoenix Suns,100,Box Score,,Box Score,,"1,493",2:00
Sun Feb 07 2021,3:00p,Sacramento Kings,113,Los Angeles Clippers,110,Box Score,,Box Score,,0,2:06
Mon Feb 08 2021,7:00p,Houston Rockets,94,Charlotte Hornets,119,Box Score,,Box Score,,0,2:11
Mon Feb 08 2021,8:00p,Washington Wizards,105,Chicago Bulls,101,Box Score,,Box Score,,0,2:21
Mon Feb 08 2021,8:00p,Toronto Raptors,128,Memphis Grizzlies,113,Box Score,,Box Score,,"1,844",2:22
Mon Feb 08 2021,8:30p,Minnesota Timberwolves,122,Dallas Mavericks,127,Box Score,,Box Score,,"1,000",2:25
Mon Feb 08 2021,8:30p,Golden State Warriors,100,San Antonio Spurs,105,Box Score,,Box Score,,0,2:17
Mon Feb 08 2021,9:00p,Cleveland Cavaliers,113,Phoenix Suns,119,Box Score,,Box Score,,"1,485",2:13
Mon Feb 08 2021,9:30p,Milwaukee Bucks,125,Denver Nuggets,112,Box Score,,Box Score,,0,2:05
Mon Feb 08 2021,10:00p,Oklahoma City Thunder,112,Los Angeles Lakers,119,Box Score,,Box Score,OT,0,2:32
Tue Feb 09 2021,7:00p,Brooklyn Nets,111,Detroit Pistons,122,Box Score,,Box Score,,0,2:06
Tue Feb 09 2021,7:30p,New York Knicks,96,Miami Heat,98,Box Score,,Box Score,,0,2:24
Tue Feb 09 2021,7:30p,Houston Rockets,101,New Orleans Pelicans,130,Box Score,,Box Score,,"1,900",2:21
Tue Feb 09 2021,8:30p,Golden State Warriors,114,San Antonio Spurs,91,Box Score,,Box Score,,0,2:11
Tue Feb 09 2021,10:00p,Orlando Magic,97,Portland Trail Blazers,106,Box Score,,Box Score,,0,2:05
Tue Feb 09 2021,10:00p,Philadelphia 76ers,119,Sacramento Kings,111,Box Score,,Box Score,,0,2:21
Tue Feb 09 2021,10:00p,Boston Celtics,108,Utah Jazz,122,Box Score,,Box Score,,"3,902",2:26
Wed Feb 10 2021,7:00p,Toronto Raptors,137,Washington Wizards,115,Box Score,,Box Score,,0,2:08
Wed Feb 10 2021,7:30p,Atlanta Hawks,117,Dallas Mavericks,118,Box Score,,Box Score,,"1,000",2:22
Wed Feb 10 2021,8:00p,Indiana Pacers,94,Brooklyn Nets,104,Box Score,,Box Score,,0,2:08
Wed Feb 10 2021,8:00p,Charlotte Hornets,114,Memphis Grizzlies,130,Box Score,,Box Score,,"1,830",2:09
Wed Feb 10 2021,8:00p,Los Angeles Clippers,119,Minnesota Timberwolves,112,Box Score,,Box Score,,0,2:22
Wed Feb 10 2021,9:00p,New Orleans Pelicans,116,Chicago Bulls,129,Box Score,,Box Score,,0,2:05
Wed Feb 10 2021,9:00p,Cleveland Cavaliers,95,Denver Nuggets,133,Box Score,,Box Score,,0,2:03
Wed Feb 10 2021,10:00p,Oklahoma City Thunder,113,Los Angeles Lakers,114,Box Score,,Box Score,OT,0,2:35
Wed Feb 10 2021,10:00p,Milwaukee Bucks,124,Phoenix Suns,125,Box Score,,Box Score,,"1,491",2:22
Thu Feb 11 2021,7:30p,Toronto Raptors,106,Boston Celtics,120,Box Score,,Box Score,,0,2:12
Thu Feb 11 2021,7:30p,Miami Heat,101,Houston Rockets,94,Box Score,,Box Score,,"3,251",2:16
Thu Feb 11 2021,8:00p,Indiana Pacers,111,Detroit Pistons,95,Box Score,,Box Score,,0,2:00
Thu Feb 11 2021,10:00p,Orlando Magic,105,Golden State Warriors,111,Box Score,,Box Score,,0,2:07
Thu Feb 11 2021,10:00p,Philadelphia 76ers,114,Portland Trail Blazers,118,Box Score,,Box Score,,0,2:28
Fri Feb 12 2021,7:00p,Minnesota Timberwolves,114,Charlotte Hornets,120,Box Score,,Box Score,,0,2:12
Fri Feb 12 2021,7:00p,New York Knicks,109,Washington Wizards,91,Box Score,,Box Score,,0,2:13
Fri Feb 12 2021,7:30p,San Antonio Spurs,125,Atlanta Hawks,114,Box Score,,Box Score,,"1,451",2:10
Fri Feb 12 2021,7:30p,New Orleans Pelicans,130,Dallas Mavericks,143,Box Score,,Box Score,,"1,514",2:17
Fri Feb 12 2021,8:00p,Detroit Pistons,108,Boston Celtics,102,Box Score,,Box Score,,0,2:24
Fri Feb 12 2021,8:00p,Los Angeles Clippers,125,Chicago Bulls,106,Box Score,,Box Score,,0,1:58
Fri Feb 12 2021,9:00p,Oklahoma City Thunder,95,Denver Nuggets,97,Box Score,,Box Score,,0,2:07
Fri Feb 12 2021,9:00p,Milwaukee Bucks,115,Utah Jazz,129,Box Score,,Box Score,,"3,902",2:22
Fri Feb 12 2021,10:00p,Memphis Grizzlies,105,Los Angeles Lakers,115,Box Score,,Box Score,,0,2:25
Fri Feb 12 2021,10:00p,Cleveland Cavaliers,110,Portland Trail Blazers,129,Box Score,,Box Score,,0,2:12
Fri Feb 12 2021,10:00p,Orlando Magic,123,Sacramento Kings,112,Box Score,,Box Score,,0,2:01
Sat Feb 13 2021,3:00p,Philadelphia 76ers,111,Phoenix Suns,120,Box Score,,Box Score,,"1,652",2:13
Sat Feb 13 2021,7:30p,Indiana Pacers,125,Atlanta Hawks,113,Box Score,,Box Score,,"1,393",2:10
Sat Feb 13 2021,8:00p,Houston Rockets,99,New York Knicks,121,Box Score,,Box Score,,0,2:06
Sat Feb 13 2021,8:30p,Brooklyn Nets,134,Golden State Warriors,117,Box Score,,Box Score,,0,2:08
Sat Feb 13 2021,9:00p,Miami Heat,94,Utah Jazz,112,Box Score,,Box Score,,"3,902",2:09
Sun Feb 14 2021,1:00p,Boston Celtics,91,Washington Wizards,104,Box Score,,Box Score,,0,2:19
Sun Feb 14 2021,7:00p,San Antonio Spurs,122,Charlotte Hornets,110,Box Score,,Box Score,,0,2:06
Sun Feb 14 2021,7:00p,New Orleans Pelicans,112,Detroit Pistons,123,Box Score,,Box Score,,0,2:18
Sun Feb 14 2021,7:00p,Minnesota Timberwolves,116,Toronto Raptors,112,Box Score,,Box Score,,0,2:26
Sun Feb 14 2021,7:30p,Portland Trail Blazers,121,Dallas Mavericks,118,Box Score,,Box Score,,"2,211",2:30
Sun Feb 14 2021,8:00p,Milwaukee Bucks,109,Oklahoma City Thunder,114,Box Score,,Box Score,,0,2:03
Sun Feb 14 2021,9:00p,Orlando Magic,90,Phoenix Suns,109,Box Score,,Box Score,,"1,732",1:54
Sun Feb 14 2021,10:00p,Los Angeles Lakers,105,Denver Nuggets,122,Box Score,,Box Score,,0,2:21
Sun Feb 14 2021,10:00p,Cleveland Cavaliers,111,Los Angeles Clippers,128,Box Score,,Box Score,,0,2:13
Sun Feb 14 2021,10:00p,Memphis Grizzlies,124,Sacramento Kings,110,Box Score,,Box Score,,0,2:14
Mon Feb 15 2021,7:00p,Chicago Bulls,120,Indiana Pacers,112,Box Score,,Box Score,OT,0,2:32
Mon Feb 15 2021,7:00p,Houston Rockets,119,Washington Wizards,131,Box Score,,Box Score,,0,2:17
Mon Feb 15 2021,7:30p,Atlanta Hawks,112,New York Knicks,123,Box Score,,Box Score,,0,2:18
Mon Feb 15 2021,9:00p,Philadelphia 76ers,123,Utah Jazz,134,Box Score,,Box Score,,"3,902",2:15
Mon Feb 15 2021,10:00p,Cleveland Cavaliers,98,Golden State Warriors,129,Box Score,,Box Score,,,2:13
Mon Feb 15 2021,10:00p,Miami Heat,118,Los Angeles Clippers,125,Box Score,,Box Score,,0,2:14
Mon Feb 15 2021,10:00p,Brooklyn Nets,136,Sacramento Kings,125,Box Score,,Box Score,,0,2:02
Tue Feb 16 2021,7:00p,Denver Nuggets,99,Boston Celtics,112,Box Score,,Box Score,,0,2:08
Tue Feb 16 2021,8:00p,New Orleans Pelicans,144,Memphis Grizzlies,113,Box Score,,Box Score,,"1,982",2:11
Tue Feb 16 2021,8:00p,Toronto Raptors,124,Milwaukee Bucks,113,Box Score,,Box Score,,250,2:16
Tue Feb 16 2021,8:00p,Los Angeles Lakers,112,Minnesota Timberwolves,104,Box Score,,Box Score,,0,2:13
Tue Feb 16 2021,8:00p,Portland Trail Blazers,115,Oklahoma City Thunder,104,Box Score,,Box Score,,0,2:07
Tue Feb 16 2021,10:30p,Brooklyn Nets,128,Phoenix Suns,124,Box Score,,Box Score,,"3,181",2:08
Wed Feb 17 2021,7:00p,New York Knicks,89,Orlando Magic,107,Box Score,,Box Score,,"4,249",2:04
Wed Feb 17 2021,7:30p,Atlanta Hawks,122,Boston Celtics,114,Box Score,,Box Score,,0,2:22
Wed Feb 17 2021,7:30p,Houston Rockets,113,Philadelphia 76ers,118,Box Score,,Box Score,,0,2:23
Wed Feb 17 2021,8:00p,Detroit Pistons,102,Chicago Bulls,105,Box Score,,Box Score,,0,2:15
Wed Feb 17 2021,8:00p,Indiana Pacers,134,Minnesota Timberwolves,128,Box Score,,Box Score,OT,0,2:35
Wed Feb 17 2021,8:00p,Denver Nuggets,128,Washington Wizards,130,Box Score,,Box Score,,0,2:18
Wed Feb 17 2021,9:00p,Oklahoma City Thunder,113,Memphis Grizzlies,122,Box Score,,Box Score,,0,2:16
Wed Feb 17 2021,9:00p,Portland Trail Blazers,126,New Orleans Pelicans,124,Box Score,,Box Score,,"1,940",2:15
Wed Feb 17 2021,10:00p,Miami Heat,112,Golden State Warriors,120,Box Score,,Box Score,OT,,2:30
Wed Feb 17 2021,10:00p,Utah Jazz,114,Los Angeles Clippers,96,Box Score,,Box Score,,,2:02
Thu Feb 18 2021,7:30p,Toronto Raptors,110,Milwaukee Bucks,96,Box Score,,Box Score,,500,2:29
Thu Feb 18 2021,10:00p,Brooklyn Nets,109,Los Angeles Lakers,98,Box Score,,Box Score,,0,2:12
Thu Feb 18 2021,10:00p,Miami Heat,118,Sacramento Kings,110,Box Score,,Box Score,,0,2:00
Fri Feb 19 2021,7:00p,Denver Nuggets,120,Cleveland Cavaliers,103,Box Score,,Box Score,,"2,720",2:08
Fri Feb 19 2021,7:00p,Golden State Warriors,120,Orlando Magic,124,Box Score,,Box Score,,"4,287",2:09
Fri Feb 19 2021,7:30p,Atlanta Hawks,109,Boston Celtics,121,Box Score,,Box Score,,0,2:07
Fri Feb 19 2021,7:30p,Chicago Bulls,105,Philadelphia 76ers,112,Box Score,,Box Score,,0,2:17
Fri Feb 19 2021,8:00p,Detroit Pistons,95,Memphis Grizzlies,109,Box Score,,Box Score,,"1,795",2:10
Fri Feb 19 2021,8:00p,Oklahoma City Thunder,85,Milwaukee Bucks,98,Box Score,,Box Score,,750,2:09
Fri Feb 19 2021,8:00p,Phoenix Suns,132,New Orleans Pelicans,114,Box Score,,Box Score,,"1,940",2:05
Fri Feb 19 2021,9:00p,Toronto Raptors,86,Minnesota Timberwolves,81,Box Score,,Box Score,,0,2:10
Fri Feb 19 2021,10:00p,Utah Jazz,112,Los Angeles Clippers,116,Box Score,,Box Score,,0,2:25
Sat Feb 20 2021,8:00p,Golden State Warriors,100,Charlotte Hornets,102,Box Score,,Box Score,,0,2:08
Sat Feb 20 2021,8:30p,Miami Heat,96,Los Angeles Lakers,94,Box Score,,Box Score,,0,2:21
Sat Feb 20 2021,9:00p,Sacramento Kings,114,Chicago Bulls,122,Box Score,,Box Score,,0,2:17
Sat Feb 20 2021,9:00p,Phoenix Suns,128,Memphis Grizzlies,97,Box Score,,Box Score,,"1,994",1:57
Sat Feb 20 2021,10:00p,Washington Wizards,118,Portland Trail Blazers,111,Box Score,,Box Score,,0,2:15
Sun Feb 21 2021,3:30p,Boston Celtics,115,New Orleans Pelicans,120,Box Score,,Box Score,OT,"1,940",2:59
Sun Feb 21 2021,7:00p,Oklahoma City Thunder,117,Cleveland Cavaliers,101,Box Score,,Box Score,,"2,720",2:04
Sun Feb 21 2021,7:00p,Minnesota Timberwolves,99,New York Knicks,103,Box Score,,Box Score,,0,2:23
Sun Feb 21 2021,7:00p,Detroit Pistons,96,Orlando Magic,105,Box Score,,Box Score,,"4,002",2:08
Sun Feb 21 2021,7:00p,Philadelphia 76ers,103,Toronto Raptors,110,Box Score,,Box Score,,0,2:23
Sun Feb 21 2021,7:30p,Denver Nuggets,115,Atlanta Hawks,123,Box Score,,Box Score,,"1,362",2:15
Sun Feb 21 2021,8:00p,Brooklyn Nets,112,Los Angeles Clippers,108,Box Score,,Box Score,,,2:17
Sun Feb 21 2021,9:00p,Sacramento Kings,115,Milwaukee Bucks,128,Box Score,,Box Score,,"1,800",2:20
Mon Feb 22 2021,8:00p,Chicago Bulls,120,Houston Rockets,100,Box Score,,Box Score,,"3,025",2:03
Mon Feb 22 2021,8:30p,Memphis Grizzlies,92,Dallas Mavericks,102,Box Score,,Box Score,,"2,099",2:08
Mon Feb 22 2021,9:00p,Miami Heat,108,Oklahoma City Thunder,94,Box Score,,Box Score,,0,2:08
Mon Feb 22 2021,9:00p,Portland Trail Blazers,100,Phoenix Suns,132,Box Score,,Box Score,,"3,213",2:01
Mon Feb 22 2021,9:00p,Charlotte Hornets,110,Utah Jazz,132,Box Score,,Box Score,,"3,902",2:12
Mon Feb 22 2021,10:00p,Washington Wizards,127,Los Angeles Lakers,124,Box Score,,Box Score,OT,0,2:37
Tue Feb 23 2021,7:00p,Atlanta Hawks,111,Cleveland Cavaliers,112,Box Score,,Box Score,,"2,720",2:07
Tue Feb 23 2021,7:00p,Detroit Pistons,105,Orlando Magic,93,Box Score,,Box Score,,"3,631",2:04
Tue Feb 23 2021,7:30p,Sacramento Kings,118,Brooklyn Nets,127,Box Score,,Box Score,,324,2:08
Tue Feb 23 2021,7:30p,Boston Celtics,107,Dallas Mavericks,110,Box Score,,Box Score,,"3,338",2:25
Tue Feb 23 2021,7:30p,Golden State Warriors,114,New York Knicks,106,Box Score,,Box Score,,"1,981",2:16
Tue Feb 23 2021,7:30p,Philadelphia 76ers,109,Toronto Raptors,102,Box Score,,Box Score,,0,2:23
Tue Feb 23 2021,8:00p,Minnesota Timberwolves,112,Milwaukee Bucks,139,Box Score,,Box Score,,"1,800",2:03
Tue Feb 23 2021,10:00p,Portland Trail Blazers,106,Denver Nuggets,111,Box Score,,Box Score,,0,2:14
Tue Feb 23 2021,10:00p,Washington Wizards,116,Los Angeles Clippers,135,Box Score,,Box Score,,0,2:07
Wed Feb 24 2021,7:30p,Boston Celtics,112,Atlanta Hawks,127,Box Score,,Box Score,,"1,537",2:06
Wed Feb 24 2021,7:30p,Houston Rockets,96,Cleveland Cavaliers,112,Box Score,,Box Score,,"2,720",1:59
Wed Feb 24 2021,7:30p,Golden State Warriors,111,Indiana Pacers,107,Box Score,,Box Score,,0,2:27
Wed Feb 24 2021,8:00p,Minnesota Timberwolves,126,Chicago Bulls,133,Box Score,,Box Score,OT,0,2:25
Wed Feb 24 2021,8:00p,Toronto Raptors,108,Miami Heat,116,Box Score,,Box Score,,0,2:26
Wed Feb 24 2021,8:00p,Detroit Pistons,118,New Orleans Pelicans,128,Box Score,,Box Score,,"2,700",2:06
Wed Feb 24 2021,8:00p,San Antonio Spurs,99,Oklahoma City Thunder,102,Box Score,,Box Score,,0,2:01
Wed Feb 24 2021,9:00p,Charlotte Hornets,124,Phoenix Suns,121,Box Score,,Box Score,,"3,296",2:25
Wed Feb 24 2021,10:00p,Los Angeles Lakers,89,Utah Jazz,114,Box Score,,Box Score,,"4,912",2:12
Thu Feb 25 2021,7:00p,Dallas Mavericks,97,Philadelphia 76ers,111,Box Score,,Box Score,,0,2:23
Thu Feb 25 2021,7:30p,Orlando Magic,92,Brooklyn Nets,129,Box Score,,Box Score,,327,1:54
Thu Feb 25 2021,7:30p,Sacramento Kings,121,New York Knicks,140,Box Score,,Box Score,,"1,981",2:13
Thu Feb 25 2021,8:00p,Los Angeles Clippers,94,Memphis Grizzlies,122,Box Score,,Box Score,,"1,896",2:00
Thu Feb 25 2021,9:00p,Washington Wizards,112,Denver Nuggets,110,Box Score,,Box Score,,0,2:07
Thu Feb 25 2021,9:30p,New Orleans Pelicans,125,Milwaukee Bucks,129,Box Score,,Box Score,,"1,800",2:17
Fri Feb 26 2021,7:30p,Indiana Pacers,112,Boston Celtics,118,Box Score,,Box Score,,0,2:25
Fri Feb 26 2021,7:30p,Houston Rockets,111,Toronto Raptors,122,Box Score,,Box Score,,0,2:14
Fri Feb 26 2021,8:00p,Phoenix Suns,106,Chicago Bulls,97,Box Score,,Box Score,,0,1:59
Fri Feb 26 2021,8:00p,Sacramento Kings,110,Detroit Pistons,107,Box Score,,Box Score,,0,2:35
Fri Feb 26 2021,8:00p,Los Angeles Clippers,119,Memphis Grizzlies,99,Box Score,,Box Score,,"2,039",2:09
Fri Feb 26 2021,8:00p,Utah Jazz,116,Miami Heat,124,Box Score,,Box Score,,0,2:18
Fri Feb 26 2021,8:00p,Atlanta Hawks,109,Oklahoma City Thunder,118,Box Score,,Box Score,,0,2:04
Fri Feb 26 2021,10:00p,Charlotte Hornets,121,Golden State Warriors,130,Box Score,,Box Score,,0,2:18
Fri Feb 26 2021,10:00p,Portland Trail Blazers,93,Los Angeles Lakers,102,Box Score,,Box Score,,0,2:18
Sat Feb 27 2021,7:00p,Cleveland Cavaliers,112,Philadelphia 76ers,109,Box Score,,Box Score,OT,0,2:37
Sat Feb 27 2021,7:00p,Minnesota Timberwolves,112,Washington Wizards,128,Box Score,,Box Score,,0,2:17
Sat Feb 27 2021,8:00p,Indiana Pacers,107,New York Knicks,110,Box Score,,Box Score,,"1,981",2:16
Sat Feb 27 2021,8:00p,Denver Nuggets,126,Oklahoma City Thunder,96,Box Score,,Box Score,,0,1:56
Sat Feb 27 2021,8:00p,Utah Jazz,124,Orlando Magic,109,Box Score,,Box Score,,"4,242",2:05
Sat Feb 27 2021,8:00p,New Orleans Pelicans,114,San Antonio Spurs,117,Box Score,,Box Score,,0,2:17
Sat Feb 27 2021,8:30p,Dallas Mavericks,115,Brooklyn Nets,98,Box Score,,Box Score,,684,2:10
Sun Feb 28 2021,3:30p,Los Angeles Clippers,100,Milwaukee Bucks,105,Box Score,,Box Score,,"1,800",2:13
Sun Feb 28 2021,7:00p,Washington Wizards,110,Boston Celtics,111,Box Score,,Box Score,,0,2:25
Sun Feb 28 2021,8:00p,New York Knicks,109,Detroit Pistons,90,Box Score,,Box Score,,0,2:03
Sun Feb 28 2021,8:00p,Memphis Grizzlies,133,Houston Rockets,84,Box Score,,Box Score,,"3,284",2:22
Sun Feb 28 2021,8:00p,Golden State Warriors,91,Los Angeles Lakers,117,Box Score,,Box Score,,0,2:22
Sun Feb 28 2021,8:00p,Atlanta Hawks,99,Miami Heat,109,Box Score,,Box Score,,0,2:14
Sun Feb 28 2021,9:00p,Phoenix Suns,118,Minnesota Timberwolves,99,Box Score,,Box Score,,0,2:10
Sun Feb 28 2021,10:00p,Charlotte Hornets,127,Sacramento Kings,126,Box Score,,Box Score,,0,2:28
Mon Mar 01 2021,7:00p,Dallas Mavericks,130,Orlando Magic,124,Box Score,,Box Score,,"3,766",2:05
Mon Mar 01 2021,7:00p,Indiana Pacers,114,Philadelphia 76ers,130,Box Score,,Box Score,,0,2:06
Mon Mar 01 2021,8:00p,Denver Nuggets,118,Chicago Bulls,112,Box Score,,Box Score,,0,2:10
Mon Mar 01 2021,8:00p,Utah Jazz,124,New Orleans Pelicans,129,Box Score,,Box Score,,"2,700",2:17
Mon Mar 01 2021,8:30p,Brooklyn Nets,124,San Antonio Spurs,113,Box Score,,Box Score,OT,0,2:15
Mon Mar 01 2021,9:00p,Cleveland Cavaliers,101,Houston Rockets,90,Box Score,,Box Score,,"3,046",2:11
Mon Mar 01 2021,10:30p,Charlotte Hornets,111,Portland Trail Blazers,123,Box Score,,Box Score,,0,1:59
Tue Mar 02 2021,7:00p,Memphis Grizzlies,125,Washington Wizards,111,Box Score,,Box Score,,0,2:12
Tue Mar 02 2021,7:30p,Los Angeles Clippers,112,Boston Celtics,117,Box Score,,Box Score,,0,2:22
Tue Mar 02 2021,7:30p,Atlanta Hawks,94,Miami Heat,80,Box Score,,Box Score,,0,2:11
Tue Mar 02 2021,8:30p,New York Knicks,93,San Antonio Spurs,119,Box Score,,Box Score,,0,2:03
Tue Mar 02 2021,9:00p,Denver Nuggets,128,Milwaukee Bucks,97,Box Score,,Box Score,,"1,800",2:09
Tue Mar 02 2021,10:00p,Phoenix Suns,114,Los Angeles Lakers,104,Box Score,,Box Score,,0,2:26
Wed Mar 03 2021,7:00p,Indiana Pacers,114,Cleveland Cavaliers,111,Box Score,,Box Score,,"2,720",2:15
Wed Mar 03 2021,7:00p,Utah Jazz,123,Philadelphia 76ers,131,Box Score,,Box Score,OT,0,2:34
Wed Mar 03 2021,7:00p,Detroit Pistons,129,Toronto Raptors,105,Box Score,,Box Score,,0,2:18
Wed Mar 03 2021,7:30p,Brooklyn Nets,132,Houston Rockets,114,Box Score,,Box Score,,"3,615",2:16
Wed Mar 03 2021,8:00p,Charlotte Hornets,135,Minnesota Timberwolves,102,Box Score,,Box Score,,0,2:07
Wed Mar 03 2021,8:00p,Chicago Bulls,128,New Orleans Pelicans,124,Box Score,,Box Score,,"2,700",2:19
Wed Mar 03 2021,8:00p,Atlanta Hawks,115,Orlando Magic,112,Box Score,,Box Score,,"3,969",2:18
Wed Mar 03 2021,8:30p,Oklahoma City Thunder,78,Dallas Mavericks,87,Box Score,,Box Score,,"3,508",2:06
Wed Mar 03 2021,10:00p,Golden State Warriors,106,Portland Trail Blazers,108,Box Score,,Box Score,,0,2:13
Wed Mar 03 2021,10:00p,Los Angeles Lakers,120,Sacramento Kings,123,Box Score,,Box Score,,0,2:18
Thu Mar 04 2021,7:00p,Toronto Raptors,125,Boston Celtics,132,Box Score,,Box Score,,0,2:16
Thu Mar 04 2021,7:00p,Los Angeles Clippers,117,Washington Wizards,119,Box Score,,Box Score,,0,2:28
Thu Mar 04 2021,7:30p,Detroit Pistons,104,New York Knicks,114,Box Score,,Box Score,,"1,981",2:04
Thu Mar 04 2021,8:00p,Denver Nuggets,113,Indiana Pacers,103,Box Score,,Box Score,,0,2:05
Thu Mar 04 2021,8:00p,Milwaukee Bucks,112,Memphis Grizzlies,111,Box Score,,Box Score,,"1,961",2:20
Thu Mar 04 2021,8:30p,Miami Heat,103,New Orleans Pelicans,93,Box Score,,Box Score,,"2,700",2:18
Thu Mar 04 2021,9:00p,Oklahoma City Thunder,107,San Antonio Spurs,102,Box Score,,Box Score,,"1,000",2:07
Thu Mar 04 2021,10:00p,Golden State Warriors,98,Phoenix Suns,120,Box Score,,Box Score,,"3,233",1:59
Thu Mar 04 2021,10:00p,Sacramento Kings,119,Portland Trail Blazers,123,Box Score,,Box Score,,0,2:27
Wed Mar 10 2021,8:00p,Washington Wizards,112,Memphis Grizzlies,127,Box Score,,Box Score,,"1,912",2:14
Wed Mar 10 2021,8:30p,San Antonio Spurs,104,Dallas Mavericks,115,Box Score,,Box Score,,"3,813",2:13
Thu Mar 11 2021,7:00p,Detroit Pistons,102,Charlotte Hornets,105,Box Score,,Box Score,,0,2:08
Thu Mar 11 2021,7:30p,Boston Celtics,109,Brooklyn Nets,121,Box Score,,Box Score,,"1,374",2:21
Thu Mar 11 2021,7:30p,Atlanta Hawks,121,Toronto Raptors,120,Box Score,,Box Score,,0,2:25
Thu Mar 11 2021,8:00p,Philadelphia 76ers,127,Chicago Bulls,105,Box Score,,Box Score,,0,2:01
Thu Mar 11 2021,8:00p,Orlando Magic,103,Miami Heat,111,Box Score,,Box Score,,0,2:07
Thu Mar 11 2021,8:00p,New York Knicks,101,Milwaukee Bucks,134,Box Score,,Box Score,,"1,800",2:06
Thu Mar 11 2021,8:00p,Minnesota Timberwolves,135,New Orleans Pelicans,105,Box Score,,Box Score,,"3,700",2:13
Thu Mar 11 2021,9:00p,Dallas Mavericks,108,Oklahoma City Thunder,116,Box Score,,Box Score,,0,2:17
Thu Mar 11 2021,10:00p,Golden State Warriors,104,Los Angeles Clippers,130,Box Score,,Box Score,,0,2:15
Thu Mar 11 2021,10:00p,Phoenix Suns,127,Portland Trail Blazers,121,Box Score,,Box Score,,0,2:06
Thu Mar 11 2021,10:00p,Houston Rockets,105,Sacramento Kings,125,Box Score,,Box Score,,0,2:14
Fri Mar 12 2021,8:00p,Denver Nuggets,103,Memphis Grizzlies,102,Box Score,,Box Score,,"2,160",2:02
Fri Mar 12 2021,8:00p,Cleveland Cavaliers,82,New Orleans Pelicans,116,Box Score,,Box Score,,"3,700",2:01
Fri Mar 12 2021,8:00p,Philadelphia 76ers,127,Washington Wizards,101,Box Score,,Box Score,,0,2:03
Fri Mar 12 2021,9:00p,Miami Heat,101,Chicago Bulls,90,Box Score,,Box Score,,0,2:00
Fri Mar 12 2021,9:00p,Orlando Magic,77,San Antonio Spurs,104,Box Score,,Box Score,,"3,241",2:02
Fri Mar 12 2021,10:00p,Houston Rockets,99,Utah Jazz,114,Box Score,,Box Score,,"5,546",2:14
Fri Mar 12 2021,10:30p,Indiana Pacers,100,Los Angeles Lakers,105,Box Score,,Box Score,,0,2:20
Sat Mar 13 2021,2:00p,New York Knicks,119,Oklahoma City Thunder,97,Box Score,,Box Score,,0,2:07
Sat Mar 13 2021,7:00p,Detroit Pistons,95,Brooklyn Nets,100,Box Score,,Box Score,,"1,364",2:11
Sat Mar 13 2021,7:00p,Toronto Raptors,104,Charlotte Hornets,114,Box Score,,Box Score,,"2,861",2:17
Sat Mar 13 2021,7:00p,Milwaukee Bucks,125,Washington Wizards,119,Box Score,,Box Score,,0,2:15
Sat Mar 13 2021,7:30p,Sacramento Kings,106,Atlanta Hawks,121,Box Score,,Box Score,,"2,347",2:14
Sat Mar 13 2021,8:00p,Portland Trail Blazers,125,Minnesota Timberwolves,121,Box Score,,Box Score,,0,2:27
Sat Mar 13 2021,10:00p,Dallas Mavericks,116,Denver Nuggets,103,Box Score,,Box Score,,0,2:11
Sat Mar 13 2021,10:00p,Indiana Pacers,122,Phoenix Suns,111,Box Score,,Box Score,,"3,166",2:03
Sun Mar 14 2021,2:00p,Memphis Grizzlies,122,Oklahoma City Thunder,128,Box Score,,Box Score,,0,2:16
Sun Mar 14 2021,4:00p,Utah Jazz,119,Golden State Warriors,131,Box Score,,Box Score,,0,2:15
Sun Mar 14 2021,6:30p,San Antonio Spurs,99,Philadelphia 76ers,134,Box Score,,Box Score,,"3,071",2:08
Sun Mar 14 2021,7:00p,Miami Heat,102,Orlando Magic,97,Box Score,,Box Score,,"3,264",2:07
Sun Mar 14 2021,7:30p,Cleveland Cavaliers,82,Atlanta Hawks,100,Box Score,,Box Score,,"2,322",2:10
Sun Mar 14 2021,8:00p,Boston Celtics,134,Houston Rockets,107,Box Score,,Box Score,,"3,264",2:07
Sun Mar 14 2021,8:00p,Portland Trail Blazers,112,Minnesota Timberwolves,114,Box Score,,Box Score,,0,2:23
Sun Mar 14 2021,9:00p,Toronto Raptors,95,Chicago Bulls,118,Box Score,,Box Score,,0,2:08
Sun Mar 14 2021,9:00p,Los Angeles Clippers,115,New Orleans Pelicans,135,Box Score,,Box Score,,"3,700",2:09
Mon Mar 15 2021,7:00p,Sacramento Kings,116,Charlotte Hornets,122,Box Score,,Box Score,,"2,861",2:15
Mon Mar 15 2021,7:00p,Milwaukee Bucks,133,Washington Wizards,122,Box Score,,Box Score,,0,2:10
Mon Mar 15 2021,8:00p,New York Knicks,112,Brooklyn Nets,117,Box Score,,Box Score,,"1,637",2:30
Mon Mar 15 2021,8:00p,San Antonio Spurs,109,Detroit Pistons,99,Box Score,,Box Score,,0,2:00
Mon Mar 15 2021,9:00p,Los Angeles Clippers,109,Dallas Mavericks,99,Box Score,,Box Score,,"3,945",1:59
Mon Mar 15 2021,10:00p,Indiana Pacers,106,Denver Nuggets,121,Box Score,,Box Score,,0,2:09
Mon Mar 15 2021,10:00p,Memphis Grizzlies,99,Phoenix Suns,122,Box Score,,Box Score,,"3,188",2:01
Mon Mar 15 2021,10:30p,Los Angeles Lakers,128,Golden State Warriors,97,Box Score,,Box Score,,0,2:18
Tue Mar 16 2021,7:30p,Utah Jazz,117,Boston Celtics,109,Box Score,,Box Score,,0,2:16
Tue Mar 16 2021,8:00p,Oklahoma City Thunder,102,Chicago Bulls,123,Box Score,,Box Score,,0,2:04
Tue Mar 16 2021,8:00p,Atlanta Hawks,119,Houston Rockets,107,Box Score,,Box Score,,"3,069",1:59
Tue Mar 16 2021,8:00p,Cleveland Cavaliers,98,Miami Heat,113,Box Score,,Box Score,,0,2:08
Tue Mar 16 2021,8:00p,New York Knicks,96,Philadelphia 76ers,99,Box Score,,Box Score,,"3,071",2:18
Tue Mar 16 2021,10:00p,New Orleans Pelicans,124,Portland Trail Blazers,125,Box Score,,Box Score,,0,2:23
Tue Mar 16 2021,10:30p,Minnesota Timberwolves,121,Los Angeles Lakers,137,Box Score,,Box Score,,0,2:12
Wed Mar 17 2021,7:00p,Toronto Raptors,112,Detroit Pistons,116,Box Score,,Box Score,,750,2:34
Wed Mar 17 2021,7:00p,Brooklyn Nets,124,Indiana Pacers,115,Box Score,,Box Score,,0,2:26
Wed Mar 17 2021,7:00p,Milwaukee Bucks,109,Philadelphia 76ers,105,Box Score,,Box Score,OT,"3,071",2:37
Wed Mar 17 2021,7:00p,Sacramento Kings,121,Washington Wizards,119,Box Score,,Box Score,,0,2:22
Wed Mar 17 2021,8:00p,San Antonio Spurs,106,Chicago Bulls,99,Box Score,,Box Score,,0,2:09
Wed Mar 17 2021,8:00p,Boston Celtics,110,Cleveland Cavaliers,117,Box Score,,Box Score,,"4,100",2:20
Wed Mar 17 2021,8:00p,Golden State Warriors,108,Houston Rockets,94,Box Score,,Box Score,,"3,259",2:10
Wed Mar 17 2021,9:00p,Charlotte Hornets,104,Denver Nuggets,129,Box Score,,Box Score,,0,2:01
Wed Mar 17 2021,9:00p,Miami Heat,85,Memphis Grizzlies,89,Box Score,,Box Score,,"2,217",2:16
Wed Mar 17 2021,9:30p,Los Angeles Clippers,89,Dallas Mavericks,105,Box Score,,Box Score,,"3,975",2:15
Thu Mar 18 2021,7:00p,Utah Jazz,122,Washington Wizards,131,Box Score,,Box Score,,0,2:23
Thu Mar 18 2021,7:30p,Oklahoma City Thunder,93,Atlanta Hawks,116,Box Score,,Box Score,,"2,621",1:58
Thu Mar 18 2021,7:30p,Orlando Magic,93,New York Knicks,94,Box Score,,Box Score,,"1,531",2:04
Thu Mar 18 2021,10:00p,Minnesota Timberwolves,123,Phoenix Suns,119,Box Score,,Box Score,,"3,172",2:16
Thu Mar 18 2021,10:00p,New Orleans Pelicans,93,Portland Trail Blazers,101,Box Score,,Box Score,,0,2:14
Thu Mar 18 2021,10:30p,Charlotte Hornets,105,Los Angeles Lakers,116,Box Score,,Box Score,,0,2:17
Fri Mar 19 2021,7:30p,Sacramento Kings,107,Boston Celtics,96,Box Score,,Box Score,,0,2:05
Fri Mar 19 2021,7:30p,San Antonio Spurs,116,Cleveland Cavaliers,110,Box Score,,Box Score,,0,2:21
Fri Mar 19 2021,8:00p,Detroit Pistons,113,Houston Rockets,100,Box Score,,Box Score,,"3,061",2:06
Fri Mar 19 2021,8:00p,Golden State Warriors,116,Memphis Grizzlies,103,Box Score,,Box Score,,"2,716",2:13
Fri Mar 19 2021,8:00p,Indiana Pacers,137,Miami Heat,110,Box Score,,Box Score,,0,2:07
Fri Mar 19 2021,8:00p,Brooklyn Nets,113,Orlando Magic,121,Box Score,,Box Score,,"3,665",2:03
Fri Mar 19 2021,8:00p,Utah Jazz,115,Toronto Raptors,112,Box Score,,Box Score,,0,2:24
Fri Mar 19 2021,9:00p,Chicago Bulls,127,Denver Nuggets,131,Box Score,,Box Score,OT,0,2:31
Fri Mar 19 2021,10:00p,Minnesota Timberwolves,101,Phoenix Suns,113,Box Score,,Box Score,,"3,124",
Fri Mar 19 2021,10:00p,Dallas Mavericks,119,Portland Trail Blazers,125,Box Score,,Box Score,,0,2:07
Sat Mar 20 2021,3:30p,Atlanta Hawks,99,Los Angeles Lakers,94,Box Score,,Box Score,,0,2:09
Sat Mar 20 2021,8:00p,Golden State Warriors,103,Memphis Grizzlies,111,Box Score,,Box Score,,0,2:17
Sat Mar 20 2021,8:00p,Sacramento Kings,105,Philadelphia 76ers,129,Box Score,,Box Score,,"3,071",2:10
Sat Mar 20 2021,9:00p,San Antonio Spurs,113,Milwaukee Bucks,120,Box Score,,Box Score,,"3,280",2:05
Sat Mar 20 2021,10:00p,Charlotte Hornets,98,Los Angeles Clippers,125,Box Score,,Box Score,,0,2:10
Sun Mar 21 2021,1:00p,Indiana Pacers,109,Miami Heat,106,Box Score,,Box Score,OT,0,2:27
Sun Mar 21 2021,2:00p,Oklahoma City Thunder,114,Houston Rockets,112,Box Score,,Box Score,,"3,297",2:13
Sun Mar 21 2021,3:00p,New Orleans Pelicans,113,Denver Nuggets,108,Box Score,,Box Score,,0,2:12
Sun Mar 21 2021,3:30p,Orlando Magic,96,Boston Celtics,112,Box Score,,Box Score,,0,2:03
Sun Mar 21 2021,7:00p,Washington Wizards,106,Brooklyn Nets,113,Box Score,,Box Score,,"1,773",2:10
Sun Mar 21 2021,7:00p,Toronto Raptors,105,Cleveland Cavaliers,116,Box Score,,Box Score,,0,2:16
Sun Mar 21 2021,7:00p,Chicago Bulls,100,Detroit Pistons,86,Box Score,,Box Score,,750,2:07
Sun Mar 21 2021,8:00p,Philadelphia 76ers,101,New York Knicks,100,Box Score,,Box Score,OT,"1,981",2:48
Sun Mar 21 2021,10:00p,Los Angeles Lakers,94,Phoenix Suns,111,Box Score,,Box Score,,"3,190",2:14
Sun Mar 21 2021,10:00p,Dallas Mavericks,132,Portland Trail Blazers,92,Box Score,,Box Score,,0,2:04
Mon Mar 22 2021,7:30p,Sacramento Kings,119,Cleveland Cavaliers,105,Box Score,,Box Score,,"4,100",2:00
Mon Mar 22 2021,8:00p,Oklahoma City Thunder,112,Minnesota Timberwolves,103,Box Score,,Box Score,,0,2:06
Mon Mar 22 2021,8:30p,Charlotte Hornets,100,San Antonio Spurs,97,Box Score,,Box Score,,"3,222",2:26
Mon Mar 22 2021,9:00p,Utah Jazz,120,Chicago Bulls,95,Box Score,,Box Score,,0,2:04
Mon Mar 22 2021,9:00p,Toronto Raptors,99,Houston Rockets,117,Box Score,,Box Score,,"2,965",2:11
Mon Mar 22 2021,9:00p,Boston Celtics,126,Memphis Grizzlies,132,Box Score,,Box Score,OT,"2,319",2:18
Mon Mar 22 2021,9:00p,Indiana Pacers,113,Milwaukee Bucks,140,Box Score,,Box Score,,"3,280",2:09
Mon Mar 22 2021,10:00p,Atlanta Hawks,110,Los Angeles Clippers,119,Box Score,,Box Score,,0,2:06
Tue Mar 23 2021,7:00p,Denver Nuggets,110,Orlando Magic,99,Box Score,,Box Score,,"3,485",1:56
Tue Mar 23 2021,7:30p,Los Angeles Lakers,111,New Orleans Pelicans,128,Box Score,,Box Score,,"3,700",2:29
Tue Mar 23 2021,7:30p,Washington Wizards,113,New York Knicks,131,Box Score,,Box Score,,"1,589",2:13
Tue Mar 23 2021,8:00p,Phoenix Suns,110,Miami Heat,100,Box Score,,Box Score,,0,2:02
Tue Mar 23 2021,10:00p,Philadelphia 76ers,108,Golden State Warriors,98,Box Score,,Box Score,,0,2:28
Tue Mar 23 2021,10:00p,Brooklyn Nets,116,Portland Trail Blazers,112,Box Score,,Box Score,,,2:18
Wed Mar 24 2021,7:00p,Detroit Pistons,111,Indiana Pacers,116,Box Score,,Box Score,,0,2:18
Wed Mar 24 2021,7:30p,Boston Celtics,119,Milwaukee Bucks,121,Box Score,,Box Score,,"3,280",2:16
Wed Mar 24 2021,7:30p,Denver Nuggets,111,Toronto Raptors,135,Box Score,,Box Score,,"1,578",2:08
Wed Mar 24 2021,8:00p,Cleveland Cavaliers,103,Chicago Bulls,94,Box Score,,Box Score,,0,1:58
Wed Mar 24 2021,8:00p,Charlotte Hornets,122,Houston Rockets,97,Box Score,,Box Score,,"3,163",2:09
Wed Mar 24 2021,8:00p,Dallas Mavericks,128,Minnesota Timberwolves,108,Box Score,,Box Score,,0,2:08
Wed Mar 24 2021,8:00p,Memphis Grizzlies,116,Oklahoma City Thunder,107,Box Score,,Box Score,,0,1:55
Wed Mar 24 2021,8:00p,Phoenix Suns,111,Orlando Magic,112,Box Score,,Box Score,,"3,891",2:05
Wed Mar 24 2021,8:30p,Los Angeles Clippers,134,San Antonio Spurs,101,Box Score,,Box Score,,"3,224",2:08
Wed Mar 24 2021,10:00p,Atlanta Hawks,108,Sacramento Kings,110,Box Score,,Box Score,,0,2:09
Wed Mar 24 2021,10:00p,Brooklyn Nets,88,Utah Jazz,118,Box Score,,Box Score,,"5,546",2:04
Thu Mar 25 2021,7:30p,Portland Trail Blazers,125,Miami Heat,122,Box Score,,Box Score,,0,2:18
Thu Mar 25 2021,7:30p,Washington Wizards,102,New York Knicks,106,Box Score,,Box Score,,"1,817",2:21
Thu Mar 25 2021,8:30p,Los Angeles Clippers,98,San Antonio Spurs,85,Box Score,,Box Score,,"3,225",2:04
Thu Mar 25 2021,10:00p,Philadelphia 76ers,109,Los Angeles Lakers,101,Box Score,,Box Score,,0,2:29
Thu Mar 25 2021,10:00p,Golden State Warriors,119,Sacramento Kings,141,Box Score,,Box Score,,0,2:02
Fri Mar 26 2021,7:00p,Brooklyn Nets,113,Detroit Pistons,111,Box Score,,Box Score,,750,2:39
Fri Mar 26 2021,7:30p,Boston Celtics,122,Milwaukee Bucks,114,Box Score,,Box Score,,"3,280",2:10
Fri Mar 26 2021,7:30p,Phoenix Suns,104,Toronto Raptors,100,Box Score,,Box Score,,0,2:04
Fri Mar 26 2021,8:00p,Miami Heat,105,Charlotte Hornets,110,Box Score,,Box Score,,"4,215",2:27
Fri Mar 26 2021,8:00p,Houston Rockets,101,Minnesota Timberwolves,107,Box Score,,Box Score,,0,2:10
Fri Mar 26 2021,8:00p,Denver Nuggets,113,New Orleans Pelicans,108,Box Score,,Box Score,,"3,700",2:06
Fri Mar 26 2021,8:00p,Portland Trail Blazers,112,Orlando Magic,105,Box Score,,Box Score,,"3,827",2:08
Fri Mar 26 2021,8:30p,Indiana Pacers,109,Dallas Mavericks,94,Box Score,,Box Score,,"4,132",2:07
Fri Mar 26 2021,9:00p,Memphis Grizzlies,114,Utah Jazz,117,Box Score,,Box Score,,"5,546",2:10
Fri Mar 26 2021,10:00p,Atlanta Hawks,124,Golden State Warriors,108,Box Score,,Box Score,,0,2:10
Fri Mar 26 2021,10:30p,Cleveland Cavaliers,86,Los Angeles Lakers,100,Box Score,,Box Score,,0,2:17
Sat Mar 27 2021,8:00p,New York Knicks,102,Milwaukee Bucks,96,Box Score,,Box Score,,"3,280",2:10
Sat Mar 27 2021,8:00p,Houston Rockets,129,Minnesota Timberwolves,107,Box Score,,Box Score,,0,2:07
Sat Mar 27 2021,8:00p,Detroit Pistons,92,Washington Wizards,106,Box Score,,Box Score,,0,2:03
Sat Mar 27 2021,8:30p,Chicago Bulls,104,San Antonio Spurs,120,Box Score,,Box Score,,"3,334",2:07
Sat Mar 27 2021,9:00p,Dallas Mavericks,103,New Orleans Pelicans,112,Box Score,,Box Score,,"3,700",2:19
Sat Mar 27 2021,9:00p,Boston Celtics,111,Oklahoma City Thunder,94,Box Score,,Box Score,,0,2:03
Sat Mar 27 2021,9:00p,Memphis Grizzlies,110,Utah Jazz,126,Box Score,,Box Score,,"5,546",2:09
Sat Mar 27 2021,10:00p,Philadelphia 76ers,112,Los Angeles Clippers,122,Box Score,,Box Score,,0,2:17
Sat Mar 27 2021,10:00p,Cleveland Cavaliers,98,Sacramento Kings,100,Box Score,,Box Score,,0,2:16
Sun Mar 28 2021,1:00p,Phoenix Suns,101,Charlotte Hornets,97,Box Score,,Box Score,OT,"3,850",2:37
Sun Mar 28 2021,7:00p,Portland Trail Blazers,122,Toronto Raptors,117,Box Score,,Box Score,,"2,021",2:24
Sun Mar 28 2021,9:00p,Atlanta Hawks,102,Denver Nuggets,126,Box Score,,Box Score,,0,1:59
Sun Mar 28 2021,10:00p,Orlando Magic,93,Los Angeles Lakers,96,Box Score,,Box Score,,0,2:11
Mon Mar 29 2021,7:00p,Indiana Pacers,124,Washington Wizards,132,Box Score,,Box Score,,0,2:21
Mon Mar 29 2021,7:30p,New Orleans Pelicans,115,Boston Celtics,109,Box Score,,Box Score,,"2,298",2:23
Mon Mar 29 2021,7:30p,Minnesota Timberwolves,107,Brooklyn Nets,112,Box Score,,Box Score,,"1,732",2:11
Mon Mar 29 2021,7:30p,Miami Heat,98,New York Knicks,88,Box Score,,Box Score,,"1,981",2:11
Mon Mar 29 2021,8:00p,Toronto Raptors,104,Detroit Pistons,118,Box Score,,Box Score,,750,2:17
Mon Mar 29 2021,8:00p,Memphis Grizzlies,120,Houston Rockets,110,Box Score,,Box Score,,"3,319",2:15
Mon Mar 29 2021,8:00p,Dallas Mavericks,127,Oklahoma City Thunder,106,Box Score,,Box Score,,0,2:02
Mon Mar 29 2021,8:30p,Sacramento Kings,132,San Antonio Spurs,115,Box Score,,Box Score,,"2,876",2:09
Mon Mar 29 2021,9:00p,Cleveland Cavaliers,75,Utah Jazz,114,Box Score,,Box Score,,"5,546",2:04
Mon Mar 29 2021,10:00p,Chicago Bulls,102,Golden State Warriors,116,Box Score,,Box Score,,0,2:05
Mon Mar 29 2021,10:00p,Milwaukee Bucks,105,Los Angeles Clippers,129,Box Score,,Box Score,,0,2:04
Tue Mar 30 2021,7:00p,Charlotte Hornets,114,Washington Wizards,104,Box Score,,Box Score,,0,2:15
Tue Mar 30 2021,9:00p,Philadelphia 76ers,95,Denver Nuggets,104,Box Score,,Box Score,,"3,574",2:03
Tue Mar 30 2021,10:00p,Orlando Magic,103,Los Angeles Clippers,96,Box Score,,Box Score,,0,2:10
Tue Mar 30 2021,10:00p,Atlanta Hawks,110,Phoenix Suns,117,Box Score,,Box Score,,"3,173",2:08
Wed Mar 31 2021,7:00p,Portland Trail Blazers,124,Detroit Pistons,101,Box Score,,Box Score,,750,2:14
Wed Mar 31 2021,7:00p,Miami Heat,92,Indiana Pacers,87,Box Score,,Box Score,,0,2:15
Wed Mar 31 2021,7:30p,Dallas Mavericks,113,Boston Celtics,108,Box Score,,Box Score,,"2,298",2:20
Wed Mar 31 2021,7:30p,Houston Rockets,108,Brooklyn Nets,120,Box Score,,Box Score,,"1,773",2:10
Wed Mar 31 2021,8:00p,Utah Jazz,111,Memphis Grizzlies,107,Box Score,,Box Score,,"2,314",2:20
Wed Mar 31 2021,8:00p,New York Knicks,101,Minnesota Timberwolves,102,Box Score,,Box Score,,0,2:07
Wed Mar 31 2021,8:00p,Toronto Raptors,103,Oklahoma City Thunder,113,Box Score,,Box Score,,0,2:12
Wed Mar 31 2021,8:30p,Sacramento Kings,106,San Antonio Spurs,120,Box Score,,Box Score,,"2,802",2:11
Wed Mar 31 2021,10:00p,Milwaukee Bucks,112,Los Angeles Lakers,97,Box Score,,Box Score,,0,2:27
Wed Mar 31 2021,10:00p,Chicago Bulls,116,Phoenix Suns,121,Box Score,,Box Score,,"3,459",2:08
Thu Apr 01 2021,7:00p,Philadelphia 76ers,114,Cleveland Cavaliers,94,Box Score,,Box Score,,"4,100",2:05
Thu Apr 01 2021,7:00p,Washington Wizards,91,Detroit Pistons,120,Box Score,,Box Score,,750,2:09
Thu Apr 01 2021,7:30p,Charlotte Hornets,89,Brooklyn Nets,111,Box Score,,Box Score,,"1,773",1:59
Thu Apr 01 2021,8:00p,Golden State Warriors,109,Miami Heat,116,Box Score,,Box Score,,0,2:22
Thu Apr 01 2021,8:00p,Orlando Magic,115,New Orleans Pelicans,110,Box Score,,Box Score,OT,"3,700",2:30
Thu Apr 01 2021,8:30p,Atlanta Hawks,134,San Antonio Spurs,129,Box Score,,Box Score,2OT,"2,949",2:47
Thu Apr 01 2021,10:00p,Denver Nuggets,101,Los Angeles Clippers,94,Box Score,,Box Score,,0,2:16
Fri Apr 02 2021,7:00p,Golden State Warriors,77,Toronto Raptors,130,Box Score,,Box Score,,"3,085",2:11
Fri Apr 02 2021,7:30p,Houston Rockets,102,Boston Celtics,118,Box Score,,Box Score,,0,2:03
Fri Apr 02 2021,7:30p,Dallas Mavericks,99,New York Knicks,86,Box Score,,Box Score,,"1,981",1:59
Fri Apr 02 2021,8:00p,Charlotte Hornets,114,Indiana Pacers,97,Box Score,,Box Score,,0,2:08
Fri Apr 02 2021,8:00p,Minnesota Timberwolves,108,Memphis Grizzlies,120,Box Score,,Box Score,,"2,987",2:06
Fri Apr 02 2021,9:00p,Atlanta Hawks,126,New Orleans Pelicans,103,Box Score,,Box Score,,"3,700",2:14
Fri Apr 02 2021,9:00p,Chicago Bulls,106,Utah Jazz,113,Box Score,,Box Score,,"5,546",2:17
Fri Apr 02 2021,10:00p,Oklahoma City Thunder,103,Phoenix Suns,140,Box Score,,Box Score,,"3,422",2:01
Fri Apr 02 2021,10:00p,Milwaukee Bucks,127,Portland Trail Blazers,109,Box Score,,Box Score,,0,2:11
Fri Apr 02 2021,10:00p,Los Angeles Lakers,115,Sacramento Kings,94,Box Score,,Box Score,,0,2:08
Sat Apr 03 2021,7:00p,Dallas Mavericks,109,Washington Wizards,87,Box Score,,Box Score,,0,2:10
Sat Apr 03 2021,8:00p,New York Knicks,125,Detroit Pistons,81,Box Score,,Box Score,,750,2:05
Sat Apr 03 2021,8:00p,Cleveland Cavaliers,101,Miami Heat,115,Box Score,,Box Score,,0,2:08
Sat Apr 03 2021,8:00p,Minnesota Timberwolves,113,Philadelphia 76ers,122,Box Score,,Box Score,,"3,071",2:26
Sat Apr 03 2021,9:00p,Indiana Pacers,139,San Antonio Spurs,133,Box Score,,Box Score,OT,"3,276",2:27
Sat Apr 03 2021,9:00p,Orlando Magic,91,Utah Jazz,137,Box Score,,Box Score,,"5,546",2:06
Sat Apr 03 2021,10:00p,Oklahoma City Thunder,85,Portland Trail Blazers,133,Box Score,,Box Score,,0,2:00
Sat Apr 03 2021,10:00p,Milwaukee Bucks,129,Sacramento Kings,128,Box Score,,Box Score,,0,2:10
Sun Apr 04 2021,2:00p,Brooklyn Nets,107,Chicago Bulls,115,Box Score,,Box Score,,0,2:02
Sun Apr 04 2021,3:30p,Los Angeles Lakers,86,Los Angeles Clippers,104,Box Score,,Box Score,,0,2:16
Sun Apr 04 2021,6:00p,Charlotte Hornets,86,Boston Celtics,116,Box Score,,Box Score,,0,2:03
Sun Apr 04 2021,7:00p,Memphis Grizzlies,116,Philadelphia 76ers,100,Box Score,,Box Score,,"4,094",2:10
Sun Apr 04 2021,7:30p,Golden State Warriors,111,Atlanta Hawks,117,Box Score,,Box Score,,"2,937",2:27
Sun Apr 04 2021,8:00p,New Orleans Pelicans,122,Houston Rockets,115,Box Score,,Box Score,,"3,268",2:18
Sun Apr 04 2021,10:00p,Orlando Magic,109,Denver Nuggets,119,Box Score,,Box Score,,"3,927",2:14
Mon Apr 05 2021,7:00p,New York Knicks,112,Brooklyn Nets,114,Box Score,,Box Score,,"1,773",2:15
Mon Apr 05 2021,7:00p,Utah Jazz,103,Dallas Mavericks,111,Box Score,,Box Score,,"4,261",2:04
Mon Apr 05 2021,7:00p,Sacramento Kings,106,Minnesota Timberwolves,116,Box Score,,Box Score,,"1,436",2:14
Mon Apr 05 2021,7:00p,Detroit Pistons,132,Oklahoma City Thunder,108,Box Score,,Box Score,,0,2:10
Mon Apr 05 2021,7:00p,Cleveland Cavaliers,125,San Antonio Spurs,101,Box Score,,Box Score,,"2,482",2:07
Mon Apr 05 2021,7:00p,Washington Wizards,101,Toronto Raptors,103,Box Score,,Box Score,,"1,620",2:06
Mon Apr 05 2021,8:00p,Phoenix Suns,133,Houston Rockets,130,Box Score,,Box Score,,"3,093",2:21
Tue Apr 06 2021,7:00p,Chicago Bulls,113,Indiana Pacers,97,Box Score,,Box Score,,0,2:04
Tue Apr 06 2021,7:30p,New Orleans Pelicans,107,Atlanta Hawks,123,Box Score,,Box Score,,"2,816",2:03
Tue Apr 06 2021,7:30p,Philadelphia 76ers,106,Boston Celtics,96,Box Score,,Box Score,,"2,298",2:20
Tue Apr 06 2021,7:30p,Los Angeles Lakers,110,Toronto Raptors,101,Box Score,,Box Score,,0,2:27
Tue Apr 06 2021,8:00p,Memphis Grizzlies,124,Miami Heat,112,Box Score,,Box Score,,0,2:07
Tue Apr 06 2021,9:00p,Detroit Pistons,119,Denver Nuggets,134,Box Score,,Box Score,,"3,556",2:01
Tue Apr 06 2021,10:00p,Milwaukee Bucks,121,Golden State Warriors,122,Box Score,,Box Score,,0,2:20
Tue Apr 06 2021,10:00p,Portland Trail Blazers,116,Los Angeles Clippers,133,Box Score,,Box Score,,0,2:17
Wed Apr 07 2021,7:00p,Minnesota Timberwolves,137,Indiana Pacers,141,Box Score,,Box Score,,0,2:20
Wed Apr 07 2021,7:00p,Washington Wizards,131,Orlando Magic,116,Box Score,,Box Score,,"3,991",2:10
Wed Apr 07 2021,7:30p,New York Knicks,99,Boston Celtics,101,Box Score,,Box Score,,"2,298",2:20
Wed Apr 07 2021,7:30p,New Orleans Pelicans,111,Brooklyn Nets,139,Box Score,,Box Score,,"1,773",2:22
Wed Apr 07 2021,8:00p,Memphis Grizzlies,131,Atlanta Hawks,113,Box Score,,Box Score,,"2,774",2:02
Wed Apr 07 2021,8:00p,Dallas Mavericks,93,Houston Rockets,102,Box Score,,Box Score,,"3,399",2:04
Wed Apr 07 2021,8:00p,Charlotte Hornets,113,Oklahoma City Thunder,102,Box Score,,Box Score,,0,1:59
Wed Apr 07 2021,9:00p,San Antonio Spurs,96,Denver Nuggets,106,Box Score,,Box Score,,"3,715",2:06
Wed Apr 07 2021,10:00p,Utah Jazz,113,Phoenix Suns,117,Box Score,,Box Score,OT,"5,110",2:30
Thu Apr 08 2021,7:30p,Los Angeles Lakers,104,Miami Heat,110,Box Score,,Box Score,,0,2:39
Thu Apr 08 2021,7:30p,Chicago Bulls,122,Toronto Raptors,113,Box Score,,Box Score,,0,2:07
Thu Apr 08 2021,8:00p,Cleveland Cavaliers,129,Oklahoma City Thunder,102,Box Score,,Box Score,,0,2:00
Thu Apr 08 2021,9:00p,Milwaukee Bucks,101,Dallas Mavericks,116,Box Score,,Box Score,,"4,190",2:10
Thu Apr 08 2021,10:00p,Phoenix Suns,103,Los Angeles Clippers,113,Box Score,,Box Score,,0,2:24
Thu Apr 08 2021,10:00p,Detroit Pistons,113,Sacramento Kings,101,Box Score,,Box Score,,0,2:15
Thu Apr 08 2021,10:00p,Portland Trail Blazers,103,Utah Jazz,122,Box Score,,Box Score,,"5,546",2:15
Fri Apr 09 2021,7:00p,Indiana Pacers,111,Orlando Magic,106,Box Score,,Box Score,,"3,777",2:19
Fri Apr 09 2021,7:30p,Minnesota Timberwolves,136,Boston Celtics,145,Box Score,,Box Score,OT,"2,298",2:38
Fri Apr 09 2021,7:30p,Memphis Grizzlies,129,New York Knicks,133,Box Score,,Box Score,OT,"1,912",2:41
Fri Apr 09 2021,8:00p,Chicago Bulls,108,Atlanta Hawks,120,Box Score,,Box Score,,996,2:03
Fri Apr 09 2021,8:00p,Philadelphia 76ers,94,New Orleans Pelicans,101,Box Score,,Box Score,,"3,700",2:20
Fri Apr 09 2021,9:00p,San Antonio Spurs,119,Denver Nuggets,121,Box Score,,Box Score,,"3,750",2:15
Fri Apr 09 2021,9:00p,Charlotte Hornets,127,Milwaukee Bucks,119,Box Score,,Box Score,,"3,280",2:08
Fri Apr 09 2021,10:00p,Washington Wizards,110,Golden State Warriors,107,Box Score,,Box Score,,0,2:10
Fri Apr 09 2021,10:00p,Houston Rockets,109,Los Angeles Clippers,126,Box Score,,Box Score,,0,2:10
Sat Apr 10 2021,7:30p,Toronto Raptors,135,Cleveland Cavaliers,115,Box Score,,Box Score,,"4,148",2:04
Sat Apr 10 2021,8:30p,Los Angeles Lakers,126,Brooklyn Nets,101,Box Score,,Box Score,,"1,773",2:18
Sat Apr 10 2021,9:00p,Philadelphia 76ers,117,Oklahoma City Thunder,93,Box Score,,Box Score,,0,2:03
Sat Apr 10 2021,9:00p,Sacramento Kings,112,Utah Jazz,128,Box Score,,Box Score,,"5,546",2:20
Sat Apr 10 2021,10:00p,Houston Rockets,109,Golden State Warriors,125,Box Score,,Box Score,,0,2:05
Sat Apr 10 2021,10:00p,Washington Wizards,106,Phoenix Suns,134,Box Score,,Box Score,,"5,028",2:00
Sat Apr 10 2021,10:00p,Detroit Pistons,103,Portland Trail Blazers,118,Box Score,,Box Score,,0,2:12
Sun Apr 11 2021,1:00p,Atlanta Hawks,105,Charlotte Hornets,101,Box Score,,Box Score,,"4,148",2:11
Sun Apr 11 2021,3:00p,Boston Celtics,105,Denver Nuggets,87,Box Score,,Box Score,,"4,032",2:12
Sun Apr 11 2021,7:00p,New Orleans Pelicans,116,Cleveland Cavaliers,109,Box Score,,Box Score,,"4,148",2:11
Sun Apr 11 2021,7:00p,Milwaukee Bucks,124,Orlando Magic,87,Box Score,,Box Score,,"3,316",1:57
Sun Apr 11 2021,8:00p,San Antonio Spurs,119,Dallas Mavericks,117,Box Score,,Box Score,,"4,054",2:15
Sun Apr 11 2021,8:00p,Indiana Pacers,132,Memphis Grizzlies,125,Box Score,,Box Score,,"2,341",2:05
Sun Apr 11 2021,8:00p,Chicago Bulls,117,Minnesota Timberwolves,121,Box Score,,Box Score,,"1,436",2:17
Sun Apr 11 2021,8:00p,Toronto Raptors,96,New York Knicks,102,Box Score,,Box Score,,"1,833",2:38
Sun Apr 11 2021,10:00p,Detroit Pistons,124,Los Angeles Clippers,131,Box Score,,Box Score,,0,2:19
Sun Apr 11 2021,10:00p,Miami Heat,107,Portland Trail Blazers,98,Box Score,,Box Score,,0,2:05
Mon Apr 12 2021,7:30p,Philadelphia 76ers,113,Dallas Mavericks,95,Box Score,,Box Score,,"4,016",2:18
Mon Apr 12 2021,7:30p,Los Angeles Lakers,96,New York Knicks,111,Box Score,,Box Score,,"1,981",2:19
Mon Apr 12 2021,8:00p,San Antonio Spurs,120,Orlando Magic,97,Box Score,,Box Score,,"3,107",2:10
Mon Apr 12 2021,9:00p,Chicago Bulls,90,Memphis Grizzlies,101,Box Score,,Box Score,,"2,194",2:07
Mon Apr 12 2021,9:00p,Sacramento Kings,110,New Orleans Pelicans,117,Box Score,,Box Score,,"3,700",2:25
Mon Apr 12 2021,9:00p,Washington Wizards,125,Utah Jazz,121,Box Score,,Box Score,,"5,546",2:28
Mon Apr 12 2021,10:00p,Denver Nuggets,107,Golden State Warriors,116,Box Score,,Box Score,,0,2:31
Mon Apr 12 2021,10:00p,Houston Rockets,120,Phoenix Suns,126,Box Score,,Box Score,,"4,145",2:03
Tue Apr 13 2021,4:00p,Brooklyn Nets,127,Minnesota Timberwolves,97,Box Score,,Box Score,,0,2:06
Tue Apr 13 2021,7:30p,Los Angeles Clippers,126,Indiana Pacers,115,Box Score,,Box Score,,0,2:14
Tue Apr 13 2021,7:30p,Atlanta Hawks,108,Toronto Raptors,103,Box Score,,Box Score,,"1,427",2:06
Tue Apr 13 2021,8:00p,Los Angeles Lakers,101,Charlotte Hornets,93,Box Score,,Box Score,,"3,676",2:12
Tue Apr 13 2021,9:00p,Oklahoma City Thunder,96,Utah Jazz,106,Box Score,,Box Score,,"5,546",2:12
Tue Apr 13 2021,10:00p,Miami Heat,86,Phoenix Suns,106,Box Score,,Box Score,,"5,024",2:05
Tue Apr 13 2021,10:00p,Boston Celtics,116,Portland Trail Blazers,115,Box Score,,Box Score,,0,2:23
Wed Apr 14 2021,4:30p,Milwaukee Bucks,130,Minnesota Timberwolves,105,Box Score,,Box Score,,0,2:08
Wed Apr 14 2021,7:00p,Cleveland Cavaliers,103,Charlotte Hornets,90,Box Score,,Box Score,,"2,955",2:06
Wed Apr 14 2021,7:00p,Brooklyn Nets,117,Philadelphia 76ers,123,Box Score,,Box Score,,"4,094",2:16
Wed Apr 14 2021,7:30p,San Antonio Spurs,112,Toronto Raptors,117,Box Score,,Box Score,,"1,184",2:14
Wed Apr 14 2021,8:00p,Orlando Magic,115,Chicago Bulls,106,Box Score,,Box Score,,0,2:07
Wed Apr 14 2021,8:00p,Los Angeles Clippers,100,Detroit Pistons,98,Box Score,,Box Score,,750,2:19
Wed Apr 14 2021,8:00p,New York Knicks,116,New Orleans Pelicans,106,Box Score,,Box Score,,"3,700",2:02
Wed Apr 14 2021,9:00p,Indiana Pacers,132,Houston Rockets,124,Box Score,,Box Score,,"3,293",2:08
Wed Apr 14 2021,9:00p,Golden State Warriors,147,Oklahoma City Thunder,109,Box Score,,Box Score,,0,2:06
Wed Apr 14 2021,9:30p,Dallas Mavericks,114,Memphis Grizzlies,113,Box Score,,Box Score,,"2,141",2:14
Wed Apr 14 2021,10:00p,Miami Heat,106,Denver Nuggets,123,Box Score,,Box Score,,"4,017",2:00
Wed Apr 14 2021,10:00p,Washington Wizards,123,Sacramento Kings,111,Box Score,,Box Score,,0,2:11
Thu Apr 15 2021,7:30p,Milwaukee Bucks,120,Atlanta Hawks,109,Box Score,,Box Score,,0,2:12
Thu Apr 15 2021,8:00p,Golden State Warriors,119,Cleveland Cavaliers,101,Box Score,,Box Score,,"4,148",2:14
Thu Apr 15 2021,10:00p,Boston Celtics,121,Los Angeles Lakers,113,Box Score,,Box Score,,"1,915",2:12
Thu Apr 15 2021,10:00p,Sacramento Kings,114,Phoenix Suns,122,Box Score,,Box Score,,"4,568",2:07
Fri Apr 16 2021,3:00p,Indiana Pacers,111,Utah Jazz,119,Box Score,,Box Score,,"5,546",2:15
Fri Apr 16 2021,7:00p,Oklahoma City Thunder,104,Detroit Pistons,110,Box Score,,Box Score,,750,2:29
Fri Apr 16 2021,7:00p,Los Angeles Clippers,103,Philadelphia 76ers,106,Box Score,,Box Score,,"4,094",2:33
Fri Apr 16 2021,7:00p,New Orleans Pelicans,115,Washington Wizards,117,Box Score,,Box Score,OT,0,2:35
Fri Apr 16 2021,7:30p,Charlotte Hornets,115,Brooklyn Nets,130,Box Score,,Box Score,,"1,773",2:07
Fri Apr 16 2021,7:30p,Orlando Magic,102,Toronto Raptors,113,Box Score,,Box Score,,0,2:11
Fri Apr 16 2021,8:00p,Memphis Grizzlies,126,Chicago Bulls,115,Box Score,,Box Score,,0,2:05
Fri Apr 16 2021,8:00p,Denver Nuggets,128,Houston Rockets,99,Box Score,,Box Score,,"3,342",2:05
Fri Apr 16 2021,8:00p,Miami Heat,111,Minnesota Timberwolves,119,Box Score,,Box Score,,"1,638",2:16
Fri Apr 16 2021,8:30p,Portland Trail Blazers,107,San Antonio Spurs,106,Box Score,,Box Score,,"4,303",2:00
Fri Apr 16 2021,9:30p,New York Knicks,117,Dallas Mavericks,109,Box Score,,Box Score,,"4,246",2:25
Sat Apr 17 2021,4:30p,Utah Jazz,115,Los Angeles Lakers,127,Box Score,,Box Score,OT,"1,710",2:35
Sat Apr 17 2021,8:00p,Cleveland Cavaliers,96,Chicago Bulls,106,Box Score,,Box Score,,0,1:57
Sat Apr 17 2021,8:00p,Detroit Pistons,100,Washington Wizards,121,Box Score,,Box Score,,0,2:08
Sat Apr 17 2021,8:30p,Golden State Warriors,114,Boston Celtics,119,Box Score,,Box Score,,"2,298",2:24
Sat Apr 17 2021,9:00p,Memphis Grizzlies,128,Milwaukee Bucks,115,Box Score,,Box Score,,"3,280",2:10
Sat Apr 17 2021,10:00p,San Antonio Spurs,111,Phoenix Suns,85,Box Score,,Box Score,,"5,078",2:01
Sun Apr 18 2021,1:00p,Indiana Pacers,117,Atlanta Hawks,129,Box Score,,Box Score,,0,2:13
Sun Apr 18 2021,1:00p,New Orleans Pelicans,112,New York Knicks,122,Box Score,,Box Score,OT,"1,981",2:45
Sun Apr 18 2021,3:30p,Brooklyn Nets,107,Miami Heat,109,Box Score,,Box Score,,0,2:10
Sun Apr 18 2021,7:00p,Portland Trail Blazers,101,Charlotte Hornets,109,Box Score,,Box Score,,"3,880",2:10
Sun Apr 18 2021,7:00p,Houston Rockets,114,Orlando Magic,110,Box Score,,Box Score,,"3,772",2:19
Sun Apr 18 2021,7:00p,Oklahoma City Thunder,106,Toronto Raptors,112,Box Score,,Box Score,,0,2:19
Sun Apr 18 2021,7:30p,Sacramento Kings,121,Dallas Mavericks,107,Box Score,,Box Score,,"4,193",2:15
Sun Apr 18 2021,10:00p,Minnesota Timberwolves,105,Los Angeles Clippers,124,Box Score,,Box Score,,"1,734",2:07
Mon Apr 19 2021,7:00p,Cleveland Cavaliers,105,Detroit Pistons,109,Box Score,,Box Score,,750,2:25
Mon Apr 19 2021,7:30p,Chicago Bulls,102,Boston Celtics,96,Box Score,,Box Score,,0,2:10
Mon Apr 19 2021,7:30p,Golden State Warriors,107,Philadelphia 76ers,96,Box Score,,Box Score,,"4,094",2:26
Mon Apr 19 2021,8:00p,San Antonio Spurs,109,Indiana Pacers,94,Box Score,,Box Score,,0,2:23
Mon Apr 19 2021,8:00p,Houston Rockets,91,Miami Heat,113,Box Score,,Box Score,,0,1:58
Mon Apr 19 2021,8:00p,Phoenix Suns,128,Milwaukee Bucks,127,Box Score,,Box Score,OT,"3,280",2:28
Mon Apr 19 2021,8:00p,Oklahoma City Thunder,107,Washington Wizards,119,Box Score,,Box Score,,0,2:13
Mon Apr 19 2021,9:00p,Memphis Grizzlies,137,Denver Nuggets,139,Box Score,,Box Score,2OT,"4,005",2:47
Mon Apr 19 2021,10:00p,Utah Jazz,111,Los Angeles Lakers,97,Box Score,,Box Score,,"1,709",2:09
Tue Apr 20 2021,7:30p,Orlando Magic,96,Atlanta Hawks,112,Box Score,,Box Score,,"2,219",2:07
Tue Apr 20 2021,7:30p,Brooklyn Nets,134,New Orleans Pelicans,129,Box Score,,Box Score,,"3,700",2:26
Tue Apr 20 2021,7:30p,Charlotte Hornets,97,New York Knicks,109,Box Score,,Box Score,,"1,753",1:58
Tue Apr 20 2021,10:00p,Los Angeles Clippers,113,Portland Trail Blazers,112,Box Score,,Box Score,,0,2:21
Tue Apr 20 2021,10:00p,Minnesota Timberwolves,134,Sacramento Kings,120,Box Score,,Box Score,,0,2:08
Wed Apr 21 2021,7:00p,Chicago Bulls,105,Cleveland Cavaliers,121,Box Score,,Box Score,,0,2:05
Wed Apr 21 2021,7:00p,Oklahoma City Thunder,116,Indiana Pacers,122,Box Score,,Box Score,,0,2:08
Wed Apr 21 2021,7:00p,Phoenix Suns,116,Philadelphia 76ers,113,Box Score,,Box Score,,"4,094",2:18
Wed Apr 21 2021,7:00p,Brooklyn Nets,103,Toronto Raptors,114,Box Score,,Box Score,,0,2:04
Wed Apr 21 2021,7:00p,Golden State Warriors,114,Washington Wizards,118,Box Score,,Box Score,,"2,133",2:22
Wed Apr 21 2021,8:00p,Utah Jazz,112,Houston Rockets,89,Box Score,,Box Score,,"3,253",1:58
Wed Apr 21 2021,8:00p,Atlanta Hawks,127,New York Knicks,137,Box Score,,Box Score,OT,"1,981",2:31
Wed Apr 21 2021,8:30p,Detroit Pistons,117,Dallas Mavericks,127,Box Score,,Box Score,,"4,043",2:18
Wed Apr 21 2021,8:30p,Miami Heat,107,San Antonio Spurs,87,Box Score,,Box Score,,"4,229",2:08
Wed Apr 21 2021,10:00p,Memphis Grizzlies,105,Los Angeles Clippers,117,Box Score,,Box Score,,"1,782",2:14
Wed Apr 21 2021,10:00p,Denver Nuggets,106,Portland Trail Blazers,105,Box Score,,Box Score,,0,2:03
Wed Apr 21 2021,10:00p,Minnesota Timberwolves,125,Sacramento Kings,128,Box Score,,Box Score,,0,2:17
Thu Apr 22 2021,7:00p,Phoenix Suns,86,Boston Celtics,99,Box Score,,Box Score,,"2,298",2:06
Thu Apr 22 2021,7:00p,Philadelphia 76ers,117,Milwaukee Bucks,124,Box Score,,Box Score,,"3,280",2:25
Thu Apr 22 2021,7:00p,New Orleans Pelicans,135,Orlando Magic,100,Box Score,,Box Score,,"3,411",2:05
Thu Apr 22 2021,8:30p,Detroit Pistons,91,San Antonio Spurs,106,Box Score,,Box Score,,"3,334",2:13
Thu Apr 22 2021,9:00p,Charlotte Hornets,91,Chicago Bulls,108,Box Score,,Box Score,,0,2:01
Thu Apr 22 2021,9:30p,Los Angeles Lakers,110,Dallas Mavericks,115,Box Score,,Box Score,,"4,443",2:32
Fri Apr 23 2021,7:30p,Miami Heat,103,Atlanta Hawks,118,Box Score,,Box Score,,"2,985",2:09
Fri Apr 23 2021,7:30p,Boston Celtics,104,Brooklyn Nets,109,Box Score,,Box Score,,"1,773",2:22
Fri Apr 23 2021,8:00p,Cleveland Cavaliers,102,Charlotte Hornets,108,Box Score,,Box Score,,"4,060",2:10
Fri Apr 23 2021,8:00p,Los Angeles Clippers,109,Houston Rockets,104,Box Score,,Box Score,,"3,313",2:12
Fri Apr 23 2021,8:00p,Washington Wizards,129,Oklahoma City Thunder,109,Box Score,,Box Score,,0,2:10
Fri Apr 23 2021,10:00p,Denver Nuggets,97,Golden State Warriors,118,Box Score,,Box Score,,"1,935",2:14
Fri Apr 23 2021,10:00p,Memphis Grizzlies,130,Portland Trail Blazers,128,Box Score,,Box Score,,0,2:14
Sat Apr 24 2021,1:00p,Toronto Raptors,103,New York Knicks,120,Box Score,,Box Score,,"1,981",2:17
Sat Apr 24 2021,3:30p,Philadelphia 76ers,94,Milwaukee Bucks,132,Box Score,,Box Score,,"3,280",2:25
Sat Apr 24 2021,7:00p,Detroit Pistons,109,Indiana Pacers,115,Box Score,,Box Score,,0,2:52
Sat Apr 24 2021,8:00p,Chicago Bulls,101,Miami Heat,106,Box Score,,Box Score,,0,2:13
Sat Apr 24 2021,8:00p,San Antonio Spurs,110,New Orleans Pelicans,108,Box Score,,Box Score,,"3,700",2:22
Sat Apr 24 2021,8:30p,Los Angeles Lakers,93,Dallas Mavericks,108,Box Score,,Box Score,,"4,561",2:25
Sat Apr 24 2021,9:00p,Minnesota Timberwolves,101,Utah Jazz,96,Box Score,,Box Score,,0,2:18
Sat Apr 24 2021,10:00p,Houston Rockets,116,Denver Nuggets,129,Box Score,,Box Score,,"4,035",2:04
Sun Apr 25 2021,1:00p,Boston Celtics,104,Charlotte Hornets,125,Box Score,,Box Score,,"4,493",2:12
Sun Apr 25 2021,3:30p,Phoenix Suns,119,Brooklyn Nets,128,Box Score,,Box Score,,"1,773",2:17
Sun Apr 25 2021,4:00p,Memphis Grizzlies,120,Portland Trail Blazers,113,Box Score,,Box Score,,0,2:20
Sun Apr 25 2021,7:00p,Cleveland Cavaliers,110,Washington Wizards,119,Box Score,,Box Score,,"2,133",2:17
Sun Apr 25 2021,7:30p,Milwaukee Bucks,104,Atlanta Hawks,111,Box Score,,Box Score,,"3,010",2:15
Sun Apr 25 2021,8:00p,Indiana Pacers,131,Orlando Magic,112,Box Score,,Box Score,,"3,519",2:17
Sun Apr 25 2021,10:00p,Sacramento Kings,113,Golden State Warriors,117,Box Score,,Box Score,,"3,252",2:12
Mon Apr 26 2021,7:00p,Atlanta Hawks,86,Detroit Pistons,100,Box Score,,Box Score,,750,2:03
Mon Apr 26 2021,7:00p,Los Angeles Lakers,114,Orlando Magic,103,Box Score,,Box Score,,"4,099",2:10
Mon Apr 26 2021,7:00p,Oklahoma City Thunder,90,Philadelphia 76ers,121,Box Score,,Box Score,,"4,094",2:07
Mon Apr 26 2021,7:00p,San Antonio Spurs,146,Washington Wizards,143,Box Score,,Box Score,OT,"2,133",2:33
Mon Apr 26 2021,7:30p,Phoenix Suns,118,New York Knicks,110,Box Score,,Box Score,,"1,981",2:04
Mon Apr 26 2021,7:30p,Cleveland Cavaliers,96,Toronto Raptors,112,Box Score,,Box Score,,"1,626",1:57
Mon Apr 26 2021,8:00p,Chicago Bulls,110,Miami Heat,102,Box Score,,Box Score,,0,2:18
Mon Apr 26 2021,8:00p,Utah Jazz,104,Minnesota Timberwolves,105,Box Score,,Box Score,,"1,638",2:19
Mon Apr 26 2021,8:00p,Los Angeles Clippers,103,New Orleans Pelicans,120,Box Score,,Box Score,,"3,700",2:12
Mon Apr 26 2021,9:00p,Memphis Grizzlies,96,Denver Nuggets,120,Box Score,,Box Score,,"3,823",2:12
Mon Apr 26 2021,10:00p,Dallas Mavericks,106,Sacramento Kings,113,Box Score,,Box Score,,0,2:12
Tue Apr 27 2021,7:00p,Oklahoma City Thunder,119,Boston Celtics,115,Box Score,,Box Score,,"2,298",2:26
Tue Apr 27 2021,7:00p,Milwaukee Bucks,114,Charlotte Hornets,104,Box Score,,Box Score,,"3,240",2:12
Tue Apr 27 2021,7:00p,Portland Trail Blazers,133,Indiana Pacers,112,Box Score,,Box Score,,0,2:08
Tue Apr 27 2021,7:30p,Brooklyn Nets,116,Toronto Raptors,103,Box Score,,Box Score,,0,2:05
Tue Apr 27 2021,9:00p,Minnesota Timberwolves,114,Houston Rockets,107,Box Score,,Box Score,,"3,225",2:19
Tue Apr 27 2021,9:30p,Dallas Mavericks,133,Golden State Warriors,103,Box Score,,Box Score,,"3,613",2:15
Wed Apr 28 2021,7:00p,Orlando Magic,109,Cleveland Cavaliers,104,Box Score,,Box Score,,"4,148",2:07
Wed Apr 28 2021,7:00p,Atlanta Hawks,83,Philadelphia 76ers,127,Box Score,,Box Score,,"4,094",2:10
Wed Apr 28 2021,7:30p,Charlotte Hornets,111,Boston Celtics,120,Box Score,,Box Score,,"2,298",2:15
Wed Apr 28 2021,7:30p,Chicago Bulls,94,New York Knicks,113,Box Score,,Box Score,,"1,981",2:04
Wed Apr 28 2021,7:30p,Los Angeles Lakers,107,Washington Wizards,116,Box Score,,Box Score,,"2,133",2:21
Wed Apr 28 2021,8:00p,San Antonio Spurs,111,Miami Heat,116,Box Score,,Box Score,,0,2:16
Wed Apr 28 2021,9:00p,New Orleans Pelicans,112,Denver Nuggets,114,Box Score,,Box Score,,"4,022",2:11
Wed Apr 28 2021,9:00p,Portland Trail Blazers,130,Memphis Grizzlies,109,Box Score,,Box Score,,"3,427",2:12
Wed Apr 28 2021,10:00p,Los Angeles Clippers,101,Phoenix Suns,109,Box Score,,Box Score,,"5,917",2:02
Wed Apr 28 2021,10:00p,Utah Jazz,154,Sacramento Kings,105,Box Score,,Box Score,,0,2:04
Thu Apr 29 2021,7:00p,Dallas Mavericks,115,Detroit Pistons,105,Box Score,,Box Score,,750,2:19
Thu Apr 29 2021,7:00p,Brooklyn Nets,130,Indiana Pacers,113,Box Score,,Box Score,,0,2:07
Thu Apr 29 2021,8:00p,Milwaukee Bucks,136,Houston Rockets,143,Box Score,,Box Score,,"3,232",2:13
Thu Apr 29 2021,8:00p,Golden State Warriors,114,Minnesota Timberwolves,126,Box Score,,Box Score,,"1,638",2:16
Thu Apr 29 2021,9:00p,Toronto Raptors,111,Denver Nuggets,121,Box Score,,Box Score,,"4,025",2:07
Thu Apr 29 2021,9:00p,New Orleans Pelicans,109,Oklahoma City Thunder,95,Box Score,,Box Score,,0,2:08
Fri Apr 30 2021,7:00p,Atlanta Hawks,104,Philadelphia 76ers,126,Box Score,,Box Score,,"4,094",2:16
Fri Apr 30 2021,7:30p,San Antonio Spurs,140,Boston Celtics,143,Box Score,,Box Score,OT,"2,298",2:45
Fri Apr 30 2021,7:30p,Washington Wizards,122,Cleveland Cavaliers,93,Box Score,,Box Score,,"4,148",2:16
Fri Apr 30 2021,8:00p,Portland Trail Blazers,128,Brooklyn Nets,109,Box Score,,Box Score,,"1,773",2:01
Fri Apr 30 2021,8:00p,Orlando Magic,75,Memphis Grizzlies,92,Box Score,,Box Score,,"2,850",2:02
Fri Apr 30 2021,9:00p,Milwaukee Bucks,108,Chicago Bulls,98,Box Score,,Box Score,,0,2:08
Fri Apr 30 2021,10:00p,Utah Jazz,100,Phoenix Suns,121,Box Score,,Box Score,,"6,065",1:59
Fri Apr 30 2021,10:30p,Sacramento Kings,110,Los Angeles Lakers,106,Box Score,,Box Score,,"2,691",2:17
Sat May 01 2021,7:00p,Detroit Pistons,94,Charlotte Hornets,107,Box Score,,Box Score,,"3,766",2:08
Sat May 01 2021,7:30p,Golden State Warriors,113,Houston Rockets,87,Box Score,,Box Score,,"3,702",2:09
Sat May 01 2021,8:00p,Chicago Bulls,97,Atlanta Hawks,108,Box Score,,Box Score,,"3,053",2:09
Sat May 01 2021,8:00p,Miami Heat,124,Cleveland Cavaliers,107,Box Score,,Box Score,,"4,148",1:59
Sat May 01 2021,8:00p,New Orleans Pelicans,140,Minnesota Timberwolves,136,Box Score,,Box Score,OT,"1,638",2:42
Sat May 01 2021,8:00p,Indiana Pacers,152,Oklahoma City Thunder,95,Box Score,,Box Score,,0,2:01
Sat May 01 2021,8:00p,Memphis Grizzlies,111,Orlando Magic,112,Box Score,,Box Score,,"3,924",2:19
Sat May 01 2021,9:00p,Washington Wizards,124,Dallas Mavericks,125,Box Score,,Box Score,,"4,351",2:14
Sat May 01 2021,10:00p,Denver Nuggets,110,Los Angeles Clippers,104,Box Score,,Box Score,,"2,818",2:23
Sat May 01 2021,10:00p,Toronto Raptors,102,Utah Jazz,106,Box Score,,Box Score,,"6,506",2:05
Sun May 02 2021,3:30p,Brooklyn Nets,114,Milwaukee Bucks,117,Box Score,,Box Score,,"3,280",2:13
Sun May 02 2021,7:30p,Portland Trail Blazers,129,Boston Celtics,119,Box Score,,Box Score,,,2:18
Sun May 02 2021,8:00p,Miami Heat,121,Charlotte Hornets,111,Box Score,,Box Score,,"4,095",2:08
Sun May 02 2021,8:00p,Sacramento Kings,111,Dallas Mavericks,99,Box Score,,Box Score,,"4,268",2:24
Sun May 02 2021,8:00p,New York Knicks,122,Houston Rockets,97,Box Score,,Box Score,,"3,431",2:06
Sun May 02 2021,8:00p,Phoenix Suns,123,Oklahoma City Thunder,120,Box Score,,Box Score,,0,2:11
Sun May 02 2021,8:00p,Philadelphia 76ers,113,San Antonio Spurs,111,Box Score,,Box Score,OT,"3,978",2:26
Sun May 02 2021,10:00p,Toronto Raptors,121,Los Angeles Lakers,114,Box Score,,Box Score,,"2,053",2:23
Mon May 03 2021,7:00p,Orlando Magic,119,Detroit Pistons,112,Box Score,,Box Score,,750,2:07
Mon May 03 2021,7:00p,Indiana Pacers,141,Washington Wizards,154,Box Score,,Box Score,,0,2:13
Mon May 03 2021,7:30p,Golden State Warriors,123,New Orleans Pelicans,108,Box Score,,Box Score,,"3,700",2:19
Mon May 03 2021,8:00p,Portland Trail Blazers,114,Atlanta Hawks,123,Box Score,,Box Score,,"3,091",2:02
Mon May 03 2021,9:00p,Philadelphia 76ers,106,Chicago Bulls,94,Box Score,,Box Score,,0,2:07
Mon May 03 2021,9:00p,New York Knicks,118,Memphis Grizzlies,104,Box Score,,Box Score,,"2,789",2:10
Mon May 03 2021,10:00p,Denver Nuggets,89,Los Angeles Lakers,93,Box Score,,Box Score,,"2,454",2:27
Mon May 03 2021,10:00p,San Antonio Spurs,99,Utah Jazz,110,Box Score,,Box Score,,"6,506",2:04
Tue May 04 2021,7:00p,Phoenix Suns,134,Cleveland Cavaliers,118,Box Score,,Box Score,OT,"4,148",2:25
Tue May 04 2021,7:00p,Charlotte Hornets,102,Detroit Pistons,99,Box Score,,Box Score,,750,2:34
Tue May 04 2021,7:30p,Brooklyn Nets,118,Milwaukee Bucks,124,Box Score,,Box Score,,"3,280",2:25
Tue May 04 2021,8:00p,Dallas Mavericks,127,Miami Heat,113,Box Score,,Box Score,,0,2:08
Tue May 04 2021,8:00p,Golden State Warriors,103,New Orleans Pelicans,108,Box Score,,Box Score,,"3,700",2:10
Tue May 04 2021,8:00p,Sacramento Kings,103,Oklahoma City Thunder,99,Box Score,,Box Score,,0,2:11
Tue May 04 2021,10:00p,Toronto Raptors,100,Los Angeles Clippers,105,Box Score,,Box Score,,"1,714",2:10
Wed May 05 2021,7:00p,Boston Celtics,132,Orlando Magic,96,Box Score,,Box Score,,0,1:59
Wed May 05 2021,7:30p,Portland Trail Blazers,141,Cleveland Cavaliers,105,Box Score,,Box Score,,"4,148",2:03
Wed May 05 2021,8:00p,Phoenix Suns,103,Atlanta Hawks,135,Box Score,,Box Score,,"3,205",2:04
Wed May 05 2021,8:00p,Philadelphia 76ers,135,Houston Rockets,115,Box Score,,Box Score,,"3,583",2:05
Wed May 05 2021,8:00p,Sacramento Kings,104,Indiana Pacers,93,Box Score,,Box Score,,0,2:07
Wed May 05 2021,8:00p,Washington Wizards,134,Milwaukee Bucks,135,Box Score,,Box Score,,"3,280",2:33
Wed May 05 2021,8:00p,Memphis Grizzlies,139,Minnesota Timberwolves,135,Box Score,,Box Score,,"1,436",2:21
Wed May 05 2021,9:00p,New York Knicks,97,Denver Nuggets,113,Box Score,,Box Score,,"4,038",2:13
Wed May 05 2021,9:00p,San Antonio Spurs,94,Utah Jazz,126,Box Score,,Box Score,,"6,506",1:58
Thu May 06 2021,7:00p,Chicago Bulls,120,Charlotte Hornets,99,Box Score,,Box Score,,"3,769",2:05
Thu May 06 2021,7:30p,Brooklyn Nets,109,Dallas Mavericks,113,Box Score,,Box Score,,"4,602",2:20
Thu May 06 2021,7:30p,Washington Wizards,131,Toronto Raptors,129,Box Score,,Box Score,OT,"2,494",2:54
Thu May 06 2021,8:00p,Memphis Grizzlies,97,Detroit Pistons,111,Box Score,,Box Score,,750,2:07
Thu May 06 2021,8:00p,Atlanta Hawks,126,Indiana Pacers,133,Box Score,,Box Score,,0,2:09
Thu May 06 2021,10:00p,Oklahoma City Thunder,97,Golden State Warriors,118,Box Score,,Box Score,,"3,621",2:06
Thu May 06 2021,10:00p,Los Angeles Lakers,94,Los Angeles Clippers,118,Box Score,,Box Score,,"3,275",2:21
Fri May 07 2021,7:00p,New Orleans Pelicans,107,Philadelphia 76ers,109,Box Score,,Box Score,,"5,119",2:15
Fri May 07 2021,7:30p,Boston Celtics,99,Chicago Bulls,121,Box Score,,Box Score,,"3,399",2:11
Fri May 07 2021,8:00p,Orlando Magic,112,Charlotte Hornets,122,Box Score,,Box Score,,"3,751",2:22
Fri May 07 2021,8:00p,Minnesota Timberwolves,112,Miami Heat,121,Box Score,,Box Score,,0,2:27
Fri May 07 2021,8:00p,Houston Rockets,133,Milwaukee Bucks,141,Box Score,,Box Score,,"3,280",2:07
Fri May 07 2021,8:30p,Cleveland Cavaliers,90,Dallas Mavericks,110,Box Score,,Box Score,,"4,220",2:06
Fri May 07 2021,9:00p,Denver Nuggets,120,Utah Jazz,127,Box Score,,Box Score,,"6,506",2:13
Fri May 07 2021,10:00p,New York Knicks,105,Phoenix Suns,128,Box Score,,Box Score,,"8,063",2:16
Fri May 07 2021,10:00p,Los Angeles Lakers,101,Portland Trail Blazers,106,Box Score,,Box Score,,0,2:23
Fri May 07 2021,10:00p,San Antonio Spurs,113,Sacramento Kings,104,Box Score,,Box Score,,0,2:10
Sat May 08 2021,7:00p,Washington Wizards,133,Indiana Pacers,132,Box Score,,Box Score,OT,0,2:33
Sat May 08 2021,7:00p,Detroit Pistons,104,Philadelphia 76ers,118,Box Score,,Box Score,,"5,119",2:05
Sat May 08 2021,7:30p,Memphis Grizzlies,109,Toronto Raptors,99,Box Score,,Box Score,,0,2:12
Sat May 08 2021,10:00p,Brooklyn Nets,125,Denver Nuggets,119,Box Score,,Box Score,,"4,044",2:17
Sat May 08 2021,10:00p,Oklahoma City Thunder,97,Golden State Warriors,136,Box Score,,Box Score,,"4,155",2:00
Sat May 08 2021,10:00p,San Antonio Spurs,102,Portland Trail Blazers,124,Box Score,,Box Score,,"1,939",2:07
Sat May 08 2021,10:00p,Houston Rockets,116,Utah Jazz,124,Box Score,,Box Score,,"6,506",2:04
Sun May 09 2021,1:00p,Miami Heat,130,Boston Celtics,124,Box Score,,Box Score,,"2,298",2:23
Sun May 09 2021,3:30p,New York Knicks,106,Los Angeles Clippers,100,Box Score,,Box Score,,"2,578",2:06
Sun May 09 2021,7:00p,New Orleans Pelicans,112,Charlotte Hornets,110,Box Score,,Box Score,,"4,196",2:18
Sun May 09 2021,7:00p,Dallas Mavericks,124,Cleveland Cavaliers,97,Box Score,,Box Score,,"4,148",2:10
Sun May 09 2021,7:00p,Minnesota Timberwolves,128,Orlando Magic,96,Box Score,,Box Score,,"4,086",2:13
Sun May 09 2021,8:00p,Chicago Bulls,108,Detroit Pistons,96,Box Score,,Box Score,,750,2:12
Sun May 09 2021,10:00p,Phoenix Suns,110,Los Angeles Lakers,123,Box Score,,Box Score,,"3,144",2:28
Sun May 09 2021,10:00p,Oklahoma City Thunder,98,Sacramento Kings,126,Box Score,,Box Score,,0,2:05
Mon May 10 2021,7:30p,Washington Wizards,124,Atlanta Hawks,125,Box Score,,Box Score,,"3,054",2:06
Mon May 10 2021,7:30p,Indiana Pacers,111,Cleveland Cavaliers,102,Box Score,,Box Score,,"4,148",2:09
Mon May 10 2021,8:00p,New Orleans Pelicans,110,Memphis Grizzlies,115,Box Score,,Box Score,,"2,507",2:23
Mon May 10 2021,8:30p,Milwaukee Bucks,125,San Antonio Spurs,146,Box Score,,Box Score,,"3,992",2:03
Mon May 10 2021,10:00p,Utah Jazz,116,Golden State Warriors,119,Box Score,,Box Score,,"4,155",2:15
Mon May 10 2021,10:00p,Houston Rockets,129,Portland Trail Blazers,140,Box Score,,Box Score,,"1,939",2:19
Tue May 11 2021,7:00p,Denver Nuggets,117,Charlotte Hornets,112,Box Score,,Box Score,,"3,997",2:16
Tue May 11 2021,7:00p,Minnesota Timberwolves,119,Detroit Pistons,100,Box Score,,Box Score,,750,2:11
Tue May 11 2021,7:30p,Miami Heat,129,Boston Celtics,121,Box Score,,Box Score,,"4,789",2:24
Tue May 11 2021,7:30p,Los Angeles Clippers,115,Toronto Raptors,96,Box Score,,Box Score,,0,2:11
Tue May 11 2021,8:00p,Brooklyn Nets,115,Chicago Bulls,107,Box Score,,Box Score,,"3,434",2:11
Tue May 11 2021,8:00p,Philadelphia 76ers,94,Indiana Pacers,103,Box Score,,Box Score,,0,2:07
Tue May 11 2021,8:00p,Dallas Mavericks,104,Memphis Grizzlies,133,Box Score,,Box Score,,"2,684",2:06
Tue May 11 2021,9:00p,Orlando Magic,102,Milwaukee Bucks,114,Box Score,,Box Score,,"3,280",2:09
Tue May 11 2021,10:00p,Phoenix Suns,116,Golden State Warriors,122,Box Score,,Box Score,,"4,155",2:11
Tue May 11 2021,10:00p,New York Knicks,99,Los Angeles Lakers,101,Box Score,,Box Score,OT,"3,550",2:44
Tue May 11 2021,10:00p,Oklahoma City Thunder,106,Sacramento Kings,122,Box Score,,Box Score,,0,2:07
Wed May 12 2021,7:00p,Washington Wizards,116,Atlanta Hawks,120,Box Score,,Box Score,,"3,120",2:19
Wed May 12 2021,8:00p,San Antonio Spurs,116,Brooklyn Nets,128,Box Score,,Box Score,,"1,773",2:10
Wed May 12 2021,8:00p,Boston Celtics,94,Cleveland Cavaliers,102,Box Score,,Box Score,,"4,148",2:07
Wed May 12 2021,9:00p,New Orleans Pelicans,107,Dallas Mavericks,125,Box Score,,Box Score,,"4,373",2:12
Wed May 12 2021,9:30p,Portland Trail Blazers,105,Utah Jazz,98,Box Score,,Box Score,,"6,506",2:11
Wed May 12 2021,10:30p,Houston Rockets,122,Los Angeles Lakers,124,Box Score,,Box Score,,"4,087",2:14
Thu May 13 2021,7:00p,Los Angeles Clippers,113,Charlotte Hornets,90,Box Score,,Box Score,,"4,442",2:04
Thu May 13 2021,7:00p,Milwaukee Bucks,142,Indiana Pacers,133,Box Score,,Box Score,,,2:11
Thu May 13 2021,7:30p,Orlando Magic,93,Atlanta Hawks,116,Box Score,,Box Score,,"2,910",2:04
Thu May 13 2021,7:30p,Philadelphia 76ers,94,Miami Heat,106,Box Score,,Box Score,,0,2:22
Thu May 13 2021,7:30p,San Antonio Spurs,98,New York Knicks,102,Box Score,,Box Score,,"1,981",2:17
Thu May 13 2021,8:00p,Toronto Raptors,102,Chicago Bulls,114,Box Score,,Box Score,,"3,395",2:02
Thu May 13 2021,8:00p,Sacramento Kings,110,Memphis Grizzlies,116,Box Score,,Box Score,,"2,876",2:12
Thu May 13 2021,8:00p,Denver Nuggets,114,Minnesota Timberwolves,103,Box Score,,Box Score,,"1,638",2:08
Thu May 13 2021,10:00p,Portland Trail Blazers,117,Phoenix Suns,118,Box Score,,Box Score,,"8,359",2:19
Fri May 14 2021,7:00p,Cleveland Cavaliers,105,Washington Wizards,120,Box Score,,Box Score,,"5,333",2:09
Fri May 14 2021,8:00p,Denver Nuggets,104,Detroit Pistons,91,Box Score,,Box Score,,750,2:03
Fri May 14 2021,8:00p,Utah Jazz,109,Oklahoma City Thunder,93,Box Score,,Box Score,,0,2:05
Fri May 14 2021,8:00p,Orlando Magic,97,Philadelphia 76ers,122,Box Score,,Box Score,,"5,119",2:10
Fri May 14 2021,9:00p,Toronto Raptors,110,Dallas Mavericks,114,Box Score,,Box Score,,"4,493",2:15
Fri May 14 2021,9:00p,Los Angeles Clippers,115,Houston Rockets,122,Box Score,,Box Score,,"3,803",2:10
Fri May 14 2021,9:00p,Sacramento Kings,106,Memphis Grizzlies,107,Box Score,,Box Score,,"3,502",2:13
Fri May 14 2021,9:30p,New Orleans Pelicans,122,Golden State Warriors,125,Box Score,,Box Score,,"4,155",2:22
Sat May 15 2021,1:00p,Chicago Bulls,91,Brooklyn Nets,105,Box Score,,Box Score,,"1,773",2:00
Sat May 15 2021,1:00p,Los Angeles Lakers,122,Indiana Pacers,115,Box Score,,Box Score,,0,2:24
Sat May 15 2021,1:00p,Charlotte Hornets,109,New York Knicks,118,Box Score,,Box Score,OT,"1,981",2:22
Sat May 15 2021,2:00p,Boston Celtics,124,Minnesota Timberwolves,108,Box Score,,Box Score,,"1,638",2:06
Sat May 15 2021,2:00p,Phoenix Suns,140,San Antonio Spurs,103,Box Score,,Box Score,,"4,848",2:02
Sat May 15 2021,8:00p,Miami Heat,108,Milwaukee Bucks,122,Box Score,,Box Score,,"3,280",2:09
Sun May 16 2021,1:00p,Boston Celtics,92,New York Knicks,96,Box Score,,Box Score,,"1,981",2:12
Sun May 16 2021,1:00p,Indiana Pacers,125,Toronto Raptors,113,Box Score,,Box Score,,0,2:04
Sun May 16 2021,1:00p,Charlotte Hornets,110,Washington Wizards,115,Box Score,,Box Score,,"5,333",2:18
Sun May 16 2021,2:00p,Phoenix Suns,123,San Antonio Spurs,121,Box Score,,Box Score,,"4,738",1:59
Sun May 16 2021,3:30p,Memphis Grizzlies,101,Golden State Warriors,113,Box Score,,Box Score,,"4,416",2:23
Sun May 16 2021,7:00p,Houston Rockets,95,Atlanta Hawks,124,Box Score,,Box Score,,"3,045",2:00
Sun May 16 2021,7:00p,Cleveland Cavaliers,109,Brooklyn Nets,123,Box Score,,Box Score,,"1,773",1:57
Sun May 16 2021,7:00p,Orlando Magic,117,Philadelphia 76ers,128,Box Score,,Box Score,,"5,119",2:12
Sun May 16 2021,8:00p,Miami Heat,120,Detroit Pistons,107,Box Score,,Box Score,,750,2:08
Sun May 16 2021,9:00p,Milwaukee Bucks,112,Chicago Bulls,118,Box Score,,Box Score,,"3,427",2:12
Sun May 16 2021,9:00p,Dallas Mavericks,121,Minnesota Timberwolves,136,Box Score,,Box Score,,"1,638",2:12
Sun May 16 2021,9:00p,Los Angeles Lakers,110,New Orleans Pelicans,98,Box Score,,Box Score,,"3,700",2:12
Sun May 16 2021,9:00p,Los Angeles Clippers,112,Oklahoma City Thunder,117,Box Score,,Box Score,,0,1:59
Sun May 16 2021,9:00p,Denver Nuggets,116,Portland Trail Blazers,132,Box Score,,Box Score,,"1,939",2:02
Sun May 16 2021,9:00p,Utah Jazz,121,Sacramento Kings,99,Box Score,,Box Score,,0,2:05
Tue May 18 2021,6:30p,Charlotte Hornets,117,Indiana Pacers,144,Box Score,,Box Score,,0,2:15
Tue May 18 2021,9:00p,Washington Wizards,100,Boston Celtics,118,Box Score,,Box Score,,"4,789",2:23
Wed May 19 2021,7:30p,San Antonio Spurs,96,Memphis Grizzlies,100,Box Score,,Box Score,,"7,019",2:25
Wed May 19 2021,10:00p,Golden State Warriors,100,Los Angeles Lakers,103,Box Score,,Box Score,,"6,022",2:25
Thu May 20 2021,8:00p,Indiana Pacers,115,Washington Wizards,142,Box Score,,Box Score,,0,2:14
Fri May 21 2021,9:00p,Memphis Grizzlies,117,Golden State Warriors,112,Box Score,,Box Score,OT,"7,505",2:42
Sat May 22 2021,2:00p,Miami Heat,107,Milwaukee Bucks,109,Box Score,,Box Score,OT,"9,107",2:44
Sat May 22 2021,4:30p,Dallas Mavericks,113,Los Angeles Clippers,103,Box Score,,Box Score,,"6,117",2:22
Sat May 22 2021,8:00p,Boston Celtics,93,Brooklyn Nets,104,Box Score,,Box Score,,"14,391",2:23
Sat May 22 2021,10:30p,Portland Trail Blazers,123,Denver Nuggets,109,Box Score,,Box Score,,"7,732",2:08
Sun May 23 2021,1:00p,Washington Wizards,118,Philadelphia 76ers,125,Box Score,,Box Score,,"11,160",2:29
Sun May 23 2021,3:30p,Los Angeles Lakers,90,Phoenix Suns,99,Box Score,,Box Score,,"11,824",2:23
Sun May 23 2021,7:00p,Atlanta Hawks,107,New York Knicks,105,Box Score,,Box Score,,"15,047",2:20
Sun May 23 2021,9:30p,Memphis Grizzlies,112,Utah Jazz,109,Box Score,,Box Score,,"13,750",2:31
Mon May 24 2021,7:30p,Miami Heat,98,Milwaukee Bucks,132,Box Score,,Box Score,,"9,107",2:30
Mon May 24 2021,10:00p,Portland Trail Blazers,109,Denver Nuggets,128,Box Score,,Box Score,,"7,727",2:32
Tue May 25 2021,7:30p,Boston Celtics,108,Brooklyn Nets,130,Box Score,,Box Score,,"14,774",2:15
Tue May 25 2021,10:00p,Los Angeles Lakers,109,Phoenix Suns,102,Box Score,,Box Score,,"11,919",2:37
Tue May 25 2021,10:30p,Dallas Mavericks,127,Los Angeles Clippers,121,Box Score,,Box Score,,"6,885",2:26
Wed May 26 2021,7:00p,Washington Wizards,95,Philadelphia 76ers,120,Box Score,,Box Score,,"11,160",2:21
Wed May 26 2021,7:30p,Atlanta Hawks,92,New York Knicks,101,Box Score,,Box Score,,"16,254",2:26
Wed May 26 2021,10:00p,Memphis Grizzlies,129,Utah Jazz,141,Box Score,,Box Score,,"14,200",2:33
Thu May 27 2021,7:30p,Milwaukee Bucks,113,Miami Heat,84,Box Score,,Box Score,,"17,000",2:20
Thu May 27 2021,10:00p,Phoenix Suns,95,Los Angeles Lakers,109,Box Score,,Box Score,,"7,825",2:35
Thu May 27 2021,10:30p,Denver Nuggets,120,Portland Trail Blazers,115,Box Score,,Box Score,,"8,050",2:28
Fri May 28 2021,7:00p,New York Knicks,94,Atlanta Hawks,105,Box Score,,Box Score,,"15,743",2:22
Fri May 28 2021,8:30p,Brooklyn Nets,119,Boston Celtics,125,Box Score,,Box Score,,"4,789",2:35
Fri May 28 2021,9:30p,Los Angeles Clippers,118,Dallas Mavericks,108,Box Score,,Box Score,,"17,705",2:31
Sat May 29 2021,1:30p,Milwaukee Bucks,120,Miami Heat,103,Box Score,,Box Score,,"17,000",2:18
Sat May 29 2021,4:00p,Denver Nuggets,95,Portland Trail Blazers,115,Box Score,,Box Score,,"8,050",2:15
Sat May 29 2021,7:00p,Philadelphia 76ers,132,Washington Wizards,103,Box Score,,Box Score,,0,2:14
Sat May 29 2021,9:30p,Utah Jazz,121,Memphis Grizzlies,111,Box Score,,Box Score,,"12,185",2:18
Sun May 30 2021,1:00p,New York Knicks,96,Atlanta Hawks,113,Box Score,,Box Score,,"16,458",2:19
Sun May 30 2021,3:30p,Phoenix Suns,100,Los Angeles Lakers,92,Box Score,,Box Score,,"8,025",2:16
Sun May 30 2021,7:00p,Brooklyn Nets,141,Boston Celtics,126,Box Score,,Box Score,,"17,226",2:28
Sun May 30 2021,9:30p,Los Angeles Clippers,106,Dallas Mavericks,81,Box Score,,Box Score,,"17,761",2:23
Mon May 31 2021,7:00p,Philadelphia 76ers,114,Washington Wizards,122,Box Score,,Box Score,,"10,665",2:42
Mon May 31 2021,9:30p,Utah Jazz,120,Memphis Grizzlies,113,Box Score,,Box Score,,"12,185",2:29
Tue Jun 01 2021,7:30p,Boston Celtics,109,Brooklyn Nets,123,Box Score,,Box Score,,"14,993",2:22
Tue Jun 01 2021,9:00p,Portland Trail Blazers,140,Denver Nuggets,147,Box Score,,Box Score,2OT,"10,463",3:03
Tue Jun 01 2021,10:00p,Los Angeles Lakers,85,Phoenix Suns,115,Box Score,,Box Score,,"16,163",2:19
Wed Jun 02 2021,7:00p,Washington Wizards,112,Philadelphia 76ers,129,Box Score,,Box Score,,"15,523",2:34
Wed Jun 02 2021,7:30p,Atlanta Hawks,103,New York Knicks,89,Box Score,,Box Score,,"16,512",2:22
Wed Jun 02 2021,9:30p,Memphis Grizzlies,110,Utah Jazz,126,Box Score,,Box Score,,"14,250",2:09
Wed Jun 02 2021,10:00p,Dallas Mavericks,105,Los Angeles Clippers,100,Box Score,,Box Score,,"7,428",2:29
Thu Jun 03 2021,8:00p,Denver Nuggets,126,Portland Trail Blazers,115,Box Score,,Box Score,,"10,022",2:18
Thu Jun 03 2021,10:30p,Phoenix Suns,113,Los Angeles Lakers,100,Box Score,,Box Score,,"8,550",2:28
Fri Jun 04 2021,9:00p,Los Angeles Clippers,104,Dallas Mavericks,97,Box Score,,Box Score,,"18,324",2:26
Sat Jun 05 2021,7:30p,Milwaukee Bucks,107,Brooklyn Nets,115,Box Score,,Box Score,,"15,750",2:20
Sun Jun 06 2021,1:00p,Atlanta Hawks,128,Philadelphia 76ers,124,Box Score,,Box Score,,"18,624",2:30
Sun Jun 06 2021,3:30p,Dallas Mavericks,111,Los Angeles Clippers,126,Box Score,,Box Score,,"7,342",2:27
Mon Jun 07 2021,7:30p,Milwaukee Bucks,86,Brooklyn Nets,125,Box Score,,Box Score,,"15,776",2:07
Mon Jun 07 2021,10:00p,Denver Nuggets,105,Phoenix Suns,122,Box Score,,Box Score,,"16,219",2:06
Tue Jun 08 2021,7:30p,Atlanta Hawks,102,Philadelphia 76ers,118,Box Score,,Box Score,,"18,624",2:27
Tue Jun 08 2021,10:00p,Los Angeles Clippers,109,Utah Jazz,112,Box Score,,Box Score,,"18,007",2:31
Wed Jun 09 2021,9:30p,Denver Nuggets,98,Phoenix Suns,123,Box Score,,Box Score,,"16,529",2:15
Thu Jun 10 2021,7:30p,Brooklyn Nets,83,Milwaukee Bucks,86,Box Score,,Box Score,,"16,310",2:25
Thu Jun 10 2021,10:00p,Los Angeles Clippers,111,Utah Jazz,117,Box Score,,Box Score,,"18,007",2:39
Fri Jun 11 2021,7:30p,Philadelphia 76ers,127,Atlanta Hawks,111,Box Score,,Box Score,,"16,432",2:33
Fri Jun 11 2021,10:00p,Phoenix Suns,116,Denver Nuggets,102,Box Score,,Box Score,,"18,277",2:10
Sat Jun 12 2021,8:30p,Utah Jazz,106,Los Angeles Clippers,132,Box Score,,Box Score,,"8,185",2:18
Sun Jun 13 2021,3:00p,Brooklyn Nets,96,Milwaukee Bucks,107,Box Score,,Box Score,,"16,310",2:25
Sun Jun 13 2021,8:00p,Phoenix Suns,125,Denver Nuggets,118,Box Score,,Box Score,,"18,290",2:33
Mon Jun 14 2021,7:30p,Philadelphia 76ers,100,Atlanta Hawks,103,Box Score,,Box Score,,"16,502",2:33
Mon Jun 14 2021,10:00p,Utah Jazz,104,Los Angeles Clippers,118,Box Score,,Box Score,,"8,474",2:35
Tue Jun 15 2021,8:30p,Milwaukee Bucks,108,Brooklyn Nets,114,Box Score,,Box Score,,"16,067",2:31
Wed Jun 16 2021,7:30p,Atlanta Hawks,109,Philadelphia 76ers,106,Box Score,,Box Score,,"18,624",2:40
Wed Jun 16 2021,10:00p,Los Angeles Clippers,119,Utah Jazz,111,Box Score,,Box Score,,"18,007",2:42
Thu Jun 17 2021,8:30p,Brooklyn Nets,89,Milwaukee Bucks,104,Box Score,,Box Score,,"16,310",2:21
Fri Jun 18 2021,7:30p,Philadelphia 76ers,104,Atlanta Hawks,99,Box Score,,Box Score,,"16,610",2:36
Fri Jun 18 2021,10:00p,Utah Jazz,119,Los Angeles Clippers,131,Box Score,,Box Score,,"17,105",2:21
Sat Jun 19 2021,8:30p,Milwaukee Bucks,115,Brooklyn Nets,111,Box Score,,Box Score,OT,"16,287",2:54
Sun Jun 20 2021,3:30p,Los Angeles Clippers,114,Phoenix Suns,120,Box Score,,Box Score,,"16,583",2:10
Sun Jun 20 2021,8:00p,Atlanta Hawks,103,Philadelphia 76ers,96,Box Score,,Box Score,,"18,624",2:35
Tue Jun 22 2021,9:00p,Los Angeles Clippers,103,Phoenix Suns,104,Box Score,,Box Score,,"16,645",2:48
Wed Jun 23 2021,8:30p,Atlanta Hawks,116,Milwaukee Bucks,113,Box Score,,Box Score,,"16,310",2:19
Thu Jun 24 2021,9:00p,Phoenix Suns,92,Los Angeles Clippers,106,Box Score,,Box Score,,"17,222",2:19
Fri Jun 25 2021,8:30p,Atlanta Hawks,91,Milwaukee Bucks,125,Box Score,,Box Score,,"16,422",2:18
Sat Jun 26 2021,9:00p,Phoenix Suns,84,Los Angeles Clippers,80,Box Score,,Box Score,,"18,222",2:38
Sun Jun 27 2021,8:30p,Milwaukee Bucks,113,Atlanta Hawks,102,Box Score,,Box Score,,"16,650",2:24
Mon Jun 28 2021,9:00p,Los Angeles Clippers,116,Phoenix Suns,102,Box Score,,Box Score,,"16,664",2:21
Tue Jun 29 2021,8:30p,Milwaukee Bucks,88,Atlanta Hawks,110,Box Score,,Box Score,,"16,478",2:20
Wed Jun 30 2021,9:00p,Phoenix Suns,130,Los Angeles Clippers,103,Box Score,,Box Score,,"18,495",2:30
Thu Jul 1 2021,8:30p,Atlanta Hawks,112,Milwaukee Bucks,123,Box Score,,16389,2:24,Fiserv Forum,
Sat Jul 3 2021,8:30p,Milwaukee Bucks,118,Atlanta Hawks,107,Box Score,,16620,2:23,State Farm Arena,
Tue Jul 6 2021,9:00p,Milwaukee Bucks,105,Phoenix Suns,118,Box Score,,16557,2:17,Phoenix Suns Arena,
Thu Jul 8 2021,9:00p,Milwaukee Bucks,108,Phoenix Suns,118,Box Score,,16583,2:22,Phoenix Suns Arena,
Sun Jul 11 2021,8:00p,Phoenix Suns,100,Milwaukee Bucks,120,Box Score,,16637,2:24,Fiserv Forum,
Wed Jul 14 2021,9:00p,Phoenix Suns,103,Milwaukee Bucks,109,Box Score,,16911,2:24,Fiserv Forum,
Sat Jul 17 2021,9:00p,Milwaukee Bucks,123,Phoenix Suns,119,Box Score,,16562,2:23,Phoenix Suns Arena,
Tue Jul 20 2021,9:00p,Phoenix Suns,98,Milwaukee Bucks,105,Box Score,,17397,2:31,Fiserv Forum,
Tue Oct 19 2021,7:30p,Brooklyn Nets,104,Milwaukee Bucks,127,Box Score,,Box Score,,"17,341",2:20
Tue Oct 19 2021,10:00p,Golden State Warriors,121,Los Angeles Lakers,114,Box Score,,Box Score,,"18,997",2:33
Wed Oct 20 2021,7:00p,Indiana Pacers,122,Charlotte Hornets,123,Box Score,,Box Score,,"15,521",2:20
Wed Oct 20 2021,7:00p,Chicago Bulls,94,Detroit Pistons,88,Box Score,,Box Score,,"20,088",2:09
Wed Oct 20 2021,7:30p,Boston Celtics,134,New York Knicks,138,Box Score,,Box Score,2OT,"19,812",2:54
Wed Oct 20 2021,7:30p,Washington Wizards,98,Toronto Raptors,83,Box Score,,Box Score,,"19,800",2:15
Wed Oct 20 2021,8:00p,Cleveland Cavaliers,121,Memphis Grizzlies,132,Box Score,,Box Score,,"15,975",2:07
Wed Oct 20 2021,8:00p,Houston Rockets,106,Minnesota Timberwolves,124,Box Score,,Box Score,,"16,079",2:12
Wed Oct 20 2021,8:00p,Philadelphia 76ers,117,New Orleans Pelicans,97,Box Score,,Box Score,,"12,845",2:04
Wed Oct 20 2021,8:30p,Orlando Magic,97,San Antonio Spurs,123,Box Score,,Box Score,,"16,697",2:13
Wed Oct 20 2021,9:00p,Oklahoma City Thunder,86,Utah Jazz,107,Box Score,,Box Score,,"18,306",2:04
Wed Oct 20 2021,10:00p,Sacramento Kings,124,Portland Trail Blazers,121,Box Score,,Box Score,,"17,467",2:18
Wed Oct 20 2021,10:00p,Denver Nuggets,110,Phoenix Suns,98,Box Score,,Box Score,,"16,074",2:09
Thu Oct 21 2021,7:30p,Dallas Mavericks,87,Atlanta Hawks,113,Box Score,,Box Score,,"17,162",2:08
Thu Oct 21 2021,8:00p,Milwaukee Bucks,95,Miami Heat,137,Box Score,,Box Score,,"19,600",2:21
Thu Oct 21 2021,10:00p,Los Angeles Clippers,113,Golden State Warriors,115,Box Score,,Box Score,,"18,064",2:28
Fri Oct 22 2021,7:00p,New York Knicks,121,Orlando Magic,96,Box Score,,Box Score,,"18,846",2:06
Fri Oct 22 2021,7:00p,Indiana Pacers,134,Washington Wizards,135,Box Score,,Box Score,OT,"15,407",2:32
Fri Oct 22 2021,7:00p,Charlotte Hornets,123,Cleveland Cavaliers,112,Box Score,,Box Score,,"17,116",2:05
Fri Oct 22 2021,7:30p,Toronto Raptors,115,Boston Celtics,83,Box Score,,Box Score,,"19,156",2:05
Fri Oct 22 2021,7:30p,Brooklyn Nets,114,Philadelphia 76ers,109,Box Score,,Box Score,,"20,367",2:21
Fri Oct 22 2021,8:00p,Oklahoma City Thunder,91,Houston Rockets,124,Box Score,,Box Score,,"15,674",2:02
Fri Oct 22 2021,8:00p,New Orleans Pelicans,112,Chicago Bulls,128,Box Score,,Box Score,,"20,995",2:04
Fri Oct 22 2021,9:00p,San Antonio Spurs,96,Denver Nuggets,102,Box Score,,Box Score,,"19,520",2:07
Fri Oct 22 2021,10:00p,Phoenix Suns,115,Los Angeles Lakers,105,Box Score,,Box Score,,"18,997",2:25
Fri Oct 22 2021,10:00p,Utah Jazz,110,Sacramento Kings,101,Box Score,,Box Score,,"17,583",2:18
Sat Oct 23 2021,6:00p,Atlanta Hawks,95,Cleveland Cavaliers,101,Box Score,,Box Score,,"16,846",2:14
Sat Oct 23 2021,7:00p,Miami Heat,91,Indiana Pacers,102,Box Score,,Box Score,OT,"17,147",2:32
Sat Oct 23 2021,7:30p,Dallas Mavericks,103,Toronto Raptors,95,Box Score,,Box Score,,"19,800",2:13
Sat Oct 23 2021,8:00p,Detroit Pistons,82,Chicago Bulls,97,Box Score,,Box Score,,"18,888",2:11
Sat Oct 23 2021,8:00p,New Orleans Pelicans,89,Minnesota Timberwolves,96,Box Score,,Box Score,,"15,343",2:20
Sat Oct 23 2021,8:30p,Milwaukee Bucks,121,San Antonio Spurs,111,Box Score,,Box Score,,"14,353",2:09
Sat Oct 23 2021,10:00p,Phoenix Suns,105,Portland Trail Blazers,134,Box Score,,Box Score,,"18,558",1:59
Sat Oct 23 2021,10:30p,Memphis Grizzlies,120,Los Angeles Clippers,114,Box Score,,Box Score,,"16,748",2:13
Sun Oct 24 2021,4:00p,Charlotte Hornets,111,Brooklyn Nets,95,Box Score,,Box Score,,"17,732",2:02
Sun Oct 24 2021,7:00p,Boston Celtics,107,Houston Rockets,97,Box Score,,Box Score,,"16,069",2:14
Sun Oct 24 2021,7:00p,Orlando Magic,110,New York Knicks,104,Box Score,,Box Score,,"16,273",2:23
Sun Oct 24 2021,7:00p,Philadelphia 76ers,115,Oklahoma City Thunder,103,Box Score,,Box Score,,"14,256",2:06
Sun Oct 24 2021,9:00p,Golden State Warriors,119,Sacramento Kings,107,Box Score,,Box Score,,"13,876",2:17
Sun Oct 24 2021,9:30p,Memphis Grizzlies,118,Los Angeles Lakers,121,Box Score,,Box Score,,"18,997",2:24
Mon Oct 25 2021,7:00p,Boston Celtics,140,Charlotte Hornets,129,Box Score,,Box Score,OT,"17,238",2:29
Mon Oct 25 2021,7:00p,Milwaukee Bucks,119,Indiana Pacers,109,Box Score,,Box Score,,"10,339",2:23
Mon Oct 25 2021,7:30p,Chicago Bulls,111,Toronto Raptors,108,Box Score,,Box Score,,"19,800",2:16
Mon Oct 25 2021,7:30p,Orlando Magic,90,Miami Heat,107,Box Score,,Box Score,,"19,600",2:12
Mon Oct 25 2021,7:30p,Washington Wizards,90,Brooklyn Nets,104,Box Score,,Box Score,,"14,487",2:06
Mon Oct 25 2021,7:30p,Detroit Pistons,104,Atlanta Hawks,122,Box Score,,Box Score,,"14,209",2:04
Mon Oct 25 2021,8:00p,New Orleans Pelicans,107,Minnesota Timberwolves,98,Box Score,,Box Score,,"14,435",2:14
Mon Oct 25 2021,9:00p,Cleveland Cavaliers,99,Denver Nuggets,87,Box Score,,Box Score,,"14,221",2:06
Mon Oct 25 2021,10:30p,Portland Trail Blazers,86,Los Angeles Clippers,116,Box Score,,Box Score,,"15,672",2:10
Tue Oct 26 2021,7:30p,Philadelphia 76ers,99,New York Knicks,112,Box Score,,Box Score,,"15,218",2:16
Tue Oct 26 2021,8:00p,Golden State Warriors,106,Oklahoma City Thunder,98,Box Score,,Box Score,,0,2:11
Tue Oct 26 2021,8:30p,Los Angeles Lakers,125,San Antonio Spurs,121,Box Score,,Box Score,OT,"18,354",2:26
Tue Oct 26 2021,8:30p,Houston Rockets,106,Dallas Mavericks,116,Box Score,,Box Score,,"19,337",2:11
Tue Oct 26 2021,10:00p,Denver Nuggets,110,Utah Jazz,122,Box Score,,Box Score,,"18,306",2:28
Wed Oct 27 2021,7:00p,Charlotte Hornets,120,Orlando Magic,111,Box Score,,Box Score,,"14,082",2:11
Wed Oct 27 2021,7:30p,Washington Wizards,116,Boston Celtics,107,Box Score,,Box Score,,"19,156",2:18
Wed Oct 27 2021,7:30p,Miami Heat,106,Brooklyn Nets,93,Box Score,,Box Score,,"17,732",2:13
Wed Oct 27 2021,7:30p,Indiana Pacers,100,Toronto Raptors,118,Box Score,,Box Score,,"19,800",2:14
Wed Oct 27 2021,7:30p,Atlanta Hawks,102,New Orleans Pelicans,99,Box Score,,Box Score,,"15,541",2:16
Wed Oct 27 2021,8:00p,Minnesota Timberwolves,113,Milwaukee Bucks,108,Box Score,,Box Score,,"17,341",2:14
Wed Oct 27 2021,8:00p,Los Angeles Lakers,115,Oklahoma City Thunder,123,Box Score,,Box Score,,"15,783",2:25
Wed Oct 27 2021,10:00p,Sacramento Kings,110,Phoenix Suns,107,Box Score,,Box Score,,"14,678",2:09
Wed Oct 27 2021,10:00p,Memphis Grizzlies,96,Portland Trail Blazers,116,Box Score,,Box Score,,"16,241",2:19
Wed Oct 27 2021,10:30p,Cleveland Cavaliers,92,Los Angeles Clippers,79,Box Score,,Box Score,,"13,276",2:05
Thu Oct 28 2021,7:00p,Atlanta Hawks,111,Washington Wizards,122,Box Score,,Box Score,,"13,653",2:16
Thu Oct 28 2021,7:00p,Detroit Pistons,102,Philadelphia 76ers,110,Box Score,,Box Score,,"20,017",2:22
Thu Oct 28 2021,8:00p,Utah Jazz,122,Houston Rockets,91,Box Score,,Box Score,,"15,858",2:14
Thu Oct 28 2021,8:00p,New York Knicks,104,Chicago Bulls,103,Box Score,,Box Score,,"20,972",2:20
Thu Oct 28 2021,8:30p,San Antonio Spurs,99,Dallas Mavericks,104,Box Score,,Box Score,,"19,228",2:07
Thu Oct 28 2021,10:00p,Memphis Grizzlies,104,Golden State Warriors,101,Box Score,,Box Score,OT,"18,064",2:23
Fri Oct 29 2021,7:00p,Orlando Magic,109,Toronto Raptors,110,Box Score,,Box Score,,"19,800",2:16
Fri Oct 29 2021,7:30p,Charlotte Hornets,99,Miami Heat,114,Box Score,,Box Score,,"19,600",2:18
Fri Oct 29 2021,7:30p,Indiana Pacers,98,Brooklyn Nets,105,Box Score,,Box Score,,"16,139",2:25
Fri Oct 29 2021,8:00p,Sacramento Kings,113,New Orleans Pelicans,109,Box Score,,Box Score,,"17,507",2:16
Fri Oct 29 2021,10:00p,Dallas Mavericks,75,Denver Nuggets,106,Box Score,,Box Score,,"18,315",2:17
Fri Oct 29 2021,10:00p,Los Angeles Clippers,92,Portland Trail Blazers,111,Box Score,,Box Score,,"16,510",2:07
Fri Oct 29 2021,10:30p,Cleveland Cavaliers,101,Los Angeles Lakers,113,Box Score,,Box Score,,"18,997",2:09
Sat Oct 30 2021,5:00p,Boston Celtics,112,Washington Wizards,115,Box Score,,Box Score,2OT,"15,813",2:58
Sat Oct 30 2021,7:00p,Orlando Magic,103,Detroit Pistons,110,Box Score,,Box Score,,"11,423",2:12
Sat Oct 30 2021,7:00p,New York Knicks,123,New Orleans Pelicans,117,Box Score,,Box Score,,"16,508",2:16
Sat Oct 30 2021,7:30p,Toronto Raptors,97,Indiana Pacers,94,Box Score,,Box Score,,"10,578",2:07
Sat Oct 30 2021,7:30p,Atlanta Hawks,94,Philadelphia 76ers,122,Box Score,,Box Score,,"20,031",2:10
Sat Oct 30 2021,8:00p,Utah Jazz,99,Chicago Bulls,107,Box Score,,Box Score,,"20,668",2:17
Sat Oct 30 2021,8:00p,Miami Heat,129,Memphis Grizzlies,103,Box Score,,Box Score,,"15,989",2:10
Sat Oct 30 2021,8:00p,San Antonio Spurs,102,Milwaukee Bucks,93,Box Score,,Box Score,,"17,341",2:11
Sat Oct 30 2021,8:30p,Oklahoma City Thunder,82,Golden State Warriors,103,Box Score,,Box Score,,"18,064",2:02
Sat Oct 30 2021,9:00p,Denver Nuggets,93,Minnesota Timberwolves,91,Box Score,,Box Score,,"17,136",2:02
Sat Oct 30 2021,10:00p,Cleveland Cavaliers,92,Phoenix Suns,101,Box Score,,Box Score,,"14,516",2:06
Sun Oct 31 2021,3:30p,Sacramento Kings,99,Dallas Mavericks,105,Box Score,,Box Score,,"19,231",2:07
Sun Oct 31 2021,7:00p,Portland Trail Blazers,113,Charlotte Hornets,125,Box Score,,Box Score,,"14,960",2:03
Sun Oct 31 2021,7:00p,Utah Jazz,107,Milwaukee Bucks,95,Box Score,,Box Score,,"17,341",2:10
Sun Oct 31 2021,7:30p,Detroit Pistons,91,Brooklyn Nets,117,Box Score,,Box Score,,"13,507",2:05
Sun Oct 31 2021,10:30p,Houston Rockets,85,Los Angeles Lakers,95,Box Score,,Box Score,,"16,448",2:13
Mon Nov 01 2021,7:00p,Cleveland Cavaliers,113,Charlotte Hornets,110,Box Score,,Box Score,,"13,889",2:15
Mon Nov 01 2021,7:00p,San Antonio Spurs,118,Indiana Pacers,131,Box Score,,Box Score,,"10,227",2:02
Mon Nov 01 2021,7:00p,Portland Trail Blazers,103,Philadelphia 76ers,113,Box Score,,Box Score,,"20,115",2:04
Mon Nov 01 2021,7:30p,Washington Wizards,111,Atlanta Hawks,118,Box Score,,Box Score,,"14,632",2:12
Mon Nov 01 2021,7:30p,Chicago Bulls,128,Boston Celtics,114,Box Score,,Box Score,,"19,156",2:09
Mon Nov 01 2021,7:30p,Toronto Raptors,113,New York Knicks,104,Box Score,,Box Score,,"16,528",2:05
Mon Nov 01 2021,8:00p,Denver Nuggets,97,Memphis Grizzlies,106,Box Score,,Box Score,,"12,683",2:02
Mon Nov 01 2021,8:00p,Orlando Magic,115,Minnesota Timberwolves,97,Box Score,,Box Score,,"14,744",2:19
Mon Nov 01 2021,10:30p,Oklahoma City Thunder,94,Los Angeles Clippers,99,Box Score,,Box Score,,"13,722",2:14
Tue Nov 02 2021,7:00p,Milwaukee Bucks,117,Detroit Pistons,89,Box Score,,Box Score,,"9,254",2:11
Tue Nov 02 2021,7:30p,Miami Heat,125,Dallas Mavericks,110,Box Score,,Box Score,,"19,255",2:21
Tue Nov 02 2021,9:00p,Sacramento Kings,113,Utah Jazz,119,Box Score,,Box Score,,"18,306",2:28
Tue Nov 02 2021,10:00p,New Orleans Pelicans,100,Phoenix Suns,112,Box Score,,Box Score,,"14,323",2:11
Tue Nov 02 2021,10:30p,Houston Rockets,117,Los Angeles Lakers,119,Box Score,,Box Score,,"18,997",2:17
Wed Nov 03 2021,7:00p,Portland Trail Blazers,104,Cleveland Cavaliers,107,Box Score,,Box Score,,"16,231",2:06
Wed Nov 03 2021,7:00p,New York Knicks,98,Indiana Pacers,111,Box Score,,Box Score,,"11,607",2:11
Wed Nov 03 2021,7:00p,Boston Celtics,92,Orlando Magic,79,Box Score,,Box Score,,"12,735",2:06
Wed Nov 03 2021,7:00p,Chicago Bulls,98,Philadelphia 76ers,103,Box Score,,Box Score,,"20,438",2:13
Wed Nov 03 2021,7:00p,Toronto Raptors,109,Washington Wizards,100,Box Score,,Box Score,,"13,538",2:14
Wed Nov 03 2021,7:30p,Atlanta Hawks,108,Brooklyn Nets,117,Box Score,,Box Score,,"17,323",2:05
Wed Nov 03 2021,8:00p,Denver Nuggets,106,Memphis Grizzlies,108,Box Score,,Box Score,,"12,977",2:11
Wed Nov 03 2021,8:00p,Los Angeles Clippers,126,Minnesota Timberwolves,115,Box Score,,Box Score,,"15,386",2:10
Wed Nov 03 2021,8:30p,Dallas Mavericks,109,San Antonio Spurs,108,Box Score,,Box Score,,"16,356",2:26
Wed Nov 03 2021,10:00p,Charlotte Hornets,92,Golden State Warriors,114,Box Score,,Box Score,,"18,064",2:16
Wed Nov 03 2021,10:00p,New Orleans Pelicans,99,Sacramento Kings,112,Box Score,,Box Score,,0,2:10
Thu Nov 04 2021,7:00p,Philadelphia 76ers,109,Detroit Pistons,98,Box Score,,Box Score,,"8,702",2:12
Thu Nov 04 2021,7:30p,Utah Jazz,116,Atlanta Hawks,98,Box Score,,Box Score,,"16,590",2:12
Thu Nov 04 2021,7:30p,Boston Celtics,95,Miami Heat,78,Box Score,,Box Score,,"19,600",2:13
Thu Nov 04 2021,10:00p,Houston Rockets,111,Phoenix Suns,123,Box Score,,Box Score,,"15,058",2:08
Thu Nov 04 2021,10:30p,Oklahoma City Thunder,107,Los Angeles Lakers,104,Box Score,,Box Score,,"18,997",2:15
Fri Nov 05 2021,7:00p,Brooklyn Nets,96,Detroit Pistons,90,Box Score,,Box Score,,"14,235",2:18
Fri Nov 05 2021,7:00p,San Antonio Spurs,102,Orlando Magic,89,Box Score,,Box Score,,"14,101",2:01
Fri Nov 05 2021,7:00p,Memphis Grizzlies,87,Washington Wizards,115,Box Score,,Box Score,,"16,302",2:06
Fri Nov 05 2021,7:30p,New York Knicks,113,Milwaukee Bucks,98,Box Score,,Box Score,,"17,341",2:14
Fri Nov 05 2021,7:30p,Cleveland Cavaliers,102,Toronto Raptors,101,Box Score,,Box Score,,"19,800",2:10
Fri Nov 05 2021,8:00p,Los Angeles Clippers,104,Minnesota Timberwolves,84,Box Score,,Box Score,,"17,136",2:15
Fri Nov 05 2021,10:00p,New Orleans Pelicans,85,Golden State Warriors,126,Box Score,,Box Score,,"18,064",2:18
Fri Nov 05 2021,10:00p,Indiana Pacers,106,Portland Trail Blazers,110,Box Score,,Box Score,,"16,841",2:04
Fri Nov 05 2021,10:00p,Charlotte Hornets,110,Sacramento Kings,140,Box Score,,Box Score,,"14,905",2:07
Sat Nov 06 2021,5:00p,Houston Rockets,94,Denver Nuggets,95,Box Score,,Box Score,,"16,046",2:09
Sat Nov 06 2021,7:30p,Utah Jazz,115,Miami Heat,118,Box Score,,Box Score,,"19,600",2:16
Sat Nov 06 2021,8:00p,Philadelphia 76ers,114,Chicago Bulls,105,Box Score,,Box Score,,"20,936",2:16
Sat Nov 06 2021,8:30p,Boston Celtics,104,Dallas Mavericks,107,Box Score,,Box Score,,"20,052",2:07
Sat Nov 06 2021,10:00p,Atlanta Hawks,117,Phoenix Suns,121,Box Score,,Box Score,,"15,412",2:11
Sat Nov 06 2021,10:30p,Los Angeles Lakers,90,Portland Trail Blazers,105,Box Score,,Box Score,,"19,393",2:06
Sun Nov 07 2021,3:30p,Brooklyn Nets,116,Toronto Raptors,103,Box Score,,Box Score,,"19,800",2:01
Sun Nov 07 2021,6:00p,Cleveland Cavaliers,126,New York Knicks,109,Box Score,,Box Score,,"19,040",2:05
Sun Nov 07 2021,6:00p,Utah Jazz,100,Orlando Magic,107,Box Score,,Box Score,,"13,386",2:10
Sun Nov 07 2021,6:00p,Indiana Pacers,94,Sacramento Kings,91,Box Score,,Box Score,,"12,993",2:15
Sun Nov 07 2021,6:00p,Milwaukee Bucks,94,Washington Wizards,101,Box Score,,Box Score,,"15,570",2:12
Sun Nov 07 2021,7:00p,San Antonio Spurs,94,Oklahoma City Thunder,99,Box Score,,Box Score,,"12,972",2:02
Sun Nov 07 2021,8:30p,Houston Rockets,107,Golden State Warriors,120,Box Score,,Box Score,,"18,064",2:11
Sun Nov 07 2021,9:00p,Charlotte Hornets,106,Los Angeles Clippers,120,Box Score,,Box Score,,"15,781",2:25
Mon Nov 08 2021,7:00p,New York Knicks,103,Philadelphia 76ers,96,Box Score,,Box Score,,"20,224",2:04
Mon Nov 08 2021,8:00p,Brooklyn Nets,95,Chicago Bulls,118,Box Score,,Box Score,,"19,459",2:08
Mon Nov 08 2021,8:00p,Minnesota Timberwolves,118,Memphis Grizzlies,125,Box Score,,Box Score,OT,"12,416",2:36
Mon Nov 08 2021,8:30p,New Orleans Pelicans,92,Dallas Mavericks,108,Box Score,,Box Score,,"19,231",2:05
Mon Nov 08 2021,9:00p,Miami Heat,96,Denver Nuggets,113,Box Score,,Box Score,,"15,577",2:26
Mon Nov 08 2021,10:00p,Atlanta Hawks,113,Golden State Warriors,127,Box Score,,Box Score,,"18,064",2:17
Mon Nov 08 2021,10:00p,Phoenix Suns,109,Sacramento Kings,104,Box Score,,Box Score,,"13,566",2:14
Mon Nov 08 2021,10:30p,Charlotte Hornets,123,Los Angeles Lakers,126,Box Score,,Box Score,OT,"18,997",2:44
Tue Nov 09 2021,7:30p,Milwaukee Bucks,118,Philadelphia 76ers,109,Box Score,,Box Score,,"20,029",2:14
Tue Nov 09 2021,9:00p,Atlanta Hawks,98,Utah Jazz,110,Box Score,,Box Score,,"18,306",2:06
Tue Nov 09 2021,10:00p,Portland Trail Blazers,109,Los Angeles Clippers,117,Box Score,,Box Score,,"14,131",2:08
Wed Nov 10 2021,7:00p,Washington Wizards,97,Cleveland Cavaliers,94,Box Score,,Box Score,,"18,056",2:19
Wed Nov 10 2021,7:00p,Brooklyn Nets,123,Orlando Magic,90,Box Score,,Box Score,,"13,882",2:06
Wed Nov 10 2021,7:30p,Toronto Raptors,88,Boston Celtics,104,Box Score,,Box Score,,"19,156",2:12
Wed Nov 10 2021,7:30p,Detroit Pistons,112,Houston Rockets,104,Box Score,,Box Score,,"15,350",2:27
Wed Nov 10 2021,7:30p,Milwaukee Bucks,112,New York Knicks,100,Box Score,,Box Score,,"18,027",2:07
Wed Nov 10 2021,8:00p,Dallas Mavericks,107,Chicago Bulls,117,Box Score,,Box Score,,"20,910",2:08
Wed Nov 10 2021,8:00p,Charlotte Hornets,118,Memphis Grizzlies,108,Box Score,,Box Score,,"13,880",2:09
Wed Nov 10 2021,8:00p,Oklahoma City Thunder,108,New Orleans Pelicans,100,Box Score,,Box Score,,"15,355",2:24
Wed Nov 10 2021,8:30p,Sacramento Kings,117,San Antonio Spurs,136,Box Score,,Box Score,,"15,065",2:09
Wed Nov 10 2021,9:00p,Indiana Pacers,98,Denver Nuggets,101,Box Score,,Box Score,,"15,232",2:14
Wed Nov 10 2021,9:00p,Portland Trail Blazers,109,Phoenix Suns,119,Box Score,,Box Score,,"15,672",2:08
Wed Nov 10 2021,10:00p,Minnesota Timberwolves,110,Golden State Warriors,123,Box Score,,Box Score,,"18,064",2:25
Wed Nov 10 2021,10:00p,Miami Heat,117,Los Angeles Lakers,120,Box Score,,Box Score,OT,"18,997",2:45
Thu Nov 11 2021,7:00p,Toronto Raptors,115,Philadelphia 76ers,109,Box Score,,Box Score,,"20,112",2:12
Thu Nov 11 2021,9:00p,Indiana Pacers,111,Utah Jazz,100,Box Score,,Box Score,,"18,306",2:13
Thu Nov 11 2021,10:30p,Miami Heat,109,Los Angeles Clippers,112,Box Score,,Box Score,,"16,150",2:12
Fri Nov 12 2021,7:00p,New York Knicks,96,Charlotte Hornets,104,Box Score,,Box Score,,"19,257",2:15
Fri Nov 12 2021,7:30p,Milwaukee Bucks,113,Boston Celtics,122,Box Score,,Box Score,OT,"19,156",2:21
Fri Nov 12 2021,7:30p,Detroit Pistons,78,Cleveland Cavaliers,98,Box Score,,Box Score,,"17,095",1:58
Fri Nov 12 2021,8:00p,Portland Trail Blazers,104,Houston Rockets,92,Box Score,,Box Score,,"15,468",2:13
Fri Nov 12 2021,8:00p,Phoenix Suns,119,Memphis Grizzlies,94,Box Score,,Box Score,,"15,886",2:03
Fri Nov 12 2021,8:00p,Brooklyn Nets,120,New Orleans Pelicans,112,Box Score,,Box Score,,"14,650",2:13
Fri Nov 12 2021,8:00p,Sacramento Kings,103,Oklahoma City Thunder,105,Box Score,,Box Score,,"12,881",2:08
Fri Nov 12 2021,8:30p,Dallas Mavericks,123,San Antonio Spurs,109,Box Score,,Box Score,,"13,425",2:04
Fri Nov 12 2021,9:00p,Atlanta Hawks,96,Denver Nuggets,105,Box Score,,Box Score,,"16,849",2:07
Fri Nov 12 2021,10:00p,Chicago Bulls,93,Golden State Warriors,119,Box Score,,Box Score,,"18,064",2:12
Fri Nov 12 2021,10:30p,Minnesota Timberwolves,107,Los Angeles Lakers,83,Box Score,,Box Score,,"18,997",2:15
Sat Nov 13 2021,5:00p,Miami Heat,111,Utah Jazz,105,Box Score,,Box Score,,"18,306",2:29
Sat Nov 13 2021,7:00p,Philadelphia 76ers,113,Indiana Pacers,118,Box Score,,Box Score,,"14,483",2:13
Sat Nov 13 2021,7:00p,Memphis Grizzlies,101,New Orleans Pelicans,112,Box Score,,Box Score,,"14,358",2:13
Sat Nov 13 2021,7:00p,Washington Wizards,104,Orlando Magic,92,Box Score,,Box Score,,"17,272",2:03
Sat Nov 13 2021,7:30p,Detroit Pistons,127,Toronto Raptors,121,Box Score,,Box Score,,"19,800",2:21
Sat Nov 13 2021,8:00p,Boston Celtics,89,Cleveland Cavaliers,91,Box Score,,Box Score,,"19,432",2:09
Sat Nov 13 2021,10:30p,Minnesota Timberwolves,102,Los Angeles Clippers,129,Box Score,,Box Score,,"15,285",1:56
Sun Nov 14 2021,3:30p,San Antonio Spurs,106,Los Angeles Lakers,114,Box Score,,Box Score,,"18,997",2:05
Sun Nov 14 2021,6:00p,Milwaukee Bucks,100,Atlanta Hawks,120,Box Score,,Box Score,,"16,901",2:04
Sun Nov 14 2021,7:00p,Golden State Warriors,102,Charlotte Hornets,106,Box Score,,Box Score,,"19,559",2:14
Sun Nov 14 2021,7:00p,Phoenix Suns,115,Houston Rockets,89,Box Score,,Box Score,,"16,088",2:10
Sun Nov 14 2021,7:00p,Brooklyn Nets,120,Oklahoma City Thunder,96,Box Score,,Box Score,,"15,080",2:01
Sun Nov 14 2021,8:00p,Portland Trail Blazers,95,Denver Nuggets,124,Box Score,,Box Score,,"14,583",1:56
Sun Nov 14 2021,9:30p,Chicago Bulls,100,Los Angeles Clippers,90,Box Score,,Box Score,,"17,899",2:10
Mon Nov 15 2021,7:00p,Boston Celtics,98,Cleveland Cavaliers,92,Box Score,,Box Score,,"17,186",2:09
Mon Nov 15 2021,7:00p,Sacramento Kings,129,Detroit Pistons,107,Box Score,,Box Score,,"10,092",2:02
Mon Nov 15 2021,7:00p,New Orleans Pelicans,100,Washington Wizards,105,Box Score,,Box Score,,"13,914",2:21
Mon Nov 15 2021,7:30p,Orlando Magic,111,Atlanta Hawks,129,Box Score,,Box Score,,"13,061",2:11
Mon Nov 15 2021,7:30p,Indiana Pacers,84,New York Knicks,92,Box Score,,Box Score,,"16,792",2:05
Mon Nov 15 2021,8:00p,Denver Nuggets,101,Dallas Mavericks,111,Box Score,,Box Score,,"19,797",2:08
Mon Nov 15 2021,8:00p,Houston Rockets,102,Memphis Grizzlies,136,Box Score,,Box Score,,"11,482",2:04
Mon Nov 15 2021,8:00p,Phoenix Suns,99,Minnesota Timberwolves,96,Box Score,,Box Score,,"16,274",2:23
Mon Nov 15 2021,8:00p,Miami Heat,103,Oklahoma City Thunder,90,Box Score,,Box Score,,"12,330",2:05
Mon Nov 15 2021,10:00p,Toronto Raptors,113,Portland Trail Blazers,118,Box Score,,Box Score,,"16,142",2:07
Mon Nov 15 2021,10:30p,Chicago Bulls,121,Los Angeles Lakers,103,Box Score,,Box Score,,"18,997",2:17
Tue Nov 16 2021,7:30p,Golden State Warriors,117,Brooklyn Nets,99,Box Score,,Box Score,,"17,732",2:22
Tue Nov 16 2021,10:00p,Philadelphia 76ers,85,Utah Jazz,120,Box Score,,Box Score,,"18,306",2:10
Tue Nov 16 2021,10:30p,San Antonio Spurs,92,Los Angeles Clippers,106,Box Score,,Box Score,,"13,298",2:00
Wed Nov 17 2021,7:00p,Washington Wizards,87,Charlotte Hornets,97,Box Score,,Box Score,,"14,402",1:59
Wed Nov 17 2021,7:00p,Indiana Pacers,89,Detroit Pistons,97,Box Score,,Box Score,,"11,457",2:16
Wed Nov 17 2021,7:30p,Boston Celtics,99,Atlanta Hawks,110,Box Score,,Box Score,,"16,445",2:02
Wed Nov 17 2021,7:30p,Cleveland Cavaliers,99,Brooklyn Nets,109,Box Score,,Box Score,,"16,922",2:07
Wed Nov 17 2021,7:30p,New Orleans Pelicans,98,Miami Heat,113,Box Score,,Box Score,,"19,600",2:14
Wed Nov 17 2021,7:30p,Los Angeles Lakers,102,Milwaukee Bucks,109,Box Score,,Box Score,,"17,341",2:12
Wed Nov 17 2021,7:30p,Orlando Magic,104,New York Knicks,98,Box Score,,Box Score,,"16,680",2:10
Wed Nov 17 2021,8:00p,Sacramento Kings,97,Minnesota Timberwolves,107,Box Score,,Box Score,,"13,108",2:17
Wed Nov 17 2021,8:00p,Houston Rockets,89,Oklahoma City Thunder,101,Box Score,,Box Score,,"12,066",2:09
Wed Nov 17 2021,10:00p,Dallas Mavericks,98,Phoenix Suns,105,Box Score,,Box Score,,"14,838",2:05
Wed Nov 17 2021,10:00p,Chicago Bulls,107,Portland Trail Blazers,112,Box Score,,Box Score,,"17,492",2:15
Thu Nov 18 2021,7:30p,Golden State Warriors,104,Cleveland Cavaliers,89,Box Score,,Box Score,,"19,432",2:08
Thu Nov 18 2021,7:30p,Washington Wizards,97,Miami Heat,112,Box Score,,Box Score,,"19,600",2:01
Thu Nov 18 2021,8:00p,Los Angeles Clippers,108,Memphis Grizzlies,120,Box Score,,Box Score,,"13,419",2:00
Thu Nov 18 2021,8:00p,San Antonio Spurs,90,Minnesota Timberwolves,115,Box Score,,Box Score,,"13,572",2:02
Thu Nov 18 2021,9:00p,Philadelphia 76ers,103,Denver Nuggets,89,Box Score,,Box Score,,"14,547",2:03
Thu Nov 18 2021,9:00p,Toronto Raptors,103,Utah Jazz,119,Box Score,,Box Score,,"18,306",2:03
Fri Nov 19 2021,7:00p,Indiana Pacers,118,Charlotte Hornets,121,Box Score,,Box Score,,"16,787",2:27
Fri Nov 19 2021,7:00p,Golden State Warriors,105,Detroit Pistons,102,Box Score,,Box Score,,"20,088",2:16
Fri Nov 19 2021,7:30p,Los Angeles Lakers,108,Boston Celtics,130,Box Score,,Box Score,,"19,156",2:22
Fri Nov 19 2021,7:30p,Orlando Magic,113,Brooklyn Nets,115,Box Score,,Box Score,,"16,966",2:23
Fri Nov 19 2021,8:00p,Oklahoma City Thunder,89,Milwaukee Bucks,96,Box Score,,Box Score,,"17,341",2:11
Fri Nov 19 2021,8:00p,Los Angeles Clippers,81,New Orleans Pelicans,94,Box Score,,Box Score,,"15,274",1:55
Fri Nov 19 2021,9:00p,Chicago Bulls,114,Denver Nuggets,108,Box Score,,Box Score,,"19,520",2:12
Fri Nov 19 2021,10:00p,Dallas Mavericks,104,Phoenix Suns,112,Box Score,,Box Score,,"17,071",2:14
Fri Nov 19 2021,10:00p,Toronto Raptors,108,Sacramento Kings,89,Box Score,,Box Score,,"13,159",2:08
Sat Nov 20 2021,5:00p,Houston Rockets,99,New York Knicks,106,Box Score,,Box Score,,"19,812",2:24
Sat Nov 20 2021,7:00p,New Orleans Pelicans,94,Indiana Pacers,111,Box Score,,Box Score,,"15,081",2:03
Sat Nov 20 2021,7:00p,Miami Heat,100,Washington Wizards,103,Box Score,,Box Score,,"20,476",2:21
Sat Nov 20 2021,7:30p,Charlotte Hornets,105,Atlanta Hawks,115,Box Score,,Box Score,,"17,320",2:08
Sat Nov 20 2021,7:30p,Oklahoma City Thunder,105,Boston Celtics,111,Box Score,,Box Score,,"19,156",1:58
Sat Nov 20 2021,8:00p,Orlando Magic,108,Milwaukee Bucks,117,Box Score,,Box Score,,"17,341",2:17
Sat Nov 20 2021,8:00p,Memphis Grizzlies,95,Minnesota Timberwolves,138,Box Score,,Box Score,,"17,136",2:20
Sat Nov 20 2021,10:00p,Philadelphia 76ers,111,Portland Trail Blazers,118,Box Score,,Box Score,,"17,027",2:16
Sat Nov 20 2021,10:00p,Utah Jazz,123,Sacramento Kings,105,Box Score,,Box Score,,"13,180",2:20
Sun Nov 21 2021,3:30p,Dallas Mavericks,91,Los Angeles Clippers,97,Box Score,,Box Score,,"17,149",2:14
Sun Nov 21 2021,6:00p,Los Angeles Lakers,121,Detroit Pistons,116,Box Score,,Box Score,,"15,532",2:34
Sun Nov 21 2021,8:00p,New York Knicks,103,Chicago Bulls,109,Box Score,,Box Score,,"21,813",2:23
Sun Nov 21 2021,8:00p,Denver Nuggets,97,Phoenix Suns,126,Box Score,,Box Score,,"16,072",2:14
Sun Nov 21 2021,8:30p,Toronto Raptors,104,Golden State Warriors,119,Box Score,,Box Score,,"18,064",2:08
Mon Nov 22 2021,7:00p,Brooklyn Nets,117,Cleveland Cavaliers,112,Box Score,,Box Score,,"17,387",2:18
Mon Nov 22 2021,7:00p,Charlotte Hornets,109,Washington Wizards,103,Box Score,,Box Score,,"16,575",2:18
Mon Nov 22 2021,7:30p,Oklahoma City Thunder,101,Atlanta Hawks,113,Box Score,,Box Score,,"15,806",1:58
Mon Nov 22 2021,7:30p,Houston Rockets,90,Boston Celtics,108,Box Score,,Box Score,,"19,156",2:08
Mon Nov 22 2021,8:00p,Indiana Pacers,109,Chicago Bulls,77,Box Score,,Box Score,,"21,586",1:59
Mon Nov 22 2021,8:00p,Orlando Magic,92,Milwaukee Bucks,123,Box Score,,Box Score,,"17,341",2:05
Mon Nov 22 2021,8:00p,Minnesota Timberwolves,110,New Orleans Pelicans,96,Box Score,,Box Score,,"15,689",2:10
Mon Nov 22 2021,8:30p,Phoenix Suns,115,San Antonio Spurs,111,Box Score,,Box Score,,"14,715",2:11
Mon Nov 22 2021,9:00p,Memphis Grizzlies,119,Utah Jazz,118,Box Score,,Box Score,,"18,306",2:17
Mon Nov 22 2021,10:00p,Philadelphia 76ers,102,Sacramento Kings,94,Box Score,,Box Score,,"13,948",2:12
Tue Nov 23 2021,7:00p,Miami Heat,100,Detroit Pistons,92,Box Score,,Box Score,,"13,123",2:14
Tue Nov 23 2021,7:30p,Los Angeles Lakers,100,New York Knicks,106,Box Score,,Box Score,,"19,812",2:26
Tue Nov 23 2021,10:00p,Denver Nuggets,100,Portland Trail Blazers,119,Box Score,,Box Score,,"17,052",2:10
Tue Nov 23 2021,10:30p,Dallas Mavericks,112,Los Angeles Clippers,104,Box Score,,Box Score,OT,"17,067",2:42
Wed Nov 24 2021,7:00p,Phoenix Suns,120,Cleveland Cavaliers,115,Box Score,,Box Score,,"18,055",2:20
Wed Nov 24 2021,7:00p,Los Angeles Lakers,124,Indiana Pacers,116,Box Score,,Box Score,OT,"15,572",2:43
Wed Nov 24 2021,7:00p,Charlotte Hornets,106,Orlando Magic,99,Box Score,,Box Score,,"16,114",2:04
Wed Nov 24 2021,7:30p,Brooklyn Nets,123,Boston Celtics,104,Box Score,,Box Score,,"19,156",2:20
Wed Nov 24 2021,8:00p,Chicago Bulls,113,Houston Rockets,118,Box Score,,Box Score,,"16,074",2:17
Wed Nov 24 2021,8:00p,Toronto Raptors,126,Memphis Grizzlies,113,Box Score,,Box Score,,"15,409",2:13
Wed Nov 24 2021,8:00p,Detroit Pistons,93,Milwaukee Bucks,114,Box Score,,Box Score,,"17,341",2:04
Wed Nov 24 2021,8:00p,Miami Heat,101,Minnesota Timberwolves,113,Box Score,,Box Score,,"17,136",2:28
Wed Nov 24 2021,8:00p,Washington Wizards,102,New Orleans Pelicans,127,Box Score,,Box Score,,"14,659",2:18
Wed Nov 24 2021,8:00p,Utah Jazz,110,Oklahoma City Thunder,104,Box Score,,Box Score,,"14,081",2:08
Wed Nov 24 2021,8:30p,Atlanta Hawks,124,San Antonio Spurs,106,Box Score,,Box Score,,"13,161",1:57
Wed Nov 24 2021,10:00p,Philadelphia 76ers,96,Golden State Warriors,116,Box Score,,Box Score,,"18,064",2:30
Wed Nov 24 2021,10:00p,Portland Trail Blazers,121,Sacramento Kings,125,Box Score,,Box Score,,"14,997",2:28
Fri Nov 26 2021,3:30p,Detroit Pistons,96,Los Angeles Clippers,107,Box Score,,Box Score,,"18,139",2:08
Fri Nov 26 2021,7:00p,Minnesota Timberwolves,115,Charlotte Hornets,133,Box Score,,Box Score,,"19,314",2:04
Fri Nov 26 2021,7:00p,Phoenix Suns,118,New York Knicks,97,Box Score,,Box Score,,"19,812",2:07
Fri Nov 26 2021,7:00p,Chicago Bulls,123,Orlando Magic,88,Box Score,,Box Score,,"18,236",2:09
Fri Nov 26 2021,8:00p,Toronto Raptors,97,Indiana Pacers,114,Box Score,,Box Score,,"13,508",2:06
Fri Nov 26 2021,8:00p,Atlanta Hawks,132,Memphis Grizzlies,100,Box Score,,Box Score,,"16,622",2:03
Fri Nov 26 2021,8:00p,Washington Wizards,101,Oklahoma City Thunder,99,Box Score,,Box Score,,"14,579",2:06
Fri Nov 26 2021,8:30p,Boston Celtics,88,San Antonio Spurs,96,Box Score,,Box Score,,"15,360",2:14
Fri Nov 26 2021,9:00p,Milwaukee Bucks,120,Denver Nuggets,109,Box Score,,Box Score,,"19,520",2:10
Fri Nov 26 2021,9:00p,New Orleans Pelicans,98,Utah Jazz,97,Box Score,,Box Score,,"18,306",2:19
Fri Nov 26 2021,10:00p,Portland Trail Blazers,103,Golden State Warriors,118,Box Score,,Box Score,,"18,064",2:09
Fri Nov 26 2021,10:30p,Sacramento Kings,141,Los Angeles Lakers,137,Box Score,,Box Score,3OT,"18,997",3:03
Sat Nov 27 2021,6:00p,Minnesota Timberwolves,121,Philadelphia 76ers,120,Box Score,,Box Score,2OT,"21,011",2:57
Sat Nov 27 2021,7:30p,New York Knicks,99,Atlanta Hawks,90,Box Score,,Box Score,,"17,287",2:02
Sat Nov 27 2021,7:30p,Phoenix Suns,113,Brooklyn Nets,107,Box Score,,Box Score,,"18,071",2:06
Sat Nov 27 2021,8:00p,Miami Heat,107,Chicago Bulls,104,Box Score,,Box Score,,"21,110",2:19
Sat Nov 27 2021,8:00p,Orlando Magic,92,Cleveland Cavaliers,105,Box Score,,Box Score,,"18,248",2:00
Sat Nov 27 2021,8:00p,Charlotte Hornets,143,Houston Rockets,146,Box Score,,Box Score,OT,"14,687",2:43
Sat Nov 27 2021,8:30p,Washington Wizards,120,Dallas Mavericks,114,Box Score,,Box Score,,"20,223",2:10
Sat Nov 27 2021,9:00p,New Orleans Pelicans,105,Utah Jazz,127,Box Score,,Box Score,,"18,306",2:10
Sun Nov 28 2021,3:30p,Golden State Warriors,105,Los Angeles Clippers,90,Box Score,,Box Score,,"19,068",2:17
Sun Nov 28 2021,5:00p,Milwaukee Bucks,118,Indiana Pacers,100,Box Score,,Box Score,,"13,130",2:07
Sun Nov 28 2021,6:00p,Sacramento Kings,101,Memphis Grizzlies,128,Box Score,,Box Score,,"12,844",2:12
Sun Nov 28 2021,6:00p,Boston Celtics,109,Toronto Raptors,97,Box Score,,Box Score,,"19,800",2:11
Sun Nov 28 2021,9:30p,Detroit Pistons,106,Los Angeles Lakers,110,Box Score,,Box Score,,"18,997",2:17
Mon Nov 29 2021,7:00p,Orlando Magic,96,Philadelphia 76ers,101,Box Score,,Box Score,,"20,193",2:03
Mon Nov 29 2021,7:30p,Denver Nuggets,120,Miami Heat,111,Box Score,,Box Score,,"19,600",2:04
Mon Nov 29 2021,8:00p,Charlotte Hornets,119,Chicago Bulls,133,Box Score,,Box Score,,"21,366",2:06
Mon Nov 29 2021,8:00p,Oklahoma City Thunder,89,Houston Rockets,102,Box Score,,Box Score,,"12,829",2:04
Mon Nov 29 2021,8:00p,Indiana Pacers,98,Minnesota Timberwolves,100,Box Score,,Box Score,,"14,191",2:18
Mon Nov 29 2021,8:30p,Cleveland Cavaliers,114,Dallas Mavericks,96,Box Score,,Box Score,,"19,229",2:01
Mon Nov 29 2021,8:30p,Washington Wizards,99,San Antonio Spurs,116,Box Score,,Box Score,,"12,606",2:03
Mon Nov 29 2021,9:00p,Portland Trail Blazers,107,Utah Jazz,129,Box Score,,Box Score,,"18,306",2:06
Mon Nov 29 2021,10:30p,New Orleans Pelicans,123,Los Angeles Clippers,104,Box Score,,Box Score,,"15,691",2:02
Tue Nov 30 2021,7:30p,New York Knicks,110,Brooklyn Nets,112,Box Score,,Box Score,,"18,081",2:22
Tue Nov 30 2021,7:30p,Memphis Grizzlies,98,Toronto Raptors,91,Box Score,,Box Score,,"19,800",2:13
Tue Nov 30 2021,10:00p,Golden State Warriors,96,Phoenix Suns,104,Box Score,,Box Score,,"17,071",2:14
Tue Nov 30 2021,10:00p,Detroit Pistons,92,Portland Trail Blazers,110,Box Score,,Box Score,,"16,071",2:17
Tue Nov 30 2021,10:00p,Los Angeles Lakers,117,Sacramento Kings,92,Box Score,,Box Score,,"12,459",2:11
Wed Dec 01 2021,7:00p,Atlanta Hawks,114,Indiana Pacers,111,Box Score,,Box Score,,"12,656",2:08
Wed Dec 01 2021,7:00p,Denver Nuggets,103,Orlando Magic,108,Box Score,,Box Score,,"14,191",2:13
Wed Dec 01 2021,7:00p,Minnesota Timberwolves,107,Washington Wizards,115,Box Score,,Box Score,,"15,318",2:19
Wed Dec 01 2021,7:30p,Philadelphia 76ers,87,Boston Celtics,88,Box Score,,Box Score,,"19,156",2:18
Wed Dec 01 2021,7:30p,Cleveland Cavaliers,111,Miami Heat,85,Box Score,,Box Score,,"19,600",2:04
Wed Dec 01 2021,8:00p,Charlotte Hornets,125,Milwaukee Bucks,127,Box Score,,Box Score,,"17,341",2:23
Wed Dec 01 2021,8:00p,Dallas Mavericks,139,New Orleans Pelicans,107,Box Score,,Box Score,,"15,558",1:58
Wed Dec 01 2021,8:00p,Houston Rockets,114,Oklahoma City Thunder,110,Box Score,,Box Score,,"13,222",2:19
Wed Dec 01 2021,10:30p,Sacramento Kings,124,Los Angeles Clippers,115,Box Score,,Box Score,,"17,217",2:07
Thu Dec 02 2021,7:30p,Chicago Bulls,119,New York Knicks,115,Box Score,,Box Score,,"19,812",2:16
Thu Dec 02 2021,7:30p,Milwaukee Bucks,93,Toronto Raptors,97,Box Score,,Box Score,,"19,800",2:17
Thu Dec 02 2021,8:00p,Oklahoma City Thunder,79,Memphis Grizzlies,152,Box Score,,Box Score,,"13,103",1:58
Thu Dec 02 2021,9:00p,Detroit Pistons,103,Phoenix Suns,114,Box Score,,Box Score,,0,2:10
Thu Dec 02 2021,10:00p,San Antonio Spurs,114,Portland Trail Blazers,83,Box Score,,Box Score,,"16,143",2:02
Fri Dec 03 2021,7:00p,Miami Heat,113,Indiana Pacers,104,Box Score,,Box Score,,"13,854",2:21
Fri Dec 03 2021,7:00p,Cleveland Cavaliers,116,Washington Wizards,101,Box Score,,Box Score,,"17,227",2:11
Fri Dec 03 2021,7:30p,Philadelphia 76ers,98,Atlanta Hawks,96,Box Score,,Box Score,,"17,092",2:25
Fri Dec 03 2021,7:30p,Minnesota Timberwolves,105,Brooklyn Nets,110,Box Score,,Box Score,,"17,732",2:27
Fri Dec 03 2021,8:00p,Orlando Magic,116,Houston Rockets,118,Box Score,,Box Score,,"13,697",2:11
Fri Dec 03 2021,8:30p,New Orleans Pelicans,107,Dallas Mavericks,91,Box Score,,Box Score,,"19,218",2:20
Fri Dec 03 2021,9:00p,Boston Celtics,130,Utah Jazz,137,Box Score,,Box Score,,"18,306",2:19
Fri Dec 03 2021,10:00p,Phoenix Suns,96,Golden State Warriors,118,Box Score,,Box Score,,"18,064",2:22
Fri Dec 03 2021,10:00p,Los Angeles Clippers,119,Los Angeles Lakers,115,Box Score,,Box Score,,"18,997",2:13
Sat Dec 04 2021,1:00p,Denver Nuggets,113,New York Knicks,99,Box Score,,Box Score,,"18,272",2:01
Sat Dec 04 2021,8:00p,Chicago Bulls,111,Brooklyn Nets,107,Box Score,,Box Score,,"18,116",2:08
Sat Dec 04 2021,8:00p,Miami Heat,102,Milwaukee Bucks,124,Box Score,,Box Score,,"17,341",2:19
Sat Dec 04 2021,8:30p,Memphis Grizzlies,97,Dallas Mavericks,90,Box Score,,Box Score,,"19,396",2:24
Sat Dec 04 2021,8:30p,San Antonio Spurs,112,Golden State Warriors,107,Box Score,,Box Score,,"18,064",2:08
Sat Dec 04 2021,10:00p,Boston Celtics,145,Portland Trail Blazers,117,Box Score,,Box Score,,"18,193",2:11
Sat Dec 04 2021,10:00p,Los Angeles Clippers,99,Sacramento Kings,104,Box Score,,Box Score,,"15,004",2:28
Sun Dec 05 2021,3:30p,Utah Jazz,109,Cleveland Cavaliers,108,Box Score,,Box Score,,"18,113",2:01
Sun Dec 05 2021,6:00p,Charlotte Hornets,130,Atlanta Hawks,127,Box Score,,Box Score,,"16,383",2:06
Sun Dec 05 2021,6:00p,Washington Wizards,90,Toronto Raptors,102,Box Score,,Box Score,,"19,800",2:06
Sun Dec 05 2021,7:00p,New Orleans Pelicans,108,Houston Rockets,118,Box Score,,Box Score,,"14,771",2:19
Mon Dec 06 2021,7:00p,Philadelphia 76ers,127,Charlotte Hornets,124,Box Score,,Box Score,OT,"14,462",2:29
Mon Dec 06 2021,7:00p,Oklahoma City Thunder,114,Detroit Pistons,103,Box Score,,Box Score,,"10,522",2:12
Mon Dec 06 2021,7:00p,Washington Wizards,110,Indiana Pacers,116,Box Score,,Box Score,,"12,581",2:11
Mon Dec 06 2021,7:30p,Memphis Grizzlies,105,Miami Heat,90,Box Score,,Box Score,,"19,600",2:19
Mon Dec 06 2021,8:00p,Denver Nuggets,97,Chicago Bulls,109,Box Score,,Box Score,,"21,236",2:08
Mon Dec 06 2021,8:00p,Cleveland Cavaliers,104,Milwaukee Bucks,112,Box Score,,Box Score,,"17,341",2:08
Mon Dec 06 2021,8:00p,Atlanta Hawks,121,Minnesota Timberwolves,110,Box Score,,Box Score,,"15,736",2:05
Mon Dec 06 2021,9:00p,San Antonio Spurs,104,Phoenix Suns,108,Box Score,,Box Score,,"15,292",2:17
Mon Dec 06 2021,10:00p,Orlando Magic,95,Golden State Warriors,126,Box Score,,Box Score,,"18,064",2:10
Mon Dec 06 2021,10:00p,Los Angeles Clippers,102,Portland Trail Blazers,90,Box Score,,Box Score,,"15,865",2:12
Tue Dec 07 2021,7:30p,Brooklyn Nets,102,Dallas Mavericks,99,Box Score,,Box Score,,"19,559",2:22
Tue Dec 07 2021,8:30p,New York Knicks,121,San Antonio Spurs,109,Box Score,,Box Score,,"14,698",2:03
Tue Dec 07 2021,10:00p,Boston Celtics,102,Los Angeles Lakers,117,Box Score,,Box Score,,"18,997",2:19
Wed Dec 08 2021,7:00p,Philadelphia 76ers,110,Charlotte Hornets,106,Box Score,,Box Score,,"15,709",2:30
Wed Dec 08 2021,7:00p,Chicago Bulls,92,Cleveland Cavaliers,115,Box Score,,Box Score,,"17,707",2:09
Wed Dec 08 2021,7:00p,Washington Wizards,119,Detroit Pistons,116,Box Score,,Box Score,OT,"10,499",2:44
Wed Dec 08 2021,7:00p,New York Knicks,102,Indiana Pacers,122,Box Score,,Box Score,,"13,167",2:08
Wed Dec 08 2021,7:30p,Milwaukee Bucks,104,Miami Heat,113,Box Score,,Box Score,,"19,600",2:21
Wed Dec 08 2021,7:30p,Oklahoma City Thunder,110,Toronto Raptors,109,Box Score,,Box Score,,"19,800",2:05
Wed Dec 08 2021,8:00p,Brooklyn Nets,104,Houston Rockets,114,Box Score,,Box Score,,"15,834",2:23
Wed Dec 08 2021,8:00p,Dallas Mavericks,104,Memphis Grizzlies,96,Box Score,,Box Score,,"14,025",2:21
Wed Dec 08 2021,8:00p,Utah Jazz,136,Minnesota Timberwolves,104,Box Score,,Box Score,,"15,181",2:09
Wed Dec 08 2021,8:00p,Denver Nuggets,120,New Orleans Pelicans,114,Box Score,,Box Score,OT,"15,035",2:24
Wed Dec 08 2021,10:00p,Portland Trail Blazers,94,Golden State Warriors,104,Box Score,,Box Score,,"18,064",2:20
Wed Dec 08 2021,10:00p,Orlando Magic,130,Sacramento Kings,142,Box Score,,Box Score,,"14,364",2:16
Wed Dec 08 2021,10:30p,Boston Celtics,111,Los Angeles Clippers,114,Box Score,,Box Score,,"17,064",2:31
Thu Dec 09 2021,7:00p,Utah Jazz,118,Philadelphia 76ers,96,Box Score,,Box Score,,"20,272",2:08
Thu Dec 09 2021,8:00p,Los Angeles Lakers,95,Memphis Grizzlies,108,Box Score,,Box Score,,"16,334",2:06
Thu Dec 09 2021,8:30p,Denver Nuggets,111,San Antonio Spurs,123,Box Score,,Box Score,,"12,855",2:05
Fri Dec 10 2021,7:00p,Sacramento Kings,123,Charlotte Hornets,124,Box Score,,Box Score,,"16,335",2:15
Fri Dec 10 2021,7:00p,Dallas Mavericks,93,Indiana Pacers,106,Box Score,,Box Score,,"12,618",2:03
Fri Dec 10 2021,7:30p,Brooklyn Nets,113,Atlanta Hawks,105,Box Score,,Box Score,,"17,074",2:21
Fri Dec 10 2021,7:30p,New York Knicks,87,Toronto Raptors,90,Box Score,,Box Score,,"19,800",2:09
Fri Dec 10 2021,8:00p,Milwaukee Bucks,123,Houston Rockets,114,Box Score,,Box Score,,"16,319",2:21
Fri Dec 10 2021,8:00p,Cleveland Cavaliers,123,Minnesota Timberwolves,106,Box Score,,Box Score,,"15,694",2:11
Fri Dec 10 2021,8:00p,Detroit Pistons,93,New Orleans Pelicans,109,Box Score,,Box Score,,"15,828",2:06
Fri Dec 10 2021,8:00p,Los Angeles Lakers,116,Oklahoma City Thunder,95,Box Score,,Box Score,,"16,523",2:05
Fri Dec 10 2021,10:00p,Boston Celtics,90,Phoenix Suns,111,Box Score,,Box Score,,"17,071",2:08
Sat Dec 11 2021,3:30p,Orlando Magic,104,Los Angeles Clippers,106,Box Score,,Box Score,,"17,156",2:04
Sat Dec 11 2021,7:00p,Utah Jazz,123,Washington Wizards,98,Box Score,,Box Score,,"17,575",2:08
Sat Dec 11 2021,8:00p,Sacramento Kings,103,Cleveland Cavaliers,117,Box Score,,Box Score,,"19,432",2:11
Sat Dec 11 2021,8:00p,Houston Rockets,106,Memphis Grizzlies,113,Box Score,,Box Score,,"17,794",2:24
Sat Dec 11 2021,8:00p,Chicago Bulls,92,Miami Heat,118,Box Score,,Box Score,,"19,731",2:08
Sat Dec 11 2021,8:30p,Golden State Warriors,93,Philadelphia 76ers,102,Box Score,,Box Score,,"21,016",2:18
Sat Dec 11 2021,8:30p,Denver Nuggets,127,San Antonio Spurs,112,Box Score,,Box Score,,"14,607",2:12
Sun Dec 12 2021,12:00p,Milwaukee Bucks,112,New York Knicks,97,Box Score,,Box Score,,"19,812",2:01
Sun Dec 12 2021,6:00p,Brooklyn Nets,116,Detroit Pistons,104,Box Score,,Box Score,,"15,289",2:17
Sun Dec 12 2021,7:00p,Dallas Mavericks,103,Oklahoma City Thunder,84,Box Score,,Box Score,,"15,747",2:04
Sun Dec 12 2021,7:00p,New Orleans Pelicans,97,San Antonio Spurs,112,Box Score,,Box Score,,"14,990",2:04
Sun Dec 12 2021,9:00p,Minnesota Timberwolves,116,Portland Trail Blazers,111,Box Score,,Box Score,,"16,591",2:22
Sun Dec 12 2021,9:30p,Orlando Magic,94,Los Angeles Lakers,106,Box Score,,Box Score,,"18,997",2:11
Mon Dec 13 2021,7:00p,Miami Heat,94,Cleveland Cavaliers,105,Box Score,,Box Score,,"17,401",2:08
Mon Dec 13 2021,7:00p,Golden State Warriors,102,Indiana Pacers,100,Box Score,,Box Score,,"17,018",2:24
Mon Dec 13 2021,7:00p,Sacramento Kings,101,Toronto Raptors,124,Box Score,,Box Score,,"19,463",1:57
Mon Dec 13 2021,7:30p,Houston Rockets,132,Atlanta Hawks,126,Box Score,,Box Score,,"14,456",2:23
Mon Dec 13 2021,7:30p,Milwaukee Bucks,103,Boston Celtics,117,Box Score,,Box Score,,"19,156",2:10
Mon Dec 13 2021,8:00p,Philadelphia 76ers,91,Memphis Grizzlies,126,Box Score,,Box Score,,"13,420",2:05
Mon Dec 13 2021,8:30p,Charlotte Hornets,96,Dallas Mavericks,120,Box Score,,Box Score,,"19,213",2:05
Mon Dec 13 2021,9:00p,Washington Wizards,107,Denver Nuggets,113,Box Score,,Box Score,,"14,632",2:14
Mon Dec 13 2021,10:30p,Phoenix Suns,95,Los Angeles Clippers,111,Box Score,,Box Score,,"17,909",2:12
Tue Dec 14 2021,7:30p,Toronto Raptors,129,Brooklyn Nets,131,Box Score,,Box Score,OT,"17,325",2:26
Tue Dec 14 2021,7:30p,Golden State Warriors,105,New York Knicks,96,Box Score,,Box Score,,"19,812",2:19
Tue Dec 14 2021,10:00p,Phoenix Suns,111,Portland Trail Blazers,107,Box Score,,Box Score,OT,"16,184",2:35
Wed Dec 15 2021,7:00p,Houston Rockets,89,Cleveland Cavaliers,124,Box Score,,Box Score,,"17,131",2:12
Wed Dec 15 2021,7:00p,Atlanta Hawks,111,Orlando Magic,99,Box Score,,Box Score,,"13,576",2:04
Wed Dec 15 2021,7:00p,Miami Heat,101,Philadelphia 76ers,96,Box Score,,Box Score,,"20,389",2:13
Wed Dec 15 2021,7:30p,Los Angeles Lakers,107,Dallas Mavericks,104,Box Score,,Box Score,OT,"20,270",2:35
Wed Dec 15 2021,8:00p,Indiana Pacers,99,Milwaukee Bucks,114,Box Score,,Box Score,,"17,341",1:59
Wed Dec 15 2021,8:00p,New Orleans Pelicans,113,Oklahoma City Thunder,110,Box Score,,Box Score,,"13,253",2:26
Wed Dec 15 2021,8:30p,Charlotte Hornets,131,San Antonio Spurs,115,Box Score,,Box Score,,"14,354",2:05
Wed Dec 15 2021,9:00p,Minnesota Timberwolves,124,Denver Nuggets,107,Box Score,,Box Score,,"15,365",2:08
Wed Dec 15 2021,10:00p,Memphis Grizzlies,113,Portland Trail Blazers,103,Box Score,,Box Score,,"15,773",2:20
Wed Dec 15 2021,10:00p,Washington Wizards,105,Sacramento Kings,119,Box Score,,Box Score,,"13,806",2:16
Wed Dec 15 2021,10:00p,Los Angeles Clippers,103,Utah Jazz,124,Box Score,,Box Score,,"18,306",2:14
Thu Dec 16 2021,7:00p,Detroit Pistons,113,Indiana Pacers,122,Box Score,,Box Score,,"13,596",2:15
Thu Dec 16 2021,7:30p,Philadelphia 76ers,105,Brooklyn Nets,114,Box Score,,Box Score,,"17,053",2:09
Thu Dec 16 2021,8:00p,New York Knicks,116,Houston Rockets,103,Box Score,,Box Score,,"13,857",2:19
Thu Dec 16 2021,9:00p,Washington Wizards,98,Phoenix Suns,118,Box Score,,Box Score,,"16,177",2:06
Fri Dec 17 2021,7:00p,Miami Heat,115,Orlando Magic,105,Box Score,,Box Score,,"14,103",2:06
Fri Dec 17 2021,7:30p,Denver Nuggets,133,Atlanta Hawks,115,Box Score,,Box Score,,"16,114",2:14
Fri Dec 17 2021,7:30p,Golden State Warriors,111,Boston Celtics,107,Box Score,,Box Score,,"19,156",2:29
Fri Dec 17 2021,8:00p,Milwaukee Bucks,112,New Orleans Pelicans,116,Box Score,,Box Score,OT,"15,504",2:22
Fri Dec 17 2021,9:00p,San Antonio Spurs,128,Utah Jazz,126,Box Score,,Box Score,,"18,306",2:14
Fri Dec 17 2021,10:00p,Los Angeles Lakers,92,Minnesota Timberwolves,110,Box Score,,Box Score,,"17,136",2:26
Fri Dec 17 2021,10:00p,Charlotte Hornets,116,Portland Trail Blazers,125,Box Score,,Box Score,,"18,399",2:08
Fri Dec 17 2021,10:00p,Memphis Grizzlies,124,Sacramento Kings,105,Box Score,,Box Score,,"14,659",2:13
Sat Dec 18 2021,12:00p,Houston Rockets,116,Detroit Pistons,107,Box Score,,Box Score,,"13,722",2:09
Sat Dec 18 2021,7:00p,New York Knicks,107,Boston Celtics,114,Box Score,,Box Score,,"19,156",2:10
Sat Dec 18 2021,7:30p,Orlando Magic,100,Brooklyn Nets,93,Box Score,,Box Score,,"16,292",2:06
Sat Dec 18 2021,7:30p,Golden State Warriors,100,Toronto Raptors,119,Box Score,,Box Score,,"7,988",2:02
Sat Dec 18 2021,8:00p,Los Angeles Clippers,103,Oklahoma City Thunder,104,Box Score,,Box Score,,"15,123",2:09
Sat Dec 18 2021,9:00p,Cleveland Cavaliers,119,Milwaukee Bucks,90,Box Score,,Box Score,,"17,341",2:00
Sat Dec 18 2021,9:00p,Washington Wizards,109,Utah Jazz,103,Box Score,,Box Score,,"18,306",2:19
Sun Dec 19 2021,6:00p,Miami Heat,90,Detroit Pistons,100,Box Score,,Box Score,,"15,188",2:22
Sun Dec 19 2021,6:00p,Portland Trail Blazers,105,Memphis Grizzlies,100,Box Score,,Box Score,,"15,977",2:22
Sun Dec 19 2021,6:00p,San Antonio Spurs,114,Sacramento Kings,121,Box Score,,Box Score,,"15,091",2:03
Sun Dec 19 2021,8:00p,Los Angeles Lakers,110,Chicago Bulls,115,Box Score,,Box Score,,"21,560",2:19
Sun Dec 19 2021,8:00p,Dallas Mavericks,105,Minnesota Timberwolves,111,Box Score,,Box Score,,"16,127",2:26
Sun Dec 19 2021,8:00p,Charlotte Hornets,106,Phoenix Suns,137,Box Score,,Box Score,,"17,071",2:03
Mon Dec 20 2021,7:30p,Philadelphia 76ers,108,Boston Celtics,103,Box Score,,Box Score,,"19,156",2:22
Mon Dec 20 2021,8:00p,Houston Rockets,118,Chicago Bulls,133,Box Score,,Box Score,,"21,150",2:06
Mon Dec 20 2021,8:00p,Oklahoma City Thunder,102,Memphis Grizzlies,99,Box Score,,Box Score,,"15,721",2:17
Mon Dec 20 2021,9:00p,Charlotte Hornets,102,Utah Jazz,112,Box Score,,Box Score,,"18,306",2:10
Mon Dec 20 2021,10:00p,Sacramento Kings,98,Golden State Warriors,113,Box Score,,Box Score,,"18,064",2:03
Mon Dec 20 2021,10:30p,San Antonio Spurs,116,Los Angeles Clippers,92,Box Score,,Box Score,,"18,096",1:59
Tue Dec 21 2021,7:30p,Indiana Pacers,96,Miami Heat,125,Box Score,,Box Score,,"19,600",2:15
Tue Dec 21 2021,7:30p,Detroit Pistons,91,New York Knicks,105,Box Score,,Box Score,,"17,906",2:06
Tue Dec 21 2021,8:00p,Portland Trail Blazers,97,New Orleans Pelicans,111,Box Score,,Box Score,,"15,272",2:05
Tue Dec 21 2021,8:30p,Minnesota Timberwolves,102,Dallas Mavericks,114,Box Score,,Box Score,,"20,056",2:17
Tue Dec 21 2021,10:00p,Phoenix Suns,108,Los Angeles Lakers,90,Box Score,,Box Score,,"18,997",2:17
Wed Dec 22 2021,7:30p,Orlando Magic,104,Atlanta Hawks,98,Box Score,,Box Score,,"15,299",2:14
Wed Dec 22 2021,7:30p,Cleveland Cavaliers,101,Boston Celtics,111,Box Score,,Box Score,,"19,156",2:13
Wed Dec 22 2021,8:00p,Houston Rockets,106,Milwaukee Bucks,126,Box Score,,Box Score,,"17,341",2:20
Wed Dec 22 2021,8:00p,Denver Nuggets,94,Oklahoma City Thunder,108,Box Score,,Box Score,,"14,932",2:07
Wed Dec 22 2021,10:00p,Los Angeles Clippers,105,Sacramento Kings,89,Box Score,,Box Score,,"15,386",2:05
Thu Dec 23 2021,7:00p,Houston Rockets,106,Indiana Pacers,118,Box Score,,Box Score,,"15,089",2:11
Thu Dec 23 2021,7:00p,New Orleans Pelicans,110,Orlando Magic,104,Box Score,,Box Score,,"13,954",2:17
Thu Dec 23 2021,7:00p,Atlanta Hawks,98,Philadelphia 76ers,96,Box Score,,Box Score,,"20,408",2:15
Thu Dec 23 2021,7:30p,Detroit Pistons,112,Miami Heat,115,Box Score,,Box Score,,"19,600",2:18
Thu Dec 23 2021,7:30p,Washington Wizards,124,New York Knicks,117,Box Score,,Box Score,,"18,208",2:15
Thu Dec 23 2021,8:30p,Milwaukee Bucks,102,Dallas Mavericks,95,Box Score,,Box Score,,"19,654",2:12
Thu Dec 23 2021,9:00p,Charlotte Hornets,115,Denver Nuggets,107,Box Score,,Box Score,,"17,003",2:11
Thu Dec 23 2021,9:00p,Oklahoma City Thunder,101,Phoenix Suns,113,Box Score,,Box Score,,"17,071",2:06
Thu Dec 23 2021,9:00p,Minnesota Timberwolves,116,Utah Jazz,128,Box Score,,Box Score,,"18,306",2:09
Thu Dec 23 2021,10:00p,Memphis Grizzlies,104,Golden State Warriors,113,Box Score,,Box Score,,"18,064",2:17
Thu Dec 23 2021,10:30p,San Antonio Spurs,138,Los Angeles Lakers,110,Box Score,,Box Score,,"18,997",2:25
Sat Dec 25 2021,12:00p,Atlanta Hawks,87,New York Knicks,101,Box Score,,Box Score,,"19,812",2:15
Sat Dec 25 2021,2:30p,Boston Celtics,113,Milwaukee Bucks,117,Box Score,,Box Score,,"17,341",2:29
Sat Dec 25 2021,5:00p,Golden State Warriors,116,Phoenix Suns,107,Box Score,,Box Score,,"17,071",2:18
Sat Dec 25 2021,8:00p,Brooklyn Nets,122,Los Angeles Lakers,115,Box Score,,Box Score,,"18,997",2:35
Sat Dec 25 2021,10:30p,Dallas Mavericks,116,Utah Jazz,120,Box Score,,Box Score,,"18,306",2:39
Sun Dec 26 2021,3:30p,Orlando Magic,83,Miami Heat,93,Box Score,,Box Score,,"19,600",2:05
Sun Dec 26 2021,6:00p,Toronto Raptors,99,Cleveland Cavaliers,144,Box Score,,Box Score,,"19,432",1:57
Sun Dec 26 2021,6:00p,Memphis Grizzlies,127,Sacramento Kings,102,Box Score,,Box Score,,"15,685",2:15
Sun Dec 26 2021,6:00p,Philadelphia 76ers,117,Washington Wizards,96,Box Score,,Box Score,,"16,767",2:22
Sun Dec 26 2021,7:00p,New Orleans Pelicans,112,Oklahoma City Thunder,117,Box Score,,Box Score,,"15,608",2:19
Sun Dec 26 2021,7:00p,Detroit Pistons,109,San Antonio Spurs,144,Box Score,,Box Score,,"14,715",2:26
Sun Dec 26 2021,8:00p,Indiana Pacers,105,Chicago Bulls,113,Box Score,,Box Score,,"20,475",2:09
Sun Dec 26 2021,9:00p,Denver Nuggets,103,Los Angeles Clippers,100,Box Score,,Box Score,,"17,759",2:10
Mon Dec 27 2021,7:00p,Houston Rockets,99,Charlotte Hornets,123,Box Score,,Box Score,,"19,349",2:00
Mon Dec 27 2021,7:30p,Chicago Bulls,130,Atlanta Hawks,118,Box Score,,Box Score,,"17,049",2:06
Mon Dec 27 2021,8:00p,Boston Celtics,103,Minnesota Timberwolves,108,Box Score,,Box Score,,"15,962",2:10
Mon Dec 27 2021,8:30p,Utah Jazz,110,San Antonio Spurs,104,Box Score,,Box Score,,"16,255",2:09
Mon Dec 27 2021,9:00p,Memphis Grizzlies,114,Phoenix Suns,113,Box Score,,Box Score,,"17,071",2:16
Mon Dec 27 2021,10:00p,Dallas Mavericks,132,Portland Trail Blazers,117,Box Score,,Box Score,,"18,430",2:24
Mon Dec 27 2021,10:30p,Brooklyn Nets,124,Los Angeles Clippers,108,Box Score,,Box Score,,"17,128",2:09
Tue Dec 28 2021,7:00p,Milwaukee Bucks,127,Orlando Magic,110,Box Score,,Box Score,,"16,696",2:17
Tue Dec 28 2021,7:30p,Washington Wizards,112,Miami Heat,119,Box Score,,Box Score,,"19,600",2:07
Tue Dec 28 2021,7:30p,Philadelphia 76ers,114,Toronto Raptors,109,Box Score,,Box Score,,"6,960",2:22
Tue Dec 28 2021,8:00p,Los Angeles Lakers,132,Houston Rockets,123,Box Score,,Box Score,,"18,104",2:20
Tue Dec 28 2021,8:00p,New York Knicks,96,Minnesota Timberwolves,88,Box Score,,Box Score,,"16,339",2:14
Tue Dec 28 2021,8:00p,Cleveland Cavaliers,104,New Orleans Pelicans,108,Box Score,,Box Score,,"15,835",2:12
Tue Dec 28 2021,10:00p,Denver Nuggets,89,Golden State Warriors,86,Box Score,,Box Score,,"18,064",2:19
Tue Dec 28 2021,10:00p,Oklahoma City Thunder,111,Sacramento Kings,117,Box Score,,Box Score,,"14,750",2:16
Wed Dec 29 2021,7:00p,New York Knicks,94,Detroit Pistons,85,Box Score,,Box Score,,"18,312",2:14
Wed Dec 29 2021,7:00p,Charlotte Hornets,116,Indiana Pacers,108,Box Score,,Box Score,,"17,608",2:21
Wed Dec 29 2021,7:30p,Los Angeles Clippers,91,Boston Celtics,82,Box Score,,Box Score,,"19,156",2:07
Wed Dec 29 2021,8:00p,Atlanta Hawks,117,Chicago Bulls,131,Box Score,,Box Score,,"21,372",2:19
Wed Dec 29 2021,8:00p,Los Angeles Lakers,99,Memphis Grizzlies,104,Box Score,,Box Score,,"17,794",2:19
Wed Dec 29 2021,9:00p,Oklahoma City Thunder,97,Phoenix Suns,115,Box Score,,Box Score,,"17,071",2:09
Wed Dec 29 2021,10:00p,Utah Jazz,120,Portland Trail Blazers,105,Box Score,,Box Score,,"17,828",2:16
Wed Dec 29 2021,10:30p,Dallas Mavericks,94,Sacramento Kings,95,Box Score,,Box Score,,"16,071",2:12
Thu Dec 30 2021,7:00p,Philadelphia 76ers,110,Brooklyn Nets,102,Box Score,,Box Score,,"17,920",2:10
Thu Dec 30 2021,7:00p,Milwaukee Bucks,136,Orlando Magic,118,Box Score,,Box Score,,"15,855",2:15
Thu Dec 30 2021,7:00p,Cleveland Cavaliers,93,Washington Wizards,110,Box Score,,Box Score,,"15,637",2:04
Fri Dec 31 2021,1:00p,Phoenix Suns,108,Boston Celtics,123,Box Score,,Box Score,,"19,156",2:17
Fri Dec 31 2021,3:00p,Chicago Bulls,108,Indiana Pacers,106,Box Score,,Box Score,,"17,515",2:18
Fri Dec 31 2021,6:00p,Dallas Mavericks,112,Sacramento Kings,96,Box Score,,Box Score,,"15,833",2:01
Fri Dec 31 2021,7:00p,Miami Heat,120,Houston Rockets,110,Box Score,,Box Score,,"16,197",2:16
Fri Dec 31 2021,7:30p,Atlanta Hawks,121,Cleveland Cavaliers,118,Box Score,,Box Score,,"17,745",2:16
Fri Dec 31 2021,7:30p,Los Angeles Clippers,108,Toronto Raptors,116,Box Score,,Box Score,,0,2:13
Fri Dec 31 2021,8:00p,San Antonio Spurs,105,Memphis Grizzlies,118,Box Score,,Box Score,,"15,412",2:06
Fri Dec 31 2021,8:00p,New York Knicks,80,Oklahoma City Thunder,95,Box Score,,Box Score,,"16,451",1:54
Fri Dec 31 2021,9:00p,Minnesota Timberwolves,108,Utah Jazz,120,Box Score,,Box Score,,"18,306",2:18
Fri Dec 31 2021,10:30p,Portland Trail Blazers,106,Los Angeles Lakers,139,Box Score,,Box Score,,"18,997",2:11
Sat Jan 01 2022,6:30p,New Orleans Pelicans,113,Milwaukee Bucks,136,Box Score,,Box Score,,"17,341",2:17
Sat Jan 01 2022,7:00p,San Antonio Spurs,116,Detroit Pistons,117,Box Score,,Box Score,OT,"18,911",2:41
Sat Jan 01 2022,7:00p,Chicago Bulls,120,Washington Wizards,119,Box Score,,Box Score,,"19,043",2:30
Sat Jan 01 2022,7:30p,Los Angeles Clippers,120,Brooklyn Nets,116,Box Score,,Box Score,,"17,732",2:24
Sat Jan 01 2022,8:00p,Denver Nuggets,124,Houston Rockets,111,Box Score,,Box Score,,"18,055",2:19
Sat Jan 01 2022,9:00p,Golden State Warriors,123,Utah Jazz,116,Box Score,,Box Score,,"18,306",2:20
Sun Jan 02 2022,3:30p,New York Knicks,105,Toronto Raptors,120,Box Score,,Box Score,,0,2:12
Sun Jan 02 2022,6:00p,Orlando Magic,111,Boston Celtics,116,Box Score,,Box Score,OT,"19,156",2:40
Sun Jan 02 2022,6:00p,Indiana Pacers,104,Cleveland Cavaliers,108,Box Score,,Box Score,,"17,808",2:17
Sun Jan 02 2022,6:00p,Miami Heat,113,Sacramento Kings,115,Box Score,,Box Score,,"13,699",2:08
Sun Jan 02 2022,7:00p,Phoenix Suns,133,Charlotte Hornets,99,Box Score,,Box Score,,"19,088",2:05
Sun Jan 02 2022,7:00p,Dallas Mavericks,95,Oklahoma City Thunder,86,Box Score,,Box Score,,"14,751",1:57
Sun Jan 02 2022,9:30p,Minnesota Timberwolves,103,Los Angeles Lakers,108,Box Score,,Box Score,,"18,343",2:12
Mon Jan 03 2022,7:00p,Houston Rockets,113,Philadelphia 76ers,133,Box Score,,Box Score,,"20,026",2:12
Mon Jan 03 2022,7:00p,Charlotte Hornets,121,Washington Wizards,124,Box Score,,Box Score,,"8,902",2:13
Mon Jan 03 2022,7:30p,Memphis Grizzlies,118,Brooklyn Nets,104,Box Score,,Box Score,,"17,089",2:13
Mon Jan 03 2022,8:00p,Orlando Magic,98,Chicago Bulls,102,Box Score,,Box Score,,"20,502",2:17
Mon Jan 03 2022,8:00p,Detroit Pistons,115,Milwaukee Bucks,106,Box Score,,Box Score,,"17,341",2:14
Mon Jan 03 2022,8:00p,Utah Jazz,115,New Orleans Pelicans,104,Box Score,,Box Score,,"15,057",2:24
Mon Jan 03 2022,8:30p,Denver Nuggets,89,Dallas Mavericks,103,Box Score,,Box Score,,"19,767",2:11
Mon Jan 03 2022,10:00p,Miami Heat,108,Golden State Warriors,115,Box Score,,Box Score,,"18,064",2:12
Mon Jan 03 2022,10:00p,Atlanta Hawks,131,Portland Trail Blazers,136,Box Score,,Box Score,,"15,091",2:14
Mon Jan 03 2022,10:30p,Minnesota Timberwolves,122,Los Angeles Clippers,104,Box Score,,Box Score,,"15,959",1:58
Tue Jan 04 2022,7:00p,Memphis Grizzlies,110,Cleveland Cavaliers,106,Box Score,,Box Score,,"18,178",2:10
Tue Jan 04 2022,7:00p,San Antonio Spurs,104,Toronto Raptors,129,Box Score,,Box Score,,0,2:03
Tue Jan 04 2022,7:30p,Indiana Pacers,94,New York Knicks,104,Box Score,,Box Score,,"18,449",2:18
Tue Jan 04 2022,8:00p,Phoenix Suns,123,New Orleans Pelicans,110,Box Score,,Box Score,,"15,158",2:11
Tue Jan 04 2022,10:30p,Sacramento Kings,114,Los Angeles Lakers,122,Box Score,,Box Score,,"17,919",2:12
Wed Jan 05 2022,7:00p,Detroit Pistons,111,Charlotte Hornets,140,Box Score,,Box Score,,"14,427",2:06
Wed Jan 05 2022,7:00p,Philadelphia 76ers,116,Orlando Magic,106,Box Score,,Box Score,,"13,116",2:21
Wed Jan 05 2022,7:00p,Houston Rockets,114,Washington Wizards,111,Box Score,,Box Score,,"13,014",2:26
Wed Jan 05 2022,7:30p,San Antonio Spurs,99,Boston Celtics,97,Box Score,,Box Score,,"19,156",2:05
Wed Jan 05 2022,7:30p,Golden State Warriors,82,Dallas Mavericks,99,Box Score,,Box Score,,"20,441",2:15
Wed Jan 05 2022,7:30p,Brooklyn Nets,129,Indiana Pacers,121,Box Score,,Box Score,,"14,176",2:23
Wed Jan 05 2022,8:00p,Toronto Raptors,117,Milwaukee Bucks,111,Box Score,,Box Score,,"17,341",2:15
Wed Jan 05 2022,8:00p,Oklahoma City Thunder,90,Minnesota Timberwolves,98,Box Score,,Box Score,,"14,375",2:05
Wed Jan 05 2022,10:00p,Utah Jazz,115,Denver Nuggets,109,Box Score,,Box Score,,"14,056",2:11
Wed Jan 05 2022,10:00p,Miami Heat,115,Portland Trail Blazers,109,Box Score,,Box Score,,"15,773",2:29
Wed Jan 05 2022,10:00p,Atlanta Hawks,108,Sacramento Kings,102,Box Score,,Box Score,,"13,104",2:16
Thu Jan 06 2022,7:30p,Boston Celtics,105,New York Knicks,108,Box Score,,Box Score,,"17,529",2:20
Thu Jan 06 2022,8:00p,Detroit Pistons,88,Memphis Grizzlies,118,Box Score,,Box Score,,"12,983",2:07
Thu Jan 06 2022,8:00p,Golden State Warriors,96,New Orleans Pelicans,101,Box Score,,Box Score,,"15,986",2:18
Thu Jan 06 2022,10:00p,Los Angeles Clippers,89,Phoenix Suns,106,Box Score,,Box Score,,"17,071",2:12
Fri Jan 07 2022,7:00p,San Antonio Spurs,100,Philadelphia 76ers,119,Box Score,,Box Score,,"20,265",2:10
Fri Jan 07 2022,7:30p,Milwaukee Bucks,121,Brooklyn Nets,109,Box Score,,Box Score,,"17,732",2:11
Fri Jan 07 2022,7:30p,Utah Jazz,108,Toronto Raptors,122,Box Score,,Box Score,,0,2:06
Fri Jan 07 2022,8:00p,Washington Wizards,122,Chicago Bulls,130,Box Score,,Box Score,,"21,700",2:10
Fri Jan 07 2022,8:00p,Dallas Mavericks,130,Houston Rockets,106,Box Score,,Box Score,,"15,238",2:18
Fri Jan 07 2022,8:00p,Minnesota Timberwolves,135,Oklahoma City Thunder,105,Box Score,,Box Score,,"14,874",2:14
Fri Jan 07 2022,9:00p,Sacramento Kings,111,Denver Nuggets,121,Box Score,,Box Score,,"15,966",2:11
Fri Jan 07 2022,10:00p,Atlanta Hawks,118,Los Angeles Lakers,134,Box Score,,Box Score,,"18,997",2:20
Fri Jan 07 2022,10:00p,Cleveland Cavaliers,114,Portland Trail Blazers,101,Box Score,,Box Score,,"16,708",2:08
Sat Jan 08 2022,3:30p,Memphis Grizzlies,123,Los Angeles Clippers,108,Box Score,,Box Score,,"17,936",2:16
Sat Jan 08 2022,7:00p,Milwaukee Bucks,106,Charlotte Hornets,114,Box Score,,Box Score,,"19,139",2:23
Sat Jan 08 2022,7:00p,Orlando Magic,92,Detroit Pistons,97,Box Score,,Box Score,,"18,644",2:17
Sat Jan 08 2022,7:00p,Utah Jazz,113,Indiana Pacers,125,Box Score,,Box Score,,"13,160",2:12
Sat Jan 08 2022,7:30p,New York Knicks,75,Boston Celtics,99,Box Score,,Box Score,,"19,156",2:01
Sat Jan 08 2022,9:00p,Miami Heat,123,Phoenix Suns,100,Box Score,,Box Score,,"17,071",2:11
Sun Jan 09 2022,12:00p,San Antonio Spurs,119,Brooklyn Nets,121,Box Score,,Box Score,OT,"15,606",2:24
Sun Jan 09 2022,3:30p,Atlanta Hawks,93,Los Angeles Clippers,106,Box Score,,Box Score,,"14,836",1:59
Sun Jan 09 2022,6:00p,Washington Wizards,102,Orlando Magic,100,Box Score,,Box Score,,"13,223",2:17
Sun Jan 09 2022,6:00p,New Orleans Pelicans,101,Toronto Raptors,105,Box Score,,Box Score,,,2:12
Sun Jan 09 2022,7:00p,Minnesota Timberwolves,141,Houston Rockets,123,Box Score,,Box Score,,"15,277",2:12
Sun Jan 09 2022,7:00p,Denver Nuggets,99,Oklahoma City Thunder,95,Box Score,,Box Score,,"14,772",2:02
Sun Jan 09 2022,7:30p,Chicago Bulls,99,Dallas Mavericks,113,Box Score,,Box Score,,"20,041",1:54
Sun Jan 09 2022,8:30p,Cleveland Cavaliers,82,Golden State Warriors,96,Box Score,,Box Score,,"18,064",1:59
Sun Jan 09 2022,9:00p,Sacramento Kings,88,Portland Trail Blazers,103,Box Score,,Box Score,,"16,408",2:07
Sun Jan 09 2022,9:30p,Memphis Grizzlies,127,Los Angeles Lakers,119,Box Score,,Box Score,,"18,288",2:12
Mon Jan 10 2022,7:00p,Milwaukee Bucks,99,Charlotte Hornets,103,Box Score,,Box Score,,"14,253",2:16
Mon Jan 10 2022,7:00p,Utah Jazz,116,Detroit Pistons,126,Box Score,,Box Score,,"17,834",2:07
Mon Jan 10 2022,7:30p,Indiana Pacers,98,Boston Celtics,101,Box Score,,Box Score,OT,"19,156",2:40
Mon Jan 10 2022,7:30p,San Antonio Spurs,96,New York Knicks,111,Box Score,,Box Score,,"16,569",2:02
Mon Jan 10 2022,8:00p,Philadelphia 76ers,111,Houston Rockets,91,Box Score,,Box Score,,"13,593",2:07
Mon Jan 10 2022,10:00p,Brooklyn Nets,108,Portland Trail Blazers,114,Box Score,,Box Score,,"16,379",2:14
Mon Jan 10 2022,10:00p,Cleveland Cavaliers,109,Sacramento Kings,108,Box Score,,Box Score,,"12,110",2:08
Tue Jan 11 2022,7:00p,Oklahoma City Thunder,118,Washington Wizards,122,Box Score,,Box Score,,"13,985",2:12
Tue Jan 11 2022,7:30p,Phoenix Suns,99,Toronto Raptors,95,Box Score,,Box Score,,0,2:14
Tue Jan 11 2022,8:00p,Detroit Pistons,87,Chicago Bulls,133,Box Score,,Box Score,,"19,886",2:10
Tue Jan 11 2022,8:00p,Golden State Warriors,108,Memphis Grizzlies,116,Box Score,,Box Score,,"17,794",2:12
Tue Jan 11 2022,8:00p,Minnesota Timberwolves,125,New Orleans Pelicans,128,Box Score,,Box Score,,"15,155",2:30
Tue Jan 11 2022,10:30p,Denver Nuggets,85,Los Angeles Clippers,87,Box Score,,Box Score,,"15,077",2:12
Wed Jan 12 2022,7:00p,Boston Celtics,119,Indiana Pacers,100,Box Score,,Box Score,,"13,560",2:10
Wed Jan 12 2022,7:00p,Charlotte Hornets,109,Philadelphia 76ers,98,Box Score,,Box Score,,"20,317",2:11
Wed Jan 12 2022,7:00p,Orlando Magic,106,Washington Wizards,112,Box Score,,Box Score,,"13,138",2:05
Wed Jan 12 2022,7:30p,Miami Heat,115,Atlanta Hawks,91,Box Score,,Box Score,,"15,355",2:07
Wed Jan 12 2022,7:30p,Dallas Mavericks,85,New York Knicks,108,Box Score,,Box Score,,"18,215",2:08
Wed Jan 12 2022,8:30p,Houston Rockets,128,San Antonio Spurs,124,Box Score,,Box Score,,"11,314",2:20
Wed Jan 12 2022,9:00p,Cleveland Cavaliers,111,Utah Jazz,91,Box Score,,Box Score,,"18,306",2:03
Wed Jan 12 2022,10:00p,Brooklyn Nets,138,Chicago Bulls,112,Box Score,,Box Score,,"21,698",2:16
Wed Jan 12 2022,10:00p,Los Angeles Lakers,116,Sacramento Kings,125,Box Score,,Box Score,,"12,199",2:13
Thu Jan 13 2022,7:30p,Golden State Warriors,99,Milwaukee Bucks,118,Box Score,,Box Score,,"17,848",2:13
Thu Jan 13 2022,8:00p,Minnesota Timberwolves,108,Memphis Grizzlies,116,Box Score,,Box Score,,"15,881",2:24
Thu Jan 13 2022,8:00p,Los Angeles Clippers,89,New Orleans Pelicans,113,Box Score,,Box Score,,"15,406",2:04
Thu Jan 13 2022,8:30p,Oklahoma City Thunder,130,Brooklyn Nets,109,Box Score,,Box Score,,"16,964",2:09
Thu Jan 13 2022,10:00p,Portland Trail Blazers,108,Denver Nuggets,140,Box Score,,Box Score,,"14,972",2:17
Fri Jan 14 2022,7:00p,Orlando Magic,116,Charlotte Hornets,109,Box Score,,Box Score,,"16,011",2:14
Fri Jan 14 2022,7:00p,Toronto Raptors,87,Detroit Pistons,103,Box Score,,Box Score,,"18,011",2:22
Fri Jan 14 2022,7:00p,Phoenix Suns,112,Indiana Pacers,94,Box Score,,Box Score,,"14,019",2:12
Fri Jan 14 2022,7:00p,Boston Celtics,99,Philadelphia 76ers,111,Box Score,,Box Score,,"20,444",2:11
Fri Jan 14 2022,7:30p,Golden State Warriors,138,Chicago Bulls,96,Box Score,,Box Score,,"21,174",2:08
Fri Jan 14 2022,8:00p,Atlanta Hawks,118,Miami Heat,124,Box Score,,Box Score,,"19,600",2:26
Fri Jan 14 2022,8:30p,Cleveland Cavaliers,114,San Antonio Spurs,109,Box Score,,Box Score,,"12,160",2:11
Fri Jan 14 2022,10:00p,Dallas Mavericks,112,Memphis Grizzlies,85,Box Score,,Box Score,,"16,712",2:09
Fri Jan 14 2022,10:00p,Houston Rockets,114,Sacramento Kings,126,Box Score,,Box Score,,"12,857",2:14
Sat Jan 15 2022,6:30p,Toronto Raptors,103,Milwaukee Bucks,96,Box Score,,Box Score,,"17,341",2:22
Sat Jan 15 2022,7:00p,Portland Trail Blazers,115,Washington Wizards,110,Box Score,,Box Score,,"15,124",2:20
Sat Jan 15 2022,7:30p,New York Knicks,117,Atlanta Hawks,108,Box Score,,Box Score,,"16,414",2:12
Sat Jan 15 2022,7:30p,New Orleans Pelicans,105,Brooklyn Nets,120,Box Score,,Box Score,,"17,034",2:09
Sat Jan 15 2022,8:00p,Philadelphia 76ers,109,Miami Heat,98,Box Score,,Box Score,,"19,600",2:14
Sat Jan 15 2022,8:00p,Cleveland Cavaliers,107,Oklahoma City Thunder,102,Box Score,,Box Score,,"15,284",2:35
Sat Jan 15 2022,8:30p,Chicago Bulls,112,Boston Celtics,114,Box Score,,Box Score,,"19,156",2:08
Sat Jan 15 2022,8:30p,Los Angeles Clippers,94,San Antonio Spurs,101,Box Score,,Box Score,,"13,223",2:03
Sat Jan 15 2022,9:00p,Los Angeles Lakers,96,Denver Nuggets,133,Box Score,,Box Score,,"19,520",2:01
Sat Jan 15 2022,9:30p,Orlando Magic,92,Dallas Mavericks,108,Box Score,,Box Score,,"19,816",2:14
Sun Jan 16 2022,1:00p,Phoenix Suns,135,Detroit Pistons,108,Box Score,,Box Score,,"18,178",2:19
Sun Jan 16 2022,6:00p,Houston Rockets,118,Sacramento Kings,112,Box Score,,Box Score,,"13,601",2:17
Sun Jan 16 2022,8:00p,Utah Jazz,125,Denver Nuggets,102,Box Score,,Box Score,,"15,647",2:04
Sun Jan 16 2022,8:00p,Golden State Warriors,99,Minnesota Timberwolves,119,Box Score,,Box Score,,"17,136",2:14
Mon Jan 17 2022,12:30p,New Orleans Pelicans,92,Boston Celtics,104,Box Score,,Box Score,,"19,156",2:02
Mon Jan 17 2022,1:00p,Charlotte Hornets,97,New York Knicks,87,Box Score,,Box Score,,"19,812",2:00
Mon Jan 17 2022,2:00p,Philadelphia 76ers,98,Washington Wizards,117,Box Score,,Box Score,,"14,581",2:11
Mon Jan 17 2022,3:00p,Brooklyn Nets,107,Cleveland Cavaliers,114,Box Score,,Box Score,,"18,105",2:10
Mon Jan 17 2022,3:30p,Indiana Pacers,133,Los Angeles Clippers,139,Box Score,,Box Score,,"15,080",2:19
Mon Jan 17 2022,3:30p,Chicago Bulls,106,Memphis Grizzlies,119,Box Score,,Box Score,,"17,794",2:14
Mon Jan 17 2022,6:00p,Milwaukee Bucks,114,Atlanta Hawks,121,Box Score,,Box Score,,"16,903",2:31
Mon Jan 17 2022,7:00p,Portland Trail Blazers,98,Orlando Magic,88,Box Score,,Box Score,,"13,648",2:10
Mon Jan 17 2022,7:30p,Toronto Raptors,99,Miami Heat,104,Box Score,,Box Score,,"19,600",2:18
Mon Jan 17 2022,8:30p,Oklahoma City Thunder,102,Dallas Mavericks,104,Box Score,,Box Score,,"19,266",2:12
Mon Jan 17 2022,8:30p,Phoenix Suns,121,San Antonio Spurs,107,Box Score,,Box Score,,"10,422",2:01
Mon Jan 17 2022,10:30p,Utah Jazz,95,Los Angeles Lakers,101,Box Score,,Box Score,,"17,238",2:24
Tue Jan 18 2022,7:30p,Minnesota Timberwolves,112,New York Knicks,110,Box Score,,Box Score,,"16,071",2:33
Tue Jan 18 2022,10:00p,Detroit Pistons,86,Golden State Warriors,102,Box Score,,Box Score,,"18,064",2:11
Wed Jan 19 2022,7:00p,Orlando Magic,110,Philadelphia 76ers,123,Box Score,,Box Score,,"20,081",2:10
Wed Jan 19 2022,7:00p,Brooklyn Nets,119,Washington Wizards,118,Box Score,,Box Score,,"15,380",2:19
Wed Jan 19 2022,7:30p,Minnesota Timberwolves,122,Atlanta Hawks,134,Box Score,,Box Score,,"15,199",2:27
Wed Jan 19 2022,7:30p,Charlotte Hornets,111,Boston Celtics,102,Box Score,,Box Score,,"19,156",2:18
Wed Jan 19 2022,7:30p,Portland Trail Blazers,92,Miami Heat,104,Box Score,,Box Score,,"19,600",
Wed Jan 19 2022,8:00p,Cleveland Cavaliers,104,Chicago Bulls,117,Box Score,,Box Score,,"20,824",2:07
Wed Jan 19 2022,8:00p,Memphis Grizzlies,114,Milwaukee Bucks,126,Box Score,,Box Score,,"17,341",2:21
Wed Jan 19 2022,8:30p,Toronto Raptors,98,Dallas Mavericks,102,Box Score,,Box Score,,"19,218",2:18
Wed Jan 19 2022,8:30p,Oklahoma City Thunder,96,San Antonio Spurs,118,Box Score,,Box Score,,"11,848",2:05
Wed Jan 19 2022,9:00p,Houston Rockets,116,Utah Jazz,111,Box Score,,Box Score,,"18,306",2:11
Wed Jan 19 2022,10:00p,Los Angeles Clippers,128,Denver Nuggets,130,Box Score,,Box Score,OT,"14,547",2:35
Wed Jan 19 2022,10:00p,Detroit Pistons,133,Sacramento Kings,131,Box Score,,Box Score,,"12,907",2:21
Wed Jan 19 2022,10:30p,Indiana Pacers,111,Los Angeles Lakers,104,Box Score,,Box Score,,"17,818",2:13
Thu Jan 20 2022,7:30p,Phoenix Suns,109,Dallas Mavericks,101,Box Score,,Box Score,,"18,306",2:21
Thu Jan 20 2022,7:30p,New Orleans Pelicans,102,New York Knicks,91,Box Score,,Box Score,,"16,168",2:12
Thu Jan 20 2022,10:00p,Indiana Pacers,121,Golden State Warriors,117,Box Score,,Box Score,OT,"18,064",3:01
Fri Jan 21 2022,7:00p,Oklahoma City Thunder,98,Charlotte Hornets,121,Box Score,,Box Score,,"15,835",2:05
Fri Jan 21 2022,7:00p,Los Angeles Lakers,116,Orlando Magic,105,Box Score,,Box Score,,"18,846",2:20
Fri Jan 21 2022,7:00p,Los Angeles Clippers,102,Philadelphia 76ers,101,Box Score,,Box Score,,"20,182",2:12
Fri Jan 21 2022,7:30p,Miami Heat,108,Atlanta Hawks,110,Box Score,,Box Score,,"16,385",2:17
Fri Jan 21 2022,7:30p,Portland Trail Blazers,109,Boston Celtics,105,Box Score,,Box Score,,"19,156",2:25
Fri Jan 21 2022,8:00p,Chicago Bulls,90,Milwaukee Bucks,94,Box Score,,Box Score,,"18,013",2:30
Fri Jan 21 2022,8:00p,Toronto Raptors,109,Washington Wizards,105,Box Score,,Box Score,,"14,755",2:04
Fri Jan 21 2022,8:30p,Brooklyn Nets,117,San Antonio Spurs,102,Box Score,,Box Score,,"15,068",2:06
Fri Jan 21 2022,9:00p,Memphis Grizzlies,122,Denver Nuggets,118,Box Score,,Box Score,,"17,009",2:26
Fri Jan 21 2022,9:00p,Detroit Pistons,101,Utah Jazz,111,Box Score,,Box Score,,"18,306",2:20
Fri Jan 21 2022,10:00p,Houston Rockets,103,Golden State Warriors,105,Box Score,,Box Score,,"18,064",2:21
Sat Jan 22 2022,7:00p,Sacramento Kings,127,Milwaukee Bucks,133,Box Score,,Box Score,,"17,341",2:12
Sat Jan 22 2022,8:00p,Oklahoma City Thunder,87,Cleveland Cavaliers,94,Box Score,,Box Score,,"19,432",2:28
Sat Jan 22 2022,9:00p,Indiana Pacers,103,Phoenix Suns,113,Box Score,,Box Score,,"17,071",2:09
Sun Jan 23 2022,1:00p,Los Angeles Clippers,102,New York Knicks,110,Box Score,,Box Score,,"19,812",2:09
Sun Jan 23 2022,3:30p,Boston Celtics,116,Washington Wizards,87,Box Score,,Box Score,,"16,371",2:00
Sun Jan 23 2022,6:00p,Los Angeles Lakers,107,Miami Heat,113,Box Score,,Box Score,,"19,973",2:30
Sun Jan 23 2022,6:00p,Chicago Bulls,95,Orlando Magic,114,Box Score,,Box Score,,"18,846",2:21
Sun Jan 23 2022,6:00p,Portland Trail Blazers,114,Toronto Raptors,105,Box Score,,Box Score,,,2:09
Sun Jan 23 2022,7:00p,Atlanta Hawks,113,Charlotte Hornets,91,Box Score,,Box Score,,"15,822",2:16
Sun Jan 23 2022,7:00p,Philadelphia 76ers,115,San Antonio Spurs,109,Box Score,,Box Score,,"16,437",2:06
Sun Jan 23 2022,7:30p,Memphis Grizzlies,91,Dallas Mavericks,104,Box Score,,Box Score,,"19,701",2:18
Sun Jan 23 2022,8:00p,Detroit Pistons,111,Denver Nuggets,117,Box Score,,Box Score,,"14,060",2:21
Sun Jan 23 2022,8:00p,Brooklyn Nets,125,Minnesota Timberwolves,136,Box Score,,Box Score,,"16,475",2:15
Sun Jan 23 2022,8:30p,Utah Jazz,92,Golden State Warriors,94,Box Score,,Box Score,,"18,064",2:04
Mon Jan 24 2022,7:00p,New York Knicks,93,Cleveland Cavaliers,95,Box Score,,Box Score,,"17,321",2:10
Mon Jan 24 2022,8:00p,Indiana Pacers,113,New Orleans Pelicans,117,Box Score,,Box Score,,"15,581",2:27
Mon Jan 24 2022,8:00p,Chicago Bulls,111,Oklahoma City Thunder,110,Box Score,,Box Score,,"14,378",2:17
Mon Jan 24 2022,9:00p,Utah Jazz,109,Phoenix Suns,115,Box Score,,Box Score,,"17,071",2:02
Tue Jan 25 2022,7:00p,Denver Nuggets,110,Detroit Pistons,105,Box Score,,Box Score,,"16,023",2:19
Tue Jan 25 2022,7:00p,New Orleans Pelicans,107,Philadelphia 76ers,117,Box Score,,Box Score,,"20,121",2:12
Tue Jan 25 2022,7:00p,Charlotte Hornets,113,Toronto Raptors,125,Box Score,,Box Score,,0,2:15
Tue Jan 25 2022,7:00p,Los Angeles Clippers,116,Washington Wizards,115,Box Score,,Box Score,,"13,544",2:30
Tue Jan 25 2022,7:30p,Sacramento Kings,75,Boston Celtics,128,Box Score,,Box Score,,"19,156",1:55
Tue Jan 25 2022,7:30p,Los Angeles Lakers,106,Brooklyn Nets,96,Box Score,,Box Score,,"18,126",2:12
Tue Jan 25 2022,8:00p,San Antonio Spurs,134,Houston Rockets,104,Box Score,,Box Score,,"15,007",2:03
Tue Jan 25 2022,10:00p,Dallas Mavericks,92,Golden State Warriors,130,Box Score,,Box Score,,"18,064",2:15
Tue Jan 25 2022,10:00p,Minnesota Timberwolves,109,Portland Trail Blazers,107,Box Score,,Box Score,,"16,422",2:21
Wed Jan 26 2022,7:00p,Milwaukee Bucks,99,Cleveland Cavaliers,115,Box Score,,Box Score,,"18,904",2:08
Wed Jan 26 2022,7:00p,Charlotte Hornets,158,Indiana Pacers,126,Box Score,,Box Score,,"14,116",2:24
Wed Jan 26 2022,7:00p,Los Angeles Clippers,111,Orlando Magic,102,Box Score,,Box Score,,"12,448",2:17
Wed Jan 26 2022,7:30p,Sacramento Kings,104,Atlanta Hawks,121,Box Score,,Box Score,,"15,080",2:03
Wed Jan 26 2022,7:30p,New York Knicks,96,Miami Heat,110,Box Score,,Box Score,,"19,600",2:15
Wed Jan 26 2022,8:00p,Denver Nuggets,124,Brooklyn Nets,118,Box Score,,Box Score,,"18,011",2:17
Wed Jan 26 2022,8:00p,Toronto Raptors,105,Chicago Bulls,111,Box Score,,Box Score,,"20,269",2:16
Wed Jan 26 2022,8:30p,Memphis Grizzlies,118,San Antonio Spurs,110,Box Score,,Box Score,,"14,662",2:15
Wed Jan 26 2022,10:00p,Dallas Mavericks,132,Portland Trail Blazers,112,Box Score,,Box Score,,"16,334",2:14
Wed Jan 26 2022,10:00p,Phoenix Suns,105,Utah Jazz,97,Box Score,,Box Score,,"18,306",2:25
Thu Jan 27 2022,7:30p,Los Angeles Lakers,87,Philadelphia 76ers,105,Box Score,,Box Score,,"20,953",2:11
Thu Jan 27 2022,10:00p,Minnesota Timberwolves,115,Golden State Warriors,124,Box Score,,Box Score,,"18,064",2:20
Fri Jan 28 2022,7:00p,Detroit Pistons,103,Orlando Magic,119,Box Score,,Box Score,,"13,156",2:16
Fri Jan 28 2022,7:30p,Boston Celtics,92,Atlanta Hawks,108,Box Score,,Box Score,,"16,932",2:13
Fri Jan 28 2022,7:30p,Los Angeles Lakers,114,Charlotte Hornets,117,Box Score,,Box Score,,"19,469",2:36
Fri Jan 28 2022,8:00p,Portland Trail Blazers,125,Houston Rockets,110,Box Score,,Box Score,,"16,100",2:14
Fri Jan 28 2022,8:00p,Utah Jazz,109,Memphis Grizzlies,119,Box Score,,Box Score,,"16,916",2:09
Fri Jan 28 2022,8:00p,Los Angeles Clippers,114,Miami Heat,121,Box Score,,Box Score,,"19,600",2:22
Fri Jan 28 2022,8:00p,Denver Nuggets,116,New Orleans Pelicans,105,Box Score,,Box Score,,"15,254",2:14
Fri Jan 28 2022,8:00p,Indiana Pacers,113,Oklahoma City Thunder,110,Box Score,,Box Score,OT,"15,106",2:32
Fri Jan 28 2022,8:30p,Chicago Bulls,122,San Antonio Spurs,131,Box Score,,Box Score,,"18,354",2:07
Fri Jan 28 2022,9:00p,Minnesota Timberwolves,124,Phoenix Suns,134,Box Score,,Box Score,,"17,071",2:23
Fri Jan 28 2022,10:00p,New York Knicks,108,Milwaukee Bucks,123,Box Score,,Box Score,,"17,341",2:26
Sat Jan 29 2022,7:00p,Indiana Pacers,105,Dallas Mavericks,132,Box Score,,Box Score,,"19,831",2:06
Sat Jan 29 2022,7:00p,Boston Celtics,107,New Orleans Pelicans,97,Box Score,,Box Score,,"16,168",2:06
Sat Jan 29 2022,7:30p,Sacramento Kings,101,Philadelphia 76ers,103,Box Score,,Box Score,,"20,380",2:10
Sat Jan 29 2022,8:00p,Washington Wizards,95,Memphis Grizzlies,115,Box Score,,Box Score,,"17,135",2:03
Sat Jan 29 2022,8:00p,Toronto Raptors,124,Miami Heat,120,Box Score,,Box Score,3OT,"19,600",3:00
Sat Jan 29 2022,8:30p,Brooklyn Nets,106,Golden State Warriors,110,Box Score,,Box Score,,"18,064",2:30
Sun Jan 30 2022,1:00p,Los Angeles Lakers,121,Atlanta Hawks,129,Box Score,,Box Score,,"17,391",2:13
Sun Jan 30 2022,1:00p,Los Angeles Clippers,115,Charlotte Hornets,90,Box Score,,Box Score,,"18,674",2:14
Sun Jan 30 2022,3:30p,Portland Trail Blazers,116,Chicago Bulls,130,Box Score,,Box Score,,"19,521",1:58
Sun Jan 30 2022,6:00p,Cleveland Cavaliers,105,Detroit Pistons,115,Box Score,,Box Score,,"16,811",2:11
Sun Jan 30 2022,7:00p,Denver Nuggets,136,Milwaukee Bucks,100,Box Score,,Box Score,,"17,341",2:00
Sun Jan 30 2022,7:00p,Dallas Mavericks,108,Orlando Magic,110,Box Score,,Box Score,,"13,376",2:07
Sun Jan 30 2022,8:00p,Utah Jazz,106,Minnesota Timberwolves,126,Box Score,,Box Score,,"10,407",2:10
Sun Jan 30 2022,8:00p,San Antonio Spurs,110,Phoenix Suns,115,Box Score,,Box Score,,"17,071",1:58
Mon Jan 31 2022,7:00p,New Orleans Pelicans,90,Cleveland Cavaliers,93,Box Score,,Box Score,,"17,637",2:11
Mon Jan 31 2022,7:00p,Los Angeles Clippers,116,Indiana Pacers,122,Box Score,,Box Score,,"14,629",2:04
Mon Jan 31 2022,7:00p,Memphis Grizzlies,119,Philadelphia 76ers,122,Box Score,,Box Score,OT,"20,424",2:26
Mon Jan 31 2022,7:30p,Toronto Raptors,106,Atlanta Hawks,100,Box Score,,Box Score,,"14,168",2:04
Mon Jan 31 2022,7:30p,Miami Heat,92,Boston Celtics,122,Box Score,,Box Score,,"19,156",2:04
Mon Jan 31 2022,7:30p,Sacramento Kings,96,New York Knicks,116,Box Score,,Box Score,,"15,925",2:11
Mon Jan 31 2022,8:00p,Golden State Warriors,122,Houston Rockets,108,Box Score,,Box Score,,"16,146",2:25
Mon Jan 31 2022,8:00p,Portland Trail Blazers,81,Oklahoma City Thunder,98,Box Score,,Box Score,,"13,812",2:01
Tue Feb 01 2022,7:00p,New Orleans Pelicans,111,Detroit Pistons,101,Box Score,,Box Score,,"15,499",2:20
Tue Feb 01 2022,7:30p,Washington Wizards,98,Milwaukee Bucks,112,Box Score,,Box Score,,"17,341",2:18
Tue Feb 01 2022,7:30p,Miami Heat,106,Toronto Raptors,110,Box Score,,Box Score,,,2:16
Tue Feb 01 2022,8:00p,Orlando Magic,115,Chicago Bulls,126,Box Score,,Box Score,,"20,217",2:06
Tue Feb 01 2022,8:00p,Denver Nuggets,115,Minnesota Timberwolves,130,Box Score,,Box Score,,"15,839",2:08
Tue Feb 01 2022,8:30p,Golden State Warriors,124,San Antonio Spurs,120,Box Score,,Box Score,,"17,070",2:15
Tue Feb 01 2022,10:00p,Brooklyn Nets,111,Phoenix Suns,121,Box Score,,Box Score,,"17,071",2:22
Wed Feb 02 2022,7:00p,Orlando Magic,119,Indiana Pacers,118,Box Score,,Box Score,,"14,528",2:24
Wed Feb 02 2022,7:00p,Washington Wizards,106,Philadelphia 76ers,103,Box Score,,Box Score,,"20,089",2:11
Wed Feb 02 2022,7:30p,Charlotte Hornets,107,Boston Celtics,113,Box Score,,Box Score,,"19,156",2:13
Wed Feb 02 2022,7:30p,Memphis Grizzlies,120,New York Knicks,108,Box Score,,Box Score,,"19,812",2:25
Wed Feb 02 2022,8:00p,Cleveland Cavaliers,104,Houston Rockets,115,Box Score,,Box Score,,"14,163",2:20
Wed Feb 02 2022,8:30p,Oklahoma City Thunder,120,Dallas Mavericks,114,Box Score,,Box Score,OT,"19,200",2:21
Wed Feb 02 2022,10:00p,Brooklyn Nets,101,Sacramento Kings,112,Box Score,,Box Score,,"13,153",2:00
Wed Feb 02 2022,10:00p,Denver Nuggets,104,Utah Jazz,108,Box Score,,Box Score,,"18,306",2:16
Wed Feb 02 2022,10:30p,Portland Trail Blazers,94,Los Angeles Lakers,99,Box Score,,Box Score,,"17,259",2:19
Thu Feb 03 2022,7:00p,Minnesota Timberwolves,128,Detroit Pistons,117,Box Score,,Box Score,,"15,523",2:15
Thu Feb 03 2022,7:00p,Miami Heat,112,San Antonio Spurs,95,Box Score,,Box Score,,"14,971",2:09
Thu Feb 03 2022,7:30p,Phoenix Suns,115,Atlanta Hawks,124,Box Score,,Box Score,,"16,958",2:16
Thu Feb 03 2022,7:30p,Chicago Bulls,120,Toronto Raptors,127,Box Score,,Box Score,OT,,2:22
Thu Feb 03 2022,10:00p,Sacramento Kings,114,Golden State Warriors,126,Box Score,,Box Score,,"18,064",2:09
Thu Feb 03 2022,10:00p,Los Angeles Lakers,110,Los Angeles Clippers,111,Box Score,,Box Score,,"19,068",2:21
Fri Feb 04 2022,7:00p,Cleveland Cavaliers,102,Charlotte Hornets,101,Box Score,,Box Score,,"17,733",2:16
Fri Feb 04 2022,7:00p,Boston Celtics,102,Detroit Pistons,93,Box Score,,Box Score,,"17,584",2:09
Fri Feb 04 2022,7:00p,Chicago Bulls,122,Indiana Pacers,115,Box Score,,Box Score,,"16,355",2:13
Fri Feb 04 2022,7:30p,Atlanta Hawks,114,Toronto Raptors,125,Box Score,,Box Score,,,2:01
Fri Feb 04 2022,8:30p,Houston Rockets,106,San Antonio Spurs,131,Box Score,,Box Score,,"15,344",2:08
Fri Feb 04 2022,9:00p,New Orleans Pelicans,113,Denver Nuggets,105,Box Score,,Box Score,,"16,152",2:07
Fri Feb 04 2022,9:00p,Brooklyn Nets,102,Utah Jazz,125,Box Score,,Box Score,,"18,306",1:56
Fri Feb 04 2022,10:00p,Philadelphia 76ers,98,Dallas Mavericks,107,Box Score,,Box Score,,"19,200",2:59
Fri Feb 04 2022,10:00p,Oklahoma City Thunder,96,Portland Trail Blazers,93,Box Score,,Box Score,,"15,329",2:12
Sat Feb 05 2022,5:00p,Memphis Grizzlies,135,Orlando Magic,115,Box Score,,Box Score,,"18,846",2:10
Sat Feb 05 2022,7:00p,Miami Heat,104,Charlotte Hornets,86,Box Score,,Box Score,,"19,420",2:00
Sat Feb 05 2022,7:00p,Phoenix Suns,95,Washington Wizards,80,Box Score,,Box Score,,"18,058",2:02
Sat Feb 05 2022,8:30p,New York Knicks,115,Los Angeles Lakers,122,Box Score,,Box Score,OT,"18,997",2:49
Sat Feb 05 2022,10:00p,Milwaukee Bucks,137,Portland Trail Blazers,108,Box Score,,Box Score,,"19,393",2:08
Sat Feb 05 2022,10:00p,Oklahoma City Thunder,103,Sacramento Kings,113,Box Score,,Box Score,,"14,097",2:05
Sun Feb 06 2022,3:30p,Philadelphia 76ers,119,Chicago Bulls,108,Box Score,,Box Score,,"20,233",2:14
Sun Feb 06 2022,3:30p,Brooklyn Nets,104,Denver Nuggets,124,Box Score,,Box Score,,"18,241",2:07
Sun Feb 06 2022,3:30p,Detroit Pistons,105,Minnesota Timberwolves,118,Box Score,,Box Score,,"16,487",2:09
Sun Feb 06 2022,6:00p,Indiana Pacers,85,Cleveland Cavaliers,98,Box Score,,Box Score,,"19,432",2:20
Sun Feb 06 2022,6:00p,Atlanta Hawks,94,Dallas Mavericks,103,Box Score,,Box Score,,"19,887",2:14
Sun Feb 06 2022,6:00p,Boston Celtics,116,Orlando Magic,83,Box Score,,Box Score,,"14,402",2:05
Sun Feb 06 2022,7:00p,New Orleans Pelicans,120,Houston Rockets,107,Box Score,,Box Score,,"15,702",2:11
Sun Feb 06 2022,9:00p,Milwaukee Bucks,137,Los Angeles Clippers,113,Box Score,,Box Score,,"17,395",2:08
Mon Feb 07 2022,7:00p,Toronto Raptors,116,Charlotte Hornets,101,Box Score,,Box Score,,"14,102",2:09
Mon Feb 07 2022,7:00p,Miami Heat,121,Washington Wizards,100,Box Score,,Box Score,,"14,222",2:12
Mon Feb 07 2022,8:00p,Phoenix Suns,127,Chicago Bulls,124,Box Score,,Box Score,,"20,615",2:10
Mon Feb 07 2022,8:00p,Golden State Warriors,110,Oklahoma City Thunder,98,Box Score,,Box Score,,"17,009",2:08
Mon Feb 07 2022,9:00p,New York Knicks,104,Utah Jazz,113,Box Score,,Box Score,,"18,306",2:23
Tue Feb 08 2022,7:00p,Phoenix Suns,114,Philadelphia 76ers,109,Box Score,,Box Score,,"20,720",2:12
Tue Feb 08 2022,7:30p,Indiana Pacers,112,Atlanta Hawks,133,Box Score,,Box Score,,"14,265",2:07
Tue Feb 08 2022,7:30p,Boston Celtics,126,Brooklyn Nets,91,Box Score,,Box Score,,"17,732",2:06
Tue Feb 08 2022,8:00p,Los Angeles Clippers,109,Memphis Grizzlies,135,Box Score,,Box Score,,"16,101",2:10
Tue Feb 08 2022,8:00p,Houston Rockets,97,New Orleans Pelicans,110,Box Score,,Box Score,,"15,121",2:15
Tue Feb 08 2022,8:30p,Detroit Pistons,86,Dallas Mavericks,116,Box Score,,Box Score,,"19,200",2:07
Tue Feb 08 2022,9:00p,New York Knicks,115,Denver Nuggets,132,Box Score,,Box Score,,"15,093",2:08
Tue Feb 08 2022,10:00p,Milwaukee Bucks,131,Los Angeles Lakers,116,Box Score,,Box Score,,"18,997",2:25
Tue Feb 08 2022,10:00p,Orlando Magic,113,Portland Trail Blazers,95,Box Score,,Box Score,,"16,024",1:57
Tue Feb 08 2022,10:00p,Minnesota Timberwolves,134,Sacramento Kings,114,Box Score,,Box Score,,"12,409",2:07
Wed Feb 09 2022,7:00p,San Antonio Spurs,92,Cleveland Cavaliers,105,Box Score,,Box Score,,"19,432",2:01
Wed Feb 09 2022,7:30p,Chicago Bulls,121,Charlotte Hornets,109,Box Score,,Box Score,,"19,099",2:12
Wed Feb 09 2022,8:00p,Toronto Raptors,117,Oklahoma City Thunder,98,Box Score,,Box Score,,"13,858",1:57
Wed Feb 09 2022,10:00p,Los Angeles Lakers,105,Portland Trail Blazers,107,Box Score,,Box Score,,"19,393",2:06
Wed Feb 09 2022,10:00p,Minnesota Timberwolves,119,Sacramento Kings,132,Box Score,,Box Score,,"12,527",2:19
Wed Feb 09 2022,10:00p,Golden State Warriors,85,Utah Jazz,111,Box Score,,Box Score,,"18,306",2:16
Thu Feb 10 2022,7:00p,Memphis Grizzlies,132,Detroit Pistons,107,Box Score,,Box Score,,"18,744",2:16
Thu Feb 10 2022,7:30p,Miami Heat,112,New Orleans Pelicans,97,Box Score,,Box Score,,"16,672",2:08
Thu Feb 10 2022,7:30p,Brooklyn Nets,112,Washington Wizards,113,Box Score,,Box Score,,"15,204",2:21
Thu Feb 10 2022,8:00p,Toronto Raptors,139,Houston Rockets,120,Box Score,,Box Score,,"16,129",2:17
Thu Feb 10 2022,8:30p,Los Angeles Clippers,105,Dallas Mavericks,112,Box Score,,Box Score,,"19,532",2:22
Thu Feb 10 2022,10:00p,New York Knicks,116,Golden State Warriors,114,Box Score,,Box Score,,"18,064",2:20
Thu Feb 10 2022,10:00p,Milwaukee Bucks,107,Phoenix Suns,131,Box Score,,Box Score,,"17,071",2:18
Fri Feb 11 2022,7:00p,Charlotte Hornets,141,Detroit Pistons,119,Box Score,,Box Score,,"20,088",2:08
Fri Feb 11 2022,7:00p,Cleveland Cavaliers,120,Indiana Pacers,113,Box Score,,Box Score,,"15,075",2:17
Fri Feb 11 2022,7:00p,Oklahoma City Thunder,87,Philadelphia 76ers,100,Box Score,,Box Score,,"20,669",2:05
Fri Feb 11 2022,7:30p,San Antonio Spurs,136,Atlanta Hawks,121,Box Score,,Box Score,,"17,234",2:09
Fri Feb 11 2022,7:30p,Denver Nuggets,102,Boston Celtics,108,Box Score,,Box Score,,"19,156",2:17
Fri Feb 11 2022,8:00p,Minnesota Timberwolves,122,Chicago Bulls,134,Box Score,,Box Score,,"20,092",2:05
Fri Feb 11 2022,9:00p,Orlando Magic,99,Utah Jazz,114,Box Score,,Box Score,,"18,306",2:07
Sat Feb 12 2022,5:00p,New York Knicks,103,Portland Trail Blazers,112,Box Score,,Box Score,,"18,521",2:16
Sat Feb 12 2022,7:00p,Memphis Grizzlies,125,Charlotte Hornets,118,Box Score,,Box Score,,"19,454",2:33
Sat Feb 12 2022,7:00p,San Antonio Spurs,124,New Orleans Pelicans,114,Box Score,,Box Score,,"16,615",2:07
Sat Feb 12 2022,7:00p,Sacramento Kings,123,Washington Wizards,110,Box Score,,Box Score,,"14,169",2:08
Sat Feb 12 2022,7:30p,Cleveland Cavaliers,93,Philadelphia 76ers,103,Box Score,,Box Score,,"21,057",2:08
Sat Feb 12 2022,7:30p,Denver Nuggets,110,Toronto Raptors,109,Box Score,,Box Score,,0,2:08
Sat Feb 12 2022,8:00p,Oklahoma City Thunder,101,Chicago Bulls,106,Box Score,,Box Score,,"20,072",2:15
Sat Feb 12 2022,8:00p,Brooklyn Nets,111,Miami Heat,115,Box Score,,Box Score,,"19,600",2:17
Sat Feb 12 2022,8:30p,Los Angeles Clippers,99,Dallas Mavericks,97,Box Score,,Box Score,,"20,028",2:16
Sat Feb 12 2022,8:30p,Los Angeles Lakers,115,Golden State Warriors,117,Box Score,,Box Score,,"18,064",2:31
Sat Feb 12 2022,9:00p,Orlando Magic,105,Phoenix Suns,132,Box Score,,Box Score,,"17,071",1:57
Sun Feb 13 2022,2:00p,Atlanta Hawks,95,Boston Celtics,105,Box Score,,Box Score,,"19,156",2:15
Sun Feb 13 2022,3:00p,Minnesota Timberwolves,129,Indiana Pacers,120,Box Score,,Box Score,,"13,532",2:14
Mon Feb 14 2022,7:00p,Detroit Pistons,94,Washington Wizards,103,Box Score,,Box Score,,"10,793",2:11
Mon Feb 14 2022,7:30p,Sacramento Kings,85,Brooklyn Nets,109,Box Score,,Box Score,,"16,873",2:10
Mon Feb 14 2022,7:30p,Oklahoma City Thunder,127,New York Knicks,123,Box Score,,Box Score,OT,"18,433",2:31
Mon Feb 14 2022,8:00p,San Antonio Spurs,109,Chicago Bulls,120,Box Score,,Box Score,,"21,153",2:07
Mon Feb 14 2022,8:00p,Portland Trail Blazers,122,Milwaukee Bucks,107,Box Score,,Box Score,,"17,341",2:06
Mon Feb 14 2022,8:00p,Toronto Raptors,90,New Orleans Pelicans,120,Box Score,,Box Score,,"15,319",2:04
Mon Feb 14 2022,9:00p,Orlando Magic,111,Denver Nuggets,121,Box Score,,Box Score,,"15,025",2:18
Mon Feb 14 2022,9:00p,Houston Rockets,101,Utah Jazz,135,Box Score,,Box Score,,"18,306",2:12
Mon Feb 14 2022,10:30p,Golden State Warriors,104,Los Angeles Clippers,119,Box Score,,Box Score,,"19,068",2:05
Tue Feb 15 2022,7:30p,Cleveland Cavaliers,116,Atlanta Hawks,124,Box Score,,Box Score,,"15,947",2:12
Tue Feb 15 2022,7:30p,Dallas Mavericks,107,Miami Heat,99,Box Score,,Box Score,,"19,600",2:22
Tue Feb 15 2022,7:30p,Boston Celtics,135,Philadelphia 76ers,87,Box Score,,Box Score,,"20,960",2:20
Tue Feb 15 2022,8:00p,Indiana Pacers,119,Milwaukee Bucks,128,Box Score,,Box Score,,"17,341",
Tue Feb 15 2022,8:00p,Charlotte Hornets,120,Minnesota Timberwolves,126,Box Score,,Box Score,OT,"17,136",2:48
Tue Feb 15 2022,8:00p,Memphis Grizzlies,121,New Orleans Pelicans,109,Box Score,,Box Score,,"15,901",2:12
Tue Feb 15 2022,10:00p,Los Angeles Clippers,96,Phoenix Suns,103,Box Score,,Box Score,,"17,071",2:08
Wed Feb 16 2022,7:00p,Atlanta Hawks,130,Orlando Magic,109,Box Score,,Box Score,,"14,398",2:01
Wed Feb 16 2022,7:30p,Detroit Pistons,112,Boston Celtics,111,Box Score,,Box Score,,"19,156",2:10
Wed Feb 16 2022,7:30p,Washington Wizards,108,Indiana Pacers,113,Box Score,,Box Score,,"14,540",2:16
Wed Feb 16 2022,7:30p,Brooklyn Nets,111,New York Knicks,106,Box Score,,Box Score,,"18,916",2:28
Wed Feb 16 2022,8:00p,Sacramento Kings,118,Chicago Bulls,125,Box Score,,Box Score,,"19,166",2:11
Wed Feb 16 2022,8:00p,Portland Trail Blazers,123,Memphis Grizzlies,119,Box Score,,Box Score,,"16,834",2:29
Wed Feb 16 2022,8:00p,Toronto Raptors,103,Minnesota Timberwolves,91,Box Score,,Box Score,,"15,982",2:18
Wed Feb 16 2022,8:00p,San Antonio Spurs,114,Oklahoma City Thunder,106,Box Score,,Box Score,,"14,920",2:14
Wed Feb 16 2022,9:00p,Houston Rockets,121,Phoenix Suns,124,Box Score,,Box Score,,"17,071",2:28
Wed Feb 16 2022,10:00p,Denver Nuggets,117,Golden State Warriors,116,Box Score,,Box Score,,"18,064",2:24
Wed Feb 16 2022,10:00p,Utah Jazz,101,Los Angeles Lakers,106,Box Score,,Box Score,,"17,787",2:27
Thu Feb 17 2022,7:00p,Miami Heat,111,Charlotte Hornets,107,Box Score,,Box Score,2OT,"17,029",2:52
Thu Feb 17 2022,7:30p,Washington Wizards,117,Brooklyn Nets,103,Box Score,,Box Score,,"17,477",2:10
Thu Feb 17 2022,8:00p,Dallas Mavericks,125,New Orleans Pelicans,118,Box Score,,Box Score,,"15,906",2:07
Thu Feb 17 2022,8:30p,Philadelphia 76ers,123,Milwaukee Bucks,120,Box Score,,Box Score,,"17,341",2:28
Thu Feb 17 2022,10:30p,Houston Rockets,111,Los Angeles Clippers,142,Box Score,,Box Score,,"17,519",2:11
Thu Feb 24 2022,7:00p,Cleveland Cavaliers,103,Detroit Pistons,106,Box Score,,Box Score,,"15,622",2:18
Thu Feb 24 2022,7:30p,Boston Celtics,129,Brooklyn Nets,106,Box Score,,Box Score,,"17,986",2:13
Thu Feb 24 2022,8:00p,Atlanta Hawks,108,Chicago Bulls,112,Box Score,,Box Score,,"21,236",2:22
Thu Feb 24 2022,8:00p,Memphis Grizzlies,114,Minnesota Timberwolves,119,Box Score,,Box Score,,"16,326",2:24
Thu Feb 24 2022,8:00p,Phoenix Suns,124,Oklahoma City Thunder,104,Box Score,,Box Score,,"14,176",1:58
Thu Feb 24 2022,10:00p,Golden State Warriors,132,Portland Trail Blazers,95,Box Score,,Box Score,,"20,098",2:22
Thu Feb 24 2022,10:00p,Denver Nuggets,128,Sacramento Kings,110,Box Score,,Box Score,,"15,855",2:10
Fri Feb 25 2022,7:00p,Toronto Raptors,93,Charlotte Hornets,125,Box Score,,Box Score,,"17,577",1:59
Fri Feb 25 2022,7:00p,Oklahoma City Thunder,129,Indiana Pacers,125,Box Score,,Box Score,OT,"15,182",2:26
Fri Feb 25 2022,7:00p,Houston Rockets,111,Orlando Magic,119,Box Score,,Box Score,,"16,631",2:17
Fri Feb 25 2022,7:00p,San Antonio Spurs,157,Washington Wizards,153,Box Score,,Box Score,2OT,"15,302",2:56
Fri Feb 25 2022,7:30p,Miami Heat,115,New York Knicks,100,Box Score,,Box Score,,"19,812",2:28
Fri Feb 25 2022,8:00p,Philadelphia 76ers,133,Minnesota Timberwolves,102,Box Score,,Box Score,,"16,684",2:18
Fri Feb 25 2022,9:00p,New Orleans Pelicans,117,Phoenix Suns,102,Box Score,,Box Score,,"17,071",2:13
Fri Feb 25 2022,9:00p,Dallas Mavericks,109,Utah Jazz,114,Box Score,,Box Score,,"18,306",2:07
Fri Feb 25 2022,10:00p,Los Angeles Clippers,105,Los Angeles Lakers,102,Box Score,,Box Score,,"18,997",2:33
Sat Feb 26 2022,12:00p,Boston Celtics,113,Detroit Pistons,104,Box Score,,Box Score,,"19,122",2:20
Sat Feb 26 2022,7:30p,Toronto Raptors,100,Atlanta Hawks,127,Box Score,,Box Score,,"17,870",2:09
Sat Feb 26 2022,8:00p,Memphis Grizzlies,116,Chicago Bulls,110,Box Score,,Box Score,,"21,959",2:19
Sat Feb 26 2022,8:00p,Washington Wizards,86,Cleveland Cavaliers,92,Box Score,,Box Score,,"19,432",2:10
Sat Feb 26 2022,8:00p,San Antonio Spurs,129,Miami Heat,133,Box Score,,Box Score,,"19,677",2:20
Sat Feb 26 2022,8:30p,Brooklyn Nets,126,Milwaukee Bucks,123,Box Score,,Box Score,,"17,341",2:42
Sat Feb 26 2022,9:00p,Sacramento Kings,110,Denver Nuggets,115,Box Score,,Box Score,,"19,520",2:27
Sun Feb 27 2022,1:00p,Philadelphia 76ers,125,New York Knicks,109,Box Score,,Box Score,,"19,812",2:29
Sun Feb 27 2022,3:30p,Utah Jazz,118,Phoenix Suns,114,Box Score,,Box Score,,"17,071",2:18
Sun Feb 27 2022,5:00p,Boston Celtics,107,Indiana Pacers,128,Box Score,,Box Score,,"16,872",2:12
Sun Feb 27 2022,7:00p,Detroit Pistons,127,Charlotte Hornets,126,Box Score,,Box Score,OT,"15,348",2:42
Sun Feb 27 2022,7:00p,Los Angeles Clippers,99,Houston Rockets,98,Box Score,,Box Score,,"14,324",2:22
Sun Feb 27 2022,7:30p,Dallas Mavericks,107,Golden State Warriors,101,Box Score,,Box Score,,"18,064",2:22
Sun Feb 27 2022,9:00p,Denver Nuggets,124,Portland Trail Blazers,92,Box Score,,Box Score,,"17,771",2:13
Sun Feb 27 2022,10:00p,New Orleans Pelicans,123,Los Angeles Lakers,95,Box Score,,Box Score,,"17,536",2:16
Mon Feb 28 2022,7:00p,Minnesota Timberwolves,127,Cleveland Cavaliers,122,Box Score,,Box Score,,"18,421",2:34
Mon Feb 28 2022,7:00p,Indiana Pacers,103,Orlando Magic,119,Box Score,,Box Score,,"13,014",2:17
Mon Feb 28 2022,7:30p,Toronto Raptors,133,Brooklyn Nets,97,Box Score,,Box Score,,"17,112",2:08
Mon Feb 28 2022,7:30p,Chicago Bulls,99,Miami Heat,112,Box Score,,Box Score,,"19,683",2:10
Mon Feb 28 2022,8:00p,San Antonio Spurs,105,Memphis Grizzlies,118,Box Score,,Box Score,,"16,812",2:08
Mon Feb 28 2022,8:00p,Charlotte Hornets,106,Milwaukee Bucks,130,Box Score,,Box Score,,"17,341",2:25
Mon Feb 28 2022,8:00p,Sacramento Kings,131,Oklahoma City Thunder,110,Box Score,,Box Score,,"13,945",2:10
Tue Mar 01 2022,7:00p,Detroit Pistons,113,Washington Wizards,116,Box Score,,Box Score,,"12,122",2:18
Tue Mar 01 2022,7:30p,Atlanta Hawks,98,Boston Celtics,107,Box Score,,Box Score,,"19,156",2:19
Tue Mar 01 2022,7:30p,Brooklyn Nets,108,Toronto Raptors,109,Box Score,,Box Score,,"18,903",2:14
Tue Mar 01 2022,8:00p,Los Angeles Clippers,113,Houston Rockets,100,Box Score,,Box Score,,"12,949",2:07
Tue Mar 01 2022,8:00p,Golden State Warriors,114,Minnesota Timberwolves,129,Box Score,,Box Score,,"17,136",2:17
Tue Mar 01 2022,10:00p,Dallas Mavericks,109,Los Angeles Lakers,104,Box Score,,Box Score,,"17,857",2:20
Wed Mar 02 2022,7:00p,Charlotte Hornets,119,Cleveland Cavaliers,98,Box Score,,Box Score,,"19,019",2:10
Wed Mar 02 2022,7:00p,Indiana Pacers,122,Orlando Magic,114,Box Score,,Box Score,OT,"11,221",2:33
Wed Mar 02 2022,7:30p,New York Knicks,108,Philadelphia 76ers,123,Box Score,,Box Score,,"21,333",2:22
Wed Mar 02 2022,8:00p,Utah Jazz,132,Houston Rockets,127,Box Score,,Box Score,OT,"13,583",2:38
Wed Mar 02 2022,8:00p,Miami Heat,119,Milwaukee Bucks,120,Box Score,,Box Score,,"17,341",2:15
Wed Mar 02 2022,8:00p,Sacramento Kings,95,New Orleans Pelicans,125,Box Score,,Box Score,,"15,490",2:06
Wed Mar 02 2022,9:00p,Oklahoma City Thunder,119,Denver Nuggets,107,Box Score,,Box Score,,"15,167",2:03
Wed Mar 02 2022,10:00p,Portland Trail Blazers,90,Phoenix Suns,120,Box Score,,Box Score,,"17,071",2:13
Thu Mar 03 2022,7:00p,Chicago Bulls,124,Atlanta Hawks,130,Box Score,,Box Score,,"17,522",2:09
Thu Mar 03 2022,7:30p,Memphis Grizzlies,107,Boston Celtics,120,Box Score,,Box Score,,"19,156",2:11
Thu Mar 03 2022,7:30p,Miami Heat,113,Brooklyn Nets,107,Box Score,,Box Score,,"17,732",2:22
Thu Mar 03 2022,7:30p,Detroit Pistons,108,Toronto Raptors,106,Box Score,,Box Score,,"19,548",2:28
Thu Mar 03 2022,8:30p,Golden State Warriors,113,Dallas Mavericks,122,Box Score,,Box Score,,"20,229",2:11
Thu Mar 03 2022,8:30p,Sacramento Kings,115,San Antonio Spurs,112,Box Score,,Box Score,,"13,049",2:18
Thu Mar 03 2022,10:00p,Los Angeles Lakers,111,Los Angeles Clippers,132,Box Score,,Box Score,,"19,068",2:15
Fri Mar 04 2022,7:00p,Indiana Pacers,106,Detroit Pistons,111,Box Score,,Box Score,,"17,244",2:11
Fri Mar 04 2022,7:00p,Cleveland Cavaliers,119,Philadelphia 76ers,125,Box Score,,Box Score,,"21,391",2:15
Fri Mar 04 2022,7:00p,Atlanta Hawks,117,Washington Wizards,114,Box Score,,Box Score,,"15,927",2:18
Fri Mar 04 2022,7:30p,Milwaukee Bucks,118,Chicago Bulls,112,Box Score,,Box Score,,"21,259",2:31
Fri Mar 04 2022,7:30p,Orlando Magic,103,Toronto Raptors,97,Box Score,,Box Score,,"19,081",2:06
Fri Mar 04 2022,8:00p,Utah Jazz,90,New Orleans Pelicans,124,Box Score,,Box Score,,"16,178",2:07
Fri Mar 04 2022,8:00p,Minnesota Timberwolves,138,Oklahoma City Thunder,101,Box Score,,Box Score,,"15,180",2:06
Fri Mar 04 2022,9:00p,Houston Rockets,101,Denver Nuggets,116,Box Score,,Box Score,,"16,254",2:13
Fri Mar 04 2022,10:00p,New York Knicks,114,Phoenix Suns,115,Box Score,,Box Score,,"17,071",2:29
Sat Mar 05 2022,5:00p,Sacramento Kings,113,Dallas Mavericks,114,Box Score,,Box Score,,"20,060",2:22
Sat Mar 05 2022,7:00p,San Antonio Spurs,117,Charlotte Hornets,123,Box Score,,Box Score,,"18,941",2:09
Sat Mar 05 2022,8:00p,Orlando Magic,96,Memphis Grizzlies,124,Box Score,,Box Score,,"17,794",2:00
Sat Mar 05 2022,8:00p,Philadelphia 76ers,82,Miami Heat,99,Box Score,,Box Score,,"19,704",2:09
Sat Mar 05 2022,8:00p,Portland Trail Blazers,121,Minnesota Timberwolves,135,Box Score,,Box Score,,"17,136",2:22
Sat Mar 05 2022,8:30p,Golden State Warriors,116,Los Angeles Lakers,124,Box Score,,Box Score,,"18,997",2:24
Sun Mar 06 2022,1:00p,Brooklyn Nets,120,Boston Celtics,126,Box Score,,Box Score,,"19,156",2:23
Sun Mar 06 2022,3:30p,Phoenix Suns,122,Milwaukee Bucks,132,Box Score,,Box Score,,"17,495",2:19
Sun Mar 06 2022,6:00p,Indiana Pacers,123,Washington Wizards,133,Box Score,,Box Score,,"13,937",2:14
Sun Mar 06 2022,7:00p,Memphis Grizzlies,112,Houston Rockets,123,Box Score,,Box Score,,"18,055",2:22
Sun Mar 06 2022,7:00p,Utah Jazz,116,Oklahoma City Thunder,103,Box Score,,Box Score,,"15,079",2:06
Sun Mar 06 2022,7:30p,Toronto Raptors,96,Cleveland Cavaliers,104,Box Score,,Box Score,,"19,432",2:18
Sun Mar 06 2022,8:00p,New Orleans Pelicans,130,Denver Nuggets,138,Box Score,,Box Score,OT,"14,962",2:43
Sun Mar 06 2022,10:00p,New York Knicks,116,Los Angeles Clippers,93,Box Score,,Box Score,,"17,422",2:22
Mon Mar 07 2022,7:00p,Atlanta Hawks,110,Detroit Pistons,113,Box Score,,Box Score,OT,"14,942",2:39
Mon Mar 07 2022,7:00p,Chicago Bulls,106,Philadelphia 76ers,121,Box Score,,Box Score,,"20,381",2:24
Mon Mar 07 2022,7:30p,Houston Rockets,106,Miami Heat,123,Box Score,,Box Score,,"19,600",2:12
Mon Mar 07 2022,8:00p,Portland Trail Blazers,81,Minnesota Timberwolves,124,Box Score,,Box Score,,"16,035",2:26
Mon Mar 07 2022,8:30p,Utah Jazz,103,Dallas Mavericks,111,Box Score,,Box Score,,"20,077",2:12
Mon Mar 07 2022,8:30p,Los Angeles Lakers,110,San Antonio Spurs,117,Box Score,,Box Score,,"18,354",2:16
Mon Mar 07 2022,9:00p,Golden State Warriors,124,Denver Nuggets,131,Box Score,,Box Score,,"19,542",2:20
Mon Mar 07 2022,10:30p,New York Knicks,131,Sacramento Kings,115,Box Score,,Box Score,,"14,720",2:17
Tue Mar 08 2022,7:00p,Brooklyn Nets,132,Charlotte Hornets,121,Box Score,,Box Score,,"17,230",2:13
Tue Mar 08 2022,7:00p,Cleveland Cavaliers,127,Indiana Pacers,124,Box Score,,Box Score,,"14,066",2:17
Tue Mar 08 2022,7:00p,Phoenix Suns,102,Orlando Magic,99,Box Score,,Box Score,,"14,024",2:18
Tue Mar 08 2022,7:30p,New Orleans Pelicans,111,Memphis Grizzlies,132,Box Score,,Box Score,,"16,433",2:17
Tue Mar 08 2022,8:00p,Milwaukee Bucks,142,Oklahoma City Thunder,115,Box Score,,Box Score,,"15,743",2:08
Tue Mar 08 2022,10:00p,Los Angeles Clippers,97,Golden State Warriors,112,Box Score,,Box Score,,"18,064",2:14
Wed Mar 09 2022,7:00p,Boston Celtics,115,Charlotte Hornets,101,Box Score,,Box Score,,"18,086",2:07
Wed Mar 09 2022,7:00p,Chicago Bulls,114,Detroit Pistons,108,Box Score,,Box Score,,"18,022",2:10
Wed Mar 09 2022,7:30p,Phoenix Suns,111,Miami Heat,90,Box Score,,Box Score,,"19,600",2:05
Wed Mar 09 2022,8:00p,Los Angeles Lakers,130,Houston Rockets,139,Box Score,,Box Score,OT,"18,055",2:32
Wed Mar 09 2022,8:00p,Atlanta Hawks,115,Milwaukee Bucks,124,Box Score,,Box Score,,"17,341",2:06
Wed Mar 09 2022,8:00p,Oklahoma City Thunder,102,Minnesota Timberwolves,132,Box Score,,Box Score,,"16,191",2:06
Wed Mar 09 2022,8:00p,Orlando Magic,108,New Orleans Pelicans,102,Box Score,,Box Score,,"15,633",2:12
Wed Mar 09 2022,8:30p,New York Knicks,107,Dallas Mavericks,77,Box Score,,Box Score,,"20,182",2:15
Wed Mar 09 2022,8:30p,Toronto Raptors,119,San Antonio Spurs,104,Box Score,,Box Score,,"15,121",2:05
Wed Mar 09 2022,10:00p,Denver Nuggets,106,Sacramento Kings,100,Box Score,,Box Score,,"14,697",2:16
Wed Mar 09 2022,10:00p,Portland Trail Blazers,85,Utah Jazz,123,Box Score,,Box Score,,"18,306",2:13
Wed Mar 09 2022,10:30p,Washington Wizards,109,Los Angeles Clippers,115,Box Score,,Box Score,,"15,282",2:13
Thu Mar 10 2022,7:30p,Brooklyn Nets,129,Philadelphia 76ers,100,Box Score,,Box Score,,"21,408",2:18
Thu Mar 10 2022,10:00p,Golden State Warriors,113,Denver Nuggets,102,Box Score,,Box Score,,"19,520",2:26
Fri Mar 11 2022,7:00p,Minnesota Timberwolves,110,Orlando Magic,118,Box Score,,Box Score,,"14,557",2:07
Fri Mar 11 2022,7:30p,Los Angeles Clippers,106,Atlanta Hawks,112,Box Score,,Box Score,,"16,862",2:10
Fri Mar 11 2022,7:30p,Detroit Pistons,103,Boston Celtics,114,Box Score,,Box Score,,"19,156",2:15
Fri Mar 11 2022,8:00p,Dallas Mavericks,113,Houston Rockets,100,Box Score,,Box Score,,"15,060",2:13
Fri Mar 11 2022,8:00p,New York Knicks,114,Memphis Grizzlies,118,Box Score,,Box Score,,"17,188",2:35
Fri Mar 11 2022,8:00p,Cleveland Cavaliers,105,Miami Heat,117,Box Score,,Box Score,,"19,600",2:16
Fri Mar 11 2022,8:00p,Charlotte Hornets,142,New Orleans Pelicans,120,Box Score,,Box Score,,"16,838",2:09
Fri Mar 11 2022,8:30p,Utah Jazz,102,San Antonio Spurs,104,Box Score,,Box Score,,"15,753",2:30
Fri Mar 11 2022,9:00p,Toronto Raptors,117,Phoenix Suns,112,Box Score,,Box Score,,"17,071",2:14
Fri Mar 11 2022,10:30p,Washington Wizards,109,Los Angeles Lakers,122,Box Score,,Box Score,,"18,997",2:15
Sat Mar 12 2022,8:00p,Cleveland Cavaliers,91,Chicago Bulls,101,Box Score,,Box Score,,"21,727",2:08
Sat Mar 12 2022,8:00p,Minnesota Timberwolves,113,Miami Heat,104,Box Score,,Box Score,,"19,600",2:18
Sat Mar 12 2022,8:00p,Indiana Pacers,119,San Antonio Spurs,108,Box Score,,Box Score,,"14,605",2:12
Sat Mar 12 2022,8:30p,Milwaukee Bucks,109,Golden State Warriors,122,Box Score,,Box Score,,"18,064",2:15
Sat Mar 12 2022,9:00p,Toronto Raptors,127,Denver Nuggets,115,Box Score,,Box Score,,"18,659",2:08
Sat Mar 12 2022,9:00p,Sacramento Kings,125,Utah Jazz,134,Box Score,,Box Score,,"18,306",2:10
Sat Mar 12 2022,10:00p,Washington Wizards,118,Portland Trail Blazers,127,Box Score,,Box Score,,"17,524",2:08
Sun Mar 13 2022,1:00p,New York Knicks,107,Brooklyn Nets,110,Box Score,,Box Score,,"18,057",2:27
Sun Mar 13 2022,3:00p,Los Angeles Clippers,106,Detroit Pistons,102,Box Score,,Box Score,,"19,313",2:11
Sun Mar 13 2022,3:30p,Dallas Mavericks,95,Boston Celtics,92,Box Score,,Box Score,,"19,156",2:14
Sun Mar 13 2022,6:00p,Philadelphia 76ers,116,Orlando Magic,114,Box Score,,Box Score,OT,"14,444",2:40
Sun Mar 13 2022,7:00p,Indiana Pacers,128,Atlanta Hawks,131,Box Score,,Box Score,,"17,038",2:17
Sun Mar 13 2022,7:00p,Houston Rockets,105,New Orleans Pelicans,130,Box Score,,Box Score,,"15,683",2:09
Sun Mar 13 2022,7:00p,Memphis Grizzlies,125,Oklahoma City Thunder,118,Box Score,,Box Score,,"17,482",2:19
Sun Mar 13 2022,9:00p,Los Angeles Lakers,111,Phoenix Suns,140,Box Score,,Box Score,,"17,071",2:14
Mon Mar 14 2022,7:00p,Los Angeles Clippers,111,Cleveland Cavaliers,120,Box Score,,Box Score,OT,"18,742",2:30
Mon Mar 14 2022,7:30p,Portland Trail Blazers,113,Atlanta Hawks,122,Box Score,,Box Score,,"16,432",2:23
Mon Mar 14 2022,7:30p,Denver Nuggets,114,Philadelphia 76ers,110,Box Score,,Box Score,,"21,444",2:20
Mon Mar 14 2022,8:00p,Charlotte Hornets,134,Oklahoma City Thunder,116,Box Score,,Box Score,,"15,810",2:08
Mon Mar 14 2022,8:30p,Minnesota Timberwolves,149,San Antonio Spurs,139,Box Score,,Box Score,,"14,143",2:26
Mon Mar 14 2022,10:00p,Washington Wizards,112,Golden State Warriors,126,Box Score,,Box Score,,"18,064",2:10
Mon Mar 14 2022,10:00p,Chicago Bulls,103,Sacramento Kings,112,Box Score,,Box Score,,"15,943",2:14
Mon Mar 14 2022,10:00p,Milwaukee Bucks,117,Utah Jazz,111,Box Score,,Box Score,,"18,306",2:34
Mon Mar 14 2022,10:30p,Toronto Raptors,114,Los Angeles Lakers,103,Box Score,,Box Score,,"18,228",2:15
Tue Mar 15 2022,7:00p,Memphis Grizzlies,135,Indiana Pacers,102,Box Score,,Box Score,,"15,027",2:10
Tue Mar 15 2022,7:00p,Brooklyn Nets,150,Orlando Magic,108,Box Score,,Box Score,,"15,282",2:14
Tue Mar 15 2022,7:30p,Detroit Pistons,98,Miami Heat,105,Box Score,,Box Score,,"19,600",2:16
Tue Mar 15 2022,8:00p,Phoenix Suns,131,New Orleans Pelicans,115,Box Score,,Box Score,,"16,789",2:09
Wed Mar 16 2022,7:00p,Atlanta Hawks,106,Charlotte Hornets,116,Box Score,,Box Score,,"16,648",2:06
Wed Mar 16 2022,7:00p,Philadelphia 76ers,118,Cleveland Cavaliers,114,Box Score,,Box Score,,"19,432",2:19
Wed Mar 16 2022,7:00p,Denver Nuggets,127,Washington Wizards,109,Box Score,,Box Score,,"15,326",2:12
Wed Mar 16 2022,7:30p,Dallas Mavericks,113,Brooklyn Nets,111,Box Score,,Box Score,,"17,981",2:15
Wed Mar 16 2022,7:30p,Portland Trail Blazers,98,New York Knicks,128,Box Score,,Box Score,,"18,213",2:08
Wed Mar 16 2022,8:00p,Phoenix Suns,129,Houston Rockets,112,Box Score,,Box Score,,"18,055",2:03
Wed Mar 16 2022,8:00p,Los Angeles Lakers,104,Minnesota Timberwolves,124,Box Score,,Box Score,,"17,136",2:21
Wed Mar 16 2022,8:30p,Oklahoma City Thunder,120,San Antonio Spurs,122,Box Score,,Box Score,,"14,994",2:12
Wed Mar 16 2022,9:00p,Chicago Bulls,110,Utah Jazz,125,Box Score,,Box Score,,"18,306",2:12
Wed Mar 16 2022,10:00p,Boston Celtics,110,Golden State Warriors,88,Box Score,,Box Score,,"18,064",2:14
Wed Mar 16 2022,10:00p,Milwaukee Bucks,135,Sacramento Kings,126,Box Score,,Box Score,,"15,864",2:21
Wed Mar 16 2022,10:30p,Toronto Raptors,103,Los Angeles Clippers,100,Box Score,,Box Score,,"19,068",2:03
Thu Mar 17 2022,7:00p,Detroit Pistons,134,Orlando Magic,120,Box Score,,Box Score,,"14,369",2:14
Fri Mar 18 2022,7:00p,Dallas Mavericks,101,Philadelphia 76ers,111,Box Score,,Box Score,,"21,428",2:10
Fri Mar 18 2022,7:30p,Memphis Grizzlies,105,Atlanta Hawks,120,Box Score,,Box Score,,"18,062",2:14
Fri Mar 18 2022,7:30p,Portland Trail Blazers,123,Brooklyn Nets,128,Box Score,,Box Score,,"17,732",2:26
Fri Mar 18 2022,7:30p,Denver Nuggets,116,Cleveland Cavaliers,119,Box Score,,Box Score,OT,"19,432",2:34
Fri Mar 18 2022,7:30p,Washington Wizards,97,New York Knicks,100,Box Score,,Box Score,,"19,812",2:19
Fri Mar 18 2022,7:30p,Los Angeles Lakers,128,Toronto Raptors,123,Box Score,,Box Score,OT,"19,800",2:26
Fri Mar 18 2022,8:00p,Indiana Pacers,121,Houston Rockets,118,Box Score,,Box Score,,"13,748",2:15
Fri Mar 18 2022,8:00p,Oklahoma City Thunder,108,Miami Heat,120,Box Score,,Box Score,,"19,600",2:01
Fri Mar 18 2022,8:30p,New Orleans Pelicans,124,San Antonio Spurs,91,Box Score,,Box Score,,"18,354",2:03
Fri Mar 18 2022,9:00p,Los Angeles Clippers,92,Utah Jazz,121,Box Score,,Box Score,,"18,306",2:04
Fri Mar 18 2022,10:00p,Chicago Bulls,102,Phoenix Suns,129,Box Score,,Box Score,,"17,071",2:07
Fri Mar 18 2022,10:00p,Boston Celtics,126,Sacramento Kings,97,Box Score,,Box Score,,"15,313",2:04
Sat Mar 19 2022,5:00p,Milwaukee Bucks,119,Minnesota Timberwolves,138,Box Score,,Box Score,,"17,136",2:17
Sat Mar 19 2022,7:00p,Dallas Mavericks,108,Charlotte Hornets,129,Box Score,,Box Score,,"19,279",2:10
Sat Mar 19 2022,8:00p,Detroit Pistons,109,Cleveland Cavaliers,113,Box Score,,Box Score,,"19,432",2:10
Sat Mar 19 2022,8:00p,Los Angeles Lakers,119,Washington Wizards,127,Box Score,,Box Score,,"20,476",2:13
Sun Mar 20 2022,3:30p,Memphis Grizzlies,122,Houston Rockets,98,Box Score,,Box Score,,"18,055",2:13
Sun Mar 20 2022,3:30p,Portland Trail Blazers,98,Indiana Pacers,129,Box Score,,Box Score,,"16,067",2:07
Sun Mar 20 2022,6:00p,New Orleans Pelicans,117,Atlanta Hawks,112,Box Score,,Box Score,,"17,123",2:09
Sun Mar 20 2022,6:00p,Oklahoma City Thunder,85,Orlando Magic,90,Box Score,,Box Score,,"15,012",2:09
Sun Mar 20 2022,6:00p,Phoenix Suns,127,Sacramento Kings,124,Box Score,,Box Score,OT,"17,583",2:37
Sun Mar 20 2022,7:30p,Utah Jazz,108,New York Knicks,93,Box Score,,Box Score,,"19,812",2:12
Sun Mar 20 2022,8:00p,Boston Celtics,124,Denver Nuggets,104,Box Score,,Box Score,,"19,602",2:04
Sun Mar 20 2022,8:30p,San Antonio Spurs,110,Golden State Warriors,108,Box Score,,Box Score,,"18,064",2:18
Sun Mar 20 2022,8:30p,Toronto Raptors,93,Philadelphia 76ers,88,Box Score,,Box Score,,"21,180",2:22
Mon Mar 21 2022,7:00p,New Orleans Pelicans,103,Charlotte Hornets,106,Box Score,,Box Score,,"13,351",2:10
Mon Mar 21 2022,7:00p,Los Angeles Lakers,131,Cleveland Cavaliers,120,Box Score,,Box Score,,"19,432",2:07
Mon Mar 21 2022,7:00p,Portland Trail Blazers,119,Detroit Pistons,115,Box Score,,Box Score,,"14,923",2:33
Mon Mar 21 2022,7:30p,Utah Jazz,106,Brooklyn Nets,114,Box Score,,Box Score,,"17,887",2:07
Mon Mar 21 2022,7:30p,Miami Heat,106,Philadelphia 76ers,113,Box Score,,Box Score,,"21,386",2:10
Mon Mar 21 2022,8:00p,Toronto Raptors,99,Chicago Bulls,113,Box Score,,Box Score,,"21,778",2:04
Mon Mar 21 2022,8:00p,Washington Wizards,97,Houston Rockets,115,Box Score,,Box Score,,"13,936",2:09
Mon Mar 21 2022,8:00p,Boston Celtics,132,Oklahoma City Thunder,123,Box Score,,Box Score,,"15,345",2:12
Mon Mar 21 2022,8:30p,Minnesota Timberwolves,108,Dallas Mavericks,110,Box Score,,Box Score,,"20,077",2:20
Tue Mar 22 2022,7:00p,Golden State Warriors,90,Orlando Magic,94,Box Score,,Box Score,,"17,164",2:19
Tue Mar 22 2022,7:30p,Atlanta Hawks,117,New York Knicks,111,Box Score,,Box Score,,"19,812",2:20
Tue Mar 22 2022,8:00p,Chicago Bulls,98,Milwaukee Bucks,126,Box Score,,Box Score,,"17,983",2:00
Tue Mar 22 2022,10:00p,Los Angeles Clippers,115,Denver Nuggets,127,Box Score,,Box Score,,"16,089",2:17
Wed Mar 23 2022,7:00p,New York Knicks,121,Charlotte Hornets,106,Box Score,,Box Score,,"16,290",2:03
Wed Mar 23 2022,7:00p,Atlanta Hawks,101,Detroit Pistons,122,Box Score,,Box Score,,"16,212",2:02
Wed Mar 23 2022,7:00p,Sacramento Kings,110,Indiana Pacers,109,Box Score,,Box Score,,"14,227",2:07
Wed Mar 23 2022,7:30p,Utah Jazz,97,Boston Celtics,125,Box Score,,Box Score,,"19,156",2:02
Wed Mar 23 2022,7:30p,Brooklyn Nets,120,Memphis Grizzlies,132,Box Score,,Box Score,,"17,794",2:16
Wed Mar 23 2022,7:30p,Golden State Warriors,118,Miami Heat,104,Box Score,,Box Score,,"19,600",2:19
Wed Mar 23 2022,8:00p,Phoenix Suns,125,Minnesota Timberwolves,116,Box Score,,Box Score,,"17,136",2:21
Wed Mar 23 2022,8:00p,Orlando Magic,102,Oklahoma City Thunder,118,Box Score,,Box Score,,"14,393",2:12
Wed Mar 23 2022,8:30p,Houston Rockets,91,Dallas Mavericks,110,Box Score,,Box Score,,"20,026",2:09
Wed Mar 23 2022,10:00p,Philadelphia 76ers,126,Los Angeles Lakers,121,Box Score,,Box Score,,"18,997",2:20
Wed Mar 23 2022,10:00p,San Antonio Spurs,133,Portland Trail Blazers,96,Box Score,,Box Score,,"16,610",2:06
Thu Mar 24 2022,7:30p,Cleveland Cavaliers,104,Toronto Raptors,117,Box Score,,Box Score,,"19,800",2:07
Thu Mar 24 2022,8:00p,Indiana Pacers,103,Memphis Grizzlies,133,Box Score,,Box Score,,"16,205",2:01
Thu Mar 24 2022,8:00p,Washington Wizards,102,Milwaukee Bucks,114,Box Score,,Box Score,,"18,018",2:06
Thu Mar 24 2022,8:00p,Chicago Bulls,109,New Orleans Pelicans,126,Box Score,,Box Score,,"13,973",2:18
Thu Mar 24 2022,9:00p,Phoenix Suns,140,Denver Nuggets,130,Box Score,,Box Score,,"19,520",2:17
Fri Mar 25 2022,7:00p,Utah Jazz,101,Charlotte Hornets,107,Box Score,,Box Score,,"19,162",2:11
Fri Mar 25 2022,7:00p,Washington Wizards,100,Detroit Pistons,97,Box Score,,Box Score,,"18,943",2:13
Fri Mar 25 2022,7:30p,Golden State Warriors,110,Atlanta Hawks,121,Box Score,,Box Score,,"17,724",2:08
Fri Mar 25 2022,8:00p,New York Knicks,111,Miami Heat,103,Box Score,,Box Score,,"19,600",2:20
Fri Mar 25 2022,8:00p,Dallas Mavericks,95,Minnesota Timberwolves,116,Box Score,,Box Score,,"17,136",2:12
Fri Mar 25 2022,10:00p,Houston Rockets,125,Portland Trail Blazers,106,Box Score,,Box Score,,"16,947",2:11
Fri Mar 25 2022,10:30p,Philadelphia 76ers,122,Los Angeles Clippers,97,Box Score,,Box Score,,"19,068",2:14
Sat Mar 26 2022,5:00p,San Antonio Spurs,107,New Orleans Pelicans,103,Box Score,,Box Score,,"13,097",2:11
Sat Mar 26 2022,7:00p,Sacramento Kings,114,Orlando Magic,110,Box Score,,Box Score,OT,"16,366",2:14
Sat Mar 26 2022,7:30p,Indiana Pacers,91,Toronto Raptors,131,Box Score,,Box Score,,"19,800",2:56
Sat Mar 26 2022,8:00p,Chicago Bulls,98,Cleveland Cavaliers,94,Box Score,,Box Score,,"19,432",2:34
Sat Mar 26 2022,8:00p,Milwaukee Bucks,102,Memphis Grizzlies,127,Box Score,,Box Score,,"17,794",2:19
Sat Mar 26 2022,8:00p,Brooklyn Nets,110,Miami Heat,95,Box Score,,Box Score,,"19,600",2:16
Sat Mar 26 2022,9:00p,Oklahoma City Thunder,107,Denver Nuggets,113,Box Score,,Box Score,,"19,520",2:07
Sat Mar 26 2022,10:00p,Houston Rockets,115,Portland Trail Blazers,98,Box Score,,Box Score,,"17,821",2:10
Sun Mar 27 2022,3:30p,New York Knicks,104,Detroit Pistons,102,Box Score,,Box Score,,"19,304",2:12
Sun Mar 27 2022,6:00p,Minnesota Timberwolves,112,Boston Celtics,134,Box Score,,Box Score,,"19,156",2:04
Sun Mar 27 2022,6:00p,Philadelphia 76ers,104,Phoenix Suns,114,Box Score,,Box Score,,"17,071",2:15
Sun Mar 27 2022,6:00p,Golden State Warriors,115,Washington Wizards,123,Box Score,,Box Score,,"20,476",2:23
Sun Mar 27 2022,7:00p,Los Angeles Lakers,108,New Orleans Pelicans,116,Box Score,,Box Score,,"18,516",2:10
Sun Mar 27 2022,7:30p,Charlotte Hornets,119,Brooklyn Nets,110,Box Score,,Box Score,,"18,166",2:15
Sun Mar 27 2022,7:30p,Utah Jazz,100,Dallas Mavericks,114,Box Score,,Box Score,,"20,177",2:05
Mon Mar 28 2022,7:00p,Denver Nuggets,113,Charlotte Hornets,109,Box Score,,Box Score,,"17,614",2:22
Mon Mar 28 2022,7:00p,Orlando Magic,101,Cleveland Cavaliers,107,Box Score,,Box Score,,"19,432",2:09
Mon Mar 28 2022,7:00p,Atlanta Hawks,132,Indiana Pacers,123,Box Score,,Box Score,,"14,212",2:16
Mon Mar 28 2022,7:30p,Sacramento Kings,100,Miami Heat,123,Box Score,,Box Score,,"19,600",1:56
Mon Mar 28 2022,7:30p,Chicago Bulls,104,New York Knicks,109,Box Score,,Box Score,,"19,812",2:22
Mon Mar 28 2022,7:30p,Boston Celtics,112,Toronto Raptors,115,Box Score,,Box Score,OT,"19,800",2:26
Mon Mar 28 2022,8:00p,San Antonio Spurs,123,Houston Rockets,120,Box Score,,Box Score,,"18,055",2:13
Mon Mar 28 2022,8:00p,Golden State Warriors,95,Memphis Grizzlies,123,Box Score,,Box Score,,"17,011",2:18
Mon Mar 28 2022,10:00p,Oklahoma City Thunder,134,Portland Trail Blazers,131,Box Score,,Box Score,OT,"18,188",2:26
Tue Mar 29 2022,7:00p,Milwaukee Bucks,118,Philadelphia 76ers,116,Box Score,,Box Score,,"21,467",2:21
Tue Mar 29 2022,7:00p,Chicago Bulls,107,Washington Wizards,94,Box Score,,Box Score,,"15,922",2:10
Tue Mar 29 2022,7:30p,Detroit Pistons,123,Brooklyn Nets,130,Box Score,,Box Score,,"17,559",2:12
Tue Mar 29 2022,7:30p,Los Angeles Lakers,110,Dallas Mavericks,128,Box Score,,Box Score,,"20,382",2:06
Tue Mar 29 2022,10:00p,Utah Jazz,115,Los Angeles Clippers,121,Box Score,,Box Score,,"19,068",2:32
Wed Mar 30 2022,7:00p,Dallas Mavericks,120,Cleveland Cavaliers,112,Box Score,,Box Score,,"19,432",2:06
Wed Mar 30 2022,7:00p,Denver Nuggets,125,Indiana Pacers,118,Box Score,,Box Score,,"15,036",2:13
Wed Mar 30 2022,7:00p,Orlando Magic,110,Washington Wizards,127,Box Score,,Box Score,,"16,455",2:07
Wed Mar 30 2022,7:30p,Miami Heat,106,Boston Celtics,98,Box Score,,Box Score,,"19,156",2:22
Wed Mar 30 2022,7:30p,Charlotte Hornets,125,New York Knicks,114,Box Score,,Box Score,,"19,812",2:16
Wed Mar 30 2022,7:30p,Minnesota Timberwolves,102,Toronto Raptors,125,Box Score,,Box Score,,"19,800",2:08
Wed Mar 30 2022,8:00p,Sacramento Kings,121,Houston Rockets,118,Box Score,,Box Score,,"13,365",2:28
Wed Mar 30 2022,8:00p,Atlanta Hawks,136,Oklahoma City Thunder,118,Box Score,,Box Score,,"15,595",2:02
Wed Mar 30 2022,8:30p,Memphis Grizzlies,112,San Antonio Spurs,111,Box Score,,Box Score,,"15,821",2:05
Wed Mar 30 2022,10:00p,Phoenix Suns,107,Golden State Warriors,103,Box Score,,Box Score,,"18,064",2:30
Wed Mar 30 2022,10:00p,New Orleans Pelicans,117,Portland Trail Blazers,107,Box Score,,Box Score,,"18,551",2:12
Thu Mar 31 2022,7:00p,Philadelphia 76ers,94,Detroit Pistons,102,Box Score,,Box Score,,"20,023",2:15
Thu Mar 31 2022,7:30p,Cleveland Cavaliers,107,Atlanta Hawks,131,Box Score,,Box Score,,"17,491",2:10
Thu Mar 31 2022,7:30p,Milwaukee Bucks,120,Brooklyn Nets,119,Box Score,,Box Score,OT,"17,917",2:43
Thu Mar 31 2022,8:00p,Los Angeles Clippers,130,Chicago Bulls,135,Box Score,,Box Score,OT,"21,519",2:42
Thu Mar 31 2022,10:00p,Los Angeles Lakers,109,Utah Jazz,122,Box Score,,Box Score,,"18,306",2:17
Fri Apr 01 2022,7:00p,Toronto Raptors,102,Orlando Magic,89,Box Score,,Box Score,,"17,566",2:03
Fri Apr 01 2022,7:00p,Dallas Mavericks,103,Washington Wizards,135,Box Score,,Box Score,,"17,745",2:10
Fri Apr 01 2022,7:30p,Indiana Pacers,123,Boston Celtics,128,Box Score,,Box Score,,"19,156",2:21
Fri Apr 01 2022,8:00p,Sacramento Kings,122,Houston Rockets,117,Box Score,,Box Score,,"14,857",2:16
Fri Apr 01 2022,8:00p,Phoenix Suns,114,Memphis Grizzlies,122,Box Score,,Box Score,,"17,794",2:16
Fri Apr 01 2022,8:00p,Los Angeles Clippers,153,Milwaukee Bucks,119,Box Score,,Box Score,,"18,023",2:07
Fri Apr 01 2022,8:00p,Detroit Pistons,110,Oklahoma City Thunder,101,Box Score,,Box Score,,"16,961",2:03
Fri Apr 01 2022,8:30p,Portland Trail Blazers,111,San Antonio Spurs,130,Box Score,,Box Score,,"17,512",2:01
Fri Apr 01 2022,9:00p,Minnesota Timberwolves,136,Denver Nuggets,130,Box Score,,Box Score,,"19,612",2:23
Fri Apr 01 2022,10:30p,New Orleans Pelicans,114,Los Angeles Lakers,111,Box Score,,Box Score,,"18,997",2:25
Sat Apr 02 2022,12:30p,Charlotte Hornets,114,Philadelphia 76ers,144,Box Score,,Box Score,,"21,509",2:06
Sat Apr 02 2022,1:00p,Cleveland Cavaliers,119,New York Knicks,101,Box Score,,Box Score,,"19,812",2:12
Sat Apr 02 2022,7:30p,Brooklyn Nets,115,Atlanta Hawks,122,Box Score,,Box Score,,"18,126",2:27
Sat Apr 02 2022,8:00p,Miami Heat,127,Chicago Bulls,109,Box Score,,Box Score,,"21,697",2:12
Sat Apr 02 2022,8:30p,Utah Jazz,107,Golden State Warriors,111,Box Score,,Box Score,,"18,064",2:16
Sun Apr 03 2022,1:00p,Washington Wizards,102,Boston Celtics,144,Box Score,,Box Score,,"19,156",2:01
Sun Apr 03 2022,1:00p,Dallas Mavericks,118,Milwaukee Bucks,112,Box Score,,Box Score,,"17,902",2:26
Sun Apr 03 2022,3:30p,Denver Nuggets,129,Los Angeles Lakers,118,Box Score,,Box Score,,"18,997",2:23
Sun Apr 03 2022,5:00p,Detroit Pistons,121,Indiana Pacers,117,Box Score,,Box Score,,"17,407",2:09
Sun Apr 03 2022,6:00p,Philadelphia 76ers,112,Cleveland Cavaliers,108,Box Score,,Box Score,,"19,432",2:21
Sun Apr 03 2022,6:00p,New York Knicks,118,Orlando Magic,88,Box Score,,Box Score,,"15,747",2:05
Sun Apr 03 2022,7:00p,Minnesota Timberwolves,139,Houston Rockets,132,Box Score,,Box Score,,"16,539",2:19
Sun Apr 03 2022,7:00p,Phoenix Suns,96,Oklahoma City Thunder,117,Box Score,,Box Score,,"17,078",2:02
Sun Apr 03 2022,7:00p,Portland Trail Blazers,92,San Antonio Spurs,113,Box Score,,Box Score,,"15,816",2:12
Sun Apr 03 2022,7:00p,Miami Heat,114,Toronto Raptors,109,Box Score,,Box Score,,"19,800",2:18
Sun Apr 03 2022,9:00p,Golden State Warriors,109,Sacramento Kings,90,Box Score,,Box Score,,"17,583",2:14
Sun Apr 03 2022,9:30p,New Orleans Pelicans,100,Los Angeles Clippers,119,Box Score,,Box Score,,"16,840",2:07
Tue Apr 05 2022,7:00p,Philadelphia 76ers,131,Indiana Pacers,122,Box Score,,Box Score,,"15,583",2:12
Tue Apr 05 2022,7:00p,Cleveland Cavaliers,115,Orlando Magic,120,Box Score,,Box Score,,"16,897",2:06
Tue Apr 05 2022,7:30p,Houston Rockets,105,Brooklyn Nets,118,Box Score,,Box Score,,"17,768",2:08
Tue Apr 05 2022,7:30p,Charlotte Hornets,115,Miami Heat,144,Box Score,,Box Score,,"19,600",2:10
Tue Apr 05 2022,7:30p,Atlanta Hawks,108,Toronto Raptors,118,Box Score,,Box Score,,"19,800",2:06
Tue Apr 05 2022,8:00p,Milwaukee Bucks,127,Chicago Bulls,106,Box Score,,Box Score,,"20,799",2:19
Tue Apr 05 2022,8:00p,Washington Wizards,132,Minnesota Timberwolves,114,Box Score,,Box Score,,"17,136",2:10
Tue Apr 05 2022,8:00p,Portland Trail Blazers,94,Oklahoma City Thunder,98,Box Score,,Box Score,,"14,674",2:01
Tue Apr 05 2022,9:00p,San Antonio Spurs,116,Denver Nuggets,97,Box Score,,Box Score,,"17,037",2:09
Tue Apr 05 2022,9:00p,Memphis Grizzlies,115,Utah Jazz,121,Box Score,,Box Score,OT,"18,306",2:35
Tue Apr 05 2022,10:00p,New Orleans Pelicans,123,Sacramento Kings,109,Box Score,,Box Score,,"16,047",2:10
Tue Apr 05 2022,10:30p,Los Angeles Lakers,110,Phoenix Suns,121,Box Score,,Box Score,,"17,071",2:07
Wed Apr 06 2022,7:00p,Dallas Mavericks,131,Detroit Pistons,113,Box Score,,Box Score,,"18,422",2:13
Wed Apr 06 2022,7:30p,Brooklyn Nets,110,New York Knicks,98,Box Score,,Box Score,,"19,812",2:21
Wed Apr 06 2022,8:00p,Washington Wizards,103,Atlanta Hawks,118,Box Score,,Box Score,,"17,381",2:01
Wed Apr 06 2022,8:00p,Boston Celtics,117,Chicago Bulls,94,Box Score,,Box Score,,"21,095",2:12
Wed Apr 06 2022,9:00p,Oklahoma City Thunder,101,Utah Jazz,137,Box Score,,Box Score,,"18,306",2:07
Wed Apr 06 2022,10:00p,Phoenix Suns,109,Los Angeles Clippers,113,Box Score,,Box Score,,"19,068",2:29
Thu Apr 07 2022,7:00p,Orlando Magic,101,Charlotte Hornets,128,Box Score,,Box Score,,"16,427",2:18
Thu Apr 07 2022,7:30p,Boston Celtics,121,Milwaukee Bucks,127,Box Score,,Box Score,,"18,046",2:25
Thu Apr 07 2022,7:30p,Philadelphia 76ers,114,Toronto Raptors,119,Box Score,,Box Score,,"19,800",2:08
Thu Apr 07 2022,8:00p,San Antonio Spurs,121,Minnesota Timberwolves,127,Box Score,,Box Score,,"17,136",2:23
Thu Apr 07 2022,8:00p,Portland Trail Blazers,94,New Orleans Pelicans,127,Box Score,,Box Score,,"12,432",2:08
Thu Apr 07 2022,9:00p,Memphis Grizzlies,109,Denver Nuggets,122,Box Score,,Box Score,,"19,520",2:17
Thu Apr 07 2022,10:00p,Los Angeles Lakers,112,Golden State Warriors,128,Box Score,,Box Score,,"18,064",2:20
Fri Apr 08 2022,7:00p,Milwaukee Bucks,131,Detroit Pistons,101,Box Score,,Box Score,,"22,088",2:06
Fri Apr 08 2022,7:00p,New York Knicks,114,Washington Wizards,92,Box Score,,Box Score,,"19,472",2:05
Fri Apr 08 2022,7:30p,Cleveland Cavaliers,107,Brooklyn Nets,118,Box Score,,Box Score,,"18,169",2:15
Fri Apr 08 2022,7:30p,Houston Rockets,115,Toronto Raptors,117,Box Score,,Box Score,,"19,800",2:05
Fri Apr 08 2022,8:00p,Charlotte Hornets,133,Chicago Bulls,117,Box Score,,Box Score,,"21,461",2:02
Fri Apr 08 2022,8:00p,Atlanta Hawks,109,Miami Heat,113,Box Score,,Box Score,,"19,993",2:11
Fri Apr 08 2022,8:30p,Portland Trail Blazers,78,Dallas Mavericks,128,Box Score,,Box Score,,"20,174",2:07
Fri Apr 08 2022,9:30p,Phoenix Suns,111,Utah Jazz,105,Box Score,,Box Score,,"18,306",2:19
Fri Apr 08 2022,10:30p,Oklahoma City Thunder,101,Los Angeles Lakers,120,Box Score,,Box Score,,"18,997",2:08
Sat Apr 09 2022,1:00p,Indiana Pacers,120,Philadelphia 76ers,133,Box Score,,Box Score,,"21,171",2:19
Sat Apr 09 2022,6:00p,New Orleans Pelicans,114,Memphis Grizzlies,141,Box Score,,Box Score,,"17,207",2:11
Sat Apr 09 2022,8:30p,Golden State Warriors,100,San Antonio Spurs,94,Box Score,,Box Score,,"18,627",2:16
Sat Apr 09 2022,9:30p,Sacramento Kings,98,Los Angeles Clippers,117,Box Score,,Box Score,,"17,568",2:09
Sun Apr 10 2022,3:30p,Indiana Pacers,126,Brooklyn Nets,134,Box Score,,Box Score,,"17,967",2:17
Sun Apr 10 2022,3:30p,Washington Wizards,108,Charlotte Hornets,124,Box Score,,Box Score,,"18,465",2:10
Sun Apr 10 2022,3:30p,Milwaukee Bucks,115,Cleveland Cavaliers,133,Box Score,,Box Score,,"19,432",2:06
Sun Apr 10 2022,3:30p,Atlanta Hawks,130,Houston Rockets,114,Box Score,,Box Score,,"18,055",2:11
Sun Apr 10 2022,7:00p,Boston Celtics,139,Memphis Grizzlies,110,Box Score,,Box Score,,"17,441",2:08
Sun Apr 10 2022,7:00p,Toronto Raptors,94,New York Knicks,105,Box Score,,Box Score,,"19,812",2:01
Sun Apr 10 2022,7:00p,Miami Heat,111,Orlando Magic,125,Box Score,,Box Score,,"19,253",1:56
Sun Apr 10 2022,7:00p,Detroit Pistons,106,Philadelphia 76ers,118,Box Score,,Box Score,,"21,459",2:09
Sun Apr 10 2022,8:30p,Chicago Bulls,124,Minnesota Timberwolves,120,Box Score,,Box Score,,"17,136",2:22
Sun Apr 10 2022,9:30p,San Antonio Spurs,120,Dallas Mavericks,130,Box Score,,Box Score,,"20,270",2:02
Sun Apr 10 2022,9:30p,Los Angeles Lakers,146,Denver Nuggets,141,Box Score,,Box Score,OT,"19,520",2:49
Sun Apr 10 2022,9:30p,Oklahoma City Thunder,88,Los Angeles Clippers,138,Box Score,,Box Score,,"18,210",1:54
Sun Apr 10 2022,9:30p,Golden State Warriors,128,New Orleans Pelicans,107,Box Score,,Box Score,,"16,595",2:07
Sun Apr 10 2022,9:30p,Sacramento Kings,116,Phoenix Suns,109,Box Score,,Box Score,,"17,071",2:16
Sun Apr 10 2022,9:30p,Utah Jazz,111,Portland Trail Blazers,80,Box Score,,Box Score,,"18,123",2:19
Tue Apr 12 2022,7:00p,Cleveland Cavaliers,108,Brooklyn Nets,115,Box Score,,Box Score,,"17,732",2:23
Tue Apr 12 2022,9:30p,Los Angeles Clippers,104,Minnesota Timberwolves,109,Box Score,,Box Score,,"17,136",2:47
Wed Apr 13 2022,7:00p,Charlotte Hornets,103,Atlanta Hawks,132,Box Score,,Box Score,,"18,137",2:20
Wed Apr 13 2022,9:30p,San Antonio Spurs,103,New Orleans Pelicans,113,Box Score,,Box Score,,"18,610",2:17
Fri Apr 15 2022,7:30p,Atlanta Hawks,107,Cleveland Cavaliers,101,Box Score,,Box Score,,"19,432",2:29
Fri Apr 15 2022,10:00p,New Orleans Pelicans,105,Los Angeles Clippers,101,Box Score,,Box Score,,"19,068",2:35
Sat Apr 16 2022,1:00p,Utah Jazz,99,Dallas Mavericks,93,Box Score,,Box Score,,"20,013",2:29
Sat Apr 16 2022,3:30p,Minnesota Timberwolves,130,Memphis Grizzlies,117,Box Score,,Box Score,,"17,794",2:48
Sat Apr 16 2022,6:00p,Toronto Raptors,111,Philadelphia 76ers,131,Box Score,,Box Score,,"20,610",2:26
Sat Apr 16 2022,8:30p,Denver Nuggets,107,Golden State Warriors,123,Box Score,,Box Score,,"18,064",2:24
Sun Apr 17 2022,1:00p,Atlanta Hawks,91,Miami Heat,115,Box Score,,Box Score,,"19,514",2:16
Sun Apr 17 2022,3:30p,Brooklyn Nets,114,Boston Celtics,115,Box Score,,Box Score,,"19,156",2:24
Sun Apr 17 2022,6:30p,Chicago Bulls,86,Milwaukee Bucks,93,Box Score,,Box Score,,"17,717",2:22
Sun Apr 17 2022,9:00p,New Orleans Pelicans,99,Phoenix Suns,110,Box Score,,Box Score,,"17,071",2:24
Mon Apr 18 2022,7:30p,Toronto Raptors,97,Philadelphia 76ers,112,Box Score,,Box Score,,"20,974",2:23
Mon Apr 18 2022,8:30p,Utah Jazz,104,Dallas Mavericks,110,Box Score,,Box Score,,"20,113",2:15
Mon Apr 18 2022,10:00p,Denver Nuggets,106,Golden State Warriors,126,Box Score,,Box Score,,"18,064",2:29
Tue Apr 19 2022,7:30p,Atlanta Hawks,105,Miami Heat,115,Box Score,,Box Score,,"19,950",2:30
Tue Apr 19 2022,8:30p,Minnesota Timberwolves,96,Memphis Grizzlies,124,Box Score,,Box Score,,"17,794",2:27
Tue Apr 19 2022,10:00p,New Orleans Pelicans,125,Phoenix Suns,114,Box Score,,Box Score,,"17,071",2:17
Wed Apr 20 2022,7:00p,Brooklyn Nets,107,Boston Celtics,114,Box Score,,Box Score,,"19,156",2:35
Wed Apr 20 2022,8:00p,Philadelphia 76ers,104,Toronto Raptors,101,Box Score,,Box Score,OT,"19,800",2:37
Wed Apr 20 2022,9:30p,Chicago Bulls,114,Milwaukee Bucks,110,Box Score,,Box Score,,"17,688",2:34
Thu Apr 21 2022,7:30p,Memphis Grizzlies,104,Minnesota Timberwolves,95,Box Score,,Box Score,,"19,634",2:30
Thu Apr 21 2022,9:00p,Dallas Mavericks,126,Utah Jazz,118,Box Score,,Box Score,,"18,306",2:37
Thu Apr 21 2022,10:00p,Golden State Warriors,118,Denver Nuggets,113,Box Score,,Box Score,,"19,627",2:33
Fri Apr 22 2022,7:45p,Miami Heat,110,Atlanta Hawks,111,Box Score,,Box Score,,"18,421",2:24
Fri Apr 22 2022,8:30p,Milwaukee Bucks,111,Chicago Bulls,81,Box Score,,Box Score,,"22,667",2:05
Fri Apr 22 2022,10:00p,Phoenix Suns,114,New Orleans Pelicans,111,Box Score,,Box Score,,"18,962",2:38
Sat Apr 23 2022,2:00p,Philadelphia 76ers,102,Toronto Raptors,110,Box Score,,Box Score,,"19,800",2:28
Sat Apr 23 2022,4:30p,Dallas Mavericks,99,Utah Jazz,100,Box Score,,Box Score,,"18,306",2:40
Sat Apr 23 2022,7:30p,Boston Celtics,109,Brooklyn Nets,103,Box Score,,Box Score,,"18,175",2:17
Sat Apr 23 2022,10:00p,Memphis Grizzlies,118,Minnesota Timberwolves,119,Box Score,,Box Score,,"19,832",2:57
Sun Apr 24 2022,1:00p,Milwaukee Bucks,119,Chicago Bulls,95,Box Score,,Box Score,,"22,020",2:22
Sun Apr 24 2022,3:30p,Golden State Warriors,121,Denver Nuggets,126,Box Score,,Box Score,,"19,628",2:46
Sun Apr 24 2022,7:00p,Miami Heat,110,Atlanta Hawks,86,Box Score,,Box Score,,"18,951",2:21
Sun Apr 24 2022,9:30p,Phoenix Suns,103,New Orleans Pelicans,118,Box Score,,Box Score,,"18,962",2:32
Mon Apr 25 2022,7:00p,Boston Celtics,116,Brooklyn Nets,112,Box Score,,Box Score,,"18,099",2:30
Mon Apr 25 2022,8:00p,Toronto Raptors,103,Philadelphia 76ers,88,Box Score,,Box Score,,"20,517",2:13
Mon Apr 25 2022,9:30p,Utah Jazz,77,Dallas Mavericks,102,Box Score,,Box Score,,"20,577",2:20
Tue Apr 26 2022,7:00p,Atlanta Hawks,94,Miami Heat,97,Box Score,,Box Score,,"19,553",2:45
Tue Apr 26 2022,7:30p,Minnesota Timberwolves,109,Memphis Grizzlies,111,Box Score,,Box Score,,"17,794",2:45
Tue Apr 26 2022,10:00p,New Orleans Pelicans,97,Phoenix Suns,112,Box Score,,Box Score,,"17,071",2:25
Wed Apr 27 2022,7:30p,Chicago Bulls,100,Milwaukee Bucks,116,Box Score,,Box Score,,"17,506",2:17
Wed Apr 27 2022,10:00p,Denver Nuggets,98,Golden State Warriors,102,Box Score,,Box Score,,"18,064",2:26
Thu Apr 28 2022,7:00p,Philadelphia 76ers,132,Toronto Raptors,97,Box Score,,Box Score,,"19,800",2:27
Thu Apr 28 2022,7:30p,Phoenix Suns,115,New Orleans Pelicans,109,Box Score,,Box Score,,"18,710",2:23
Thu Apr 28 2022,10:00p,Dallas Mavericks,98,Utah Jazz,96,Box Score,,Box Score,,"18,306",2:14
Fri Apr 29 2022,9:00p,Memphis Grizzlies,114,Minnesota Timberwolves,106,Box Score,,Box Score,,"20,323",2:32
Sun May 01 2022,1:00p,Milwaukee Bucks,101,Boston Celtics,89,Box Score,,Box Score,,"19,156",2:28
Sun May 01 2022,3:30p,Golden State Warriors,117,Memphis Grizzlies,116,Box Score,,Box Score,,"17,794",2:40
Mon May 02 2022,7:30p,Philadelphia 76ers,92,Miami Heat,106,Box Score,,Box Score,,"19,620",2:18
Mon May 02 2022,10:00p,Dallas Mavericks,114,Phoenix Suns,121,Box Score,,Box Score,,"17,071",2:24
Tue May 03 2022,7:00p,Milwaukee Bucks,86,Boston Celtics,109,Box Score,,Box Score,,"19,156",2:31
Tue May 03 2022,9:30p,Golden State Warriors,101,Memphis Grizzlies,106,Box Score,,Box Score,,"17,794",2:32
Wed May 04 2022,7:30p,Philadelphia 76ers,103,Miami Heat,119,Box Score,,Box Score,,"19,759",2:27
Wed May 04 2022,10:00p,Dallas Mavericks,109,Phoenix Suns,129,Box Score,,Box Score,,"17,071",2:24
Fri May 06 2022,7:00p,Miami Heat,79,Philadelphia 76ers,99,Box Score,,Box Score,,"21,033",2:26
Fri May 06 2022,9:30p,Phoenix Suns,94,Dallas Mavericks,103,Box Score,,Box Score,,"20,777",2:12
Sat May 07 2022,3:30p,Boston Celtics,101,Milwaukee Bucks,103,Box Score,,Box Score,,"17,736",2:34
Sat May 07 2022,8:30p,Memphis Grizzlies,112,Golden State Warriors,142,Box Score,,Box Score,,"18,064",2:22
Sun May 08 2022,3:30p,Phoenix Suns,101,Dallas Mavericks,111,Box Score,,Box Score,,"20,610",2:22
Sun May 08 2022,8:00p,Miami Heat,108,Philadelphia 76ers,116,Box Score,,Box Score,,"21,194",2:34
Mon May 09 2022,7:30p,Boston Celtics,116,Milwaukee Bucks,108,Box Score,,Box Score,,"17,505",2:33
Mon May 09 2022,10:00p,Memphis Grizzlies,98,Golden State Warriors,101,Box Score,,Box Score,,"18,064",2:21
Tue May 10 2022,7:30p,Philadelphia 76ers,85,Miami Heat,120,Box Score,,Box Score,,"19,868",2:16
Tue May 10 2022,10:00p,Dallas Mavericks,80,Phoenix Suns,110,Box Score,,Box Score,,"17,071",2:19
Wed May 11 2022,7:00p,Milwaukee Bucks,110,Boston Celtics,107,Box Score,,Box Score,,"19,156",2:31
Wed May 11 2022,9:30p,Golden State Warriors,95,Memphis Grizzlies,134,Box Score,,Box Score,,"17,794",2:14
Thu May 12 2022,7:00p,Miami Heat,99,Philadelphia 76ers,90,Box Score,,Box Score,,"21,082",2:16
Thu May 12 2022,9:30p,Phoenix Suns,86,Dallas Mavericks,113,Box Score,,Box Score,,"20,777",2:23
Fri May 13 2022,7:30p,Boston Celtics,108,Milwaukee Bucks,95,Box Score,,Box Score,,"17,681",2:27
Fri May 13 2022,10:00p,Memphis Grizzlies,96,Golden State Warriors,110,Box Score,,Box Score,,"18,064",2:17
Sun May 15 2022,3:30p,Milwaukee Bucks,81,Boston Celtics,109,Box Score,,Box Score,,"19,156",2:27
Sun May 15 2022,8:00p,Dallas Mavericks,123,Phoenix Suns,90,Box Score,,Box Score,,"17,071",2:07
Tue May 17 2022,8:30p,Boston Celtics,107,Miami Heat,118,Box Score,,Box Score,,"19,774",2:39
Wed May 18 2022,9:00p,Dallas Mavericks,87,Golden State Warriors,112,Box Score,,Box Score,,"18,064",2:15
Thu May 19 2022,8:30p,Boston Celtics,127,Miami Heat,102,Box Score,,Box Score,,"20,100",2:16
Fri May 20 2022,9:00p,Dallas Mavericks,117,Golden State Warriors,126,Box Score,,Box Score,,"18,064",2:33
Sat May 21 2022,8:30p,Miami Heat,109,Boston Celtics,103,Box Score,,Box Score,,"19,156",2:37
Sun May 22 2022,9:00p,Golden State Warriors,109,Dallas Mavericks,100,Box Score,,Box Score,,"20,813",2:34
Mon May 23 2022,8:30p,Miami Heat,82,Boston Celtics,102,Box Score,,Box Score,,"19,156",2:20
Tue May 24 2022,9:00p,Golden State Warriors,109,Dallas Mavericks,119,Box Score,,Box Score,,"20,810",2:32
Wed May 25 2022,8:30p,Boston Celtics,93,Miami Heat,80,Box Score,,Box Score,,"19,819",2:20
Thu May 26 2022,9:00p,Dallas Mavericks,110,Golden State Warriors,120,Box Score,,Box Score,,"18,064",2:17
Fri May 27 2022,8:30p,Miami Heat,111,Boston Celtics,103,Box Score,,Box Score,,"19,156",2:41
Sun May 29 2022,8:30p,Boston Celtics,100,Miami Heat,96,Box Score,,Box Score,,"20,200",2:30
Thu Jun 02 2022,9:00p,Boston Celtics,120,Golden State Warriors,108,Box Score,,Box Score,,"18,064",2:19
Sun Jun 05 2022,8:00p,Boston Celtics,88,Golden State Warriors,107,Box Score,,Box Score,,"18,064",2:28
Wed Jun 08 2022,9:00p,Golden State Warriors,100,Boston Celtics,116,Box Score,,Box Score,,"19,156",2:26
Fri Jun 10 2022,9:00p,Golden State Warriors,107,Boston Celtics,97,Box Score,,Box Score,,"19,156",2:21
Mon Jun 13 2022,9:00p,Boston Celtics,94,Golden State Warriors,104,Box Score,,Box Score,,"18,064",2:27
Thu Jun 16 2022,9:00p,Golden State Warriors,103,Boston Celtics,90,Box Score,,Box Score,,"19,156",2:20
Tue Oct 18 2022,7:30p,Philadelphia 76ers,117,Boston Celtics,126,Box Score,,Box Score,,"19,156",2:31
Tue Oct 18 2022,10:00p,Los Angeles Lakers,109,Golden State Warriors,123,Box Score,,Box Score,,"18,064",2:33
Wed Oct 19 2022,7:00p,Orlando Magic,109,Detroit Pistons,113,Box Score,,Box Score,,"20,190",2:16
Wed Oct 19 2022,7:00p,Washington Wizards,114,Indiana Pacers,107,Box Score,,Box Score,,"15,027",2:22
Wed Oct 19 2022,7:30p,Houston Rockets,107,Atlanta Hawks,117,Box Score,,Box Score,,"17,878",2:05
Wed Oct 19 2022,7:30p,New Orleans Pelicans,130,Brooklyn Nets,108,Box Score,,Box Score,,"18,003",2:14
Wed Oct 19 2022,7:30p,New York Knicks,112,Memphis Grizzlies,115,Box Score,,Box Score,OT,"18,202",2:36
Wed Oct 19 2022,7:30p,Chicago Bulls,116,Miami Heat,108,Box Score,,Box Score,,"19,600",2:20
Wed Oct 19 2022,7:30p,Cleveland Cavaliers,105,Toronto Raptors,108,Box Score,,Box Score,,"19,800",2:19
Wed Oct 19 2022,8:00p,Oklahoma City Thunder,108,Minnesota Timberwolves,115,Box Score,,Box Score,,"17,136",2:21
Wed Oct 19 2022,8:00p,Charlotte Hornets,129,San Antonio Spurs,102,Box Score,,Box Score,,"16,236",2:07
Wed Oct 19 2022,9:00p,Denver Nuggets,102,Utah Jazz,123,Box Score,,Box Score,,"18,206",2:15
Wed Oct 19 2022,10:00p,Dallas Mavericks,105,Phoenix Suns,107,Box Score,,Box Score,,"17,071",2:26
Wed Oct 19 2022,10:00p,Portland Trail Blazers,115,Sacramento Kings,108,Box Score,,Box Score,,"17,611",2:24
Thu Oct 20 2022,7:30p,Milwaukee Bucks,90,Philadelphia 76ers,88,Box Score,,Box Score,,"20,060",2:19
Thu Oct 20 2022,10:00p,Los Angeles Clippers,103,Los Angeles Lakers,97,Box Score,,Box Score,,"18,997",2:30
Fri Oct 21 2022,7:00p,New Orleans Pelicans,124,Charlotte Hornets,112,Box Score,,Box Score,,"19,287",2:15
Fri Oct 21 2022,7:00p,San Antonio Spurs,137,Indiana Pacers,134,Box Score,,Box Score,,"12,073",2:30
Fri Oct 21 2022,7:00p,Chicago Bulls,100,Washington Wizards,102,Box Score,,Box Score,,"20,476",2:15
Fri Oct 21 2022,7:30p,Orlando Magic,98,Atlanta Hawks,108,Box Score,,Box Score,,"17,822",2:12
Fri Oct 21 2022,7:30p,Toronto Raptors,105,Brooklyn Nets,109,Box Score,,Box Score,,"17,732",2:15
Fri Oct 21 2022,7:30p,Boston Celtics,111,Miami Heat,104,Box Score,,Box Score,,"19,600",2:10
Fri Oct 21 2022,7:30p,Detroit Pistons,106,New York Knicks,130,Box Score,,Box Score,,"19,812",2:12
Fri Oct 21 2022,8:00p,Memphis Grizzlies,129,Houston Rockets,122,Box Score,,Box Score,,"18,055",2:19
Fri Oct 21 2022,8:00p,Utah Jazz,132,Minnesota Timberwolves,126,Box Score,,Box Score,OT,"17,136",2:37
Fri Oct 21 2022,10:00p,Denver Nuggets,128,Golden State Warriors,123,Box Score,,Box Score,,"18,064",2:31
Fri Oct 21 2022,10:00p,Phoenix Suns,111,Portland Trail Blazers,113,Box Score,,Box Score,OT,"19,393",2:35
Sat Oct 22 2022,6:00p,San Antonio Spurs,114,Philadelphia 76ers,105,Box Score,,Box Score,,"19,822",2:15
Sat Oct 22 2022,7:00p,Detroit Pistons,115,Indiana Pacers,124,Box Score,,Box Score,,"16,056",2:26
Sat Oct 22 2022,7:00p,Boston Celtics,126,Orlando Magic,120,Box Score,,Box Score,,"19,299",2:24
Sat Oct 22 2022,8:00p,Cleveland Cavaliers,128,Chicago Bulls,96,Box Score,,Box Score,,"21,089",2:11
Sat Oct 22 2022,8:00p,Toronto Raptors,109,Miami Heat,112,Box Score,,Box Score,,"19,600",2:29
Sat Oct 22 2022,8:00p,Houston Rockets,105,Milwaukee Bucks,125,Box Score,,Box Score,,"17,341",2:11
Sat Oct 22 2022,8:30p,Memphis Grizzlies,96,Dallas Mavericks,137,Box Score,,Box Score,,"20,377",2:18
Sat Oct 22 2022,9:00p,Oklahoma City Thunder,117,Denver Nuggets,122,Box Score,,Box Score,,"19,983",2:19
Sat Oct 22 2022,10:00p,Los Angeles Clippers,111,Sacramento Kings,109,Box Score,,Box Score,,"16,296",2:27
Sun Oct 23 2022,3:30p,Portland Trail Blazers,106,Los Angeles Lakers,104,Box Score,,Box Score,,"18,997",2:28
Sun Oct 23 2022,5:00p,Charlotte Hornets,126,Atlanta Hawks,109,Box Score,,Box Score,,"17,383",2:20
Sun Oct 23 2022,7:00p,Washington Wizards,107,Cleveland Cavaliers,117,Box Score,,Box Score,OT,"19,432",2:34
Sun Oct 23 2022,7:00p,Utah Jazz,122,New Orleans Pelicans,121,Box Score,,Box Score,OT,"18,665",2:31
Sun Oct 23 2022,8:00p,Minnesota Timberwolves,116,Oklahoma City Thunder,106,Box Score,,Box Score,,"15,044",2:09
Sun Oct 23 2022,8:30p,Sacramento Kings,125,Golden State Warriors,130,Box Score,,Box Score,,"18,064",2:24
Sun Oct 23 2022,10:00p,Phoenix Suns,112,Los Angeles Clippers,95,Box Score,,Box Score,,"19,068",2:06
Mon Oct 24 2022,7:00p,Indiana Pacers,106,Philadelphia 76ers,120,Box Score,,Box Score,,"19,786",2:16
Mon Oct 24 2022,7:30p,Toronto Raptors,98,Miami Heat,90,Box Score,,Box Score,,"19,600",2:13
Mon Oct 24 2022,7:30p,Orlando Magic,102,New York Knicks,115,Box Score,,Box Score,,"18,800",2:13
Mon Oct 24 2022,8:00p,Boston Celtics,102,Chicago Bulls,120,Box Score,,Box Score,,"17,673",2:08
Mon Oct 24 2022,8:00p,Utah Jazz,108,Houston Rockets,114,Box Score,,Box Score,,"16,260",2:14
Mon Oct 24 2022,8:00p,Brooklyn Nets,124,Memphis Grizzlies,134,Box Score,,Box Score,,"17,392",2:19
Mon Oct 24 2022,8:00p,San Antonio Spurs,115,Minnesota Timberwolves,106,Box Score,,Box Score,,"15,347",2:11
Mon Oct 24 2022,10:00p,Denver Nuggets,110,Portland Trail Blazers,135,Box Score,,Box Score,,"18,111",2:11
Tue Oct 25 2022,7:00p,Detroit Pistons,99,Washington Wizards,120,Box Score,,Box Score,,"13,196",2:13
Tue Oct 25 2022,7:30p,Dallas Mavericks,111,New Orleans Pelicans,113,Box Score,,Box Score,,"14,020",2:17
Tue Oct 25 2022,8:00p,Los Angeles Clippers,94,Oklahoma City Thunder,108,Box Score,,Box Score,,"13,105",2:05
Tue Oct 25 2022,10:00p,Golden State Warriors,105,Phoenix Suns,134,Box Score,,Box Score,,"17,071",2:23
Wed Oct 26 2022,7:00p,Orlando Magic,92,Cleveland Cavaliers,103,Box Score,,Box Score,,0,2:26
Wed Oct 26 2022,7:00p,Atlanta Hawks,118,Detroit Pistons,113,Box Score,,Box Score,,"17,987",2:19
Wed Oct 26 2022,7:30p,Brooklyn Nets,99,Milwaukee Bucks,110,Box Score,,Box Score,,"17,341",2:31
Wed Oct 26 2022,7:30p,Charlotte Hornets,131,New York Knicks,134,Box Score,,Box Score,OT,"19,812",2:45
Wed Oct 26 2022,7:30p,Philadelphia 76ers,109,Toronto Raptors,119,Box Score,,Box Score,,"19,800",2:02
Wed Oct 26 2022,8:00p,Indiana Pacers,109,Chicago Bulls,124,Box Score,,Box Score,,"18,306",2:26
Wed Oct 26 2022,8:00p,San Antonio Spurs,122,Minnesota Timberwolves,134,Box Score,,Box Score,,"16,165",2:05
Wed Oct 26 2022,9:00p,Houston Rockets,101,Utah Jazz,109,Box Score,,Box Score,,"18,206",2:20
Wed Oct 26 2022,10:00p,Los Angeles Lakers,99,Denver Nuggets,110,Box Score,,Box Score,,"19,520",2:12
Wed Oct 26 2022,10:00p,Miami Heat,119,Portland Trail Blazers,98,Box Score,,Box Score,,"18,588",2:03
Thu Oct 27 2022,7:30p,Dallas Mavericks,129,Brooklyn Nets,125,Box Score,,Box Score,OT,"18,039",2:42
Thu Oct 27 2022,8:00p,Los Angeles Clippers,110,Oklahoma City Thunder,118,Box Score,,Box Score,,"14,510",2:05
Thu Oct 27 2022,10:00p,Miami Heat,110,Golden State Warriors,123,Box Score,,Box Score,,"18,064",2:04
Thu Oct 27 2022,10:00p,Memphis Grizzlies,125,Sacramento Kings,110,Box Score,,Box Score,,"15,511",2:08
Fri Oct 28 2022,7:00p,Atlanta Hawks,136,Detroit Pistons,112,Box Score,,Box Score,,"18,923",2:11
Fri Oct 28 2022,7:00p,Charlotte Hornets,93,Orlando Magic,113,Box Score,,Box Score,,"18,846",2:08
Fri Oct 28 2022,7:30p,Cleveland Cavaliers,132,Boston Celtics,123,Box Score,,Box Score,OT,"19,156",2:42
Fri Oct 28 2022,7:30p,Philadelphia 76ers,112,Toronto Raptors,90,Box Score,,Box Score,,"19,800",2:05
Fri Oct 28 2022,7:30p,Indiana Pacers,127,Washington Wizards,117,Box Score,,Box Score,,"13,463",2:25
Fri Oct 28 2022,8:00p,New York Knicks,108,Milwaukee Bucks,119,Box Score,,Box Score,,"17,341",2:25
Fri Oct 28 2022,8:00p,Los Angeles Lakers,102,Minnesota Timberwolves,111,Box Score,,Box Score,,"17,136",2:28
Fri Oct 28 2022,8:30p,Chicago Bulls,124,San Antonio Spurs,129,Box Score,,Box Score,,"16,562",2:17
Fri Oct 28 2022,9:00p,Utah Jazz,101,Denver Nuggets,117,Box Score,,Box Score,,"19,560",2:07
Fri Oct 28 2022,10:00p,New Orleans Pelicans,111,Phoenix Suns,124,Box Score,,Box Score,,"17,071",2:13
Fri Oct 28 2022,10:00p,Houston Rockets,111,Portland Trail Blazers,125,Box Score,,Box Score,,"19,082",2:11
Sat Oct 29 2022,6:00p,Miami Heat,113,Sacramento Kings,119,Box Score,,Box Score,,"14,618",2:31
Sat Oct 29 2022,7:00p,Golden State Warriors,113,Charlotte Hornets,120,Box Score,,Box Score,OT,"19,079",2:26
Sat Oct 29 2022,7:30p,Indiana Pacers,125,Brooklyn Nets,116,Box Score,,Box Score,,"17,732",2:14
Sat Oct 29 2022,8:00p,Philadelphia 76ers,114,Chicago Bulls,109,Box Score,,Box Score,,"19,010",2:25
Sat Oct 29 2022,8:00p,Atlanta Hawks,115,Milwaukee Bucks,123,Box Score,,Box Score,,"17,341",2:15
Sat Oct 29 2022,9:00p,Oklahoma City Thunder,117,Dallas Mavericks,111,Box Score,,Box Score,OT,"20,307",2:38
Sat Oct 29 2022,9:00p,Memphis Grizzlies,123,Utah Jazz,124,Box Score,,Box Score,,"18,206",2:14
Sun Oct 30 2022,3:00p,New Orleans Pelicans,112,Los Angeles Clippers,91,Box Score,,Box Score,,"18,142",1:59
Sun Oct 30 2022,6:00p,Washington Wizards,94,Boston Celtics,112,Box Score,,Box Score,,"19,156",2:00
Sun Oct 30 2022,6:00p,New York Knicks,108,Cleveland Cavaliers,121,Box Score,,Box Score,,"19,432",2:13
Sun Oct 30 2022,6:00p,Golden State Warriors,114,Detroit Pistons,128,Box Score,,Box Score,,"20,190",2:19
Sun Oct 30 2022,7:00p,Minnesota Timberwolves,98,San Antonio Spurs,107,Box Score,,Box Score,,"15,053",2:14
Sun Oct 30 2022,7:30p,Orlando Magic,105,Dallas Mavericks,114,Box Score,,Box Score,,"20,042",2:22
Sun Oct 30 2022,9:00p,Houston Rockets,109,Phoenix Suns,124,Box Score,,Box Score,,"17,071",2:22
Sun Oct 30 2022,9:30p,Denver Nuggets,110,Los Angeles Lakers,121,Box Score,,Box Score,,"18,997",2:07
Mon Oct 31 2022,7:00p,Sacramento Kings,115,Charlotte Hornets,108,Box Score,,Box Score,,"12,020",2:19
Mon Oct 31 2022,7:00p,Philadelphia 76ers,118,Washington Wizards,111,Box Score,,Box Score,,"13,746",2:14
Mon Oct 31 2022,7:30p,Indiana Pacers,109,Brooklyn Nets,116,Box Score,,Box Score,,"15,770",2:20
Mon Oct 31 2022,7:30p,Atlanta Hawks,109,Toronto Raptors,139,Box Score,,Box Score,,"19,800",2:13
Mon Oct 31 2022,8:00p,Detroit Pistons,108,Milwaukee Bucks,110,Box Score,,Box Score,,"17,341",2:21
Mon Oct 31 2022,9:00p,Memphis Grizzlies,105,Utah Jazz,121,Box Score,,Box Score,,"18,206",2:16
Mon Oct 31 2022,10:30p,Houston Rockets,93,Los Angeles Clippers,95,Box Score,,Box Score,,"14,887",2:13
Tue Nov 01 2022,7:30p,Chicago Bulls,108,Brooklyn Nets,99,Box Score,,Box Score,,"17,732",2:16
Tue Nov 01 2022,7:30p,Golden State Warriors,109,Miami Heat,116,Box Score,,Box Score,,"19,600",2:22
Tue Nov 01 2022,8:00p,Orlando Magic,108,Oklahoma City Thunder,116,Box Score,,Box Score,,"13,109",2:09
Tue Nov 01 2022,10:00p,Minnesota Timberwolves,107,Phoenix Suns,116,Box Score,,Box Score,,"17,071",2:28
Wed Nov 02 2022,6:00p,Washington Wizards,121,Philadelphia 76ers,111,Box Score,,Box Score,,"19,855",2:14
Wed Nov 02 2022,7:30p,Boston Celtics,113,Cleveland Cavaliers,114,Box Score,,Box Score,OT,"19,432",2:35
Wed Nov 02 2022,7:30p,Sacramento Kings,107,Miami Heat,110,Box Score,,Box Score,,"19,600",2:13
Wed Nov 02 2022,7:30p,Atlanta Hawks,112,New York Knicks,99,Box Score,,Box Score,,"19,812",2:11
Wed Nov 02 2022,8:00p,Charlotte Hornets,88,Chicago Bulls,106,Box Score,,Box Score,,"17,886",2:07
Wed Nov 02 2022,8:00p,Los Angeles Clippers,109,Houston Rockets,101,Box Score,,Box Score,,"15,860",2:08
Wed Nov 02 2022,8:00p,Detroit Pistons,91,Milwaukee Bucks,116,Box Score,,Box Score,,"17,341",2:10
Wed Nov 02 2022,8:00p,Toronto Raptors,143,San Antonio Spurs,100,Box Score,,Box Score,,"12,155",2:04
Wed Nov 02 2022,8:30p,Utah Jazz,100,Dallas Mavericks,103,Box Score,,Box Score,,"19,877",2:07
Wed Nov 02 2022,10:00p,Memphis Grizzlies,111,Portland Trail Blazers,106,Box Score,,Box Score,,"19,462",2:19
Wed Nov 02 2022,10:30p,New Orleans Pelicans,117,Los Angeles Lakers,120,Box Score,,Box Score,OT,"18,997",2:20
Thu Nov 03 2022,7:00p,Golden State Warriors,129,Orlando Magic,130,Box Score,,Box Score,,"18,846",2:29
Thu Nov 03 2022,8:00p,Denver Nuggets,122,Oklahoma City Thunder,110,Box Score,,Box Score,,"13,791",2:05
Fri Nov 04 2022,7:00p,Cleveland Cavaliers,112,Detroit Pistons,88,Box Score,,Box Score,,"18,744",2:07
Fri Nov 04 2022,7:00p,Miami Heat,99,Indiana Pacers,101,Box Score,,Box Score,,"13,141",2:22
Fri Nov 04 2022,7:00p,New York Knicks,106,Philadelphia 76ers,104,Box Score,,Box Score,,"20,679",2:20
Fri Nov 04 2022,7:00p,Brooklyn Nets,128,Washington Wizards,86,Box Score,,Box Score,,"17,258",2:06
Fri Nov 04 2022,7:30p,Chicago Bulls,119,Boston Celtics,123,Box Score,,Box Score,,"19,156",2:31
Fri Nov 04 2022,8:00p,Charlotte Hornets,99,Memphis Grizzlies,130,Box Score,,Box Score,,"17,187",2:07
Fri Nov 04 2022,8:00p,Los Angeles Clippers,113,San Antonio Spurs,106,Box Score,,Box Score,,"12,603",
Fri Nov 04 2022,8:30p,Toronto Raptors,110,Dallas Mavericks,111,Box Score,,Box Score,,"20,177",2:21
Fri Nov 04 2022,8:30p,Golden State Warriors,105,New Orleans Pelicans,114,Box Score,,Box Score,,"18,451",2:15
Fri Nov 04 2022,10:00p,Milwaukee Bucks,115,Minnesota Timberwolves,102,Box Score,,Box Score,,"17,136",2:21
Fri Nov 04 2022,10:00p,Portland Trail Blazers,108,Phoenix Suns,106,Box Score,,Box Score,,"17,071",2:14
Fri Nov 04 2022,10:30p,Utah Jazz,130,Los Angeles Lakers,116,Box Score,,Box Score,,"18,997",2:09
Sat Nov 05 2022,5:00p,Sacramento Kings,126,Orlando Magic,123,Box Score,,Box Score,OT,"18,846",2:34
Sat Nov 05 2022,7:00p,Brooklyn Nets,98,Charlotte Hornets,94,Box Score,,Box Score,,"19,398",2:17
Sat Nov 05 2022,7:30p,New Orleans Pelicans,121,Atlanta Hawks,124,Box Score,,Box Score,OT,"17,654",2:32
Sat Nov 05 2022,7:30p,Boston Celtics,133,New York Knicks,118,Box Score,,Box Score,,"19,812",2:04
Sat Nov 05 2022,8:00p,Oklahoma City Thunder,94,Milwaukee Bucks,108,Box Score,,Box Score,,"17,713",2:06
Sat Nov 05 2022,8:00p,Houston Rockets,117,Minnesota Timberwolves,129,Box Score,,Box Score,,"16,412",2:16
Sat Nov 05 2022,9:00p,San Antonio Spurs,101,Denver Nuggets,126,Box Score,,Box Score,,"19,641",1:59
Sat Nov 05 2022,10:00p,Portland Trail Blazers,82,Phoenix Suns,102,Box Score,,Box Score,,"17,071",2:18
Sun Nov 06 2022,3:30p,Cleveland Cavaliers,114,Los Angeles Lakers,100,Box Score,,Box Score,,"18,997",2:18
Sun Nov 06 2022,6:00p,Washington Wizards,97,Memphis Grizzlies,103,Box Score,,Box Score,,"16,877",2:07
Sun Nov 06 2022,6:00p,Chicago Bulls,104,Toronto Raptors,113,Box Score,,Box Score,,"19,800",2:03
Sun Nov 06 2022,10:00p,Utah Jazz,110,Los Angeles Clippers,102,Box Score,,Box Score,,"16,111",2:12
Mon Nov 07 2022,7:00p,Washington Wizards,108,Charlotte Hornets,100,Box Score,,Box Score,,"13,712",2:12
Mon Nov 07 2022,7:15p,Houston Rockets,134,Orlando Magic,127,Box Score,,Box Score,,"15,441",2:24
Mon Nov 07 2022,7:30p,Oklahoma City Thunder,103,Detroit Pistons,112,Box Score,,Box Score,,"16,223",2:13
Mon Nov 07 2022,7:45p,New Orleans Pelicans,122,Indiana Pacers,129,Box Score,,Box Score,,"14,052",2:12
Mon Nov 07 2022,8:00p,Phoenix Suns,88,Philadelphia 76ers,100,Box Score,,Box Score,,"20,347",2:18
Mon Nov 07 2022,8:15p,Milwaukee Bucks,98,Atlanta Hawks,117,Box Score,,Box Score,,"17,494",2:11
Mon Nov 07 2022,8:30p,Portland Trail Blazers,110,Miami Heat,107,Box Score,,Box Score,,"19,600",2:11
Mon Nov 07 2022,8:45p,Toronto Raptors,97,Chicago Bulls,111,Box Score,,Box Score,,"21,142",2:11
Mon Nov 07 2022,9:00p,Boston Celtics,109,Memphis Grizzlies,106,Box Score,,Box Score,,"17,371",2:08
Mon Nov 07 2022,9:15p,New York Knicks,120,Minnesota Timberwolves,107,Box Score,,Box Score,,"14,524",2:17
Mon Nov 07 2022,9:30p,Denver Nuggets,115,San Antonio Spurs,109,Box Score,,Box Score,,"11,574",2:10
Mon Nov 07 2022,9:45p,Brooklyn Nets,94,Dallas Mavericks,96,Box Score,,Box Score,,"20,011",2:19
Mon Nov 07 2022,10:00p,Sacramento Kings,113,Golden State Warriors,116,Box Score,,Box Score,,"18,064",2:22
Mon Nov 07 2022,10:15p,Los Angeles Lakers,116,Utah Jazz,139,Box Score,,Box Score,,"18,206",2:12
Mon Nov 07 2022,10:30p,Cleveland Cavaliers,117,Los Angeles Clippers,119,Box Score,,Box Score,,"16,516",2:19
Wed Nov 09 2022,5:30p,Dallas Mavericks,87,Orlando Magic,94,Box Score,,Box Score,,"18,165",2:09
Wed Nov 09 2022,7:00p,Portland Trail Blazers,105,Charlotte Hornets,95,Box Score,,Box Score,,"14,774",2:10
Wed Nov 09 2022,7:00p,Denver Nuggets,122,Indiana Pacers,119,Box Score,,Box Score,,"14,069",2:13
Wed Nov 09 2022,7:30p,Utah Jazz,125,Atlanta Hawks,119,Box Score,,Box Score,,"15,845",2:02
Wed Nov 09 2022,7:30p,Detroit Pistons,112,Boston Celtics,128,Box Score,,Box Score,,"19,156",2:12
Wed Nov 09 2022,7:30p,New York Knicks,85,Brooklyn Nets,112,Box Score,,Box Score,,"18,156",2:09
Wed Nov 09 2022,7:30p,Houston Rockets,109,Toronto Raptors,116,Box Score,,Box Score,,"19,800",2:13
Wed Nov 09 2022,8:00p,New Orleans Pelicans,115,Chicago Bulls,111,Box Score,,Box Score,,"19,621",2:19
Wed Nov 09 2022,8:00p,Phoenix Suns,129,Minnesota Timberwolves,117,Box Score,,Box Score,,"16,062",2:13
Wed Nov 09 2022,8:00p,Milwaukee Bucks,136,Oklahoma City Thunder,132,Box Score,,Box Score,2OT,"15,180",2:56
Wed Nov 09 2022,8:00p,Memphis Grizzlies,124,San Antonio Spurs,122,Box Score,,Box Score,OT,"13,507",2:28
Wed Nov 09 2022,10:00p,Los Angeles Lakers,101,Los Angeles Clippers,114,Box Score,,Box Score,,"19,068",2:13
Wed Nov 09 2022,10:00p,Cleveland Cavaliers,120,Sacramento Kings,127,Box Score,,Box Score,,"13,816",2:13
Thu Nov 10 2022,7:00p,Dallas Mavericks,105,Washington Wizards,113,Box Score,,Box Score,,"18,320",2:11
Thu Nov 10 2022,7:30p,Philadelphia 76ers,95,Atlanta Hawks,104,Box Score,,Box Score,,"16,066",2:19
Thu Nov 10 2022,7:30p,Charlotte Hornets,112,Miami Heat,117,Box Score,,Box Score,OT,"19,600",2:39
Thu Nov 10 2022,8:00p,Portland Trail Blazers,106,New Orleans Pelicans,95,Box Score,,Box Score,,"14,289",2:10
Fri Nov 11 2022,7:00p,Denver Nuggets,112,Boston Celtics,131,Box Score,,Box Score,,"19,156",2:11
Fri Nov 11 2022,7:00p,Phoenix Suns,97,Orlando Magic,114,Box Score,,Box Score,,"15,879",2:03
Fri Nov 11 2022,7:30p,Detroit Pistons,112,New York Knicks,121,Box Score,,Box Score,,"19,812",2:25
Fri Nov 11 2022,8:00p,Toronto Raptors,113,Oklahoma City Thunder,132,Box Score,,Box Score,,"16,104",2:05
Fri Nov 11 2022,8:00p,Milwaukee Bucks,93,San Antonio Spurs,111,Box Score,,Box Score,,"15,642",2:13
Fri Nov 11 2022,9:30p,Minnesota Timberwolves,103,Memphis Grizzlies,114,Box Score,,Box Score,,"16,939",2:16
Fri Nov 11 2022,10:00p,Cleveland Cavaliers,101,Golden State Warriors,106,Box Score,,Box Score,,"18,064",2:26
Fri Nov 11 2022,10:30p,Sacramento Kings,120,Los Angeles Lakers,114,Box Score,,Box Score,,"17,849",2:11
Sat Nov 12 2022,4:00p,Brooklyn Nets,110,Los Angeles Clippers,95,Box Score,,Box Score,,"17,777",2:15
Sat Nov 12 2022,6:00p,Utah Jazz,112,Washington Wizards,121,Box Score,,Box Score,,"13,673",2:07
Sat Nov 12 2022,7:00p,Boston Celtics,117,Detroit Pistons,108,Box Score,,Box Score,,"20,190",2:10
Sat Nov 12 2022,7:00p,Toronto Raptors,104,Indiana Pacers,118,Box Score,,Box Score,,"13,089",2:17
Sat Nov 12 2022,7:30p,Atlanta Hawks,109,Philadelphia 76ers,121,Box Score,,Box Score,,"20,245",2:26
Sat Nov 12 2022,8:00p,Charlotte Hornets,115,Miami Heat,132,Box Score,,Box Score,,"19,600",2:09
Sat Nov 12 2022,8:30p,Portland Trail Blazers,112,Dallas Mavericks,117,Box Score,,Box Score,,"20,277",2:13
Sat Nov 12 2022,8:30p,Houston Rockets,106,New Orleans Pelicans,119,Box Score,,Box Score,,"15,367",2:14
Sun Nov 13 2022,12:00p,Oklahoma City Thunder,145,New York Knicks,135,Box Score,,Box Score,,"18,325",2:14
Sun Nov 13 2022,6:00p,Minnesota Timberwolves,129,Cleveland Cavaliers,124,Box Score,,Box Score,,"19,432",2:31
Sun Nov 13 2022,6:00p,Memphis Grizzlies,92,Washington Wizards,102,Box Score,,Box Score,,"17,667",2:13
Sun Nov 13 2022,7:30p,Utah Jazz,98,Philadelphia 76ers,105,Box Score,,Box Score,,"19,761",2:21
Sun Nov 13 2022,8:00p,Denver Nuggets,126,Chicago Bulls,103,Box Score,,Box Score,,"21,602",2:05
Sun Nov 13 2022,9:00p,Golden State Warriors,115,Sacramento Kings,122,Box Score,,Box Score,,"16,410",2:12
Sun Nov 13 2022,9:30p,Brooklyn Nets,103,Los Angeles Lakers,116,Box Score,,Box Score,,"18,040",2:15
Mon Nov 14 2022,7:00p,Toronto Raptors,115,Detroit Pistons,111,Box Score,,Box Score,,"16,988",2:24
Mon Nov 14 2022,7:00p,Charlotte Hornets,112,Orlando Magic,105,Box Score,,Box Score,,"15,018",2:17
Mon Nov 14 2022,7:30p,Oklahoma City Thunder,122,Boston Celtics,126,Box Score,,Box Score,,"19,156",2:15
Mon Nov 14 2022,7:30p,Phoenix Suns,112,Miami Heat,113,Box Score,,Box Score,,"19,600",2:09
Mon Nov 14 2022,8:00p,Los Angeles Clippers,122,Houston Rockets,106,Box Score,,Box Score,,"16,098",2:18
Mon Nov 14 2022,8:00p,Atlanta Hawks,121,Milwaukee Bucks,106,Box Score,,Box Score,,"17,341",2:21
Mon Nov 14 2022,10:00p,San Antonio Spurs,95,Golden State Warriors,132,Box Score,,Box Score,,"18,064",2:10
Tue Nov 15 2022,7:30p,Memphis Grizzlies,102,New Orleans Pelicans,113,Box Score,,Box Score,,"14,032",2:13
Tue Nov 15 2022,8:30p,Los Angeles Clippers,101,Dallas Mavericks,103,Box Score,,Box Score,,"19,810",2:22
Tue Nov 15 2022,9:00p,New York Knicks,118,Utah Jazz,111,Box Score,,Box Score,,"18,206",2:11
Tue Nov 15 2022,10:00p,San Antonio Spurs,110,Portland Trail Blazers,117,Box Score,,Box Score,,"19,012",2:12
Tue Nov 15 2022,10:00p,Brooklyn Nets,121,Sacramento Kings,153,Box Score,,Box Score,,"17,611",2:21
Wed Nov 16 2022,7:00p,Indiana Pacers,125,Charlotte Hornets,113,Box Score,,Box Score,,"14,756",2:15
Wed Nov 16 2022,7:00p,Minnesota Timberwolves,126,Orlando Magic,108,Box Score,,Box Score,,"16,527",2:07
Wed Nov 16 2022,7:00p,Oklahoma City Thunder,121,Washington Wizards,120,Box Score,,Box Score,,"12,630",2:15
Wed Nov 16 2022,7:30p,Boston Celtics,126,Atlanta Hawks,101,Box Score,,Box Score,,"18,165",2:03
Wed Nov 16 2022,7:30p,Miami Heat,104,Toronto Raptors,112,Box Score,,Box Score,,"19,800",2:16
Wed Nov 16 2022,8:00p,Cleveland Cavaliers,98,Milwaukee Bucks,113,Box Score,,Box Score,,"17,341",2:07
Wed Nov 16 2022,8:00p,Chicago Bulls,110,New Orleans Pelicans,124,Box Score,,Box Score,,"14,658",2:12
Wed Nov 16 2022,8:30p,Houston Rockets,101,Dallas Mavericks,92,Box Score,,Box Score,,"19,602",2:11
Wed Nov 16 2022,10:00p,New York Knicks,106,Denver Nuggets,103,Box Score,,Box Score,,"18,210",2:17
Wed Nov 16 2022,10:00p,Golden State Warriors,119,Phoenix Suns,130,Box Score,,Box Score,,"17,071",2:18
Thu Nov 17 2022,10:00p,Brooklyn Nets,109,Portland Trail Blazers,107,Box Score,,Box Score,,"19,393",2:27
Thu Nov 17 2022,10:00p,San Antonio Spurs,112,Sacramento Kings,130,Box Score,,Box Score,,"16,522",2:09
Thu Nov 17 2022,10:30p,Detroit Pistons,91,Los Angeles Clippers,96,Box Score,,Box Score,,"17,822",2:30
Fri Nov 18 2022,7:00p,Miami Heat,106,Washington Wizards,107,Box Score,,Box Score,OT,"18,772",2:31
Fri Nov 18 2022,7:30p,Charlotte Hornets,122,Cleveland Cavaliers,132,Box Score,,Box Score,2OT,"19,432",2:53
Fri Nov 18 2022,7:30p,Milwaukee Bucks,102,Philadelphia 76ers,110,Box Score,,Box Score,,"19,769",2:24
Fri Nov 18 2022,8:00p,Orlando Magic,108,Chicago Bulls,107,Box Score,,Box Score,,"21,031",2:18
Fri Nov 18 2022,8:00p,Indiana Pacers,99,Houston Rockets,91,Box Score,,Box Score,,"15,882",2:34
Fri Nov 18 2022,8:00p,Oklahoma City Thunder,110,Memphis Grizzlies,121,Box Score,,Box Score,,"17,324",2:13
Fri Nov 18 2022,8:30p,Denver Nuggets,99,Dallas Mavericks,127,Box Score,,Box Score,,"20,135",2:04
Fri Nov 18 2022,8:30p,Boston Celtics,117,New Orleans Pelicans,109,Box Score,,Box Score,,"17,828",2:01
Fri Nov 18 2022,9:00p,Phoenix Suns,133,Utah Jazz,134,Box Score,,Box Score,,"18,206",2:16
Fri Nov 18 2022,10:00p,New York Knicks,101,Golden State Warriors,111,Box Score,,Box Score,,"18,064",2:20
Fri Nov 18 2022,10:30p,Detroit Pistons,121,Los Angeles Lakers,128,Box Score,,Box Score,,"18,095",2:25
Sat Nov 19 2022,6:00p,Toronto Raptors,122,Atlanta Hawks,124,Box Score,,Box Score,OT,"18,051",2:40
Sat Nov 19 2022,7:00p,Orlando Magic,113,Indiana Pacers,114,Box Score,,Box Score,,"14,478",2:11
Sat Nov 19 2022,7:30p,Minnesota Timberwolves,112,Philadelphia 76ers,109,Box Score,,Box Score,,"20,515",2:23
Sat Nov 19 2022,10:00p,Utah Jazz,118,Portland Trail Blazers,113,Box Score,,Box Score,,"19,595",2:18
Sat Nov 19 2022,10:30p,San Antonio Spurs,97,Los Angeles Clippers,119,Box Score,,Box Score,,"18,581",2:02
Sun Nov 20 2022,3:30p,New York Knicks,95,Phoenix Suns,116,Box Score,,Box Score,,"17,071",2:04
Sun Nov 20 2022,6:00p,Detroit Pistons,129,Sacramento Kings,137,Box Score,,Box Score,,"17,866",2:29
Sun Nov 20 2022,6:00p,Charlotte Hornets,102,Washington Wizards,106,Box Score,,Box Score,,"14,289",2:17
Sun Nov 20 2022,7:00p,Memphis Grizzlies,115,Brooklyn Nets,127,Box Score,,Box Score,,"18,241",2:12
Sun Nov 20 2022,7:00p,Miami Heat,87,Cleveland Cavaliers,113,Box Score,,Box Score,,"19,432",2:06
Sun Nov 20 2022,7:00p,Golden State Warriors,127,Houston Rockets,120,Box Score,,Box Score,,"18,055",2:09
Sun Nov 20 2022,7:30p,Denver Nuggets,98,Dallas Mavericks,97,Box Score,,Box Score,,"20,244",2:12
Sun Nov 20 2022,9:30p,San Antonio Spurs,92,Los Angeles Lakers,123,Box Score,,Box Score,,"18,211",2:02
Mon Nov 21 2022,7:00p,Atlanta Hawks,102,Cleveland Cavaliers,114,Box Score,,Box Score,,"19,432",2:16
Mon Nov 21 2022,7:00p,Orlando Magic,102,Indiana Pacers,123,Box Score,,Box Score,,"14,029",2:20
Mon Nov 21 2022,8:00p,Boston Celtics,107,Chicago Bulls,121,Box Score,,Box Score,,"20,786",2:05
Mon Nov 21 2022,8:00p,Portland Trail Blazers,111,Milwaukee Bucks,119,Box Score,,Box Score,,"17,341",2:13
Mon Nov 21 2022,8:00p,Miami Heat,101,Minnesota Timberwolves,105,Box Score,,Box Score,,"16,583",2:21
Mon Nov 21 2022,8:00p,Golden State Warriors,83,New Orleans Pelicans,128,Box Score,,Box Score,,"18,589",2:05
Mon Nov 21 2022,8:00p,New York Knicks,129,Oklahoma City Thunder,119,Box Score,,Box Score,,"15,079",2:11
Mon Nov 21 2022,10:30p,Utah Jazz,114,Los Angeles Clippers,121,Box Score,,Box Score,,"19,068",2:13
Tue Nov 22 2022,7:30p,Brooklyn Nets,106,Philadelphia 76ers,115,Box Score,,Box Score,,"20,184",2:17
Tue Nov 22 2022,8:00p,Sacramento Kings,113,Memphis Grizzlies,109,Box Score,,Box Score,,"16,826",2:27
Tue Nov 22 2022,9:00p,Detroit Pistons,110,Denver Nuggets,108,Box Score,,Box Score,,"19,635",2:18
Tue Nov 22 2022,10:00p,Los Angeles Lakers,105,Phoenix Suns,115,Box Score,,Box Score,,"17,071",2:19
Wed Nov 23 2022,7:00p,Philadelphia 76ers,101,Charlotte Hornets,107,Box Score,,Box Score,,"16,910",2:12
Wed Nov 23 2022,7:00p,Portland Trail Blazers,96,Cleveland Cavaliers,114,Box Score,,Box Score,,"19,432",2:09
Wed Nov 23 2022,7:00p,Minnesota Timberwolves,115,Indiana Pacers,101,Box Score,,Box Score,,"15,751",2:13
Wed Nov 23 2022,7:30p,Sacramento Kings,106,Atlanta Hawks,115,Box Score,,Box Score,,"18,173",2:10
Wed Nov 23 2022,7:30p,Dallas Mavericks,112,Boston Celtics,125,Box Score,,Box Score,,"19,156",2:10
Wed Nov 23 2022,7:30p,Washington Wizards,105,Miami Heat,113,Box Score,,Box Score,,"19,600",2:15
Wed Nov 23 2022,7:30p,Brooklyn Nets,112,Toronto Raptors,98,Box Score,,Box Score,,"19,800",2:04
Wed Nov 23 2022,8:00p,Chicago Bulls,118,Milwaukee Bucks,113,Box Score,,Box Score,,"17,341",2:23
Wed Nov 23 2022,8:00p,Denver Nuggets,131,Oklahoma City Thunder,126,Box Score,,Box Score,OT,"13,656",2:36
Wed Nov 23 2022,8:00p,New Orleans Pelicans,129,San Antonio Spurs,110,Box Score,,Box Score,,"14,947",2:11
Wed Nov 23 2022,9:00p,Detroit Pistons,125,Utah Jazz,116,Box Score,,Box Score,,"18,206",2:08
Wed Nov 23 2022,10:00p,Los Angeles Clippers,107,Golden State Warriors,124,Box Score,,Box Score,,"18,064",2:18
Fri Nov 25 2022,5:00p,Minnesota Timberwolves,108,Charlotte Hornets,110,Box Score,,Box Score,,"17,924",2:20
Fri Nov 25 2022,7:00p,Philadelphia 76ers,107,Orlando Magic,99,Box Score,,Box Score,,"15,384",2:12
Fri Nov 25 2022,7:30p,Portland Trail Blazers,132,New York Knicks,129,Box Score,,Box Score,OT,"19,812",2:49
Fri Nov 25 2022,8:00p,Sacramento Kings,104,Boston Celtics,122,Box Score,,Box Score,,"19,156",2:09
Fri Nov 25 2022,8:00p,Atlanta Hawks,122,Houston Rockets,128,Box Score,,Box Score,,"16,669",2:29
Fri Nov 25 2022,8:00p,Brooklyn Nets,117,Indiana Pacers,128,Box Score,,Box Score,,"15,404",2:20
Fri Nov 25 2022,8:00p,New Orleans Pelicans,111,Memphis Grizzlies,132,Box Score,,Box Score,,"17,794",2:13
Fri Nov 25 2022,8:00p,Washington Wizards,107,Miami Heat,110,Box Score,,Box Score,,"19,600",2:19
Fri Nov 25 2022,8:00p,Cleveland Cavaliers,102,Milwaukee Bucks,117,Box Score,,Box Score,,"17,447",2:11
Fri Nov 25 2022,8:00p,Chicago Bulls,119,Oklahoma City Thunder,123,Box Score,,Box Score,OT,"16,082",2:31
Fri Nov 25 2022,8:00p,Los Angeles Lakers,105,San Antonio Spurs,94,Box Score,,Box Score,,"18,354",2:05
Fri Nov 25 2022,9:00p,Detroit Pistons,102,Phoenix Suns,108,Box Score,,Box Score,,"17,071",2:13
Fri Nov 25 2022,10:00p,Utah Jazz,118,Golden State Warriors,129,Box Score,,Box Score,,"18,064",2:06
Fri Nov 25 2022,10:30p,Denver Nuggets,114,Los Angeles Clippers,104,Box Score,,Box Score,,"16,559",2:18
Sat Nov 26 2022,5:00p,Dallas Mavericks,100,Toronto Raptors,105,Box Score,,Box Score,,"19,800",2:24
Sat Nov 26 2022,8:00p,Oklahoma City Thunder,105,Houston Rockets,118,Box Score,,Box Score,,"15,151",2:09
Sat Nov 26 2022,8:00p,Los Angeles Lakers,143,San Antonio Spurs,138,Box Score,,Box Score,,"18,354",2:21
Sat Nov 26 2022,9:00p,Utah Jazz,112,Phoenix Suns,113,Box Score,,Box Score,,"17,071",2:06
Sun Nov 27 2022,3:00p,Portland Trail Blazers,97,Brooklyn Nets,111,Box Score,,Box Score,,"17,732",2:09
Sun Nov 27 2022,3:30p,Golden State Warriors,137,Minnesota Timberwolves,114,Box Score,,Box Score,,"17,136",2:17
Sun Nov 27 2022,4:00p,Indiana Pacers,100,Los Angeles Clippers,114,Box Score,,Box Score,,"16,805",2:16
Sun Nov 27 2022,5:00p,Miami Heat,106,Atlanta Hawks,98,Box Score,,Box Score,,"17,268",2:06
Sun Nov 27 2022,6:00p,Washington Wizards,121,Boston Celtics,130,Box Score,,Box Score,,"19,156",2:08
Sun Nov 27 2022,6:00p,Cleveland Cavaliers,102,Detroit Pistons,94,Box Score,,Box Score,,"18,240",2:19
Sun Nov 27 2022,6:00p,Memphis Grizzlies,127,New York Knicks,123,Box Score,,Box Score,,"19,524",2:28
Sun Nov 27 2022,6:00p,Philadelphia 76ers,133,Orlando Magic,103,Box Score,,Box Score,,"16,218",2:10
Sun Nov 27 2022,8:00p,Dallas Mavericks,115,Milwaukee Bucks,124,Box Score,,Box Score,,"17,341",2:13
Mon Nov 28 2022,7:00p,Atlanta Hawks,101,Philadelphia 76ers,104,Box Score,,Box Score,,"19,778",2:18
Mon Nov 28 2022,7:00p,Minnesota Timberwolves,127,Washington Wizards,142,Box Score,,Box Score,,"13,515",2:17
Mon Nov 28 2022,7:30p,Charlotte Hornets,105,Boston Celtics,140,Box Score,,Box Score,,"19,156",1:56
Mon Nov 28 2022,7:30p,Orlando Magic,102,Brooklyn Nets,109,Box Score,,Box Score,,"15,704",2:04
Mon Nov 28 2022,7:30p,Cleveland Cavaliers,88,Toronto Raptors,100,Box Score,,Box Score,,"19,800",2:00
Mon Nov 28 2022,8:00p,Oklahoma City Thunder,101,New Orleans Pelicans,105,Box Score,,Box Score,,"13,109",2:20
Mon Nov 28 2022,9:00p,Houston Rockets,113,Denver Nuggets,129,Box Score,,Box Score,,"16,027",2:13
Mon Nov 28 2022,9:00p,Chicago Bulls,114,Utah Jazz,107,Box Score,,Box Score,,"18,206",2:07
Mon Nov 28 2022,10:00p,Phoenix Suns,122,Sacramento Kings,117,Box Score,,Box Score,,"16,407",2:10
Mon Nov 28 2022,10:30p,Indiana Pacers,116,Los Angeles Lakers,115,Box Score,,Box Score,,"16,034",2:18
Tue Nov 29 2022,7:00p,New York Knicks,140,Detroit Pistons,110,Box Score,,Box Score,,"14,864",2:03
Tue Nov 29 2022,7:30p,Golden State Warriors,113,Dallas Mavericks,116,Box Score,,Box Score,,"20,277",2:32
Tue Nov 29 2022,10:00p,Los Angeles Clippers,118,Portland Trail Blazers,112,Box Score,,Box Score,,"17,251",2:25
Wed Nov 30 2022,7:00p,Philadelphia 76ers,85,Cleveland Cavaliers,113,Box Score,,Box Score,,"19,432",2:03
Wed Nov 30 2022,7:00p,Atlanta Hawks,125,Orlando Magic,108,Box Score,,Box Score,,"15,344",2:08
Wed Nov 30 2022,7:30p,Miami Heat,121,Boston Celtics,134,Box Score,,Box Score,,"19,156",2:01
Wed Nov 30 2022,7:30p,Washington Wizards,107,Brooklyn Nets,113,Box Score,,Box Score,,"15,963",2:22
Wed Nov 30 2022,7:30p,Milwaukee Bucks,109,New York Knicks,103,Box Score,,Box Score,,"17,277",2:18
Wed Nov 30 2022,8:00p,Memphis Grizzlies,101,Minnesota Timberwolves,109,Box Score,,Box Score,,"15,980",2:23
Wed Nov 30 2022,8:00p,Toronto Raptors,108,New Orleans Pelicans,126,Box Score,,Box Score,,"14,845",2:09
Wed Nov 30 2022,8:00p,San Antonio Spurs,111,Oklahoma City Thunder,119,Box Score,,Box Score,,"15,605",2:09
Wed Nov 30 2022,9:00p,Houston Rockets,100,Denver Nuggets,120,Box Score,,Box Score,,"16,286",2:03
Wed Nov 30 2022,9:00p,Chicago Bulls,113,Phoenix Suns,132,Box Score,,Box Score,,"17,071",2:11
Wed Nov 30 2022,9:00p,Los Angeles Clippers,112,Utah Jazz,125,Box Score,,Box Score,,"18,206",2:19
Wed Nov 30 2022,10:00p,Indiana Pacers,114,Sacramento Kings,137,Box Score,,Box Score,,"17,611",2:22
Wed Nov 30 2022,10:30p,Portland Trail Blazers,109,Los Angeles Lakers,128,Box Score,,Box Score,,"18,560",2:08
Thu Dec 01 2022,7:00p,Dallas Mavericks,125,Detroit Pistons,131,Box Score,,Box Score,OT,"18,106",2:33
Fri Dec 02 2022,7:00p,Washington Wizards,116,Charlotte Hornets,117,Box Score,,Box Score,,"15,231",2:19
Fri Dec 02 2022,7:30p,Denver Nuggets,109,Atlanta Hawks,117,Box Score,,Box Score,,"16,974",2:06
Fri Dec 02 2022,7:30p,Miami Heat,120,Boston Celtics,116,Box Score,,Box Score,OT,"19,156",2:33
Fri Dec 02 2022,7:30p,Toronto Raptors,105,Brooklyn Nets,114,Box Score,,Box Score,,"17,732",2:17
Fri Dec 02 2022,7:30p,Orlando Magic,96,Cleveland Cavaliers,107,Box Score,,Box Score,,"19,432",2:09
Fri Dec 02 2022,7:30p,Los Angeles Lakers,133,Milwaukee Bucks,129,Box Score,,Box Score,,"17,938",2:21
Fri Dec 02 2022,8:00p,Philadelphia 76ers,109,Memphis Grizzlies,117,Box Score,,Box Score,,"17,022",2:13
Fri Dec 02 2022,8:00p,New Orleans Pelicans,117,San Antonio Spurs,99,Box Score,,Box Score,,"17,202",2:05
Fri Dec 02 2022,9:00p,Houston Rockets,122,Phoenix Suns,121,Box Score,,Box Score,,"17,071",2:17
Fri Dec 02 2022,9:00p,Indiana Pacers,119,Utah Jazz,139,Box Score,,Box Score,,"18,206",2:28
Fri Dec 02 2022,10:00p,Chicago Bulls,111,Golden State Warriors,119,Box Score,,Box Score,,"18,064",2:24
Sat Dec 03 2022,12:30p,Dallas Mavericks,121,New York Knicks,100,Box Score,,Box Score,,"18,319",2:03
Sat Dec 03 2022,4:00p,Sacramento Kings,123,Los Angeles Clippers,96,Box Score,,Box Score,,"16,587",2:16
Sat Dec 03 2022,6:00p,Milwaukee Bucks,105,Charlotte Hornets,96,Box Score,,Box Score,,"18,128",2:15
Sat Dec 03 2022,8:00p,Oklahoma City Thunder,135,Minnesota Timberwolves,128,Box Score,,Box Score,,"17,136",2:31
Sat Dec 03 2022,8:00p,Orlando Magic,108,Toronto Raptors,121,Box Score,,Box Score,,"19,800",2:12
Sat Dec 03 2022,8:30p,Houston Rockets,101,Golden State Warriors,120,Box Score,,Box Score,,"18,064",2:05
Sat Dec 03 2022,9:00p,Portland Trail Blazers,116,Utah Jazz,111,Box Score,,Box Score,,"18,206",2:15
Sun Dec 04 2022,3:30p,Denver Nuggets,106,New Orleans Pelicans,121,Box Score,,Box Score,,"15,658",2:19
Sun Dec 04 2022,4:00p,Phoenix Suns,133,San Antonio Spurs,95,Box Score,,Box Score,,"16,409",2:08
Sun Dec 04 2022,6:00p,Boston Celtics,103,Brooklyn Nets,92,Box Score,,Box Score,,"18,043",2:07
Sun Dec 04 2022,6:00p,Memphis Grizzlies,122,Detroit Pistons,112,Box Score,,Box Score,,"20,088",2:13
Sun Dec 04 2022,6:00p,Cleveland Cavaliers,81,New York Knicks,92,Box Score,,Box Score,,"19,007",2:11
Sun Dec 04 2022,6:00p,Chicago Bulls,101,Sacramento Kings,110,Box Score,,Box Score,,"17,611",2:09
Sun Dec 04 2022,6:00p,Los Angeles Lakers,130,Washington Wizards,119,Box Score,,Box Score,,"19,647",2:09
Sun Dec 04 2022,9:00p,Indiana Pacers,100,Portland Trail Blazers,116,Box Score,,Box Score,,"17,479",2:07
Mon Dec 05 2022,7:00p,Los Angeles Clippers,119,Charlotte Hornets,117,Box Score,,Box Score,,"13,945",2:08
Mon Dec 05 2022,7:00p,Milwaukee Bucks,109,Orlando Magic,102,Box Score,,Box Score,,"16,174",2:18
Mon Dec 05 2022,7:30p,Oklahoma City Thunder,121,Atlanta Hawks,114,Box Score,,Box Score,,"16,301",2:13
Mon Dec 05 2022,7:30p,Boston Celtics,116,Toronto Raptors,110,Box Score,,Box Score,,"19,800",2:11
Mon Dec 05 2022,8:00p,Philadelphia 76ers,123,Houston Rockets,132,Box Score,,Box Score,2OT,"15,331",2:57
Mon Dec 05 2022,8:00p,Miami Heat,93,Memphis Grizzlies,101,Box Score,,Box Score,,"16,122",2:07
Mon Dec 05 2022,8:30p,Phoenix Suns,111,Dallas Mavericks,130,Box Score,,Box Score,,"20,227",2:09
Mon Dec 05 2022,10:00p,Indiana Pacers,112,Golden State Warriors,104,Box Score,,Box Score,,"18,064",2:15
Tue Dec 06 2022,7:30p,Los Angeles Lakers,102,Cleveland Cavaliers,116,Box Score,,Box Score,,"19,432",2:13
Tue Dec 06 2022,7:30p,Detroit Pistons,116,Miami Heat,96,Box Score,,Box Score,,"19,600",2:09
Tue Dec 06 2022,10:00p,Dallas Mavericks,116,Denver Nuggets,115,Box Score,,Box Score,,"19,520",2:30
Wed Dec 07 2022,7:00p,Los Angeles Clippers,111,Orlando Magic,116,Box Score,,Box Score,OT,"14,429",2:41
Wed Dec 07 2022,7:30p,Charlotte Hornets,116,Brooklyn Nets,122,Box Score,,Box Score,,"16,903",2:11
Wed Dec 07 2022,7:30p,Atlanta Hawks,89,New York Knicks,113,Box Score,,Box Score,,"18,091",2:20
Wed Dec 07 2022,7:30p,Los Angeles Lakers,113,Toronto Raptors,126,Box Score,,Box Score,,"19,800",2:11
Wed Dec 07 2022,8:00p,Washington Wizards,111,Chicago Bulls,115,Box Score,,Box Score,,"19,265",2:17
Wed Dec 07 2022,8:00p,Oklahoma City Thunder,102,Memphis Grizzlies,123,Box Score,,Box Score,,"15,942",2:03
Wed Dec 07 2022,8:00p,Sacramento Kings,113,Milwaukee Bucks,126,Box Score,,Box Score,,"17,341",2:09
Wed Dec 07 2022,8:00p,Indiana Pacers,115,Minnesota Timberwolves,121,Box Score,,Box Score,,"15,472",2:18
Wed Dec 07 2022,8:00p,Detroit Pistons,98,New Orleans Pelicans,104,Box Score,,Box Score,,"14,073",2:14
Wed Dec 07 2022,9:00p,Golden State Warriors,123,Utah Jazz,124,Box Score,,Box Score,,"18,206",2:16
Wed Dec 07 2022,10:00p,Boston Celtics,125,Phoenix Suns,98,Box Score,,Box Score,,"17,071",2:02
Thu Dec 08 2022,7:30p,Los Angeles Clippers,110,Miami Heat,115,Box Score,,Box Score,,"19,600",2:09
Thu Dec 08 2022,8:30p,Houston Rockets,109,San Antonio Spurs,118,Box Score,,Box Score,,"13,140",2:06
Thu Dec 08 2022,10:00p,Denver Nuggets,121,Portland Trail Blazers,120,Box Score,,Box Score,,"18,189",2:13
Fri Dec 09 2022,7:00p,New York Knicks,121,Charlotte Hornets,102,Box Score,,Box Score,,"17,696",2:15
Fri Dec 09 2022,7:00p,Washington Wizards,111,Indiana Pacers,121,Box Score,,Box Score,,"15,039",2:18
Fri Dec 09 2022,7:00p,Toronto Raptors,109,Orlando Magic,113,Box Score,,Box Score,,"17,008",2:11
Fri Dec 09 2022,7:30p,Atlanta Hawks,116,Brooklyn Nets,120,Box Score,,Box Score,,"18,072",2:15
Fri Dec 09 2022,7:30p,Sacramento Kings,106,Cleveland Cavaliers,95,Box Score,,Box Score,,"19,432",2:16
Fri Dec 09 2022,7:30p,Los Angeles Lakers,122,Philadelphia 76ers,133,Box Score,,Box Score,OT,"20,852",2:43
Fri Dec 09 2022,8:00p,Detroit Pistons,103,Memphis Grizzlies,114,Box Score,,Box Score,,"17,103",2:15
Fri Dec 09 2022,8:30p,Phoenix Suns,117,New Orleans Pelicans,128,Box Score,,Box Score,,"16,381",2:11
Fri Dec 09 2022,9:00p,Minnesota Timberwolves,118,Utah Jazz,108,Box Score,,Box Score,,"18,206",2:08
Fri Dec 09 2022,10:00p,Milwaukee Bucks,106,Dallas Mavericks,105,Box Score,,Box Score,,"20,277",2:27
Sat Dec 10 2022,5:00p,San Antonio Spurs,115,Miami Heat,111,Box Score,,Box Score,,"19,600",2:20
Sat Dec 10 2022,7:00p,Brooklyn Nets,136,Indiana Pacers,133,Box Score,,Box Score,,"14,280",2:29
Sat Dec 10 2022,7:00p,Los Angeles Clippers,114,Washington Wizards,107,Box Score,,Box Score,,"18,404",2:17
Sat Dec 10 2022,7:30p,Oklahoma City Thunder,102,Cleveland Cavaliers,110,Box Score,,Box Score,,"19,432",2:06
Sat Dec 10 2022,8:00p,Dallas Mavericks,115,Chicago Bulls,144,Box Score,,Box Score,,"19,528",2:02
Sat Dec 10 2022,8:30p,Boston Celtics,107,Golden State Warriors,123,Box Score,,Box Score,,"18,064",2:14
Sat Dec 10 2022,9:00p,Utah Jazz,110,Denver Nuggets,115,Box Score,,Box Score,,"19,636",2:07
Sat Dec 10 2022,10:00p,Minnesota Timberwolves,118,Portland Trail Blazers,124,Box Score,,Box Score,,"18,324",2:23
Sun Dec 11 2022,3:30p,Phoenix Suns,124,New Orleans Pelicans,129,Box Score,,Box Score,OT,"18,681",2:36
Sun Dec 11 2022,6:00p,Los Angeles Lakers,124,Detroit Pistons,117,Box Score,,Box Score,,"20,190",2:10
Sun Dec 11 2022,6:00p,Sacramento Kings,99,New York Knicks,112,Box Score,,Box Score,,"19,812",2:17
Sun Dec 11 2022,6:00p,Toronto Raptors,99,Orlando Magic,111,Box Score,,Box Score,,"16,891",2:24
Sun Dec 11 2022,6:00p,Charlotte Hornets,113,Philadelphia 76ers,131,Box Score,,Box Score,,"19,765",2:17
Sun Dec 11 2022,6:30p,Chicago Bulls,122,Atlanta Hawks,123,Box Score,,Box Score,OT,"17,227",2:39
Sun Dec 11 2022,7:00p,Milwaukee Bucks,92,Houston Rockets,97,Box Score,,Box Score,,"16,268",2:04
Mon Dec 12 2022,7:00p,Miami Heat,87,Indiana Pacers,82,Box Score,,Box Score,,"15,309",2:11
Mon Dec 12 2022,7:00p,Brooklyn Nets,112,Washington Wizards,100,Box Score,,Box Score,,"16,090",2:06
Mon Dec 12 2022,8:00p,Atlanta Hawks,103,Memphis Grizzlies,128,Box Score,,Box Score,,"16,544",2:05
Mon Dec 12 2022,8:30p,Oklahoma City Thunder,114,Dallas Mavericks,121,Box Score,,Box Score,,"19,877",2:16
Mon Dec 12 2022,8:30p,Cleveland Cavaliers,111,San Antonio Spurs,112,Box Score,,Box Score,,"13,434",2:12
Mon Dec 12 2022,10:00p,Minnesota Timberwolves,112,Portland Trail Blazers,133,Box Score,,Box Score,,"18,021",2:03
Mon Dec 12 2022,10:30p,Boston Celtics,93,Los Angeles Clippers,113,Box Score,,Box Score,,"19,068",2:16
Tue Dec 13 2022,7:00p,Sacramento Kings,103,Philadelphia 76ers,123,Box Score,,Box Score,,"19,768",2:14
Tue Dec 13 2022,7:30p,Golden State Warriors,111,Milwaukee Bucks,128,Box Score,,Box Score,,"17,628",2:22
Tue Dec 13 2022,8:00p,Phoenix Suns,97,Houston Rockets,111,Box Score,,Box Score,,"15,128",2:11
Tue Dec 13 2022,9:00p,New Orleans Pelicans,100,Utah Jazz,121,Box Score,,Box Score,,"18,206",2:14
Tue Dec 13 2022,10:00p,Boston Celtics,122,Los Angeles Lakers,118,Box Score,,Box Score,OT,"18,661",2:29
Wed Dec 14 2022,7:00p,Detroit Pistons,141,Charlotte Hornets,134,Box Score,,Box Score,OT,"14,303",2:36
Wed Dec 14 2022,7:00p,Golden State Warriors,119,Indiana Pacers,125,Box Score,,Box Score,,"15,069",2:18
Wed Dec 14 2022,7:00p,Atlanta Hawks,124,Orlando Magic,135,Box Score,,Box Score,,"16,002",2:17
Wed Dec 14 2022,7:30p,New York Knicks,128,Chicago Bulls,120,Box Score,,Box Score,OT,"18,820",2:38
Wed Dec 14 2022,7:30p,Sacramento Kings,124,Toronto Raptors,123,Box Score,,Box Score,,"19,800",2:16
Wed Dec 14 2022,8:00p,Miami Heat,110,Oklahoma City Thunder,108,Box Score,,Box Score,,"14,783",2:09
Wed Dec 14 2022,8:00p,Portland Trail Blazers,128,San Antonio Spurs,112,Box Score,,Box Score,,"13,657",2:08
Wed Dec 14 2022,9:00p,Cleveland Cavaliers,105,Dallas Mavericks,90,Box Score,,Box Score,,"20,093",2:08
Wed Dec 14 2022,9:00p,Washington Wizards,128,Denver Nuggets,141,Box Score,,Box Score,,"19,550",2:17
Wed Dec 14 2022,10:00p,Minnesota Timberwolves,88,Los Angeles Clippers,99,Box Score,,Box Score,,"14,063",2:20
Thu Dec 15 2022,8:00p,Miami Heat,111,Houston Rockets,108,Box Score,,Box Score,,"16,210",2:14
Thu Dec 15 2022,8:00p,Milwaukee Bucks,101,Memphis Grizzlies,142,Box Score,,Box Score,,"17,794",2:14
Thu Dec 15 2022,9:00p,New Orleans Pelicans,129,Utah Jazz,132,Box Score,,Box Score,OT,"18,206",2:48
Thu Dec 15 2022,10:30p,Phoenix Suns,111,Los Angeles Clippers,95,Box Score,,Box Score,,"15,778",2:08
Fri Dec 16 2022,7:00p,Atlanta Hawks,125,Charlotte Hornets,106,Box Score,,Box Score,,"17,772",2:13
Fri Dec 16 2022,7:00p,Sacramento Kings,122,Detroit Pistons,113,Box Score,,Box Score,,"17,892",2:19
Fri Dec 16 2022,7:30p,Orlando Magic,117,Boston Celtics,109,Box Score,,Box Score,,"19,156",2:26
Fri Dec 16 2022,7:30p,Indiana Pacers,112,Cleveland Cavaliers,118,Box Score,,Box Score,,"19,432",2:09
Fri Dec 16 2022,7:30p,Golden State Warriors,106,Philadelphia 76ers,118,Box Score,,Box Score,,"20,567",2:14
Fri Dec 16 2022,7:30p,Brooklyn Nets,119,Toronto Raptors,116,Box Score,,Box Score,,"19,800",
Fri Dec 16 2022,8:00p,New York Knicks,114,Chicago Bulls,91,Box Score,,Box Score,,"19,661",2:07
Fri Dec 16 2022,8:00p,Minnesota Timberwolves,112,Oklahoma City Thunder,110,Box Score,,Box Score,,"14,885",2:17
Fri Dec 16 2022,8:30p,Portland Trail Blazers,110,Dallas Mavericks,130,Box Score,,Box Score,,"20,191",2:09
Fri Dec 16 2022,10:00p,Denver Nuggets,108,Los Angeles Lakers,126,Box Score,,Box Score,,"18,505",2:21
Sat Dec 17 2022,4:00p,Washington Wizards,93,Los Angeles Clippers,102,Box Score,,Box Score,,"15,018",2:17
Sat Dec 17 2022,5:00p,Miami Heat,111,San Antonio Spurs,101,Box Score,,Box Score,,"20,160",2:33
Sat Dec 17 2022,8:00p,Dallas Mavericks,99,Cleveland Cavaliers,100,Box Score,,Box Score,OT,"19,432",2:37
Sat Dec 17 2022,8:00p,Portland Trail Blazers,107,Houston Rockets,95,Box Score,,Box Score,,"16,217",2:15
Sat Dec 17 2022,8:00p,Utah Jazz,97,Milwaukee Bucks,123,Box Score,,Box Score,,"17,587",1:56
Sat Dec 17 2022,8:00p,Memphis Grizzlies,109,Oklahoma City Thunder,115,Box Score,,Box Score,,"16,895",2:19
Sat Dec 17 2022,9:00p,New Orleans Pelicans,114,Phoenix Suns,118,Box Score,,Box Score,,"17,071",2:19
Sun Dec 18 2022,3:00p,Orlando Magic,95,Boston Celtics,92,Box Score,,Box Score,,"19,156",2:09
Sun Dec 18 2022,5:00p,New York Knicks,109,Indiana Pacers,106,Box Score,,Box Score,,"14,513",2:25
Sun Dec 18 2022,6:00p,Brooklyn Nets,124,Detroit Pistons,121,Box Score,,Box Score,,"19,488",2:18
Sun Dec 18 2022,6:00p,Golden State Warriors,126,Toronto Raptors,110,Box Score,,Box Score,,"19,800",2:19
Sun Dec 18 2022,7:00p,Chicago Bulls,126,Minnesota Timberwolves,150,Box Score,,Box Score,,"16,294",2:07
Sun Dec 18 2022,8:00p,Charlotte Hornets,115,Denver Nuggets,119,Box Score,,Box Score,,"19,235",2:18
Sun Dec 18 2022,9:30p,Washington Wizards,117,Los Angeles Lakers,119,Box Score,,Box Score,,"18,153",2:10
Mon Dec 19 2022,7:00p,Utah Jazz,99,Cleveland Cavaliers,122,Box Score,,Box Score,,"19,432",2:06
Mon Dec 19 2022,7:00p,Toronto Raptors,101,Philadelphia 76ers,104,Box Score,,Box Score,OT,"20,408",2:30
Mon Dec 19 2022,7:30p,Orlando Magic,125,Atlanta Hawks,126,Box Score,,Box Score,,"17,809",2:19
Mon Dec 19 2022,8:00p,San Antonio Spurs,124,Houston Rockets,105,Box Score,,Box Score,,"15,928",2:09
Mon Dec 19 2022,8:00p,Dallas Mavericks,106,Minnesota Timberwolves,116,Box Score,,Box Score,,"16,627",2:12
Mon Dec 19 2022,8:00p,Milwaukee Bucks,128,New Orleans Pelicans,119,Box Score,,Box Score,,"18,271",2:21
Mon Dec 19 2022,8:00p,Portland Trail Blazers,121,Oklahoma City Thunder,123,Box Score,,Box Score,,"14,672",2:18
Mon Dec 19 2022,9:00p,Los Angeles Lakers,104,Phoenix Suns,130,Box Score,,Box Score,,"17,071",2:04
Mon Dec 19 2022,10:00p,Charlotte Hornets,125,Sacramento Kings,119,Box Score,,Box Score,,"17,803",2:24
Tue Dec 20 2022,7:00p,Utah Jazz,126,Detroit Pistons,111,Box Score,,Box Score,,"15,622",2:06
Tue Dec 20 2022,7:30p,Chicago Bulls,113,Miami Heat,103,Box Score,,Box Score,,"19,969",2:04
Tue Dec 20 2022,7:30p,Golden State Warriors,94,New York Knicks,132,Box Score,,Box Score,,"19,812",2:14
Tue Dec 20 2022,9:00p,Washington Wizards,113,Phoenix Suns,110,Box Score,,Box Score,,"17,071",2:19
Tue Dec 20 2022,10:00p,Memphis Grizzlies,91,Denver Nuggets,105,Box Score,,Box Score,,"19,605",2:22
Wed Dec 21 2022,7:00p,Milwaukee Bucks,106,Cleveland Cavaliers,114,Box Score,,Box Score,,"19,432",2:23
Wed Dec 21 2022,7:00p,Detroit Pistons,93,Philadelphia 76ers,113,Box Score,,Box Score,,"20,615",2:13
Wed Dec 21 2022,7:30p,Chicago Bulls,110,Atlanta Hawks,108,Box Score,,Box Score,,"17,226",2:13
Wed Dec 21 2022,7:30p,Indiana Pacers,117,Boston Celtics,112,Box Score,,Box Score,,"19,156",2:10
Wed Dec 21 2022,7:30p,Golden State Warriors,113,Brooklyn Nets,143,Box Score,,Box Score,,"18,026",2:05
Wed Dec 21 2022,7:30p,Toronto Raptors,113,New York Knicks,106,Box Score,,Box Score,,"19,294",2:15
Wed Dec 21 2022,8:00p,Orlando Magic,116,Houston Rockets,110,Box Score,,Box Score,,"15,965",2:08
Wed Dec 21 2022,8:00p,Dallas Mavericks,104,Minnesota Timberwolves,99,Box Score,,Box Score,,"16,164",2:08
Wed Dec 21 2022,8:00p,Portland Trail Blazers,98,Oklahoma City Thunder,101,Box Score,,Box Score,,"15,107",2:11
Wed Dec 21 2022,10:00p,Los Angeles Lakers,120,Sacramento Kings,134,Box Score,,Box Score,,"17,611",2:20
Wed Dec 21 2022,10:30p,Charlotte Hornets,105,Los Angeles Clippers,126,Box Score,,Box Score,,"19,068",2:18
Thu Dec 22 2022,8:00p,San Antonio Spurs,117,New Orleans Pelicans,126,Box Score,,Box Score,,"16,417",2:13
Thu Dec 22 2022,9:00p,Washington Wizards,112,Utah Jazz,120,Box Score,,Box Score,,"18,206",2:06
Fri Dec 23 2022,7:00p,San Antonio Spurs,113,Orlando Magic,133,Box Score,,Box Score,,"18,425",2:11
Fri Dec 23 2022,7:00p,Los Angeles Clippers,114,Philadelphia 76ers,119,Box Score,,Box Score,,"19,996",2:16
Fri Dec 23 2022,7:30p,Detroit Pistons,105,Atlanta Hawks,130,Box Score,,Box Score,,"17,028",2:08
Fri Dec 23 2022,7:30p,Minnesota Timberwolves,109,Boston Celtics,121,Box Score,,Box Score,,"19,156",2:07
Fri Dec 23 2022,7:30p,Milwaukee Bucks,100,Brooklyn Nets,118,Box Score,,Box Score,,"18,169",2:09
Fri Dec 23 2022,7:30p,Toronto Raptors,118,Cleveland Cavaliers,107,Box Score,,Box Score,,"19,432",2:04
Fri Dec 23 2022,7:30p,Chicago Bulls,118,New York Knicks,117,Box Score,,Box Score,,"19,812",2:14
Fri Dec 23 2022,8:00p,Dallas Mavericks,112,Houston Rockets,106,Box Score,,Box Score,,"16,989",2:19
Fri Dec 23 2022,8:00p,Indiana Pacers,111,Miami Heat,108,Box Score,,Box Score,,"19,600",2:13
Fri Dec 23 2022,8:00p,New Orleans Pelicans,128,Oklahoma City Thunder,125,Box Score,,Box Score,OT,"15,214",2:32
Fri Dec 23 2022,9:00p,Portland Trail Blazers,107,Denver Nuggets,120,Box Score,,Box Score,,"19,619",2:14
Fri Dec 23 2022,10:00p,Memphis Grizzlies,125,Phoenix Suns,100,Box Score,,Box Score,,"17,071",2:25
Fri Dec 23 2022,10:00p,Washington Wizards,125,Sacramento Kings,111,Box Score,,Box Score,,"17,894",2:16
Fri Dec 23 2022,10:30p,Charlotte Hornets,134,Los Angeles Lakers,130,Box Score,,Box Score,,"18,997",2:18
Sun Dec 25 2022,12:00p,Philadelphia 76ers,119,New York Knicks,112,Box Score,,Box Score,,"19,812",2:16
Sun Dec 25 2022,2:30p,Los Angeles Lakers,115,Dallas Mavericks,124,Box Score,,Box Score,,"20,441",2:23
Sun Dec 25 2022,5:00p,Milwaukee Bucks,118,Boston Celtics,139,Box Score,,Box Score,,"19,156",2:25
Sun Dec 25 2022,8:00p,Memphis Grizzlies,109,Golden State Warriors,123,Box Score,,Box Score,,"18,064",2:31
Sun Dec 25 2022,10:30p,Phoenix Suns,125,Denver Nuggets,128,Box Score,,Box Score,OT,"19,642",2:51
Mon Dec 26 2022,7:00p,Brooklyn Nets,125,Cleveland Cavaliers,117,Box Score,,Box Score,,"19,432",2:21
Mon Dec 26 2022,7:00p,Los Angeles Clippers,142,Detroit Pistons,131,Box Score,,Box Score,OT,"20,190",2:38
Mon Dec 26 2022,7:30p,Minnesota Timberwolves,110,Miami Heat,113,Box Score,,Box Score,,"19,911",2:11
Mon Dec 26 2022,8:00p,Houston Rockets,133,Chicago Bulls,118,Box Score,,Box Score,,"21,561",2:03
Mon Dec 26 2022,8:00p,Indiana Pacers,93,New Orleans Pelicans,113,Box Score,,Box Score,,"18,636",2:10
Mon Dec 26 2022,8:00p,Utah Jazz,122,San Antonio Spurs,126,Box Score,,Box Score,,"16,351",2:18
Mon Dec 26 2022,10:00p,Charlotte Hornets,113,Portland Trail Blazers,124,Box Score,,Box Score,,"19,530",2:15
Tue Dec 27 2022,7:00p,Los Angeles Lakers,129,Orlando Magic,110,Box Score,,Box Score,,"19,482",2:03
Tue Dec 27 2022,7:00p,Philadelphia 76ers,111,Washington Wizards,116,Box Score,,Box Score,,"20,476",2:26
Tue Dec 27 2022,7:30p,Houston Rockets,102,Boston Celtics,126,Box Score,,Box Score,,"19,156",2:01
Tue Dec 27 2022,7:30p,Atlanta Hawks,114,Indiana Pacers,129,Box Score,,Box Score,,"16,738",2:14
Tue Dec 27 2022,7:30p,Los Angeles Clippers,124,Toronto Raptors,113,Box Score,,Box Score,,"19,800",2:09
Tue Dec 27 2022,8:00p,Phoenix Suns,125,Memphis Grizzlies,108,Box Score,,Box Score,,"18,239",2:24
Tue Dec 27 2022,8:00p,San Antonio Spurs,114,Oklahoma City Thunder,130,Box Score,,Box Score,,"16,229",2:10
Tue Dec 27 2022,8:30p,New York Knicks,121,Dallas Mavericks,126,Box Score,,Box Score,OT,"20,377",2:31
Tue Dec 27 2022,10:00p,Charlotte Hornets,105,Golden State Warriors,110,Box Score,,Box Score,,"18,064",2:15
Tue Dec 27 2022,10:00p,Denver Nuggets,113,Sacramento Kings,106,Box Score,,Box Score,,"17,937",2:12
Wed Dec 28 2022,7:00p,Orlando Magic,101,Detroit Pistons,121,Box Score,,Box Score,,"20,190",2:34
Wed Dec 28 2022,7:00p,Phoenix Suns,102,Washington Wizards,127,Box Score,,Box Score,,"20,476",2:16
Wed Dec 28 2022,7:30p,Brooklyn Nets,108,Atlanta Hawks,107,Box Score,,Box Score,,"18,030",2:05
Wed Dec 28 2022,7:30p,Los Angeles Lakers,98,Miami Heat,112,Box Score,,Box Score,,"20,221",2:07
Wed Dec 28 2022,8:00p,Milwaukee Bucks,113,Chicago Bulls,119,Box Score,,Box Score,OT,"21,537",2:45
Wed Dec 28 2022,8:00p,Minnesota Timberwolves,118,New Orleans Pelicans,119,Box Score,,Box Score,,"18,669",2:35
Wed Dec 28 2022,10:00p,Utah Jazz,107,Golden State Warriors,112,Box Score,,Box Score,,"18,064",2:18
Wed Dec 28 2022,10:00p,Denver Nuggets,126,Sacramento Kings,127,Box Score,,Box Score,,"17,985",2:12
Thu Dec 29 2022,7:00p,Oklahoma City Thunder,113,Charlotte Hornets,121,Box Score,,Box Score,,"19,425",2:10
Thu Dec 29 2022,7:00p,Cleveland Cavaliers,126,Indiana Pacers,135,Box Score,,Box Score,,"17,274",2:10
Thu Dec 29 2022,7:30p,Los Angeles Clippers,110,Boston Celtics,116,Box Score,,Box Score,,"19,156",2:11
Thu Dec 29 2022,7:30p,Memphis Grizzlies,119,Toronto Raptors,106,Box Score,,Box Score,,"19,800",2:11
Thu Dec 29 2022,8:00p,New York Knicks,115,San Antonio Spurs,122,Box Score,,Box Score,,"18,354",2:19
Thu Dec 29 2022,8:30p,Houston Rockets,114,Dallas Mavericks,129,Box Score,,Box Score,,"20,307",2:12
Fri Dec 30 2022,7:00p,Washington Wizards,119,Orlando Magic,100,Box Score,,Box Score,,"19,040",2:10
Fri Dec 30 2022,7:30p,Los Angeles Lakers,130,Atlanta Hawks,121,Box Score,,Box Score,,"17,984",2:10
Fri Dec 30 2022,7:30p,Phoenix Suns,104,Toronto Raptors,113,Box Score,,Box Score,,"19,800",2:19
Fri Dec 30 2022,8:00p,Detroit Pistons,118,Chicago Bulls,132,Box Score,,Box Score,,"21,667",2:09
Fri Dec 30 2022,8:00p,Minnesota Timberwolves,114,Milwaukee Bucks,123,Box Score,,Box Score,,"18,018",2:29
Fri Dec 30 2022,8:30p,Philadelphia 76ers,116,New Orleans Pelicans,127,Box Score,,Box Score,,"18,656",2:18
Fri Dec 30 2022,9:00p,Miami Heat,119,Denver Nuggets,124,Box Score,,Box Score,,"19,638",2:16
Fri Dec 30 2022,10:00p,Portland Trail Blazers,112,Golden State Warriors,118,Box Score,,Box Score,,"18,064",2:16
Fri Dec 30 2022,10:00p,Utah Jazz,125,Sacramento Kings,126,Box Score,,Box Score,,"17,946",2:19
Sat Dec 31 2022,3:00p,Los Angeles Clippers,130,Indiana Pacers,131,Box Score,,Box Score,,"16,731",2:18
Sat Dec 31 2022,7:00p,Cleveland Cavaliers,103,Chicago Bulls,102,Box Score,,Box Score,,"21,524",2:11
Sat Dec 31 2022,7:00p,Brooklyn Nets,123,Charlotte Hornets,106,Box Score,,Box Score,,"19,386",2:05
Sat Dec 31 2022,7:00p,New York Knicks,108,Houston Rockets,88,Box Score,,Box Score,,"18,055",2:13
Sat Dec 31 2022,7:00p,Dallas Mavericks,126,San Antonio Spurs,125,Box Score,,Box Score,,"18,354",2:18
Sat Dec 31 2022,8:00p,New Orleans Pelicans,101,Memphis Grizzlies,116,Box Score,,Box Score,,"17,951",2:37
Sat Dec 31 2022,8:00p,Detroit Pistons,116,Minnesota Timberwolves,104,Box Score,,Box Score,,"16,233",2:17
Sat Dec 31 2022,8:00p,Philadelphia 76ers,115,Oklahoma City Thunder,96,Box Score,,Box Score,,"17,147",2:08
Sat Dec 31 2022,9:00p,Miami Heat,126,Utah Jazz,123,Box Score,,Box Score,,"18,206",2:26
Sun Jan 01 2023,8:00p,Boston Celtics,111,Denver Nuggets,123,Box Score,,Box Score,,"19,641",2:40
Sun Jan 01 2023,8:00p,Sacramento Kings,108,Memphis Grizzlies,118,Box Score,,Box Score,,"17,794",2:11
Sun Jan 01 2023,8:00p,Washington Wizards,118,Milwaukee Bucks,95,Box Score,,Box Score,,"17,341",2:00
Mon Jan 02 2023,3:00p,Phoenix Suns,83,New York Knicks,102,Box Score,,Box Score,,"19,812",2:01
Mon Jan 02 2023,7:00p,Los Angeles Lakers,121,Charlotte Hornets,115,Box Score,,Box Score,,"19,210",2:18
Mon Jan 02 2023,7:00p,Chicago Bulls,134,Cleveland Cavaliers,145,Box Score,,Box Score,OT,"19,432",2:50
Mon Jan 02 2023,7:00p,Toronto Raptors,114,Indiana Pacers,122,Box Score,,Box Score,,"14,054",2:25
Mon Jan 02 2023,7:00p,New Orleans Pelicans,111,Philadelphia 76ers,120,Box Score,,Box Score,,"20,531",2:09
Mon Jan 02 2023,7:30p,San Antonio Spurs,103,Brooklyn Nets,139,Box Score,,Box Score,,"18,224",1:58
Mon Jan 02 2023,8:00p,Dallas Mavericks,111,Houston Rockets,106,Box Score,,Box Score,,"18,055",2:21
Mon Jan 02 2023,8:00p,Denver Nuggets,111,Minnesota Timberwolves,124,Box Score,,Box Score,,"15,962",2:12
Mon Jan 02 2023,10:00p,Atlanta Hawks,141,Golden State Warriors,143,Box Score,,Box Score,2OT,"18,064",2:45
Mon Jan 02 2023,10:00p,Detroit Pistons,106,Portland Trail Blazers,135,Box Score,,Box Score,,"19,393",2:24
Mon Jan 02 2023,10:30p,Miami Heat,110,Los Angeles Clippers,100,Box Score,,Box Score,,"19,068",2:15
Tue Jan 03 2023,8:00p,Washington Wizards,113,Milwaukee Bucks,123,Box Score,,Box Score,,"17,341",2:10
Tue Jan 03 2023,8:00p,Boston Celtics,117,Oklahoma City Thunder,150,Box Score,,Box Score,,"16,778",2:09
Tue Jan 03 2023,9:00p,Sacramento Kings,117,Utah Jazz,115,Box Score,,Box Score,,"18,206",2:17
Wed Jan 04 2023,7:00p,Memphis Grizzlies,131,Charlotte Hornets,107,Box Score,,Box Score,,"19,249",2:09
Wed Jan 04 2023,7:00p,Phoenix Suns,88,Cleveland Cavaliers,90,Box Score,,Box Score,,"19,432",2:14
Wed Jan 04 2023,7:00p,Oklahoma City Thunder,115,Orlando Magic,126,Box Score,,Box Score,,"18,925",2:16
Wed Jan 04 2023,7:00p,Indiana Pacers,126,Philadelphia 76ers,129,Box Score,,Box Score,OT,"20,033",2:26
Wed Jan 04 2023,7:30p,San Antonio Spurs,114,New York Knicks,117,Box Score,,Box Score,,"19,812",2:20
Wed Jan 04 2023,7:30p,Milwaukee Bucks,104,Toronto Raptors,101,Box Score,,Box Score,OT,"19,800",2:44
Wed Jan 04 2023,8:00p,Brooklyn Nets,112,Chicago Bulls,121,Box Score,,Box Score,,"21,418",2:12
Wed Jan 04 2023,8:00p,Portland Trail Blazers,106,Minnesota Timberwolves,113,Box Score,,Box Score,,"15,434",2:24
Wed Jan 04 2023,8:00p,Houston Rockets,108,New Orleans Pelicans,119,Box Score,,Box Score,,"17,295",2:09
Wed Jan 04 2023,10:00p,Detroit Pistons,122,Golden State Warriors,119,Box Score,,Box Score,,"18,064",2:11
Wed Jan 04 2023,10:00p,Miami Heat,109,Los Angeles Lakers,112,Box Score,,Box Score,,"18,997",2:27
Wed Jan 04 2023,10:00p,Atlanta Hawks,120,Sacramento Kings,117,Box Score,,Box Score,,"17,611",2:15
Thu Jan 05 2023,7:00p,Memphis Grizzlies,123,Orlando Magic,115,Box Score,,Box Score,,"19,184",2:18
Thu Jan 05 2023,7:30p,Boston Celtics,124,Dallas Mavericks,95,Box Score,,Box Score,,"20,413",2:18
Thu Jan 05 2023,8:00p,Utah Jazz,131,Houston Rockets,114,Box Score,,Box Score,,"16,320",2:08
Thu Jan 05 2023,10:00p,Los Angeles Clippers,91,Denver Nuggets,122,Box Score,,Box Score,,"19,087",2:06
Fri Jan 06 2023,7:00p,Portland Trail Blazers,99,Indiana Pacers,108,Box Score,,Box Score,,"16,548",2:12
Fri Jan 06 2023,7:00p,Chicago Bulls,126,Philadelphia 76ers,112,Box Score,,Box Score,,"20,766",2:04
Fri Jan 06 2023,7:30p,Brooklyn Nets,108,New Orleans Pelicans,102,Box Score,,Box Score,,"18,636",2:22
Fri Jan 06 2023,7:30p,New York Knicks,112,Toronto Raptors,108,Box Score,,Box Score,,"19,800",2:24
Fri Jan 06 2023,8:00p,Charlotte Hornets,138,Milwaukee Bucks,109,Box Score,,Box Score,,"17,627",2:06
Fri Jan 06 2023,8:00p,Washington Wizards,110,Oklahoma City Thunder,127,Box Score,,Box Score,,"14,790",2:08
Fri Jan 06 2023,8:00p,Detroit Pistons,109,San Antonio Spurs,121,Box Score,,Box Score,,"13,107",2:09
Fri Jan 06 2023,9:00p,Cleveland Cavaliers,108,Denver Nuggets,121,Box Score,,Box Score,,"19,638",2:23
Fri Jan 06 2023,9:00p,Los Angeles Clippers,115,Minnesota Timberwolves,128,Box Score,,Box Score,,"17,136",2:18
Fri Jan 06 2023,10:00p,Miami Heat,104,Phoenix Suns,96,Box Score,,Box Score,,"17,071",2:27
Fri Jan 06 2023,10:30p,Atlanta Hawks,114,Los Angeles Lakers,130,Box Score,,Box Score,,"18,997",2:01
Sat Jan 07 2023,6:00p,Boston Celtics,121,San Antonio Spurs,116,Box Score,,Box Score,,"18,354",2:08
Sat Jan 07 2023,8:00p,Utah Jazz,118,Chicago Bulls,126,Box Score,,Box Score,,"21,694",2:12
Sat Jan 07 2023,8:00p,New Orleans Pelicans,117,Dallas Mavericks,127,Box Score,,Box Score,,"20,300",2:16
Sat Jan 07 2023,8:30p,Orlando Magic,115,Golden State Warriors,101,Box Score,,Box Score,,"18,064",2:07
Sat Jan 07 2023,10:00p,Los Angeles Lakers,136,Sacramento Kings,134,Box Score,,Box Score,,"17,611",2:31
Sun Jan 08 2023,3:00p,Philadelphia 76ers,123,Detroit Pistons,111,Box Score,,Box Score,,"18,898",2:11
Sun Jan 08 2023,3:30p,Portland Trail Blazers,105,Toronto Raptors,117,Box Score,,Box Score,,"19,800",2:29
Sun Jan 08 2023,5:00p,Charlotte Hornets,111,Indiana Pacers,116,Box Score,,Box Score,,"15,805",2:21
Sun Jan 08 2023,6:00p,Utah Jazz,118,Memphis Grizzlies,123,Box Score,,Box Score,,"17,794",2:15
Sun Jan 08 2023,6:00p,Brooklyn Nets,102,Miami Heat,101,Box Score,,Box Score,,"19,901",2:13
Sun Jan 08 2023,7:00p,Minnesota Timberwolves,104,Houston Rockets,96,Box Score,,Box Score,,"18,055",2:09
Sun Jan 08 2023,7:00p,Dallas Mavericks,109,Oklahoma City Thunder,120,Box Score,,Box Score,,"16,317",2:17
Sun Jan 08 2023,8:00p,Cleveland Cavaliers,112,Phoenix Suns,98,Box Score,,Box Score,,"17,071",1:55
Sun Jan 08 2023,9:00p,Atlanta Hawks,112,Los Angeles Clippers,108,Box Score,,Box Score,,"19,068",2:12
Mon Jan 09 2023,7:00p,New Orleans Pelicans,132,Washington Wizards,112,Box Score,,Box Score,,"16,223",2:18
Mon Jan 09 2023,7:30p,Chicago Bulls,99,Boston Celtics,107,Box Score,,Box Score,,"19,156",2:02
Mon Jan 09 2023,7:30p,Milwaukee Bucks,111,New York Knicks,107,Box Score,,Box Score,,"18,167",2:19
Mon Jan 09 2023,8:00p,San Antonio Spurs,113,Memphis Grizzlies,121,Box Score,,Box Score,,"16,013",2:10
Mon Jan 09 2023,9:00p,Los Angeles Lakers,109,Denver Nuggets,122,Box Score,,Box Score,,"19,609",2:10
Mon Jan 09 2023,10:00p,Orlando Magic,111,Sacramento Kings,136,Box Score,,Box Score,,"16,499",2:05
Tue Jan 10 2023,7:00p,Detroit Pistons,116,Philadelphia 76ers,147,Box Score,,Box Score,,"20,221",2:14
Tue Jan 10 2023,7:30p,Oklahoma City Thunder,111,Miami Heat,112,Box Score,,Box Score,,"19,600",2:32
Tue Jan 10 2023,7:30p,Charlotte Hornets,120,Toronto Raptors,132,Box Score,,Box Score,,"19,800",2:10
Tue Jan 10 2023,9:00p,Cleveland Cavaliers,114,Utah Jazz,116,Box Score,,Box Score,,"18,206",2:27
Tue Jan 10 2023,10:00p,Phoenix Suns,125,Golden State Warriors,113,Box Score,,Box Score,,"18,064",2:31
Tue Jan 10 2023,10:00p,Orlando Magic,109,Portland Trail Blazers,106,Box Score,,Box Score,,"18,176",2:14
Tue Jan 10 2023,10:30p,Dallas Mavericks,101,Los Angeles Clippers,113,Box Score,,Box Score,,"15,828",2:14
Wed Jan 11 2023,7:00p,Minnesota Timberwolves,118,Detroit Pistons,135,Box Score,,Box Score,,"15,906",2:13
Wed Jan 11 2023,7:00p,Chicago Bulls,97,Washington Wizards,100,Box Score,,Box Score,,"17,032",2:07
Wed Jan 11 2023,7:30p,Milwaukee Bucks,114,Atlanta Hawks,105,Box Score,,Box Score,,"17,154",2:13
Wed Jan 11 2023,7:30p,New Orleans Pelicans,114,Boston Celtics,125,Box Score,,Box Score,,"19,156",2:00
Wed Jan 11 2023,7:30p,Indiana Pacers,113,New York Knicks,119,Box Score,,Box Score,,"18,249",2:16
Wed Jan 11 2023,8:00p,San Antonio Spurs,129,Memphis Grizzlies,135,Box Score,,Box Score,,"16,454",2:13
Wed Jan 11 2023,10:00p,Phoenix Suns,97,Denver Nuggets,126,Box Score,,Box Score,,"18,872",2:16
Wed Jan 11 2023,10:00p,Houston Rockets,115,Sacramento Kings,135,Box Score,,Box Score,,"16,057",2:15
Thu Jan 12 2023,7:00p,Oklahoma City Thunder,133,Philadelphia 76ers,114,Box Score,,Box Score,,"20,892",2:16
Thu Jan 12 2023,7:30p,Boston Celtics,109,Brooklyn Nets,98,Box Score,,Box Score,,"18,125",2:13
Thu Jan 12 2023,7:30p,Milwaukee Bucks,102,Miami Heat,108,Box Score,,Box Score,,"19,600",2:00
Thu Jan 12 2023,7:30p,Charlotte Hornets,114,Toronto Raptors,124,Box Score,,Box Score,,"19,800",2:20
Thu Jan 12 2023,10:00p,Dallas Mavericks,119,Los Angeles Lakers,115,Box Score,,Box Score,2OT,"18,997",2:52
Thu Jan 12 2023,10:00p,Cleveland Cavaliers,119,Portland Trail Blazers,113,Box Score,,Box Score,,"18,105",2:19
Fri Jan 13 2023,7:00p,New Orleans Pelicans,116,Detroit Pistons,110,Box Score,,Box Score,,"18,989",2:16
Fri Jan 13 2023,7:00p,Atlanta Hawks,113,Indiana Pacers,111,Box Score,,Box Score,,"16,071",2:22
Fri Jan 13 2023,7:00p,New York Knicks,112,Washington Wizards,108,Box Score,,Box Score,,"20,476",2:21
Fri Jan 13 2023,7:30p,Golden State Warriors,144,San Antonio Spurs,113,Box Score,,Box Score,,"68,323",2:22
Fri Jan 13 2023,8:00p,Oklahoma City Thunder,124,Chicago Bulls,110,Box Score,,Box Score,,"21,342",2:07
Fri Jan 13 2023,8:00p,Phoenix Suns,116,Minnesota Timberwolves,121,Box Score,,Box Score,,"16,460",2:19
Fri Jan 13 2023,9:00p,Orlando Magic,108,Utah Jazz,112,Box Score,,Box Score,,"18,206",2:22
Fri Jan 13 2023,10:00p,Denver Nuggets,115,Los Angeles Clippers,103,Box Score,,Box Score,,"16,005",2:14
Fri Jan 13 2023,10:00p,Houston Rockets,114,Sacramento Kings,139,Box Score,,Box Score,,"17,894",2:23
Sat Jan 14 2023,1:00p,Milwaukee Bucks,95,Miami Heat,111,Box Score,,Box Score,,"19,620",2:03
Sat Jan 14 2023,7:00p,Boston Celtics,122,Charlotte Hornets,106,Box Score,,Box Score,,"19,608",1:58
Sat Jan 14 2023,7:00p,Memphis Grizzlies,130,Indiana Pacers,112,Box Score,,Box Score,,"17,274",2:17
Sat Jan 14 2023,7:30p,Atlanta Hawks,114,Toronto Raptors,103,Box Score,,Box Score,,"19,800",2:10
Sat Jan 14 2023,8:00p,Cleveland Cavaliers,102,Minnesota Timberwolves,110,Box Score,,Box Score,,"17,136",2:07
Sat Jan 14 2023,9:00p,Philadelphia 76ers,118,Utah Jazz,117,Box Score,,Box Score,,"18,206",2:15
Sat Jan 14 2023,10:00p,Dallas Mavericks,119,Portland Trail Blazers,136,Box Score,,Box Score,,"19,393",2:05
Sun Jan 15 2023,1:00p,New York Knicks,117,Detroit Pistons,104,Box Score,,Box Score,,"19,894",2:12
Sun Jan 15 2023,3:00p,Houston Rockets,100,Los Angeles Clippers,121,Box Score,,Box Score,,"17,238",2:17
Sun Jan 15 2023,3:30p,Golden State Warriors,118,Chicago Bulls,132,Box Score,,Box Score,,"20,139",2:17
Sun Jan 15 2023,6:00p,Oklahoma City Thunder,112,Brooklyn Nets,102,Box Score,,Box Score,,"18,165",2:08
Sun Jan 15 2023,7:00p,Sacramento Kings,132,San Antonio Spurs,119,Box Score,,Box Score,,"12,339",2:12
Sun Jan 15 2023,8:00p,Orlando Magic,116,Denver Nuggets,119,Box Score,,Box Score,,"19,641",2:20
Sun Jan 15 2023,9:00p,Dallas Mavericks,123,Portland Trail Blazers,140,Box Score,,Box Score,,"19,393",2:22
Sun Jan 15 2023,9:30p,Philadelphia 76ers,113,Los Angeles Lakers,112,Box Score,,Box Score,,"18,020",2:11
Mon Jan 16 2023,1:00p,Boston Celtics,130,Charlotte Hornets,118,Box Score,,Box Score,,"19,227",2:06
Mon Jan 16 2023,2:30p,Indiana Pacers,119,Milwaukee Bucks,132,Box Score,,Box Score,,"17,412",2:09
Mon Jan 16 2023,3:00p,New Orleans Pelicans,103,Cleveland Cavaliers,113,Box Score,,Box Score,,"19,432",2:15
Mon Jan 16 2023,3:00p,Toronto Raptors,123,New York Knicks,121,Box Score,,Box Score,OT,"19,812",2:39
Mon Jan 16 2023,3:00p,Golden State Warriors,127,Washington Wizards,118,Box Score,,Box Score,,"20,476",2:17
Mon Jan 16 2023,3:30p,Miami Heat,113,Atlanta Hawks,121,Box Score,,Box Score,,"18,007",2:23
Mon Jan 16 2023,4:00p,Utah Jazz,126,Minnesota Timberwolves,125,Box Score,,Box Score,,"16,477",2:14
Mon Jan 16 2023,6:00p,Phoenix Suns,106,Memphis Grizzlies,136,Box Score,,Box Score,,"17,794",2:14
Mon Jan 16 2023,10:30p,Houston Rockets,132,Los Angeles Lakers,140,Box Score,,Box Score,,"17,657",2:28
Tue Jan 17 2023,7:30p,Toronto Raptors,122,Milwaukee Bucks,130,Box Score,,Box Score,,"17,341",2:24
Tue Jan 17 2023,8:00p,Brooklyn Nets,98,San Antonio Spurs,106,Box Score,,Box Score,,"13,532",2:21
Tue Jan 17 2023,9:00p,Portland Trail Blazers,113,Denver Nuggets,122,Box Score,,Box Score,,"18,258",2:13
Tue Jan 17 2023,10:00p,Philadelphia 76ers,120,Los Angeles Clippers,110,Box Score,,Box Score,,"15,155",2:25
Wed Jan 18 2023,7:30p,Atlanta Hawks,130,Dallas Mavericks,122,Box Score,,Box Score,,"20,125",2:19
Wed Jan 18 2023,7:30p,Washington Wizards,116,New York Knicks,105,Box Score,,Box Score,,"19,164",2:13
Wed Jan 18 2023,8:00p,Charlotte Hornets,122,Houston Rockets,117,Box Score,,Box Score,,"15,678",2:10
Wed Jan 18 2023,8:00p,Cleveland Cavaliers,114,Memphis Grizzlies,115,Box Score,,Box Score,,"16,892",2:06
Wed Jan 18 2023,8:00p,Miami Heat,124,New Orleans Pelicans,98,Box Score,,Box Score,,"17,736",2:05
Wed Jan 18 2023,8:00p,Indiana Pacers,106,Oklahoma City Thunder,126,Box Score,,Box Score,,"14,748",2:08
Wed Jan 18 2023,9:00p,Los Angeles Clippers,103,Utah Jazz,126,Box Score,,Box Score,,"18,206",2:11
Wed Jan 18 2023,10:00p,Minnesota Timberwolves,118,Denver Nuggets,122,Box Score,,Box Score,,"16,112",2:32
Wed Jan 18 2023,10:30p,Sacramento Kings,116,Los Angeles Lakers,111,Box Score,,Box Score,,"18,142",2:14
Thu Jan 19 2023,3:00p,Chicago Bulls,126,Detroit Pistons,108,Box Score,,Box Score,,"15,885",2:14
Thu Jan 19 2023,7:30p,Golden State Warriors,118,Boston Celtics,121,Box Score,,Box Score,OT,"19,156",2:39
Thu Jan 19 2023,8:00p,Toronto Raptors,126,Minnesota Timberwolves,128,Box Score,,Box Score,,"16,318",2:14
Thu Jan 19 2023,10:00p,Brooklyn Nets,112,Phoenix Suns,117,Box Score,,Box Score,,"17,071",2:38
Thu Jan 19 2023,10:00p,Philadelphia 76ers,105,Portland Trail Blazers,95,Box Score,,Box Score,,"18,113",2:11
Fri Jan 20 2023,7:00p,New Orleans Pelicans,110,Orlando Magic,123,Box Score,,Box Score,,"19,025",2:15
Fri Jan 20 2023,7:30p,New York Knicks,124,Atlanta Hawks,139,Box Score,,Box Score,,"17,711",2:03
Fri Jan 20 2023,7:30p,Golden State Warriors,120,Cleveland Cavaliers,114,Box Score,,Box Score,,"19,432",2:13
Fri Jan 20 2023,7:30p,Miami Heat,90,Dallas Mavericks,115,Box Score,,Box Score,,"20,326",2:15
Fri Jan 20 2023,8:00p,Los Angeles Clippers,131,San Antonio Spurs,126,Box Score,,Box Score,,"15,190",2:02
Fri Jan 20 2023,9:00p,Indiana Pacers,111,Denver Nuggets,134,Box Score,,Box Score,,"19,609",2:14
Fri Jan 20 2023,9:00p,Brooklyn Nets,117,Utah Jazz,106,Box Score,,Box Score,,"18,206",2:10
Fri Jan 20 2023,10:00p,Memphis Grizzlies,121,Los Angeles Lakers,122,Box Score,,Box Score,,"18,997",2:41
Fri Jan 20 2023,10:00p,Oklahoma City Thunder,113,Sacramento Kings,118,Box Score,,Box Score,,"17,932",2:12
Sat Jan 21 2023,5:00p,Boston Celtics,106,Toronto Raptors,104,Box Score,,Box Score,,"19,800",2:04
Sat Jan 21 2023,7:00p,Orlando Magic,118,Washington Wizards,138,Box Score,,Box Score,,"18,171",2:15
Sat Jan 21 2023,7:30p,Charlotte Hornets,122,Atlanta Hawks,118,Box Score,,Box Score,,"17,928",2:18
Sat Jan 21 2023,7:30p,Milwaukee Bucks,102,Cleveland Cavaliers,114,Box Score,,Box Score,,"19,432",2:09
Sat Jan 21 2023,8:00p,Houston Rockets,104,Minnesota Timberwolves,113,Box Score,,Box Score,,"17,136",2:15
Sat Jan 21 2023,9:00p,Indiana Pacers,107,Phoenix Suns,112,Box Score,,Box Score,,"17,071",2:31
Sat Jan 21 2023,10:00p,Philadelphia 76ers,129,Sacramento Kings,127,Box Score,,Box Score,,"17,861",2:25
Sun Jan 22 2023,2:30p,Los Angeles Clippers,112,Dallas Mavericks,98,Box Score,,Box Score,,"20,026",2:10
Sun Jan 22 2023,3:30p,New Orleans Pelicans,96,Miami Heat,100,Box Score,,Box Score,,"19,600",2:17
Sun Jan 22 2023,6:00p,New York Knicks,116,Toronto Raptors,125,Box Score,,Box Score,,"19,261",2:15
Sun Jan 22 2023,8:00p,Oklahoma City Thunder,101,Denver Nuggets,99,Box Score,,Box Score,,"19,557",2:14
Sun Jan 22 2023,8:00p,Memphis Grizzlies,110,Phoenix Suns,112,Box Score,,Box Score,,"17,071",2:27
Sun Jan 22 2023,8:30p,Brooklyn Nets,120,Golden State Warriors,116,Box Score,,Box Score,,"18,064",2:23
Sun Jan 22 2023,9:00p,Los Angeles Lakers,121,Portland Trail Blazers,112,Box Score,,Box Score,,"19,393",2:13
Mon Jan 23 2023,7:00p,Milwaukee Bucks,150,Detroit Pistons,130,Box Score,,Box Score,,"18,011",2:13
Mon Jan 23 2023,7:00p,Boston Celtics,98,Orlando Magic,113,Box Score,,Box Score,,"19,196",2:02
Mon Jan 23 2023,8:00p,Atlanta Hawks,100,Chicago Bulls,111,Box Score,,Box Score,,"20,938",2:05
Mon Jan 23 2023,8:00p,Minnesota Timberwolves,114,Houston Rockets,119,Box Score,,Box Score,,"13,811",2:23
Mon Jan 23 2023,9:00p,Charlotte Hornets,102,Utah Jazz,120,Box Score,,Box Score,,"18,206",2:15
Mon Jan 23 2023,10:00p,San Antonio Spurs,127,Portland Trail Blazers,147,Box Score,,Box Score,,"17,874",2:06
Mon Jan 23 2023,10:30p,Memphis Grizzlies,100,Sacramento Kings,133,Box Score,,Box Score,,"17,821",2:03
Tue Jan 24 2023,7:00p,Chicago Bulls,110,Indiana Pacers,116,Box Score,,Box Score,,"16,102",2:20
Tue Jan 24 2023,7:30p,Boston Celtics,95,Miami Heat,98,Box Score,,Box Score,,"19,705",2:21
Tue Jan 24 2023,7:30p,Cleveland Cavaliers,103,New York Knicks,105,Box Score,,Box Score,,"19,812",2:13
Tue Jan 24 2023,8:00p,Denver Nuggets,99,New Orleans Pelicans,98,Box Score,,Box Score,,"14,699",2:04
Tue Jan 24 2023,8:30p,Washington Wizards,127,Dallas Mavericks,126,Box Score,,Box Score,,"20,077",2:25
Tue Jan 24 2023,9:00p,Charlotte Hornets,97,Phoenix Suns,128,Box Score,,Box Score,,"17,071",2:03
Tue Jan 24 2023,10:00p,Los Angeles Clippers,133,Los Angeles Lakers,115,Box Score,,Box Score,,"17,604",2:15
Wed Jan 25 2023,7:00p,Indiana Pacers,120,Orlando Magic,126,Box Score,,Box Score,,"18,846",2:19
Wed Jan 25 2023,7:30p,Brooklyn Nets,133,Philadelphia 76ers,137,Box Score,,Box Score,,"19,772",2:32
Wed Jan 25 2023,8:00p,Washington Wizards,108,Houston Rockets,103,Box Score,,Box Score,,"15,302",2:15
Wed Jan 25 2023,8:00p,Denver Nuggets,99,Milwaukee Bucks,107,Box Score,,Box Score,,"17,352",2:12
Wed Jan 25 2023,8:00p,Minnesota Timberwolves,111,New Orleans Pelicans,102,Box Score,,Box Score,,"14,887",2:16
Wed Jan 25 2023,8:00p,Atlanta Hawks,137,Oklahoma City Thunder,132,Box Score,,Box Score,,"15,079",2:08
Wed Jan 25 2023,10:00p,Memphis Grizzlies,120,Golden State Warriors,122,Box Score,,Box Score,,"18,064",2:45
Wed Jan 25 2023,10:00p,Utah Jazz,124,Portland Trail Blazers,134,Box Score,,Box Score,,"18,154",2:04
Wed Jan 25 2023,10:00p,Toronto Raptors,113,Sacramento Kings,95,Box Score,,Box Score,,"17,767",1:59
Wed Jan 25 2023,10:30p,San Antonio Spurs,104,Los Angeles Lakers,113,Box Score,,Box Score,,"17,955",2:10
Thu Jan 26 2023,7:30p,New York Knicks,120,Boston Celtics,117,Box Score,,Box Score,OT,"19,156",2:25
Thu Jan 26 2023,7:30p,Detroit Pistons,130,Brooklyn Nets,122,Box Score,,Box Score,,"17,732",2:22
Thu Jan 26 2023,7:30p,Chicago Bulls,96,Charlotte Hornets,111,Box Score,,Box Score,,"17,697",2:07
Thu Jan 26 2023,8:00p,Cleveland Cavaliers,113,Houston Rockets,95,Box Score,,Box Score,,"16,327",2:03
Thu Jan 26 2023,10:00p,Dallas Mavericks,99,Phoenix Suns,95,Box Score,,Box Score,,"17,071",2:20
Thu Jan 26 2023,10:30p,San Antonio Spurs,100,Los Angeles Clippers,138,Box Score,,Box Score,,"16,958",2:06
Fri Jan 27 2023,7:00p,Milwaukee Bucks,141,Indiana Pacers,131,Box Score,,Box Score,,"16,090",2:13
Fri Jan 27 2023,7:30p,Memphis Grizzlies,100,Minnesota Timberwolves,111,Box Score,,Box Score,,"17,136",2:12
Fri Jan 27 2023,8:00p,Orlando Magic,105,Miami Heat,110,Box Score,,Box Score,,"19,788",2:19
Fri Jan 27 2023,8:00p,Cleveland Cavaliers,100,Oklahoma City Thunder,112,Box Score,,Box Score,,"16,236",2:04
Fri Jan 27 2023,10:00p,Toronto Raptors,117,Golden State Warriors,129,Box Score,,Box Score,,"18,064",2:09
Sat Jan 28 2023,3:00p,Denver Nuggets,119,Philadelphia 76ers,126,Box Score,,Box Score,,"21,255",2:19
Sat Jan 28 2023,5:30p,New York Knicks,115,Brooklyn Nets,122,Box Score,,Box Score,,"18,100",2:13
Sat Jan 28 2023,7:00p,Houston Rockets,117,Detroit Pistons,114,Box Score,,Box Score,,"19,411",2:24
Sat Jan 28 2023,7:00p,Chicago Bulls,128,Orlando Magic,109,Box Score,,Box Score,,"18,846",2:12
Sat Jan 28 2023,7:30p,Los Angeles Clippers,120,Atlanta Hawks,113,Box Score,,Box Score,,"18,448",2:11
Sat Jan 28 2023,8:00p,Sacramento Kings,110,Minnesota Timberwolves,117,Box Score,,Box Score,,"17,136",2:18
Sat Jan 28 2023,8:00p,Washington Wizards,113,New Orleans Pelicans,103,Box Score,,Box Score,,"17,692",2:23
Sat Jan 28 2023,8:00p,Phoenix Suns,128,San Antonio Spurs,118,Box Score,,Box Score,OT,"18,354",2:27
Sat Jan 28 2023,8:30p,Los Angeles Lakers,121,Boston Celtics,125,Box Score,,Box Score,OT,"19,156",2:47
Sat Jan 28 2023,9:00p,Dallas Mavericks,100,Utah Jazz,108,Box Score,,Box Score,,"18,206",2:06
Sat Jan 28 2023,10:00p,Toronto Raptors,123,Portland Trail Blazers,105,Box Score,,Box Score,,"19,393",2:07
Sun Jan 29 2023,1:00p,Miami Heat,117,Charlotte Hornets,122,Box Score,,Box Score,,"19,254",2:15
Sun Jan 29 2023,6:00p,Indiana Pacers,100,Memphis Grizzlies,112,Box Score,,Box Score,,"17,794",2:21
Sun Jan 29 2023,7:00p,Los Angeles Clippers,99,Cleveland Cavaliers,122,Box Score,,Box Score,,"19,432",2:02
Sun Jan 29 2023,8:00p,New Orleans Pelicans,110,Milwaukee Bucks,135,Box Score,,Box Score,,"17,341",2:06
Mon Jan 30 2023,7:00p,Orlando Magic,119,Philadelphia 76ers,109,Box Score,,Box Score,,"19,812",2:15
Mon Jan 30 2023,7:30p,Los Angeles Lakers,104,Brooklyn Nets,121,Box Score,,Box Score,,"17,924",2:19
Mon Jan 30 2023,8:00p,Sacramento Kings,118,Minnesota Timberwolves,111,Box Score,,Box Score,OT,"15,342",2:23
Mon Jan 30 2023,8:00p,Golden State Warriors,128,Oklahoma City Thunder,120,Box Score,,Box Score,,"16,854",2:09
Mon Jan 30 2023,8:00p,Washington Wizards,127,San Antonio Spurs,106,Box Score,,Box Score,,"11,970",2:09
Mon Jan 30 2023,8:30p,Detroit Pistons,105,Dallas Mavericks,111,Box Score,,Box Score,,"19,777",2:16
Mon Jan 30 2023,9:00p,Toronto Raptors,106,Phoenix Suns,114,Box Score,,Box Score,,"17,071",2:09
Mon Jan 30 2023,10:00p,Atlanta Hawks,125,Portland Trail Blazers,129,Box Score,,Box Score,,"18,262",2:18
Tue Jan 31 2023,7:00p,Miami Heat,100,Cleveland Cavaliers,97,Box Score,,Box Score,,"19,432",2:12
Tue Jan 31 2023,7:30p,Los Angeles Lakers,129,New York Knicks,123,Box Score,,Box Score,OT,"19,812",2:48
Tue Jan 31 2023,8:00p,Los Angeles Clippers,108,Chicago Bulls,103,Box Score,,Box Score,,"20,068",2:14
Tue Jan 31 2023,8:00p,Charlotte Hornets,115,Milwaukee Bucks,124,Box Score,,Box Score,,"17,341",2:16
Tue Jan 31 2023,10:00p,New Orleans Pelicans,113,Denver Nuggets,122,Box Score,,Box Score,,"18,868",2:23
Wed Feb 01 2023,7:00p,Portland Trail Blazers,122,Memphis Grizzlies,112,Box Score,,Box Score,,"14,589",2:28
Wed Feb 01 2023,7:00p,Orlando Magic,94,Philadelphia 76ers,105,Box Score,,Box Score,,"20,885",2:11
Wed Feb 01 2023,7:30p,Brooklyn Nets,96,Boston Celtics,139,Box Score,,Box Score,,"19,156",1:58
Wed Feb 01 2023,8:00p,Oklahoma City Thunder,106,Houston Rockets,112,Box Score,,Box Score,,"15,181",2:13
Wed Feb 01 2023,8:00p,Golden State Warriors,114,Minnesota Timberwolves,119,Box Score,,Box Score,OT,"17,136",2:32
Wed Feb 01 2023,8:00p,Sacramento Kings,119,San Antonio Spurs,109,Box Score,,Box Score,,"13,207",2:03
Wed Feb 01 2023,9:00p,Toronto Raptors,128,Utah Jazz,131,Box Score,,Box Score,,"18,206",2:18
Wed Feb 01 2023,10:00p,Atlanta Hawks,132,Phoenix Suns,100,Box Score,,Box Score,,"17,071",2:11
Thu Feb 02 2023,7:00p,Los Angeles Lakers,112,Indiana Pacers,111,Box Score,,Box Score,,"17,274",2:13
Thu Feb 02 2023,7:30p,Memphis Grizzlies,113,Cleveland Cavaliers,128,Box Score,,Box Score,,"19,432",2:25
Thu Feb 02 2023,7:30p,Miami Heat,104,New York Knicks,106,Box Score,,Box Score,,"19,044",2:20
Thu Feb 02 2023,8:00p,Charlotte Hornets,98,Chicago Bulls,114,Box Score,,Box Score,,"20,072",2:04
Thu Feb 02 2023,8:30p,New Orleans Pelicans,106,Dallas Mavericks,111,Box Score,,Box Score,,"19,670",2:20
Thu Feb 02 2023,9:00p,Golden State Warriors,117,Denver Nuggets,134,Box Score,,Box Score,,"19,555",2:07
Thu Feb 02 2023,10:00p,Los Angeles Clippers,105,Milwaukee Bucks,106,Box Score,,Box Score,,"17,341",2:20
Fri Feb 03 2023,7:00p,Charlotte Hornets,112,Detroit Pistons,118,Box Score,,Box Score,,"18,007",2:16
Fri Feb 03 2023,7:00p,Sacramento Kings,104,Indiana Pacers,107,Box Score,,Box Score,,"17,274",2:05
Fri Feb 03 2023,7:00p,Portland Trail Blazers,124,Washington Wizards,116,Box Score,,Box Score,,"20,476",2:11
Fri Feb 03 2023,7:30p,Phoenix Suns,106,Boston Celtics,94,Box Score,,Box Score,,"19,156",2:09
Fri Feb 03 2023,8:00p,Toronto Raptors,117,Houston Rockets,111,Box Score,,Box Score,,"16,585",2:14
Fri Feb 03 2023,8:00p,Orlando Magic,127,Minnesota Timberwolves,120,Box Score,,Box Score,,"17,136",2:36
Fri Feb 03 2023,8:00p,Philadelphia 76ers,137,San Antonio Spurs,125,Box Score,,Box Score,,"15,252",2:09
Fri Feb 03 2023,9:00p,Atlanta Hawks,115,Utah Jazz,108,Box Score,,Box Score,,"18,206",2:09
Sat Feb 04 2023,6:00p,Washington Wizards,123,Brooklyn Nets,125,Box Score,,Box Score,,"17,732",2:27
Sat Feb 04 2023,6:00p,Los Angeles Lakers,126,New Orleans Pelicans,131,Box Score,,Box Score,,"18,886",2:19
Sat Feb 04 2023,7:00p,Phoenix Suns,116,Detroit Pistons,100,Box Score,,Box Score,,"19,788",2:09
Sat Feb 04 2023,7:00p,Los Angeles Clippers,134,New York Knicks,128,Box Score,,Box Score,OT,"19,812",2:42
Sat Feb 04 2023,8:00p,Portland Trail Blazers,121,Chicago Bulls,129,Box Score,,Box Score,,"20,135",2:05
Sat Feb 04 2023,8:00p,Miami Heat,115,Milwaukee Bucks,123,Box Score,,Box Score,,"18,008",2:08
Sat Feb 04 2023,8:00p,Houston Rockets,121,Oklahoma City Thunder,153,Box Score,,Box Score,,"16,994",2:05
Sat Feb 04 2023,8:30p,Dallas Mavericks,113,Golden State Warriors,119,Box Score,,Box Score,,"18,064",2:21
Sat Feb 04 2023,9:00p,Atlanta Hawks,108,Denver Nuggets,128,Box Score,,Box Score,,"19,630",2:03
Sun Feb 05 2023,1:00p,Orlando Magic,119,Charlotte Hornets,113,Box Score,,Box Score,,"18,510",2:10
Sun Feb 05 2023,5:00p,Cleveland Cavaliers,122,Indiana Pacers,103,Box Score,,Box Score,,"17,274",2:05
Sun Feb 05 2023,6:00p,Toronto Raptors,106,Memphis Grizzlies,103,Box Score,,Box Score,,"17,794",2:15
Sun Feb 05 2023,6:00p,Philadelphia 76ers,97,New York Knicks,108,Box Score,,Box Score,,"17,586",2:38
Sun Feb 05 2023,7:00p,Denver Nuggets,98,Minnesota Timberwolves,128,Box Score,,Box Score,,"17,136",2:13
Sun Feb 05 2023,7:00p,Sacramento Kings,104,New Orleans Pelicans,136,Box Score,,Box Score,,"17,779",2:12
Mon Feb 06 2023,7:00p,Boston Celtics,111,Detroit Pistons,99,Box Score,,Box Score,,"17,933",2:03
Mon Feb 06 2023,7:00p,Cleveland Cavaliers,114,Washington Wizards,91,Box Score,,Box Score,,"16,744",1:58
Mon Feb 06 2023,7:30p,Los Angeles Clippers,124,Brooklyn Nets,116,Box Score,,Box Score,,"16,981",2:15
Mon Feb 06 2023,8:00p,San Antonio Spurs,104,Chicago Bulls,128,Box Score,,Box Score,,"19,291",2:04
Mon Feb 06 2023,8:00p,Sacramento Kings,140,Houston Rockets,120,Box Score,,Box Score,,"15,405",2:04
Mon Feb 06 2023,9:00p,Dallas Mavericks,124,Utah Jazz,111,Box Score,,Box Score,,"18,206",2:16
Mon Feb 06 2023,10:00p,Oklahoma City Thunder,114,Golden State Warriors,141,Box Score,,Box Score,,"18,064",1:55
Mon Feb 06 2023,10:00p,Milwaukee Bucks,127,Portland Trail Blazers,108,Box Score,,Box Score,,"18,110",2:16
Tue Feb 07 2023,7:00p,New York Knicks,102,Orlando Magic,98,Box Score,,Box Score,,"19,438",2:13
Tue Feb 07 2023,7:30p,Phoenix Suns,116,Brooklyn Nets,112,Box Score,,Box Score,,"17,093",2:28
Tue Feb 07 2023,7:30p,Atlanta Hawks,107,New Orleans Pelicans,116,Box Score,,Box Score,,"16,669",2:13
Tue Feb 07 2023,8:00p,Chicago Bulls,89,Memphis Grizzlies,104,Box Score,,Box Score,,"17,012",2:11
Tue Feb 07 2023,9:00p,Minnesota Timberwolves,112,Denver Nuggets,146,Box Score,,Box Score,,"18,307",2:06
Tue Feb 07 2023,10:00p,Oklahoma City Thunder,133,Los Angeles Lakers,130,Box Score,,Box Score,,"18,997",2:32
Wed Feb 08 2023,7:00p,Detroit Pistons,85,Cleveland Cavaliers,113,Box Score,,Box Score,,"19,432",2:04
Wed Feb 08 2023,7:00p,Charlotte Hornets,104,Washington Wizards,118,Box Score,,Box Score,,"16,097",2:08
Wed Feb 08 2023,7:30p,Philadelphia 76ers,99,Boston Celtics,106,Box Score,,Box Score,,"19,156",2:13
Wed Feb 08 2023,7:30p,Indiana Pacers,111,Miami Heat,116,Box Score,,Box Score,,"19,600",2:29
Wed Feb 08 2023,7:30p,San Antonio Spurs,98,Toronto Raptors,112,Box Score,,Box Score,,"19,800",2:08
Wed Feb 08 2023,8:00p,Sacramento Kings,130,Houston Rockets,128,Box Score,,Box Score,,"15,881",2:28
Wed Feb 08 2023,9:00p,Minnesota Timberwolves,143,Utah Jazz,118,Box Score,,Box Score,,"18,206",1:57
Wed Feb 08 2023,10:00p,Dallas Mavericks,110,Los Angeles Clippers,104,Box Score,,Box Score,,"18,377",2:10
Wed Feb 08 2023,10:00p,Golden State Warriors,122,Portland Trail Blazers,125,Box Score,,Box Score,,"18,450",2:11
Thu Feb 09 2023,7:00p,Denver Nuggets,104,Orlando Magic,115,Box Score,,Box Score,,"18,846",2:05
Thu Feb 09 2023,7:30p,Phoenix Suns,107,Atlanta Hawks,116,Box Score,,Box Score,,"17,003",2:14
Thu Feb 09 2023,7:30p,Chicago Bulls,105,Brooklyn Nets,116,Box Score,,Box Score,,"16,938",2:15
Thu Feb 09 2023,10:00p,Milwaukee Bucks,115,Los Angeles Lakers,106,Box Score,,Box Score,,"18,997",2:16
Fri Feb 10 2023,7:00p,San Antonio Spurs,131,Detroit Pistons,138,Box Score,,Box Score,2OT,"17,899",3:00
Fri Feb 10 2023,7:00p,Phoenix Suns,117,Indiana Pacers,104,Box Score,,Box Score,,"16,522",2:12
Fri Feb 10 2023,7:00p,New York Knicks,108,Philadelphia 76ers,119,Box Score,,Box Score,,"21,057",2:08
Fri Feb 10 2023,7:30p,Charlotte Hornets,116,Boston Celtics,127,Box Score,,Box Score,,"19,156",2:12
Fri Feb 10 2023,7:30p,Utah Jazz,122,Toronto Raptors,116,Box Score,,Box Score,,"19,800",2:19
Fri Feb 10 2023,8:00p,Minnesota Timberwolves,107,Memphis Grizzlies,128,Box Score,,Box Score,,"17,794",2:06
Fri Feb 10 2023,8:00p,Houston Rockets,95,Miami Heat,97,Box Score,,Box Score,,"19,600",2:20
Fri Feb 10 2023,10:00p,Cleveland Cavaliers,118,New Orleans Pelicans,107,Box Score,,Box Score,,"16,398",2:20
Fri Feb 10 2023,10:00p,Oklahoma City Thunder,138,Portland Trail Blazers,129,Box Score,,Box Score,,"19,424",2:21
Fri Feb 10 2023,10:00p,Dallas Mavericks,122,Sacramento Kings,114,Box Score,,Box Score,,"18,111",2:12
Fri Feb 10 2023,10:30p,Milwaukee Bucks,119,Los Angeles Clippers,106,Box Score,,Box Score,,"16,614",2:05
Sat Feb 11 2023,6:00p,Philadelphia 76ers,101,Brooklyn Nets,98,Box Score,,Box Score,,"17,732",2:15
Sat Feb 11 2023,7:00p,Denver Nuggets,119,Charlotte Hornets,105,Box Score,,Box Score,,"19,256",2:07
Sat Feb 11 2023,7:00p,Miami Heat,107,Orlando Magic,103,Box Score,,Box Score,OT,"18,223",2:42
Sat Feb 11 2023,7:00p,Indiana Pacers,113,Washington Wizards,127,Box Score,,Box Score,,"18,387",2:07
Sat Feb 11 2023,7:30p,San Antonio Spurs,106,Atlanta Hawks,125,Box Score,,Box Score,,"17,875",2:04
Sat Feb 11 2023,7:30p,Utah Jazz,120,New York Knicks,126,Box Score,,Box Score,,"19,339",2:16
Sat Feb 11 2023,8:00p,Chicago Bulls,89,Cleveland Cavaliers,97,Box Score,,Box Score,,"19,432",2:10
Sat Feb 11 2023,8:30p,Los Angeles Lakers,109,Golden State Warriors,103,Box Score,,Box Score,,"18,064",2:26
Sat Feb 11 2023,10:00p,Dallas Mavericks,128,Sacramento Kings,133,Box Score,,Box Score,OT,"18,111",2:22
Sun Feb 12 2023,2:00p,Memphis Grizzlies,109,Boston Celtics,119,Box Score,,Box Score,,"19,156",2:15
Sun Feb 12 2023,3:00p,Detroit Pistons,118,Toronto Raptors,119,Box Score,,Box Score,,"19,800",2:27
Mon Feb 13 2023,7:00p,Atlanta Hawks,138,Charlotte Hornets,144,Box Score,,Box Score,,"14,078",2:16
Mon Feb 13 2023,7:00p,San Antonio Spurs,109,Cleveland Cavaliers,117,Box Score,,Box Score,,"19,432",2:07
Mon Feb 13 2023,7:00p,Utah Jazz,123,Indiana Pacers,117,Box Score,,Box Score,,"15,004",2:17
Mon Feb 13 2023,7:00p,Houston Rockets,104,Philadelphia 76ers,123,Box Score,,Box Score,,"19,850",2:06
Mon Feb 13 2023,7:30p,Denver Nuggets,112,Miami Heat,108,Box Score,,Box Score,,"19,755",2:10
Mon Feb 13 2023,7:30p,Brooklyn Nets,106,New York Knicks,124,Box Score,,Box Score,,"19,812",2:19
Mon Feb 13 2023,8:00p,Orlando Magic,100,Chicago Bulls,91,Box Score,,Box Score,,"20,767",2:09
Mon Feb 13 2023,8:00p,New Orleans Pelicans,103,Oklahoma City Thunder,100,Box Score,,Box Score,,"14,920",2:11
Mon Feb 13 2023,8:30p,Minnesota Timberwolves,124,Dallas Mavericks,121,Box Score,,Box Score,,"20,325",2:18
Mon Feb 13 2023,10:00p,Washington Wizards,126,Golden State Warriors,135,Box Score,,Box Score,,"18,064",2:11
Mon Feb 13 2023,10:00p,Los Angeles Lakers,115,Portland Trail Blazers,127,Box Score,,Box Score,,"18,299",2:01
Tue Feb 14 2023,7:30p,Boston Celtics,125,Milwaukee Bucks,131,Box Score,,Box Score,OT,"17,623",2:45
Tue Feb 14 2023,7:30p,Orlando Magic,113,Toronto Raptors,123,Box Score,,Box Score,,"19,800",2:08
Tue Feb 14 2023,9:00p,Sacramento Kings,109,Phoenix Suns,120,Box Score,,Box Score,,"17,071",2:11
Tue Feb 14 2023,10:00p,Golden State Warriors,124,Los Angeles Clippers,134,Box Score,,Box Score,,"16,741",2:19
Tue Feb 14 2023,10:00p,Washington Wizards,126,Portland Trail Blazers,101,Box Score,,Box Score,,"18,004",
Wed Feb 15 2023,7:00p,San Antonio Spurs,110,Charlotte Hornets,120,Box Score,,Box Score,,"14,155",2:11
Wed Feb 15 2023,7:00p,Chicago Bulls,113,Indiana Pacers,117,Box Score,,Box Score,,"15,599",2:21
Wed Feb 15 2023,7:30p,New York Knicks,122,Atlanta Hawks,101,Box Score,,Box Score,,"17,771",2:09
Wed Feb 15 2023,7:30p,Detroit Pistons,109,Boston Celtics,127,Box Score,,Box Score,,"19,156",2:00
Wed Feb 15 2023,7:30p,Miami Heat,105,Brooklyn Nets,116,Box Score,,Box Score,,"17,963",2:07
Wed Feb 15 2023,7:30p,Cleveland Cavaliers,112,Philadelphia 76ers,118,Box Score,,Box Score,,"21,134",2:22
Wed Feb 15 2023,8:00p,Utah Jazz,111,Memphis Grizzlies,117,Box Score,,Box Score,,"16,748",2:13
Wed Feb 15 2023,8:00p,Houston Rockets,96,Oklahoma City Thunder,133,Box Score,,Box Score,,"14,988",2:25
Wed Feb 15 2023,9:00p,Dallas Mavericks,109,Denver Nuggets,118,Box Score,,Box Score,,"19,627",2:03
Wed Feb 15 2023,10:00p,New Orleans Pelicans,102,Los Angeles Lakers,120,Box Score,,Box Score,,"18,997",2:24
Thu Feb 16 2023,7:30p,Milwaukee Bucks,112,Chicago Bulls,100,Box Score,,Box Score,,"20,308",2:11
Thu Feb 16 2023,8:00p,Washington Wizards,114,Minnesota Timberwolves,106,Box Score,,Box Score,,"17,136",2:09
Thu Feb 16 2023,10:00p,Los Angeles Clippers,116,Phoenix Suns,107,Box Score,,Box Score,,"17,071",2:18
Thu Feb 23 2023,7:00p,Denver Nuggets,115,Cleveland Cavaliers,109,Box Score,,Box Score,,"19,432",2:09
Thu Feb 23 2023,7:00p,Boston Celtics,142,Indiana Pacers,138,Box Score,,Box Score,OT,"16,125",2:27
Thu Feb 23 2023,7:00p,Detroit Pistons,106,Orlando Magic,108,Box Score,,Box Score,,"18,846",2:20
Thu Feb 23 2023,7:30p,Memphis Grizzlies,105,Philadelphia 76ers,110,Box Score,,Box Score,,"21,205",2:42
Thu Feb 23 2023,7:30p,New Orleans Pelicans,110,Toronto Raptors,115,Box Score,,Box Score,,"19,800",2:09
Thu Feb 23 2023,8:30p,San Antonio Spurs,116,Dallas Mavericks,142,Box Score,,Box Score,,"20,287",
Thu Feb 23 2023,9:00p,Oklahoma City Thunder,119,Utah Jazz,120,Box Score,,Box Score,OT,"18,206",2:29
Thu Feb 23 2023,10:00p,Golden State Warriors,111,Los Angeles Lakers,124,Box Score,,Box Score,,"18,997",
Thu Feb 23 2023,10:00p,Portland Trail Blazers,116,Sacramento Kings,133,Box Score,,Box Score,,"18,041",2:06
Fri Feb 24 2023,7:00p,New York Knicks,115,Washington Wizards,109,Box Score,,Box Score,,"20,476",2:14
Fri Feb 24 2023,7:30p,Cleveland Cavaliers,119,Atlanta Hawks,136,Box Score,,Box Score,,"18,065",2:15
Fri Feb 24 2023,7:30p,Miami Heat,99,Milwaukee Bucks,128,Box Score,,Box Score,,"17,676",2:10
Fri Feb 24 2023,8:00p,Brooklyn Nets,87,Chicago Bulls,131,Box Score,,Box Score,,"21,286",2:06
Fri Feb 24 2023,8:00p,Charlotte Hornets,121,Minnesota Timberwolves,113,Box Score,,Box Score,,"17,136",2:14
Fri Feb 24 2023,10:00p,Houston Rockets,101,Golden State Warriors,116,Box Score,,Box Score,,"18,064",2:07
Fri Feb 24 2023,10:00p,Oklahoma City Thunder,115,Phoenix Suns,124,Box Score,,Box Score,,"17,071",2:21
Fri Feb 24 2023,10:30p,Sacramento Kings,176,Los Angeles Clippers,175,Box Score,,Box Score,2OT,"19,068",2:48
Sat Feb 25 2023,12:00p,Toronto Raptors,95,Detroit Pistons,91,Box Score,,Box Score,,"20,190",2:18
Sat Feb 25 2023,7:00p,Miami Heat,103,Charlotte Hornets,108,Box Score,,Box Score,,"19,109",2:19
Sat Feb 25 2023,7:00p,Indiana Pacers,121,Orlando Magic,108,Box Score,,Box Score,,"19,231",2:17
Sat Feb 25 2023,7:30p,New Orleans Pelicans,106,New York Knicks,128,Box Score,,Box Score,,"19,812",2:21
Sat Feb 25 2023,8:00p,Denver Nuggets,94,Memphis Grizzlies,112,Box Score,,Box Score,,"18,302",1:58
Sat Feb 25 2023,8:30p,Boston Celtics,110,Philadelphia 76ers,107,Box Score,,Box Score,,"20,993",2:21
Sat Feb 25 2023,9:00p,San Antonio Spurs,102,Utah Jazz,118,Box Score,,Box Score,,"18,206",2:07
Sun Feb 26 2023,1:00p,Phoenix Suns,101,Milwaukee Bucks,104,Box Score,,Box Score,,"17,636",2:30
Sun Feb 26 2023,3:00p,Brooklyn Nets,127,Atlanta Hawks,129,Box Score,,Box Score,,"16,983",2:20
Sun Feb 26 2023,3:30p,Washington Wizards,82,Chicago Bulls,102,Box Score,,Box Score,,"21,106",2:11
Sun Feb 26 2023,3:30p,Los Angeles Lakers,111,Dallas Mavericks,108,Box Score,,Box Score,,"20,411",2:29
Sun Feb 26 2023,6:00p,Toronto Raptors,93,Cleveland Cavaliers,118,Box Score,,Box Score,,"19,432",2:04
Sun Feb 26 2023,7:00p,Sacramento Kings,124,Oklahoma City Thunder,115,Box Score,,Box Score,,"15,147",2:16
Sun Feb 26 2023,7:30p,Minnesota Timberwolves,104,Golden State Warriors,109,Box Score,,Box Score,,"18,064",2:28
Sun Feb 26 2023,9:00p,Houston Rockets,114,Portland Trail Blazers,131,Box Score,,Box Score,,"19,215",2:18
Sun Feb 26 2023,10:00p,Los Angeles Clippers,124,Denver Nuggets,134,Box Score,,Box Score,OT,"19,689",2:45
Mon Feb 27 2023,7:00p,Detroit Pistons,106,Charlotte Hornets,117,Box Score,,Box Score,,"14,184",2:04
Mon Feb 27 2023,7:00p,Miami Heat,101,Philadelphia 76ers,99,Box Score,,Box Score,,"20,859",2:15
Mon Feb 27 2023,7:30p,Boston Celtics,94,New York Knicks,109,Box Score,,Box Score,,"19,812",2:21
Mon Feb 27 2023,8:00p,Orlando Magic,101,New Orleans Pelicans,93,Box Score,,Box Score,,"16,038",2:20
Tue Feb 28 2023,7:30p,Washington Wizards,119,Atlanta Hawks,116,Box Score,,Box Score,,"17,395",2:12
Tue Feb 28 2023,7:30p,Milwaukee Bucks,118,Brooklyn Nets,104,Box Score,,Box Score,,"17,732",2:11
Tue Feb 28 2023,7:30p,Los Angeles Lakers,109,Memphis Grizzlies,121,Box Score,,Box Score,,"17,794",2:17
Tue Feb 28 2023,7:30p,Chicago Bulls,98,Toronto Raptors,104,Box Score,,Box Score,,"19,800",2:09
Tue Feb 28 2023,8:00p,Denver Nuggets,133,Houston Rockets,112,Box Score,,Box Score,,"15,368",1:58
Tue Feb 28 2023,8:00p,Sacramento Kings,123,Oklahoma City Thunder,117,Box Score,,Box Score,,"13,353",2:16
Tue Feb 28 2023,8:30p,Indiana Pacers,124,Dallas Mavericks,122,Box Score,,Box Score,,"20,277",2:21
Tue Feb 28 2023,9:00p,San Antonio Spurs,102,Utah Jazz,94,Box Score,,Box Score,,"18,206",2:14
Tue Feb 28 2023,10:00p,Portland Trail Blazers,105,Golden State Warriors,123,Box Score,,Box Score,,"18,064",2:11
Tue Feb 28 2023,10:00p,Minnesota Timberwolves,108,Los Angeles Clippers,101,Box Score,,Box Score,,"17,022",2:21
Wed Mar 01 2023,7:00p,Phoenix Suns,105,Charlotte Hornets,91,Box Score,,Box Score,,"19,137",2:06
Wed Mar 01 2023,7:00p,Chicago Bulls,117,Detroit Pistons,115,Box Score,,Box Score,,"18,098",2:20
Wed Mar 01 2023,7:30p,Cleveland Cavaliers,113,Boston Celtics,117,Box Score,,Box Score,,"19,156",2:17
Wed Mar 01 2023,7:30p,Philadelphia 76ers,119,Miami Heat,96,Box Score,,Box Score,,"19,600",2:09
Wed Mar 01 2023,7:30p,Brooklyn Nets,118,New York Knicks,142,Box Score,,Box Score,,"19,812",2:19
Wed Mar 01 2023,8:00p,Memphis Grizzlies,113,Houston Rockets,99,Box Score,,Box Score,,"15,919",2:06
Wed Mar 01 2023,8:00p,Orlando Magic,117,Milwaukee Bucks,139,Box Score,,Box Score,,"17,354",2:13
Wed Mar 01 2023,8:00p,Los Angeles Lakers,123,Oklahoma City Thunder,117,Box Score,,Box Score,,"17,114",2:17
Wed Mar 01 2023,10:00p,New Orleans Pelicans,121,Portland Trail Blazers,110,Box Score,,Box Score,,"18,566",2:13
Thu Mar 02 2023,7:00p,Toronto Raptors,108,Washington Wizards,119,Box Score,,Box Score,,"14,643",2:08
Thu Mar 02 2023,7:30p,Philadelphia 76ers,126,Dallas Mavericks,133,Box Score,,Box Score,,"20,002",2:25
Thu Mar 02 2023,8:30p,Indiana Pacers,99,San Antonio Spurs,110,Box Score,,Box Score,,"14,617",2:07
Thu Mar 02 2023,10:00p,Los Angeles Clippers,91,Golden State Warriors,115,Box Score,,Box Score,,"18,064",2:27
Fri Mar 03 2023,7:00p,Orlando Magic,117,Charlotte Hornets,106,Box Score,,Box Score,,"16,683",2:16
Fri Mar 03 2023,7:30p,Portland Trail Blazers,111,Atlanta Hawks,129,Box Score,,Box Score,,"17,521",2:06
Fri Mar 03 2023,7:30p,Brooklyn Nets,115,Boston Celtics,105,Box Score,,Box Score,,"19,156",2:20
Fri Mar 03 2023,8:00p,Phoenix Suns,125,Chicago Bulls,104,Box Score,,Box Score,,"21,169",2:10
Fri Mar 03 2023,8:00p,New York Knicks,122,Miami Heat,120,Box Score,,Box Score,,"19,600",2:21
Fri Mar 03 2023,8:00p,Utah Jazz,103,Oklahoma City Thunder,130,Box Score,,Box Score,,"16,538",2:03
Fri Mar 03 2023,10:00p,Memphis Grizzlies,97,Denver Nuggets,113,Box Score,,Box Score,,"19,641",2:28
Fri Mar 03 2023,10:00p,New Orleans Pelicans,99,Golden State Warriors,108,Box Score,,Box Score,,"18,064",2:19
Fri Mar 03 2023,10:00p,Los Angeles Clippers,127,Sacramento Kings,128,Box Score,,Box Score,,"18,111",2:19
Fri Mar 03 2023,10:30p,Minnesota Timberwolves,110,Los Angeles Lakers,102,Box Score,,Box Score,,"18,997",2:10
Sat Mar 04 2023,5:00p,Toronto Raptors,116,Washington Wizards,109,Box Score,,Box Score,OT,"18,174",2:24
Sat Mar 04 2023,7:30p,Detroit Pistons,90,Cleveland Cavaliers,114,Box Score,,Box Score,,"19,432",2:05
Sat Mar 04 2023,8:00p,Atlanta Hawks,109,Miami Heat,117,Box Score,,Box Score,,"19,600",2:11
Sat Mar 04 2023,8:00p,Houston Rockets,122,San Antonio Spurs,110,Box Score,,Box Score,,"18,354",2:08
Sat Mar 04 2023,8:30p,Philadelphia 76ers,133,Milwaukee Bucks,130,Box Score,,Box Score,,"18,100",2:31
Sat Mar 04 2023,10:00p,Minnesota Timberwolves,138,Sacramento Kings,134,Box Score,,Box Score,,"18,111",2:13
Sun Mar 05 2023,1:00p,Phoenix Suns,130,Dallas Mavericks,126,Box Score,,Box Score,,"20,311",2:33
Sun Mar 05 2023,3:30p,Indiana Pacers,125,Chicago Bulls,122,Box Score,,Box Score,,"21,225",2:20
Sun Mar 05 2023,3:30p,Golden State Warriors,105,Los Angeles Lakers,113,Box Score,,Box Score,,"18,997",2:23
Sun Mar 05 2023,6:00p,Charlotte Hornets,86,Brooklyn Nets,102,Box Score,,Box Score,,"17,921",2:02
Sun Mar 05 2023,6:00p,Portland Trail Blazers,122,Orlando Magic,119,Box Score,,Box Score,,"18,846",2:26
Sun Mar 05 2023,7:00p,San Antonio Spurs,110,Houston Rockets,142,Box Score,,Box Score,,"16,721",2:09
Sun Mar 05 2023,7:00p,Utah Jazz,119,Oklahoma City Thunder,129,Box Score,,Box Score,,"14,778",2:10
Sun Mar 05 2023,7:30p,New York Knicks,131,Boston Celtics,129,Box Score,,Box Score,2OT,"19,156",2:56
Sun Mar 05 2023,7:30p,Milwaukee Bucks,117,Washington Wizards,111,Box Score,,Box Score,,"18,746",2:11
Sun Mar 05 2023,10:00p,Memphis Grizzlies,129,Los Angeles Clippers,135,Box Score,,Box Score,,"19,068",2:21
Mon Mar 06 2023,7:00p,Boston Celtics,114,Cleveland Cavaliers,118,Box Score,,Box Score,OT,"19,432",2:36
Mon Mar 06 2023,7:00p,Portland Trail Blazers,110,Detroit Pistons,104,Box Score,,Box Score,,"16,989",2:08
Mon Mar 06 2023,7:00p,Philadelphia 76ers,147,Indiana Pacers,143,Box Score,,Box Score,,"15,008",2:29
Mon Mar 06 2023,7:30p,Atlanta Hawks,128,Miami Heat,130,Box Score,,Box Score,,"19,600",2:20
Mon Mar 06 2023,9:00p,Toronto Raptors,113,Denver Nuggets,118,Box Score,,Box Score,,"19,520",2:13
Mon Mar 06 2023,10:00p,New Orleans Pelicans,108,Sacramento Kings,123,Box Score,,Box Score,,"17,708",2:05
Tue Mar 07 2023,7:00p,Washington Wizards,119,Detroit Pistons,117,Box Score,,Box Score,,"17,855",2:06
Tue Mar 07 2023,7:00p,Milwaukee Bucks,134,Orlando Magic,123,Box Score,,Box Score,,"16,110",2:12
Tue Mar 07 2023,7:30p,Philadelphia 76ers,117,Minnesota Timberwolves,94,Box Score,,Box Score,,"17,136",2:14
Tue Mar 07 2023,7:30p,Charlotte Hornets,112,New York Knicks,105,Box Score,,Box Score,,"19,812",2:13
Tue Mar 07 2023,8:00p,Brooklyn Nets,118,Houston Rockets,96,Box Score,,Box Score,,"14,833",2:05
Tue Mar 07 2023,8:00p,Golden State Warriors,128,Oklahoma City Thunder,137,Box Score,,Box Score,,"16,142",2:21
Tue Mar 07 2023,8:30p,Utah Jazz,116,Dallas Mavericks,120,Box Score,,Box Score,,"20,277",2:17
Tue Mar 07 2023,10:00p,Memphis Grizzlies,103,Los Angeles Lakers,112,Box Score,,Box Score,,"18,997",2:24
Wed Mar 08 2023,7:00p,Atlanta Hawks,122,Washington Wizards,120,Box Score,,Box Score,,"15,087",2:14
Wed Mar 08 2023,7:30p,Portland Trail Blazers,93,Boston Celtics,115,Box Score,,Box Score,,"19,156",2:02
Wed Mar 08 2023,7:30p,Cleveland Cavaliers,104,Miami Heat,100,Box Score,,Box Score,,"19,600",2:28
Wed Mar 08 2023,7:30p,Dallas Mavericks,106,New Orleans Pelicans,113,Box Score,,Box Score,,"17,473",2:13
Wed Mar 08 2023,9:00p,Chicago Bulls,117,Denver Nuggets,96,Box Score,,Box Score,,"19,896",2:01
Wed Mar 08 2023,9:00p,Oklahoma City Thunder,101,Phoenix Suns,132,Box Score,,Box Score,,"17,071",2:07
Wed Mar 08 2023,10:00p,Toronto Raptors,100,Los Angeles Clippers,108,Box Score,,Box Score,,"17,397",2:17
Thu Mar 09 2023,7:00p,Charlotte Hornets,113,Detroit Pistons,103,Box Score,,Box Score,,"17,121",2:08
Thu Mar 09 2023,7:00p,Houston Rockets,125,Indiana Pacers,134,Box Score,,Box Score,OT,"16,027",2:29
Thu Mar 09 2023,7:00p,Utah Jazz,131,Orlando Magic,124,Box Score,,Box Score,,"16,552",2:22
Thu Mar 09 2023,7:30p,Golden State Warriors,110,Memphis Grizzlies,131,Box Score,,Box Score,,"17,794",2:25
Thu Mar 09 2023,8:00p,Brooklyn Nets,113,Milwaukee Bucks,118,Box Score,,Box Score,,"17,341",2:08
Thu Mar 09 2023,10:00p,New York Knicks,117,Sacramento Kings,122,Box Score,,Box Score,,"18,068",2:33
Fri Mar 10 2023,7:00p,Portland Trail Blazers,119,Philadelphia 76ers,120,Box Score,,Box Score,,"21,001",2:21
Fri Mar 10 2023,7:00p,Atlanta Hawks,114,Washington Wizards,107,Box Score,,Box Score,,"18,161",2:23
Fri Mar 10 2023,8:00p,Cleveland Cavaliers,115,Miami Heat,119,Box Score,,Box Score,,"19,757",2:21
Fri Mar 10 2023,8:00p,Brooklyn Nets,124,Minnesota Timberwolves,123,Box Score,,Box Score,OT,"17,136",2:38
Fri Mar 10 2023,8:00p,Denver Nuggets,120,San Antonio Spurs,128,Box Score,,Box Score,,"18,354",2:10
Fri Mar 10 2023,10:30p,Toronto Raptors,112,Los Angeles Lakers,122,Box Score,,Box Score,,"18,322",2:06
Sat Mar 11 2023,4:00p,New York Knicks,95,Los Angeles Clippers,106,Box Score,,Box Score,,"19,068",2:14
Sat Mar 11 2023,7:00p,Utah Jazz,119,Charlotte Hornets,111,Box Score,,Box Score,,"17,221",1:58
Sat Mar 11 2023,7:00p,Indiana Pacers,121,Detroit Pistons,115,Box Score,,Box Score,,"20,190",2:13
Sat Mar 11 2023,7:00p,Miami Heat,114,Orlando Magic,126,Box Score,,Box Score,OT,"17,347",2:30
Sat Mar 11 2023,7:30p,Boston Celtics,134,Atlanta Hawks,125,Box Score,,Box Score,,"17,884",2:12
Sat Mar 11 2023,8:00p,Chicago Bulls,119,Houston Rockets,111,Box Score,,Box Score,,"18,055",2:13
Sat Mar 11 2023,8:00p,Dallas Mavericks,108,Memphis Grizzlies,112,Box Score,,Box Score,,"17,794",2:09
Sat Mar 11 2023,8:30p,Milwaukee Bucks,116,Golden State Warriors,125,Box Score,,Box Score,OT,"18,064",2:32
Sat Mar 11 2023,8:30p,Oklahoma City Thunder,110,New Orleans Pelicans,96,Box Score,,Box Score,,"17,606",2:14
Sat Mar 11 2023,9:00p,Sacramento Kings,128,Phoenix Suns,119,Box Score,,Box Score,,"17,071",2:27
Sun Mar 12 2023,3:30p,Brooklyn Nets,122,Denver Nuggets,120,Box Score,,Box Score,,"19,739",
Sun Mar 12 2023,5:00p,Cleveland Cavaliers,114,Charlotte Hornets,108,Box Score,,Box Score,,"17,342",2:14
Sun Mar 12 2023,6:00p,Washington Wizards,93,Philadelphia 76ers,112,Box Score,,Box Score,,"21,220",2:12
Sun Mar 12 2023,7:00p,Portland Trail Blazers,110,New Orleans Pelicans,127,Box Score,,Box Score,,"16,676",2:12
Sun Mar 12 2023,7:00p,Oklahoma City Thunder,102,San Antonio Spurs,90,Box Score,,Box Score,,"17,314",2:02
Sun Mar 12 2023,9:00p,New York Knicks,112,Los Angeles Lakers,108,Box Score,,Box Score,,"18,997",2:19
Mon Mar 13 2023,7:00p,Indiana Pacers,97,Detroit Pistons,117,Box Score,,Box Score,,"18,313",2:02
Mon Mar 13 2023,7:30p,Minnesota Timberwolves,136,Atlanta Hawks,115,Box Score,,Box Score,,"17,799",2:09
Mon Mar 13 2023,7:30p,Memphis Grizzlies,104,Dallas Mavericks,88,Box Score,,Box Score,,"20,303",2:10
Mon Mar 13 2023,7:30p,Utah Jazz,115,Miami Heat,119,Box Score,,Box Score,,"19,721",2:14
Mon Mar 13 2023,8:00p,Boston Celtics,109,Houston Rockets,111,Box Score,,Box Score,,"18,055",2:19
Mon Mar 13 2023,10:00p,Phoenix Suns,112,Golden State Warriors,123,Box Score,,Box Score,,"18,064",2:27
Mon Mar 13 2023,10:00p,Milwaukee Bucks,133,Sacramento Kings,124,Box Score,,Box Score,,"18,111",2:15
Tue Mar 14 2023,7:00p,Cleveland Cavaliers,120,Charlotte Hornets,104,Box Score,,Box Score,,"14,690",2:06
Tue Mar 14 2023,7:00p,Detroit Pistons,97,Washington Wizards,117,Box Score,,Box Score,,"15,279",2:01
Tue Mar 14 2023,7:30p,Denver Nuggets,110,Toronto Raptors,125,Box Score,,Box Score,,"19,800",2:10
Tue Mar 14 2023,8:00p,Los Angeles Lakers,123,New Orleans Pelicans,108,Box Score,,Box Score,,"18,625",2:11
Tue Mar 14 2023,8:00p,Brooklyn Nets,107,Oklahoma City Thunder,121,Box Score,,Box Score,,"16,976",2:17
Tue Mar 14 2023,8:00p,Orlando Magic,114,San Antonio Spurs,132,Box Score,,Box Score,,"13,708",2:02
Tue Mar 14 2023,10:00p,Milwaukee Bucks,116,Phoenix Suns,104,Box Score,,Box Score,,"17,071",2:15
Tue Mar 14 2023,10:00p,New York Knicks,123,Portland Trail Blazers,107,Box Score,,Box Score,,"19,488",2:09
Wed Mar 15 2023,7:30p,Philadelphia 76ers,118,Cleveland Cavaliers,109,Box Score,,Box Score,,"19,432",2:26
Wed Mar 15 2023,7:30p,Memphis Grizzlies,119,Miami Heat,138,Box Score,,Box Score,,"19,794",2:13
Wed Mar 15 2023,8:00p,Sacramento Kings,117,Chicago Bulls,114,Box Score,,Box Score,,"21,886",2:21
Wed Mar 15 2023,8:00p,Los Angeles Lakers,110,Houston Rockets,114,Box Score,,Box Score,,"18,055",2:23
Wed Mar 15 2023,8:00p,Boston Celtics,104,Minnesota Timberwolves,102,Box Score,,Box Score,,"17,136",2:20
Wed Mar 15 2023,8:30p,Dallas Mavericks,137,San Antonio Spurs,128,Box Score,,Box Score,OT,"18,354",2:37
Wed Mar 15 2023,10:00p,Golden State Warriors,126,Los Angeles Clippers,134,Box Score,,Box Score,,"19,068",2:31
Thu Mar 16 2023,7:00p,Denver Nuggets,119,Detroit Pistons,100,Box Score,,Box Score,,"17,987",2:07
Thu Mar 16 2023,7:30p,Sacramento Kings,101,Brooklyn Nets,96,Box Score,,Box Score,,"18,172",2:13
Thu Mar 16 2023,7:30p,Oklahoma City Thunder,111,Toronto Raptors,128,Box Score,,Box Score,,"19,800",2:04
Thu Mar 16 2023,8:00p,Indiana Pacers,139,Milwaukee Bucks,123,Box Score,,Box Score,,"17,797",2:09
Thu Mar 16 2023,10:00p,Orlando Magic,113,Phoenix Suns,116,Box Score,,Box Score,,"17,071",2:19
Fri Mar 17 2023,7:00p,Philadelphia 76ers,121,Charlotte Hornets,82,Box Score,,Box Score,,"19,096",2:04
Fri Mar 17 2023,7:30p,Golden State Warriors,119,Atlanta Hawks,127,Box Score,,Box Score,,"18,201",2:10
Fri Mar 17 2023,7:30p,Washington Wizards,94,Cleveland Cavaliers,117,Box Score,,Box Score,,"19,432",2:11
Fri Mar 17 2023,8:00p,Minnesota Timberwolves,131,Chicago Bulls,139,Box Score,,Box Score,2OT,"20,109",2:47
Fri Mar 17 2023,8:00p,New Orleans Pelicans,112,Houston Rockets,114,Box Score,,Box Score,,"15,841",2:16
Fri Mar 17 2023,8:00p,Memphis Grizzlies,126,San Antonio Spurs,120,Box Score,,Box Score,OT,"15,221",2:33
Fri Mar 17 2023,10:00p,Boston Celtics,126,Portland Trail Blazers,112,Box Score,,Box Score,,"19,393",2:15
Fri Mar 17 2023,10:30p,Dallas Mavericks,111,Los Angeles Lakers,110,Box Score,,Box Score,,"18,997",2:18
Sat Mar 18 2023,1:00p,Denver Nuggets,110,New York Knicks,116,Box Score,,Box Score,,"19,812",2:08
Sat Mar 18 2023,3:00p,Orlando Magic,113,Los Angeles Clippers,108,Box Score,,Box Score,,"17,533",2:15
Sat Mar 18 2023,7:00p,Philadelphia 76ers,141,Indiana Pacers,121,Box Score,,Box Score,,"17,274",2:07
Sat Mar 18 2023,7:00p,Minnesota Timberwolves,107,Toronto Raptors,122,Box Score,,Box Score,,"19,800",2:09
Sat Mar 18 2023,8:00p,Miami Heat,99,Chicago Bulls,113,Box Score,,Box Score,,"20,094",2:05
Sat Mar 18 2023,8:00p,Golden State Warriors,119,Memphis Grizzlies,133,Box Score,,Box Score,,"18,396",2:19
Sat Mar 18 2023,8:00p,Sacramento Kings,132,Washington Wizards,118,Box Score,,Box Score,,"18,529",2:07
Sat Mar 18 2023,9:00p,Boston Celtics,117,Utah Jazz,118,Box Score,,Box Score,,"18,206",2:11
Sun Mar 19 2023,3:30p,Denver Nuggets,108,Brooklyn Nets,102,Box Score,,Box Score,,"18,235",2:04
Sun Mar 19 2023,3:30p,Phoenix Suns,120,Oklahoma City Thunder,124,Box Score,,Box Score,,"17,897",2:24
Sun Mar 19 2023,4:00p,Atlanta Hawks,118,San Antonio Spurs,126,Box Score,,Box Score,,"16,311",2:07
Sun Mar 19 2023,6:00p,Miami Heat,112,Detroit Pistons,100,Box Score,,Box Score,,"20,190",2:13
Sun Mar 19 2023,7:00p,New Orleans Pelicans,117,Houston Rockets,107,Box Score,,Box Score,,"14,209",2:19
Sun Mar 19 2023,8:00p,Toronto Raptors,111,Milwaukee Bucks,118,Box Score,,Box Score,,"17,341",2:08
Sun Mar 19 2023,9:00p,Los Angeles Clippers,117,Portland Trail Blazers,102,Box Score,,Box Score,,"18,714",2:05
Sun Mar 19 2023,9:30p,Orlando Magic,105,Los Angeles Lakers,111,Box Score,,Box Score,,"18,997",2:12
Mon Mar 20 2023,7:00p,Indiana Pacers,109,Charlotte Hornets,115,Box Score,,Box Score,,"12,449",2:24
Mon Mar 20 2023,7:00p,Chicago Bulls,109,Philadelphia 76ers,105,Box Score,,Box Score,2OT,"21,145",2:37
Mon Mar 20 2023,7:30p,Minnesota Timberwolves,140,New York Knicks,134,Box Score,,Box Score,,"19,812",2:20
Mon Mar 20 2023,8:00p,Golden State Warriors,121,Houston Rockets,108,Box Score,,Box Score,,"16,116",2:08
Mon Mar 20 2023,8:00p,Dallas Mavericks,108,Memphis Grizzlies,112,Box Score,,Box Score,,"17,794",2:17
Mon Mar 20 2023,9:00p,Sacramento Kings,120,Utah Jazz,128,Box Score,,Box Score,,"18,206",2:14
Tue Mar 21 2023,7:00p,Washington Wizards,112,Orlando Magic,122,Box Score,,Box Score,,"16,096",2:12
Tue Mar 21 2023,7:30p,Detroit Pistons,107,Atlanta Hawks,129,Box Score,,Box Score,,"17,129",2:13
Tue Mar 21 2023,7:30p,Cleveland Cavaliers,115,Brooklyn Nets,109,Box Score,,Box Score,,"17,732",2:14
Tue Mar 21 2023,8:00p,San Antonio Spurs,84,New Orleans Pelicans,119,Box Score,,Box Score,,"15,466",2:08
Tue Mar 21 2023,10:00p,Boston Celtics,132,Sacramento Kings,109,Box Score,,Box Score,,"18,111",2:04
Tue Mar 21 2023,10:30p,Oklahoma City Thunder,101,Los Angeles Clippers,100,Box Score,,Box Score,,"19,068",2:10
Wed Mar 22 2023,7:00p,Denver Nuggets,118,Washington Wizards,104,Box Score,,Box Score,,"16,508",2:08
Wed Mar 22 2023,7:30p,Golden State Warriors,127,Dallas Mavericks,125,Box Score,,Box Score,,"20,377",2:28
Wed Mar 22 2023,7:30p,New York Knicks,120,Miami Heat,127,Box Score,,Box Score,,"19,863",2:17
Wed Mar 22 2023,7:30p,Indiana Pacers,118,Toronto Raptors,114,Box Score,,Box Score,,"19,800",2:17
Wed Mar 22 2023,8:00p,Philadelphia 76ers,116,Chicago Bulls,91,Box Score,,Box Score,,"20,946",2:17
Wed Mar 22 2023,8:00p,Houston Rockets,125,Memphis Grizzlies,130,Box Score,,Box Score,,"17,794",2:16
Wed Mar 22 2023,8:00p,San Antonio Spurs,94,Milwaukee Bucks,130,Box Score,,Box Score,,"17,756",2:03
Wed Mar 22 2023,8:00p,Atlanta Hawks,124,Minnesota Timberwolves,125,Box Score,,Box Score,,"17,136",2:19
Wed Mar 22 2023,9:00p,Portland Trail Blazers,127,Utah Jazz,115,Box Score,,Box Score,,,2:16
Wed Mar 22 2023,10:00p,Phoenix Suns,111,Los Angeles Lakers,122,Box Score,,Box Score,,"18,435",2:22
Thu Mar 23 2023,7:00p,New York Knicks,106,Orlando Magic,111,Box Score,,Box Score,,"17,607",2:14
Thu Mar 23 2023,7:30p,Cleveland Cavaliers,116,Brooklyn Nets,114,Box Score,,Box Score,,"17,732",2:13
Thu Mar 23 2023,8:00p,Charlotte Hornets,96,New Orleans Pelicans,115,Box Score,,Box Score,,"15,749",2:00
Thu Mar 23 2023,10:30p,Oklahoma City Thunder,105,Los Angeles Clippers,127,Box Score,,Box Score,,"17,307",2:01
Fri Mar 24 2023,7:00p,Indiana Pacers,95,Boston Celtics,120,Box Score,,Box Score,,"19,156",2:05
Fri Mar 24 2023,7:00p,San Antonio Spurs,124,Washington Wizards,136,Box Score,,Box Score,,"17,004",2:01
Fri Mar 24 2023,7:30p,Detroit Pistons,97,Toronto Raptors,118,Box Score,,Box Score,,"19,800",2:13
Fri Mar 24 2023,8:00p,Houston Rockets,114,Memphis Grizzlies,151,Box Score,,Box Score,,"17,851",1:59
Fri Mar 24 2023,8:30p,Charlotte Hornets,117,Dallas Mavericks,109,Box Score,,Box Score,,"20,347",2:11
Fri Mar 24 2023,9:00p,Milwaukee Bucks,144,Utah Jazz,116,Box Score,,Box Score,,"18,206",2:09
Fri Mar 24 2023,10:00p,Philadelphia 76ers,112,Golden State Warriors,120,Box Score,,Box Score,,"18,064",2:21
Fri Mar 24 2023,10:00p,Chicago Bulls,124,Portland Trail Blazers,96,Box Score,,Box Score,,"19,393",1:58
Fri Mar 24 2023,10:00p,Phoenix Suns,127,Sacramento Kings,135,Box Score,,Box Score,,"18,151",2:20
Fri Mar 24 2023,10:30p,Oklahoma City Thunder,111,Los Angeles Lakers,116,Box Score,,Box Score,,"18,997",2:09
Sat Mar 25 2023,5:00p,Indiana Pacers,130,Atlanta Hawks,143,Box Score,,Box Score,,"17,699",2:07
Sat Mar 25 2023,8:00p,Brooklyn Nets,129,Miami Heat,100,Box Score,,Box Score,,"19,680",2:13
Sat Mar 25 2023,9:00p,Milwaukee Bucks,106,Denver Nuggets,129,Box Score,,Box Score,,"19,919",2:13
Sat Mar 25 2023,10:00p,Philadelphia 76ers,105,Phoenix Suns,125,Box Score,,Box Score,,"17,071",2:12
Sat Mar 25 2023,10:00p,Utah Jazz,113,Sacramento Kings,121,Box Score,,Box Score,,"18,151",2:07
Sat Mar 25 2023,10:30p,New Orleans Pelicans,131,Los Angeles Clippers,110,Box Score,,Box Score,,"17,702",2:06
Sun Mar 26 2023,1:00p,Dallas Mavericks,104,Charlotte Hornets,110,Box Score,,Box Score,,"19,264",2:13
Sun Mar 26 2023,3:30p,Chicago Bulls,118,Los Angeles Lakers,108,Box Score,,Box Score,,"18,997",2:12
Sun Mar 26 2023,6:00p,Memphis Grizzlies,123,Atlanta Hawks,119,Box Score,,Box Score,,"18,056",2:15
Sun Mar 26 2023,6:00p,San Antonio Spurs,93,Boston Celtics,137,Box Score,,Box Score,,"19,156",2:03
Sun Mar 26 2023,6:00p,Houston Rockets,91,Cleveland Cavaliers,108,Box Score,,Box Score,,"19,432",2:07
Sun Mar 26 2023,6:00p,Brooklyn Nets,106,Orlando Magic,119,Box Score,,Box Score,,"17,862",2:11
Sun Mar 26 2023,6:00p,Washington Wizards,104,Toronto Raptors,114,Box Score,,Box Score,,"19,800",2:06
Sun Mar 26 2023,7:00p,Oklahoma City Thunder,118,Portland Trail Blazers,112,Box Score,,Box Score,,"18,626",2:12
Sun Mar 26 2023,8:30p,Minnesota Timberwolves,99,Golden State Warriors,96,Box Score,,Box Score,,"18,064",2:30
Mon Mar 27 2023,7:00p,Milwaukee Bucks,126,Detroit Pistons,117,Box Score,,Box Score,,"21,090",2:15
Mon Mar 27 2023,7:00p,Dallas Mavericks,127,Indiana Pacers,104,Box Score,,Box Score,,"17,022",2:13
Mon Mar 27 2023,7:30p,Houston Rockets,115,New York Knicks,137,Box Score,,Box Score,,"19,812",2:10
Mon Mar 27 2023,9:00p,Phoenix Suns,117,Utah Jazz,103,Box Score,,Box Score,,"18,206",2:07
Mon Mar 27 2023,9:30p,Philadelphia 76ers,111,Denver Nuggets,116,Box Score,,Box Score,,"19,781",2:07
Mon Mar 27 2023,10:00p,New Orleans Pelicans,124,Portland Trail Blazers,90,Box Score,,Box Score,,"17,943",2:00
Mon Mar 27 2023,10:00p,Minnesota Timberwolves,119,Sacramento Kings,115,Box Score,,Box Score,,"18,151",2:24
Mon Mar 27 2023,10:30p,Chicago Bulls,112,Los Angeles Clippers,124,Box Score,,Box Score,,"19,068",2:03
Tue Mar 28 2023,7:00p,Boston Celtics,111,Washington Wizards,130,Box Score,,Box Score,,"20,476",2:02
Tue Mar 28 2023,7:30p,Cleveland Cavaliers,118,Atlanta Hawks,120,Box Score,,Box Score,,"17,748",2:22
Tue Mar 28 2023,7:30p,Miami Heat,92,Toronto Raptors,106,Box Score,,Box Score,,"19,800",2:05
Tue Mar 28 2023,8:00p,Orlando Magic,108,Memphis Grizzlies,113,Box Score,,Box Score,,"16,507",2:14
Tue Mar 28 2023,8:00p,Charlotte Hornets,137,Oklahoma City Thunder,134,Box Score,,Box Score,,"15,428",2:19
Tue Mar 28 2023,10:00p,New Orleans Pelicans,109,Golden State Warriors,120,Box Score,,Box Score,,"18,064",2:36
Wed Mar 29 2023,7:00p,Milwaukee Bucks,149,Indiana Pacers,136,Box Score,,Box Score,,"16,524",2:22
Wed Mar 29 2023,7:30p,Houston Rockets,114,Brooklyn Nets,123,Box Score,,Box Score,,"17,074",2:12
Wed Mar 29 2023,7:30p,Miami Heat,92,New York Knicks,101,Box Score,,Box Score,,"19,812",2:09
Wed Mar 29 2023,7:30p,Dallas Mavericks,108,Philadelphia 76ers,116,Box Score,,Box Score,,"20,583",2:26
Wed Mar 29 2023,8:00p,Los Angeles Lakers,121,Chicago Bulls,110,Box Score,,Box Score,,"21,739",2:13
Wed Mar 29 2023,8:00p,Los Angeles Clippers,141,Memphis Grizzlies,132,Box Score,,Box Score,,"16,775",2:16
Wed Mar 29 2023,8:00p,Detroit Pistons,106,Oklahoma City Thunder,107,Box Score,,Box Score,,"15,047",2:17
Wed Mar 29 2023,8:00p,Utah Jazz,128,San Antonio Spurs,117,Box Score,,Box Score,,"18,354",
Wed Mar 29 2023,10:00p,Minnesota Timberwolves,100,Phoenix Suns,107,Box Score,,Box Score,,"17,071",2:17
Wed Mar 29 2023,10:00p,Sacramento Kings,120,Portland Trail Blazers,80,Box Score,,Box Score,,"18,550",1:59
Thu Mar 30 2023,7:30p,Boston Celtics,140,Milwaukee Bucks,99,Box Score,,Box Score,,"18,073",2:09
Thu Mar 30 2023,10:00p,New Orleans Pelicans,107,Denver Nuggets,88,Box Score,,Box Score,,"19,728",2:30
Fri Mar 31 2023,7:00p,Chicago Bulls,121,Charlotte Hornets,91,Box Score,,Box Score,,"18,768",2:06
Fri Mar 31 2023,7:00p,Oklahoma City Thunder,117,Indiana Pacers,121,Box Score,,Box Score,,"16,506",2:32
Fri Mar 31 2023,7:00p,Toronto Raptors,110,Philadelphia 76ers,117,Box Score,,Box Score,,"20,993",2:19
Fri Mar 31 2023,7:00p,Orlando Magic,116,Washington Wizards,109,Box Score,,Box Score,,"16,411",2:15
Fri Mar 31 2023,7:30p,Utah Jazz,114,Boston Celtics,122,Box Score,,Box Score,,"19,156",2:05
Fri Mar 31 2023,7:30p,Atlanta Hawks,107,Brooklyn Nets,124,Box Score,,Box Score,,"17,849",2:06
Fri Mar 31 2023,7:30p,New York Knicks,130,Cleveland Cavaliers,116,Box Score,,Box Score,,"19,432",2:09
Fri Mar 31 2023,8:00p,Detroit Pistons,115,Houston Rockets,121,Box Score,,Box Score,,"15,844",2:28
Fri Mar 31 2023,8:00p,Los Angeles Clippers,94,Memphis Grizzlies,108,Box Score,,Box Score,,"16,376",2:02
Fri Mar 31 2023,8:00p,Los Angeles Lakers,123,Minnesota Timberwolves,111,Box Score,,Box Score,,"18,978",2:23
Fri Mar 31 2023,10:00p,San Antonio Spurs,115,Golden State Warriors,130,Box Score,,Box Score,,"18,064",2:11
Fri Mar 31 2023,10:00p,Sacramento Kings,138,Portland Trail Blazers,114,Box Score,,Box Score,,"18,389",2:04
Fri Mar 31 2023,10:30p,Denver Nuggets,93,Phoenix Suns,100,Box Score,,Box Score,,"17,071",2:08
Sat Apr 01 2023,7:30p,Dallas Mavericks,122,Miami Heat,129,Box Score,,Box Score,,"20,011",2:18
Sat Apr 01 2023,8:30p,Los Angeles Clippers,114,New Orleans Pelicans,122,Box Score,,Box Score,,"18,399",2:13
Sun Apr 02 2023,1:00p,Toronto Raptors,128,Charlotte Hornets,108,Box Score,,Box Score,,"16,052",1:54
Sun Apr 02 2023,3:30p,Utah Jazz,110,Brooklyn Nets,111,Box Score,,Box Score,,"17,732",2:18
Sun Apr 02 2023,3:30p,Memphis Grizzlies,107,Chicago Bulls,128,Box Score,,Box Score,,"20,944",2:07
Sun Apr 02 2023,3:30p,Portland Trail Blazers,107,Minnesota Timberwolves,105,Box Score,,Box Score,,"18,978",2:17
Sun Apr 02 2023,6:00p,Dallas Mavericks,130,Atlanta Hawks,132,Box Score,,Box Score,OT,"17,678",2:40
Sun Apr 02 2023,6:00p,Washington Wizards,109,New York Knicks,118,Box Score,,Box Score,,"19,812",2:02
Sun Apr 02 2023,6:00p,Detroit Pistons,102,Orlando Magic,128,Box Score,,Box Score,,"19,431",2:42
Sun Apr 02 2023,6:00p,San Antonio Spurs,142,Sacramento Kings,134,Box Score,,Box Score,OT,"18,183",2:29
Sun Apr 02 2023,7:00p,Los Angeles Lakers,134,Houston Rockets,109,Box Score,,Box Score,,"18,204",2:02
Sun Apr 02 2023,7:00p,Phoenix Suns,128,Oklahoma City Thunder,118,Box Score,,Box Score,,"17,981",2:23
Sun Apr 02 2023,8:00p,Indiana Pacers,105,Cleveland Cavaliers,115,Box Score,,Box Score,,"19,432",2:19
Sun Apr 02 2023,8:00p,Philadelphia 76ers,104,Milwaukee Bucks,117,Box Score,,Box Score,,"17,532",2:09
Sun Apr 02 2023,8:30p,Golden State Warriors,110,Denver Nuggets,112,Box Score,,Box Score,,"19,752",2:13
Tue Apr 04 2023,7:00p,Toronto Raptors,120,Charlotte Hornets,100,Box Score,,Box Score,,"14,965",2:09
Tue Apr 04 2023,7:00p,Miami Heat,118,Detroit Pistons,105,Box Score,,Box Score,,"18,453",2:16
Tue Apr 04 2023,7:00p,Cleveland Cavaliers,117,Orlando Magic,113,Box Score,,Box Score,,"19,449",2:13
Tue Apr 04 2023,7:00p,Milwaukee Bucks,140,Washington Wizards,128,Box Score,,Box Score,,"19,098",2:10
Tue Apr 04 2023,7:30p,Minnesota Timberwolves,107,Brooklyn Nets,102,Box Score,,Box Score,,"17,893",2:05
Tue Apr 04 2023,8:00p,Atlanta Hawks,123,Chicago Bulls,105,Box Score,,Box Score,,"21,717",2:08
Tue Apr 04 2023,8:00p,Denver Nuggets,103,Houston Rockets,124,Box Score,,Box Score,,"16,924",2:05
Tue Apr 04 2023,8:00p,Portland Trail Blazers,109,Memphis Grizzlies,119,Box Score,,Box Score,,"17,558",1:58
Tue Apr 04 2023,8:00p,Sacramento Kings,121,New Orleans Pelicans,103,Box Score,,Box Score,,"15,799",2:05
Tue Apr 04 2023,8:00p,Boston Celtics,101,Philadelphia 76ers,103,Box Score,,Box Score,,"21,104",2:19
Tue Apr 04 2023,9:00p,Los Angeles Lakers,135,Utah Jazz,133,Box Score,,Box Score,OT,"18,206",2:31
Tue Apr 04 2023,10:00p,Oklahoma City Thunder,125,Golden State Warriors,136,Box Score,,Box Score,,"18,064",2:17
Tue Apr 04 2023,10:00p,San Antonio Spurs,94,Phoenix Suns,115,Box Score,,Box Score,,"17,071",2:01
Wed Apr 05 2023,7:00p,Brooklyn Nets,123,Detroit Pistons,108,Box Score,,Box Score,,"18,313",2:06
Wed Apr 05 2023,7:00p,New York Knicks,138,Indiana Pacers,129,Box Score,,Box Score,,"16,789",2:15
Wed Apr 05 2023,7:30p,Washington Wizards,116,Atlanta Hawks,134,Box Score,,Box Score,,"17,727",2:11
Wed Apr 05 2023,7:30p,Toronto Raptors,93,Boston Celtics,97,Box Score,,Box Score,,"19,156",2:09
Wed Apr 05 2023,7:30p,Chicago Bulls,92,Milwaukee Bucks,105,Box Score,,Box Score,,"17,679",2:06
Wed Apr 05 2023,8:00p,Memphis Grizzlies,131,New Orleans Pelicans,138,Box Score,,Box Score,OT,"17,232",2:38
Wed Apr 05 2023,8:30p,Sacramento Kings,119,Dallas Mavericks,123,Box Score,,Box Score,,"20,271",2:09
Wed Apr 05 2023,10:00p,Los Angeles Lakers,118,Los Angeles Clippers,125,Box Score,,Box Score,,"19,068",2:16
Thu Apr 06 2023,7:00p,Cleveland Cavaliers,118,Orlando Magic,94,Box Score,,Box Score,,"19,235",2:02
Thu Apr 06 2023,7:30p,Miami Heat,129,Philadelphia 76ers,101,Box Score,,Box Score,,"21,178",2:08
Thu Apr 06 2023,8:00p,Portland Trail Blazers,127,San Antonio Spurs,129,Box Score,,Box Score,,"16,023",2:16
Thu Apr 06 2023,9:00p,Oklahoma City Thunder,114,Utah Jazz,98,Box Score,,Box Score,,"18,206",2:06
Thu Apr 06 2023,10:00p,Denver Nuggets,115,Phoenix Suns,119,Box Score,,Box Score,,"17,071",2:11
Fri Apr 07 2023,7:00p,Houston Rockets,112,Charlotte Hornets,109,Box Score,,Box Score,,"19,102",2:16
Fri Apr 07 2023,7:00p,Detroit Pistons,122,Indiana Pacers,115,Box Score,,Box Score,,"17,274",2:12
Fri Apr 07 2023,7:00p,Miami Heat,108,Washington Wizards,114,Box Score,,Box Score,,"20,476",2:14
Fri Apr 07 2023,7:30p,Philadelphia 76ers,136,Atlanta Hawks,131,Box Score,,Box Score,OT,"17,627",2:34
Fri Apr 07 2023,7:30p,Toronto Raptors,102,Boston Celtics,121,Box Score,,Box Score,,"19,156",2:02
Fri Apr 07 2023,7:30p,Orlando Magic,84,Brooklyn Nets,101,Box Score,,Box Score,,"18,177",2:01
Fri Apr 07 2023,8:00p,Memphis Grizzlies,137,Milwaukee Bucks,114,Box Score,,Box Score,,"18,010",2:01
Fri Apr 07 2023,8:00p,New York Knicks,105,New Orleans Pelicans,113,Box Score,,Box Score,,"18,656",2:08
Fri Apr 07 2023,8:30p,Chicago Bulls,115,Dallas Mavericks,112,Box Score,,Box Score,,"20,313",2:01
Fri Apr 07 2023,10:00p,Golden State Warriors,119,Sacramento Kings,97,Box Score,,Box Score,,"18,253",2:14
Fri Apr 07 2023,10:30p,Phoenix Suns,107,Los Angeles Lakers,121,Box Score,,Box Score,,"18,997",1:59
Sat Apr 08 2023,3:30p,Denver Nuggets,114,Utah Jazz,118,Box Score,,Box Score,,"18,206",2:16
Sat Apr 08 2023,4:00p,Portland Trail Blazers,125,Los Angeles Clippers,136,Box Score,,Box Score,,"19,068",2:03
Sat Apr 08 2023,4:00p,Minnesota Timberwolves,151,San Antonio Spurs,131,Box Score,,Box Score,,"16,148",2:06
Sun Apr 09 2023,1:00p,Atlanta Hawks,114,Boston Celtics,120,Box Score,,Box Score,,"19,156",1:59
Sun Apr 09 2023,1:00p,Philadelphia 76ers,134,Brooklyn Nets,105,Box Score,,Box Score,,"17,732",2:06
Sun Apr 09 2023,1:00p,Detroit Pistons,81,Chicago Bulls,103,Box Score,,Box Score,,"21,530",2:04
Sun Apr 09 2023,1:00p,Charlotte Hornets,106,Cleveland Cavaliers,95,Box Score,,Box Score,,"19,432",2:01
Sun Apr 09 2023,1:00p,Orlando Magic,110,Miami Heat,123,Box Score,,Box Score,,"19,894",2:11
Sun Apr 09 2023,1:00p,Indiana Pacers,141,New York Knicks,136,Box Score,,Box Score,,"19,812",2:26
Sun Apr 09 2023,1:00p,Milwaukee Bucks,105,Toronto Raptors,121,Box Score,,Box Score,,"19,800",1:56
Sun Apr 09 2023,1:00p,Houston Rockets,114,Washington Wizards,109,Box Score,,Box Score,,"15,233",2:05
Sun Apr 09 2023,3:30p,San Antonio Spurs,138,Dallas Mavericks,117,Box Score,,Box Score,,"20,141",1:54
Sun Apr 09 2023,3:30p,Sacramento Kings,95,Denver Nuggets,109,Box Score,,Box Score,,"19,652",2:02
Sun Apr 09 2023,3:30p,Utah Jazz,117,Los Angeles Lakers,128,Box Score,,Box Score,,"18,997",2:02
Sun Apr 09 2023,3:30p,New Orleans Pelicans,108,Minnesota Timberwolves,113,Box Score,,Box Score,,"18,978",2:28
Sun Apr 09 2023,3:30p,Memphis Grizzlies,100,Oklahoma City Thunder,115,Box Score,,Box Score,,"16,601",1:56
Sun Apr 09 2023,3:30p,Los Angeles Clippers,119,Phoenix Suns,114,Box Score,,Box Score,,"17,071",2:16
Sun Apr 09 2023,3:30p,Golden State Warriors,157,Portland Trail Blazers,101,Box Score,,Box Score,,"19,731",1:57
Tue Apr 11 2023,7:30p,Atlanta Hawks,116,Miami Heat,105,Box Score,,Box Score,,"19,662",2:21
Tue Apr 11 2023,10:00p,Minnesota Timberwolves,102,Los Angeles Lakers,108,Box Score,,Box Score,OT,"18,997",2:46
Wed Apr 12 2023,7:00p,Chicago Bulls,109,Toronto Raptors,105,Box Score,,Box Score,,"19,800",2:32
Wed Apr 12 2023,9:30p,Oklahoma City Thunder,123,New Orleans Pelicans,118,Box Score,,Box Score,,"18,715",2:33
Fri Apr 14 2023,7:00p,Chicago Bulls,91,Miami Heat,102,Box Score,,Box Score,,"19,678",2:28
Fri Apr 14 2023,9:30p,Oklahoma City Thunder,95,Minnesota Timberwolves,120,Box Score,,Box Score,,"19,304",2:19
Sat Apr 15 2023,1:00p,Brooklyn Nets,101,Philadelphia 76ers,121,Box Score,,Box Score,,"20,913",2:14
Sat Apr 15 2023,3:30p,Atlanta Hawks,99,Boston Celtics,112,Box Score,,Box Score,,"19,156",2:14
Sat Apr 15 2023,6:00p,New York Knicks,101,Cleveland Cavaliers,97,Box Score,,Box Score,,"19,432",2:26
Sat Apr 15 2023,8:30p,Golden State Warriors,123,Sacramento Kings,126,Box Score,,Box Score,,"18,253",2:29
Sun Apr 16 2023,3:00p,Los Angeles Lakers,128,Memphis Grizzlies,112,Box Score,,Box Score,,"18,487",2:20
Sun Apr 16 2023,5:30p,Miami Heat,130,Milwaukee Bucks,117,Box Score,,Box Score,,"17,381",2:28
Sun Apr 16 2023,8:00p,Los Angeles Clippers,115,Phoenix Suns,110,Box Score,,Box Score,,"17,071",2:31
Sun Apr 16 2023,10:30p,Minnesota Timberwolves,80,Denver Nuggets,109,Box Score,,Box Score,,"19,628",2:21
Mon Apr 17 2023,7:30p,Brooklyn Nets,84,Philadelphia 76ers,96,Box Score,,Box Score,,"20,958",2:20
Mon Apr 17 2023,10:00p,Golden State Warriors,106,Sacramento Kings,114,Box Score,,Box Score,,"18,253",2:34
Tue Apr 18 2023,7:00p,Atlanta Hawks,106,Boston Celtics,119,Box Score,,Box Score,,"19,156",2:03
Tue Apr 18 2023,7:30p,New York Knicks,90,Cleveland Cavaliers,107,Box Score,,Box Score,,"19,432",2:21
Tue Apr 18 2023,10:00p,Los Angeles Clippers,109,Phoenix Suns,123,Box Score,,Box Score,,"17,071",2:27
Wed Apr 19 2023,7:30p,Los Angeles Lakers,93,Memphis Grizzlies,103,Box Score,,Box Score,,"17,928",2:24
Wed Apr 19 2023,9:00p,Miami Heat,122,Milwaukee Bucks,138,Box Score,,Box Score,,"17,576",2:08
Wed Apr 19 2023,10:00p,Minnesota Timberwolves,113,Denver Nuggets,122,Box Score,,Box Score,,"19,683",2:29
Thu Apr 20 2023,7:30p,Philadelphia 76ers,102,Brooklyn Nets,97,Box Score,,Box Score,,"17,910",2:28
Thu Apr 20 2023,10:00p,Sacramento Kings,97,Golden State Warriors,114,Box Score,,Box Score,,"18,064",2:24
Thu Apr 20 2023,10:30p,Phoenix Suns,129,Los Angeles Clippers,124,Box Score,,Box Score,,"19,068",2:28
Fri Apr 21 2023,7:00p,Boston Celtics,122,Atlanta Hawks,130,Box Score,,Box Score,,"18,536",2:19
Fri Apr 21 2023,8:30p,Cleveland Cavaliers,79,New York Knicks,99,Box Score,,Box Score,,"19,812",2:14
Fri Apr 21 2023,9:30p,Denver Nuggets,120,Minnesota Timberwolves,111,Box Score,,Box Score,,"19,536",2:25
Sat Apr 22 2023,1:00p,Philadelphia 76ers,96,Brooklyn Nets,88,Box Score,,Box Score,,"18,037",2:19
Sat Apr 22 2023,3:30p,Phoenix Suns,112,Los Angeles Clippers,100,Box Score,,Box Score,,"19,068",2:13
Sat Apr 22 2023,7:30p,Milwaukee Bucks,99,Miami Heat,121,Box Score,,Box Score,,"19,734",2:15
Sat Apr 22 2023,10:00p,Memphis Grizzlies,101,Los Angeles Lakers,111,Box Score,,Box Score,,"18,997",2:33
Sun Apr 23 2023,1:00p,Cleveland Cavaliers,93,New York Knicks,102,Box Score,,Box Score,,"19,812",2:22
Sun Apr 23 2023,3:30p,Sacramento Kings,125,Golden State Warriors,126,Box Score,,Box Score,,"18,064",2:31
Sun Apr 23 2023,7:00p,Boston Celtics,129,Atlanta Hawks,121,Box Score,,Box Score,,"19,144",2:28
Sun Apr 23 2023,9:30p,Denver Nuggets,108,Minnesota Timberwolves,114,Box Score,,Box Score,OT,"18,978",2:44
Mon Apr 24 2023,7:30p,Milwaukee Bucks,114,Miami Heat,119,Box Score,,Box Score,,"19,614",2:34
Mon Apr 24 2023,10:00p,Memphis Grizzlies,111,Los Angeles Lakers,117,Box Score,,Box Score,OT,"18,997",2:54
Tue Apr 25 2023,7:30p,Atlanta Hawks,119,Boston Celtics,117,Box Score,,Box Score,,"19,156",2:18
Tue Apr 25 2023,9:00p,Minnesota Timberwolves,109,Denver Nuggets,112,Box Score,,Box Score,,"19,691",2:39
Tue Apr 25 2023,10:00p,Los Angeles Clippers,130,Phoenix Suns,136,Box Score,,Box Score,,"17,071",2:34
Wed Apr 26 2023,7:00p,New York Knicks,106,Cleveland Cavaliers,95,Box Score,,Box Score,,"19,432",2:25
Wed Apr 26 2023,7:30p,Los Angeles Lakers,99,Memphis Grizzlies,116,Box Score,,Box Score,,"18,117",2:15
Wed Apr 26 2023,9:30p,Miami Heat,128,Milwaukee Bucks,126,Box Score,,Box Score,OT,"18,113",2:58
Wed Apr 26 2023,10:00p,Golden State Warriors,123,Sacramento Kings,116,Box Score,,Box Score,,"18,253",2:31
Thu Apr 27 2023,8:30p,Boston Celtics,128,Atlanta Hawks,120,Box Score,,Box Score,,"19,176",2:24
Fri Apr 28 2023,8:00p,Sacramento Kings,118,Golden State Warriors,99,Box Score,,Box Score,,"18,064",2:33
Fri Apr 28 2023,10:30p,Memphis Grizzlies,85,Los Angeles Lakers,125,Box Score,,Box Score,,"18,997",2:14
Sat Apr 29 2023,8:30p,Phoenix Suns,107,Denver Nuggets,125,Box Score,,Box Score,,"19,762",2:20
Sun Apr 30 2023,1:00p,Miami Heat,108,New York Knicks,101,Box Score,,Box Score,,"19,812",2:20
Sun Apr 30 2023,3:30p,Golden State Warriors,120,Sacramento Kings,100,Box Score,,Box Score,,"18,253",2:29
Mon May 01 2023,7:30p,Philadelphia 76ers,119,Boston Celtics,115,Box Score,,Box Score,,"19,156",2:16
Mon May 01 2023,10:00p,Phoenix Suns,87,Denver Nuggets,97,Box Score,,Box Score,,"19,592",2:17
Tue May 02 2023,7:30p,Miami Heat,105,New York Knicks,111,Box Score,,Box Score,,"19,812",2:33
Tue May 02 2023,10:00p,Los Angeles Lakers,117,Golden State Warriors,112,Box Score,,Box Score,,"18,064",2:21
Wed May 03 2023,8:00p,Philadelphia 76ers,87,Boston Celtics,121,Box Score,,Box Score,,"19,156",2:13
Thu May 04 2023,9:00p,Los Angeles Lakers,100,Golden State Warriors,127,Box Score,,Box Score,,"18,064",2:23
Fri May 05 2023,7:30p,Boston Celtics,114,Philadelphia 76ers,102,Box Score,,Box Score,,"21,290",2:22
Fri May 05 2023,10:00p,Denver Nuggets,114,Phoenix Suns,121,Box Score,,Box Score,,"17,071",2:28
Sat May 06 2023,3:30p,New York Knicks,86,Miami Heat,105,Box Score,,Box Score,,"19,927",2:37
Sat May 06 2023,8:30p,Golden State Warriors,97,Los Angeles Lakers,127,Box Score,,Box Score,,"18,997",2:33
Sun May 07 2023,3:30p,Boston Celtics,115,Philadelphia 76ers,116,Box Score,,Box Score,OT,"21,264",2:35
Sun May 07 2023,8:00p,Denver Nuggets,124,Phoenix Suns,129,Box Score,,Box Score,,"17,071",2:23
Mon May 08 2023,7:30p,New York Knicks,101,Miami Heat,109,Box Score,,Box Score,,"19,769",2:29
Mon May 08 2023,10:00p,Golden State Warriors,101,Los Angeles Lakers,104,Box Score,,Box Score,,"18,997",2:26
Tue May 09 2023,7:30p,Philadelphia 76ers,115,Boston Celtics,103,Box Score,,Box Score,,"19,156",2:25
Tue May 09 2023,10:00p,Phoenix Suns,102,Denver Nuggets,118,Box Score,,Box Score,,"19,773",2:23
Wed May 10 2023,7:30p,Miami Heat,103,New York Knicks,112,Box Score,,Box Score,,"19,812",2:31
Wed May 10 2023,10:00p,Los Angeles Lakers,106,Golden State Warriors,121,Box Score,,Box Score,,"18,064",2:21
Thu May 11 2023,7:30p,Boston Celtics,95,Philadelphia 76ers,86,Box Score,,Box Score,,"21,337",2:20
Thu May 11 2023,10:00p,Denver Nuggets,125,Phoenix Suns,100,Box Score,,Box Score,,"17,071",2:20
Fri May 12 2023,7:30p,New York Knicks,92,Miami Heat,96,Box Score,,Box Score,,"19,737",2:31
Fri May 12 2023,10:00p,Golden State Warriors,101,Los Angeles Lakers,122,Box Score,,Box Score,,"18,997",2:26
Sun May 14 2023,3:30p,Philadelphia 76ers,88,Boston Celtics,112,Box Score,,Box Score,,"19,156",2:23
Tue May 16 2023,8:30p,Los Angeles Lakers,126,Denver Nuggets,132,Box Score,,Box Score,,"19,633",2:34
Wed May 17 2023,8:30p,Miami Heat,123,Boston Celtics,116,Box Score,,Box Score,,"19,156",2:18
Thu May 18 2023,8:30p,Los Angeles Lakers,103,Denver Nuggets,108,Box Score,,Box Score,,"19,742",2:29
Fri May 19 2023,8:30p,Miami Heat,111,Boston Celtics,105,Box Score,,Box Score,,"19,156",2:22
Sat May 20 2023,8:30p,Denver Nuggets,119,Los Angeles Lakers,108,Box Score,,Box Score,,"18,997",2:19
Sun May 21 2023,8:30p,Boston Celtics,102,Miami Heat,128,Box Score,,Box Score,,"20,088",2:16
Mon May 22 2023,8:30p,Denver Nuggets,113,Los Angeles Lakers,111,Box Score,,Box Score,,"18,997",2:32
Tue May 23 2023,8:30p,Boston Celtics,116,Miami Heat,99,Box Score,,Box Score,,"20,147",2:22
Thu May 25 2023,8:30p,Miami Heat,97,Boston Celtics,110,Box Score,,Box Score,,"19,156",2:08
Sat May 27 2023,8:30p,Boston Celtics,104,Miami Heat,103,Box Score,,Box Score,,"20,201",2:40
Mon May 29 2023,8:30p,Miami Heat,103,Boston Celtics,84,Box Score,,Box Score,,"19,156",2:10
Thu Jun 01 2023,8:30p,Miami Heat,93,Denver Nuggets,104,Box Score,,Box Score,,"19,528",2:04
Sun Jun 04 2023,8:00p,Miami Heat,111,Denver Nuggets,108,Box Score,,Box Score,,"19,537",2:24
Wed Jun 07 2023,8:30p,Denver Nuggets,109,Miami Heat,94,Box Score,,Box Score,,"20,019",2:25
Fri Jun 09 2023,8:30p,Denver Nuggets,108,Miami Heat,95,Box Score,,Box Score,,"20,184",2:29
Mon Jun 12 2023,8:30p,Miami Heat,89,Denver Nuggets,94,Box Score,,Box Score,,"19,537",2:22
Tue Oct 24 2023,7:30p,Los Angeles Lakers,107,Denver Nuggets,119,Box Score,,Box Score,,"19,842",2:17
Tue Oct 24 2023,10:00p,Phoenix Suns,108,Golden State Warriors,104,Box Score,,Box Score,,"18,064",2:33
Wed Oct 25 2023,7:00p,Houston Rockets,86,Orlando Magic,116,Box Score,,Box Score,,"18,846",2:14
Wed Oct 25 2023,7:00p,Boston Celtics,108,New York Knicks,104,Box Score,,Box Score,,"19,812",2:39
Wed Oct 25 2023,7:00p,Washington Wizards,120,Indiana Pacers,143,Box Score,,Box Score,,"16,004",2:07
Wed Oct 25 2023,7:00p,Atlanta Hawks,110,Charlotte Hornets,116,Box Score,,Box Score,,"16,129",2:22
Wed Oct 25 2023,7:30p,Detroit Pistons,102,Miami Heat,103,Box Score,,Box Score,,"19,695",2:14
Wed Oct 25 2023,7:30p,Minnesota Timberwolves,94,Toronto Raptors,97,Box Score,,Box Score,,"19,800",2:10
Wed Oct 25 2023,7:30p,Cleveland Cavaliers,114,Brooklyn Nets,113,Box Score,,Box Score,,"17,931",2:18
Wed Oct 25 2023,8:00p,New Orleans Pelicans,111,Memphis Grizzlies,104,Box Score,,Box Score,,"17,798",2:20
Wed Oct 25 2023,8:00p,Oklahoma City Thunder,124,Chicago Bulls,104,Box Score,,Box Score,,"21,369",2:05
Wed Oct 25 2023,9:00p,Sacramento Kings,130,Utah Jazz,114,Box Score,,Box Score,,"18,206",2:18
Wed Oct 25 2023,9:30p,Dallas Mavericks,126,San Antonio Spurs,119,Box Score,,Box Score,,"18,947",2:20
Wed Oct 25 2023,10:30p,Portland Trail Blazers,111,Los Angeles Clippers,123,Box Score,,Box Score,,"19,370",2:09
Thu Oct 26 2023,7:30p,Philadelphia 76ers,117,Milwaukee Bucks,118,Box Score,,Box Score,,"17,783",2:40
Thu Oct 26 2023,10:00p,Phoenix Suns,95,Los Angeles Lakers,100,Box Score,,Box Score,,"18,997",2:26
Fri Oct 27 2023,7:00p,Denver Nuggets,108,Memphis Grizzlies,104,Box Score,,Box Score,,"16,617",2:20
Fri Oct 27 2023,7:00p,Detroit Pistons,111,Charlotte Hornets,99,Box Score,,Box Score,,"15,855",2:24
Fri Oct 27 2023,7:30p,New York Knicks,126,Atlanta Hawks,120,Box Score,,Box Score,,"17,692",2:11
Fri Oct 27 2023,7:30p,Oklahoma City Thunder,108,Cleveland Cavaliers,105,Box Score,,Box Score,,"19,432",2:27
Fri Oct 27 2023,7:30p,Miami Heat,111,Boston Celtics,119,Box Score,,Box Score,,"19,156",2:20
Fri Oct 27 2023,8:00p,Toronto Raptors,103,Chicago Bulls,104,Box Score,,Box Score,OT,"19,555",2:45
Fri Oct 27 2023,8:00p,Houston Rockets,122,San Antonio Spurs,126,Box Score,,Box Score,OT,"18,354",2:38
Fri Oct 27 2023,8:30p,Brooklyn Nets,120,Dallas Mavericks,125,Box Score,,Box Score,,"20,238",2:14
Fri Oct 27 2023,9:30p,Los Angeles Clippers,118,Utah Jazz,120,Box Score,,Box Score,,"18,206",2:15
Fri Oct 27 2023,10:00p,Orlando Magic,102,Portland Trail Blazers,97,Box Score,,Box Score,,"19,464",2:19
Fri Oct 27 2023,10:00p,Golden State Warriors,122,Sacramento Kings,114,Box Score,,Box Score,,"18,250",2:22
Sat Oct 28 2023,7:00p,Chicago Bulls,102,Detroit Pistons,118,Box Score,,Box Score,,"20,062",2:10
Sat Oct 28 2023,7:00p,Memphis Grizzlies,106,Washington Wizards,113,Box Score,,Box Score,,"16,191",2:16
Sat Oct 28 2023,7:00p,New York Knicks,87,New Orleans Pelicans,96,Box Score,,Box Score,,"16,331",2:08
Sat Oct 28 2023,7:30p,Indiana Pacers,125,Cleveland Cavaliers,113,Box Score,,Box Score,,"19,432",2:10
Sat Oct 28 2023,7:30p,Philadelphia 76ers,114,Toronto Raptors,107,Box Score,,Box Score,,"19,800",2:10
Sat Oct 28 2023,8:00p,Miami Heat,90,Minnesota Timberwolves,106,Box Score,,Box Score,,"18,024",2:05
Sat Oct 28 2023,10:00p,Utah Jazz,104,Phoenix Suns,126,Box Score,,Box Score,,"17,071",2:13
Sun Oct 29 2023,3:30p,Denver Nuggets,128,Oklahoma City Thunder,95,Box Score,,Box Score,,"18,203",2:00
Sun Oct 29 2023,7:00p,Golden State Warriors,106,Houston Rockets,95,Box Score,,Box Score,,"18,055",2:17
Sun Oct 29 2023,7:00p,Atlanta Hawks,127,Milwaukee Bucks,110,Box Score,,Box Score,,"17,341",2:15
Sun Oct 29 2023,7:30p,Portland Trail Blazers,98,Philadelphia 76ers,126,Box Score,,Box Score,,"19,768",2:13
Sun Oct 29 2023,9:00p,San Antonio Spurs,83,Los Angeles Clippers,123,Box Score,,Box Score,,"19,370",2:06
Sun Oct 29 2023,9:00p,Los Angeles Lakers,127,Sacramento Kings,132,Box Score,,Box Score,OT,"18,198",2:38
Mon Oct 30 2023,7:00p,Chicago Bulls,112,Indiana Pacers,105,Box Score,,Box Score,,"15,021",2:26
Mon Oct 30 2023,7:00p,Boston Celtics,126,Washington Wizards,107,Box Score,,Box Score,,"17,898",2:06
Mon Oct 30 2023,7:00p,Brooklyn Nets,133,Charlotte Hornets,121,Box Score,,Box Score,,"14,491",2:12
Mon Oct 30 2023,7:30p,Portland Trail Blazers,99,Toronto Raptors,91,Box Score,,Box Score,,"19,266",2:03
Mon Oct 30 2023,7:30p,Minnesota Timberwolves,113,Atlanta Hawks,127,Box Score,,Box Score,,"15,504",2:05
Mon Oct 30 2023,8:00p,Dallas Mavericks,125,Memphis Grizzlies,110,Box Score,,Box Score,,"15,031",2:14
Mon Oct 30 2023,8:00p,Miami Heat,114,Milwaukee Bucks,122,Box Score,,Box Score,,"17,341",2:24
Mon Oct 30 2023,8:00p,Golden State Warriors,130,New Orleans Pelicans,102,Box Score,,Box Score,,"17,286",2:08
Mon Oct 30 2023,8:00p,Detroit Pistons,112,Oklahoma City Thunder,124,Box Score,,Box Score,,"16,127",2:18
Mon Oct 30 2023,9:00p,Utah Jazz,102,Denver Nuggets,110,Box Score,,Box Score,,"19,671",2:11
Mon Oct 30 2023,10:30p,Orlando Magic,103,Los Angeles Lakers,106,Box Score,,Box Score,,"18,997",2:18
Tue Oct 31 2023,7:30p,New York Knicks,109,Cleveland Cavaliers,91,Box Score,,Box Score,,"19,432",2:14
Tue Oct 31 2023,10:00p,San Antonio Spurs,115,Phoenix Suns,114,Box Score,,Box Score,,"17,071",2:28
Tue Oct 31 2023,10:30p,Orlando Magic,102,Los Angeles Clippers,118,Box Score,,Box Score,,"14,014",2:17
Wed Nov 01 2023,7:00p,Portland Trail Blazers,110,Detroit Pistons,101,Box Score,,Box Score,,"16,912",2:08
Wed Nov 01 2023,7:00p,Milwaukee Bucks,111,Toronto Raptors,130,Box Score,,Box Score,,"19,800",2:19
Wed Nov 01 2023,7:30p,Washington Wizards,121,Atlanta Hawks,130,Box Score,,Box Score,,"15,925",2:11
Wed Nov 01 2023,7:30p,Indiana Pacers,104,Boston Celtics,155,Box Score,,Box Score,,"19,156",2:03
Wed Nov 01 2023,7:30p,Brooklyn Nets,109,Miami Heat,105,Box Score,,Box Score,,"19,600",2:14
Wed Nov 01 2023,7:30p,Cleveland Cavaliers,95,New York Knicks,89,Box Score,,Box Score,,"19,812",2:22
Wed Nov 01 2023,7:30p,New Orleans Pelicans,110,Oklahoma City Thunder,106,Box Score,,Box Score,,"15,764",2:32
Wed Nov 01 2023,8:00p,Charlotte Hornets,119,Houston Rockets,128,Box Score,,Box Score,,"16,263",2:08
Wed Nov 01 2023,8:00p,Denver Nuggets,89,Minnesota Timberwolves,110,Box Score,,Box Score,,"18,024",2:10
Wed Nov 01 2023,8:30p,Chicago Bulls,105,Dallas Mavericks,114,Box Score,,Box Score,,"20,103",2:07
Wed Nov 01 2023,9:00p,Memphis Grizzlies,109,Utah Jazz,133,Box Score,,Box Score,,"18,206",2:22
Wed Nov 01 2023,10:00p,Sacramento Kings,101,Golden State Warriors,102,Box Score,,Box Score,,"18,064",2:14
Wed Nov 01 2023,10:00p,Los Angeles Clippers,125,Los Angeles Lakers,130,Box Score,,Box Score,OT,"18,997",2:46
Thu Nov 02 2023,7:00p,Toronto Raptors,99,Philadelphia 76ers,114,Box Score,,Box Score,,"19,773",2:16
Thu Nov 02 2023,8:00p,Detroit Pistons,116,New Orleans Pelicans,125,Box Score,,Box Score,,"15,884",2:21
Thu Nov 02 2023,9:00p,Orlando Magic,115,Utah Jazz,113,Box Score,,Box Score,,"18,206",2:34
Thu Nov 02 2023,10:00p,San Antonio Spurs,132,Phoenix Suns,121,Box Score,,Box Score,,"17,071",2:17
Fri Nov 03 2023,7:00p,Cleveland Cavaliers,116,Indiana Pacers,121,Box Score,,Box Score,,"16,744",2:19
Fri Nov 03 2023,7:30p,New York Knicks,105,Milwaukee Bucks,110,Box Score,,Box Score,,"17,717",2:37
Fri Nov 03 2023,8:00p,Brooklyn Nets,109,Chicago Bulls,107,Box Score,,Box Score,,"20,645",2:03
Fri Nov 03 2023,8:00p,Washington Wizards,114,Miami Heat,121,Box Score,,Box Score,,"19,660",2:09
Fri Nov 03 2023,8:00p,Golden State Warriors,141,Oklahoma City Thunder,139,Box Score,,Box Score,,"16,827",2:39
Fri Nov 03 2023,10:00p,Dallas Mavericks,114,Denver Nuggets,125,Box Score,,Box Score,,"19,729",2:19
Fri Nov 03 2023,10:00p,Memphis Grizzlies,113,Portland Trail Blazers,115,Box Score,,Box Score,OT,"18,592",2:40
Sat Nov 04 2023,1:00p,Phoenix Suns,100,Philadelphia 76ers,112,Box Score,,Box Score,,"19,796",2:18
Sat Nov 04 2023,7:00p,Charlotte Hornets,125,Indiana Pacers,124,Box Score,,Box Score,,"15,945",2:32
Sat Nov 04 2023,7:00p,Atlanta Hawks,123,New Orleans Pelicans,105,Box Score,,Box Score,,"17,237",2:06
Sat Nov 04 2023,7:00p,Los Angeles Lakers,101,Orlando Magic,120,Box Score,,Box Score,,"18,846",2:21
Sat Nov 04 2023,8:00p,Boston Celtics,124,Brooklyn Nets,114,Box Score,,Box Score,,"17,983",2:10
Sat Nov 04 2023,8:00p,Sacramento Kings,89,Houston Rockets,107,Box Score,,Box Score,,"18,055",2:07
Sat Nov 04 2023,8:00p,Utah Jazz,95,Minnesota Timberwolves,123,Box Score,,Box Score,,"18,024",2:10
Sat Nov 04 2023,9:00p,Chicago Bulls,101,Denver Nuggets,123,Box Score,,Box Score,,"19,610",2:08
Sun Nov 05 2023,3:00p,Phoenix Suns,120,Detroit Pistons,106,Box Score,,Box Score,,"20,062",2:17
Sun Nov 05 2023,3:30p,Toronto Raptors,123,San Antonio Spurs,116,Box Score,,Box Score,OT,"18,354",2:36
Sun Nov 05 2023,6:00p,Golden State Warriors,104,Cleveland Cavaliers,115,Box Score,,Box Score,,"19,432",2:17
Sun Nov 05 2023,7:30p,Charlotte Hornets,118,Dallas Mavericks,124,Box Score,,Box Score,,"20,052",2:22
Sun Nov 05 2023,9:00p,Memphis Grizzlies,112,Portland Trail Blazers,100,Box Score,,Box Score,,"18,187",2:13
Mon Nov 06 2023,7:00p,Golden State Warriors,120,Detroit Pistons,109,Box Score,,Box Score,,"20,062",2:09
Mon Nov 06 2023,7:00p,San Antonio Spurs,111,Indiana Pacers,152,Box Score,,Box Score,,"15,129",2:12
Mon Nov 06 2023,7:00p,Dallas Mavericks,117,Orlando Magic,102,Box Score,,Box Score,,"19,409",2:22
Mon Nov 06 2023,7:00p,Washington Wizards,128,Philadelphia 76ers,146,Box Score,,Box Score,,"19,765",2:14
Mon Nov 06 2023,7:30p,Milwaukee Bucks,129,Brooklyn Nets,125,Box Score,,Box Score,,"17,935",2:20
Mon Nov 06 2023,7:30p,Los Angeles Lakers,107,Miami Heat,108,Box Score,,Box Score,,"19,725",2:10
Mon Nov 06 2023,7:30p,Los Angeles Clippers,97,New York Knicks,111,Box Score,,Box Score,,"19,812",2:09
Mon Nov 06 2023,8:00p,Utah Jazz,113,Chicago Bulls,130,Box Score,,Box Score,,"18,031",2:06
Mon Nov 06 2023,8:00p,Sacramento Kings,97,Houston Rockets,122,Box Score,,Box Score,,"15,130",2:17
Mon Nov 06 2023,8:00p,Boston Celtics,109,Minnesota Timberwolves,114,Box Score,,Box Score,OT,"18,024",2:40
Mon Nov 06 2023,8:00p,Atlanta Hawks,117,Oklahoma City Thunder,126,Box Score,,Box Score,,"16,486",2:17
Mon Nov 06 2023,9:00p,New Orleans Pelicans,116,Denver Nuggets,134,Box Score,,Box Score,,"19,544",2:09
Wed Nov 08 2023,7:00p,Washington Wizards,132,Charlotte Hornets,116,Box Score,,Box Score,,"14,267",2:16
Wed Nov 08 2023,7:00p,Utah Jazz,118,Indiana Pacers,134,Box Score,,Box Score,,"14,509",2:09
Wed Nov 08 2023,7:00p,Boston Celtics,103,Philadelphia 76ers,106,Box Score,,Box Score,,"19,953",2:11
Wed Nov 08 2023,7:30p,Los Angeles Clippers,93,Brooklyn Nets,100,Box Score,,Box Score,,"17,933",2:03
Wed Nov 08 2023,7:30p,San Antonio Spurs,105,New York Knicks,126,Box Score,,Box Score,,"19,812",2:12
Wed Nov 08 2023,8:00p,Phoenix Suns,116,Chicago Bulls,115,Box Score,,Box Score,OT,"18,220",2:36
Wed Nov 08 2023,8:00p,Los Angeles Lakers,94,Houston Rockets,128,Box Score,,Box Score,,"18,055",2:11
Wed Nov 08 2023,8:00p,Miami Heat,108,Memphis Grizzlies,102,Box Score,,Box Score,,"16,781",2:28
Wed Nov 08 2023,8:00p,Detroit Pistons,118,Milwaukee Bucks,120,Box Score,,Box Score,,"17,341",2:20
Wed Nov 08 2023,8:00p,New Orleans Pelicans,101,Minnesota Timberwolves,122,Box Score,,Box Score,,"18,024",2:07
Wed Nov 08 2023,8:00p,Cleveland Cavaliers,120,Oklahoma City Thunder,128,Box Score,,Box Score,,"16,314",2:19
Wed Nov 08 2023,8:30p,Toronto Raptors,127,Dallas Mavericks,116,Box Score,,Box Score,,"20,063",2:19
Wed Nov 08 2023,10:00p,Golden State Warriors,105,Denver Nuggets,108,Box Score,,Box Score,,"19,737",2:20
Wed Nov 08 2023,10:00p,Portland Trail Blazers,118,Sacramento Kings,121,Box Score,,Box Score,OT,"17,829",2:49
Thu Nov 09 2023,7:00p,Milwaukee Bucks,124,Indiana Pacers,126,Box Score,,Box Score,,"14,648",2:25
Thu Nov 09 2023,9:30p,Atlanta Hawks,120,Orlando Magic,119,Box Score,,Box Score,,"19,986",2:31
Fri Nov 10 2023,7:00p,Philadelphia 76ers,114,Detroit Pistons,106,Box Score,,Box Score,,"18,902",2:18
Fri Nov 10 2023,7:00p,Charlotte Hornets,124,Washington Wizards,117,Box Score,,Box Score,,"17,602",2:15
Fri Nov 10 2023,7:30p,Brooklyn Nets,107,Boston Celtics,121,Box Score,,Box Score,,"19,156",2:11
Fri Nov 10 2023,8:00p,New Orleans Pelicans,101,Houston Rockets,104,Box Score,,Box Score,,"16,236",2:28
Fri Nov 10 2023,8:00p,Utah Jazz,127,Memphis Grizzlies,121,Box Score,,Box Score,,"16,977",2:21
Fri Nov 10 2023,8:00p,Minnesota Timberwolves,117,San Antonio Spurs,110,Box Score,,Box Score,,"18,354",2:17
Fri Nov 10 2023,8:30p,Los Angeles Clippers,126,Dallas Mavericks,144,Box Score,,Box Score,,"20,377",2:24
Fri Nov 10 2023,10:00p,Los Angeles Lakers,122,Phoenix Suns,119,Box Score,,Box Score,,"17,071",2:33
Fri Nov 10 2023,10:00p,Oklahoma City Thunder,98,Sacramento Kings,105,Box Score,,Box Score,,"18,097",2:22
Sat Nov 11 2023,6:00p,Milwaukee Bucks,97,Orlando Magic,112,Box Score,,Box Score,,"19,354",2:25
Sat Nov 11 2023,7:00p,Toronto Raptors,94,Boston Celtics,117,Box Score,,Box Score,,"19,156",2:04
Sat Nov 11 2023,7:30p,Miami Heat,117,Atlanta Hawks,109,Box Score,,Box Score,,"17,722",2:13
Sat Nov 11 2023,8:30p,Cleveland Cavaliers,118,Golden State Warriors,110,Box Score,,Box Score,,"18,064",2:49
Sun Nov 12 2023,12:00p,Charlotte Hornets,107,New York Knicks,129,Box Score,,Box Score,,"19,812",2:09
Sun Nov 12 2023,3:00p,Washington Wizards,94,Brooklyn Nets,102,Box Score,,Box Score,,"17,732",2:17
Sun Nov 12 2023,3:30p,Memphis Grizzlies,105,Los Angeles Clippers,101,Box Score,,Box Score,,"17,220",2:25
Sun Nov 12 2023,6:00p,Indiana Pacers,126,Philadelphia 76ers,137,Box Score,,Box Score,,"19,758",2:06
Sun Nov 12 2023,7:00p,Detroit Pistons,108,Chicago Bulls,119,Box Score,,Box Score,,"19,088",2:12
Sun Nov 12 2023,7:00p,Denver Nuggets,104,Houston Rockets,107,Box Score,,Box Score,,"18,055",2:10
Sun Nov 12 2023,7:00p,Dallas Mavericks,136,New Orleans Pelicans,124,Box Score,,Box Score,,"16,302",2:10
Sun Nov 12 2023,7:00p,Miami Heat,118,San Antonio Spurs,113,Box Score,,Box Score,,"18,036",2:07
Sun Nov 12 2023,8:00p,Oklahoma City Thunder,111,Phoenix Suns,99,Box Score,,Box Score,,"17,071",2:15
Sun Nov 12 2023,8:30p,Minnesota Timberwolves,116,Golden State Warriors,110,Box Score,,Box Score,,"18,064",2:25
Sun Nov 12 2023,10:00p,Portland Trail Blazers,110,Los Angeles Lakers,116,Box Score,,Box Score,,"18,997",2:11
Mon Nov 13 2023,7:30p,New York Knicks,98,Boston Celtics,114,Box Score,,Box Score,,"19,156",2:11
Mon Nov 13 2023,7:30p,Washington Wizards,107,Toronto Raptors,111,Box Score,,Box Score,,"19,800",2:14
Mon Nov 13 2023,8:00p,Chicago Bulls,109,Milwaukee Bucks,118,Box Score,,Box Score,,"17,865",2:16
Mon Nov 13 2023,10:00p,Cleveland Cavaliers,120,Sacramento Kings,132,Box Score,,Box Score,,"17,829",2:17
Tue Nov 14 2023,7:00p,Miami Heat,111,Charlotte Hornets,105,Box Score,,Box Score,,"15,673",2:14
Tue Nov 14 2023,7:00p,Atlanta Hawks,126,Detroit Pistons,120,Box Score,,Box Score,,"16,963",2:13
Tue Nov 14 2023,7:00p,Indiana Pacers,132,Philadelphia 76ers,126,Box Score,,Box Score,,"19,774",2:37
Tue Nov 14 2023,7:30p,Orlando Magic,104,Brooklyn Nets,124,Box Score,,Box Score,,"17,361",2:07
Tue Nov 14 2023,7:30p,San Antonio Spurs,87,Oklahoma City Thunder,123,Box Score,,Box Score,,"18,203",2:17
Tue Nov 14 2023,8:00p,Dallas Mavericks,110,New Orleans Pelicans,131,Box Score,,Box Score,,"16,354",2:10
Tue Nov 14 2023,9:00p,Portland Trail Blazers,99,Utah Jazz,115,Box Score,,Box Score,,"18,206",2:03
Tue Nov 14 2023,10:00p,Los Angeles Clippers,108,Denver Nuggets,111,Box Score,,Box Score,,"19,661",2:29
Tue Nov 14 2023,10:00p,Minnesota Timberwolves,104,Golden State Warriors,101,Box Score,,Box Score,,"18,064",2:24
Tue Nov 14 2023,10:30p,Memphis Grizzlies,107,Los Angeles Lakers,134,Box Score,,Box Score,,"18,430",2:14
Wed Nov 15 2023,7:00p,Dallas Mavericks,130,Washington Wizards,117,Box Score,,Box Score,,"16,632",2:07
Wed Nov 15 2023,7:30p,New York Knicks,116,Atlanta Hawks,114,Box Score,,Box Score,,"17,060",2:17
Wed Nov 15 2023,7:30p,Boston Celtics,117,Philadelphia 76ers,107,Box Score,,Box Score,,"19,773",2:10
Wed Nov 15 2023,7:30p,Milwaukee Bucks,128,Toronto Raptors,112,Box Score,,Box Score,,"19,800",2:15
Wed Nov 15 2023,8:00p,Orlando Magic,96,Chicago Bulls,94,Box Score,,Box Score,,"19,092",2:20
Wed Nov 15 2023,9:00p,Minnesota Timberwolves,115,Phoenix Suns,133,Box Score,,Box Score,,"17,071",2:07
Wed Nov 15 2023,10:00p,Sacramento Kings,125,Los Angeles Lakers,110,Box Score,,Box Score,,"18,687",2:13
Wed Nov 15 2023,10:00p,Cleveland Cavaliers,109,Portland Trail Blazers,95,Box Score,,Box Score,,"18,137",2:10
Thu Nov 16 2023,7:30p,Brooklyn Nets,115,Miami Heat,122,Box Score,,Box Score,,"19,866",2:17
Thu Nov 16 2023,10:00p,Oklahoma City Thunder,128,Golden State Warriors,109,Box Score,,Box Score,,"18,064",2:09
Fri Nov 17 2023,7:00p,Milwaukee Bucks,130,Charlotte Hornets,99,Box Score,,Box Score,,"19,258",2:09
Fri Nov 17 2023,7:00p,New York Knicks,120,Washington Wizards,99,Box Score,,Box Score,,"16,886",2:18
Fri Nov 17 2023,7:30p,Philadelphia 76ers,126,Atlanta Hawks,116,Box Score,,Box Score,,"17,067",2:19
Fri Nov 17 2023,7:30p,Detroit Pistons,100,Cleveland Cavaliers,108,Box Score,,Box Score,,"19,432",2:05
Fri Nov 17 2023,7:30p,Sacramento Kings,129,San Antonio Spurs,120,Box Score,,Box Score,,"18,354",2:20
Fri Nov 17 2023,7:30p,Boston Celtics,108,Toronto Raptors,105,Box Score,,Box Score,,"19,800",2:02
Fri Nov 17 2023,8:00p,Orlando Magic,103,Chicago Bulls,97,Box Score,,Box Score,,"20,235",2:17
Fri Nov 17 2023,8:00p,Denver Nuggets,110,New Orleans Pelicans,115,Box Score,,Box Score,,"15,278",2:10
Fri Nov 17 2023,10:00p,Los Angeles Lakers,107,Portland Trail Blazers,95,Box Score,,Box Score,,"18,570",2:08
Fri Nov 17 2023,10:00p,Phoenix Suns,131,Utah Jazz,128,Box Score,,Box Score,,"18,206",2:28
Fri Nov 17 2023,10:30p,Houston Rockets,100,Los Angeles Clippers,106,Box Score,,Box Score,,"19,370",2:27
Sat Nov 18 2023,6:00p,New York Knicks,122,Charlotte Hornets,108,Box Score,,Box Score,,"19,171",2:02
Sat Nov 18 2023,7:00p,Minnesota Timberwolves,121,New Orleans Pelicans,120,Box Score,,Box Score,,"15,536",2:21
Sat Nov 18 2023,8:00p,Miami Heat,97,Chicago Bulls,102,Box Score,,Box Score,,"18,063",2:18
Sat Nov 18 2023,8:00p,Dallas Mavericks,125,Milwaukee Bucks,132,Box Score,,Box Score,,"18,128",2:07
Sat Nov 18 2023,8:00p,Memphis Grizzlies,120,San Antonio Spurs,108,Box Score,,Box Score,,"18,354",2:18
Sat Nov 18 2023,8:30p,Oklahoma City Thunder,130,Golden State Warriors,123,Box Score,,Box Score,OT,"18,064",2:27
Sun Nov 19 2023,3:00p,Philadelphia 76ers,121,Brooklyn Nets,99,Box Score,,Box Score,,"17,934",2:08
Sun Nov 19 2023,4:00p,Detroit Pistons,113,Toronto Raptors,142,Box Score,,Box Score,,"19,182",2:11
Sun Nov 19 2023,5:00p,Orlando Magic,128,Indiana Pacers,116,Box Score,,Box Score,,"17,276",2:26
Sun Nov 19 2023,6:00p,Denver Nuggets,109,Cleveland Cavaliers,121,Box Score,,Box Score,,"19,432",2:05
Sun Nov 19 2023,7:30p,Sacramento Kings,129,Dallas Mavericks,113,Box Score,,Box Score,,"20,211",2:10
Sun Nov 19 2023,8:00p,Boston Celtics,102,Memphis Grizzlies,100,Box Score,,Box Score,,"17,798",2:08
Sun Nov 19 2023,8:00p,Phoenix Suns,140,Utah Jazz,137,Box Score,,Box Score,2OT,"18,206",2:51
Sun Nov 19 2023,9:00p,Oklahoma City Thunder,134,Portland Trail Blazers,91,Box Score,,Box Score,,"18,235",1:59
Sun Nov 19 2023,9:30p,Houston Rockets,104,Los Angeles Lakers,105,Box Score,,Box Score,,"18,997",2:21
Mon Nov 20 2023,7:00p,Boston Celtics,118,Charlotte Hornets,121,Box Score,,Box Score,OT,"19,134",2:19
Mon Nov 20 2023,7:00p,Denver Nuggets,107,Detroit Pistons,103,Box Score,,Box Score,,"19,403",2:15
Mon Nov 20 2023,7:00p,Milwaukee Bucks,142,Washington Wizards,129,Box Score,,Box Score,,"17,746",2:05
Mon Nov 20 2023,8:00p,Miami Heat,118,Chicago Bulls,100,Box Score,,Box Score,,"19,258",2:09
Mon Nov 20 2023,8:00p,New York Knicks,100,Minnesota Timberwolves,117,Box Score,,Box Score,,"18,024",2:19
Mon Nov 20 2023,8:00p,Sacramento Kings,93,New Orleans Pelicans,129,Box Score,,Box Score,,"16,004",2:10
Mon Nov 20 2023,8:00p,Los Angeles Clippers,124,San Antonio Spurs,99,Box Score,,Box Score,,"18,354",2:05
Mon Nov 20 2023,10:00p,Houston Rockets,116,Golden State Warriors,121,Box Score,,Box Score,,"18,064",2:09
Tue Nov 21 2023,7:00p,Toronto Raptors,107,Orlando Magic,126,Box Score,,Box Score,,"18,846",2:10
Tue Nov 21 2023,7:30p,Indiana Pacers,157,Atlanta Hawks,152,Box Score,,Box Score,,"17,162",2:18
Tue Nov 21 2023,7:30p,Cleveland Cavaliers,122,Philadelphia 76ers,119,Box Score,,Box Score,OT,"20,565",2:51
Tue Nov 21 2023,9:00p,Portland Trail Blazers,107,Phoenix Suns,120,Box Score,,Box Score,,"17,071",2:16
Tue Nov 21 2023,10:00p,Utah Jazz,99,Los Angeles Lakers,131,Box Score,,Box Score,,"18,997",2:09
Wed Nov 22 2023,7:00p,Washington Wizards,114,Charlotte Hornets,117,Box Score,,Box Score,,"16,432",2:12
Wed Nov 22 2023,7:00p,Denver Nuggets,119,Orlando Magic,124,Box Score,,Box Score,,"18,237",2:22
Wed Nov 22 2023,7:30p,Brooklyn Nets,145,Atlanta Hawks,147,Box Score,,Box Score,OT,"17,340",2:37
Wed Nov 22 2023,7:30p,Milwaukee Bucks,116,Boston Celtics,119,Box Score,,Box Score,,"19,156",2:13
Wed Nov 22 2023,7:30p,Miami Heat,129,Cleveland Cavaliers,96,Box Score,,Box Score,,"19,432",2:10
Wed Nov 22 2023,7:30p,Toronto Raptors,132,Indiana Pacers,131,Box Score,,Box Score,,"17,091",2:19
Wed Nov 22 2023,8:00p,Memphis Grizzlies,91,Houston Rockets,111,Box Score,,Box Score,,"18,055",2:17
Wed Nov 22 2023,8:00p,Philadelphia 76ers,99,Minnesota Timberwolves,112,Box Score,,Box Score,,"18,024",2:09
Wed Nov 22 2023,8:00p,Sacramento Kings,112,New Orleans Pelicans,117,Box Score,,Box Score,,"16,012",2:26
Wed Nov 22 2023,8:00p,Chicago Bulls,102,Oklahoma City Thunder,116,Box Score,,Box Score,,"18,203",2:14
Wed Nov 22 2023,8:00p,Los Angeles Clippers,109,San Antonio Spurs,102,Box Score,,Box Score,,"18,354",2:16
Wed Nov 22 2023,10:00p,Golden State Warriors,115,Phoenix Suns,123,Box Score,,Box Score,,"17,071",2:45
Wed Nov 22 2023,10:00p,Utah Jazz,105,Portland Trail Blazers,121,Box Score,,Box Score,,"17,819",2:07
Wed Nov 22 2023,10:30p,Dallas Mavericks,104,Los Angeles Lakers,101,Box Score,,Box Score,,"18,997",2:12
Fri Nov 24 2023,2:30p,Boston Celtics,96,Orlando Magic,113,Box Score,,Box Score,,"18,846",2:17
Fri Nov 24 2023,5:00p,Phoenix Suns,110,Memphis Grizzlies,89,Box Score,,Box Score,,"17,794",2:06
Fri Nov 24 2023,7:30p,Miami Heat,98,New York Knicks,100,Box Score,,Box Score,,"19,812",2:18
Fri Nov 24 2023,7:30p,Chicago Bulls,108,Toronto Raptors,121,Box Score,,Box Score,,"19,800",2:12
Fri Nov 24 2023,8:00p,Denver Nuggets,86,Houston Rockets,105,Box Score,,Box Score,,"18,055",2:07
Fri Nov 24 2023,8:00p,Detroit Pistons,113,Indiana Pacers,136,Box Score,,Box Score,,"17,274",2:14
Fri Nov 24 2023,8:00p,Washington Wizards,128,Milwaukee Bucks,131,Box Score,,Box Score,,"17,880",2:20
Fri Nov 24 2023,8:00p,Sacramento Kings,124,Minnesota Timberwolves,111,Box Score,,Box Score,,"18,024",2:11
Fri Nov 24 2023,10:00p,San Antonio Spurs,112,Golden State Warriors,118,Box Score,,Box Score,,"18,064",2:35
Fri Nov 24 2023,10:30p,New Orleans Pelicans,116,Los Angeles Clippers,106,Box Score,,Box Score,,"19,370",2:20
Sat Nov 25 2023,5:00p,Philadelphia 76ers,127,Oklahoma City Thunder,123,Box Score,,Box Score,,"17,125",2:33
Sat Nov 25 2023,6:00p,Miami Heat,97,Brooklyn Nets,112,Box Score,,Box Score,,"17,817",2:10
Sat Nov 25 2023,7:00p,Atlanta Hawks,136,Washington Wizards,108,Box Score,,Box Score,,"16,276",2:02
Sat Nov 25 2023,7:30p,Los Angeles Lakers,121,Cleveland Cavaliers,115,Box Score,,Box Score,,"19,432",2:12
Sat Nov 25 2023,9:30p,New Orleans Pelicans,100,Utah Jazz,105,Box Score,,Box Score,,"18,206",2:10
Sat Nov 25 2023,10:30p,Dallas Mavericks,88,Los Angeles Clippers,107,Box Score,,Box Score,,"19,370",2:09
Sun Nov 26 2023,3:30p,Portland Trail Blazers,102,Milwaukee Bucks,108,Box Score,,Box Score,,"17,602",2:29
Sun Nov 26 2023,6:00p,Atlanta Hawks,103,Boston Celtics,113,Box Score,,Box Score,,"19,156",2:08
Sun Nov 26 2023,6:00p,Minnesota Timberwolves,119,Memphis Grizzlies,97,Box Score,,Box Score,,"15,764",2:15
Sun Nov 26 2023,6:00p,Phoenix Suns,116,New York Knicks,113,Box Score,,Box Score,,"19,812",2:25
Sun Nov 26 2023,6:00p,Charlotte Hornets,117,Orlando Magic,130,Box Score,,Box Score,,"18,846",2:16
Sun Nov 26 2023,7:30p,Chicago Bulls,109,Brooklyn Nets,118,Box Score,,Box Score,,"16,687",2:03
Sun Nov 26 2023,7:30p,Toronto Raptors,102,Cleveland Cavaliers,105,Box Score,,Box Score,,"19,432",2:16
Sun Nov 26 2023,8:00p,San Antonio Spurs,120,Denver Nuggets,132,Box Score,,Box Score,,"19,665",2:19
Mon Nov 27 2023,7:00p,Washington Wizards,126,Detroit Pistons,107,Box Score,,Box Score,,"14,346",2:18
Mon Nov 27 2023,7:00p,Portland Trail Blazers,114,Indiana Pacers,110,Box Score,,Box Score,,"14,508",2:29
Mon Nov 27 2023,7:00p,Los Angeles Lakers,94,Philadelphia 76ers,138,Box Score,,Box Score,,"19,907",2:11
Mon Nov 27 2023,9:00p,New Orleans Pelicans,112,Utah Jazz,114,Box Score,,Box Score,,"18,206",2:17
Mon Nov 27 2023,10:30p,Denver Nuggets,113,Los Angeles Clippers,104,Box Score,,Box Score,,"17,071",2:26
Tue Nov 28 2023,7:30p,Chicago Bulls,97,Boston Celtics,124,Box Score,,Box Score,,"19,156",2:01
Tue Nov 28 2023,7:30p,Toronto Raptors,103,Brooklyn Nets,115,Box Score,,Box Score,,"15,844",2:11
Tue Nov 28 2023,7:30p,Atlanta Hawks,105,Cleveland Cavaliers,128,Box Score,,Box Score,,"19,432",2:10
Tue Nov 28 2023,7:30p,Milwaukee Bucks,131,Miami Heat,124,Box Score,,Box Score,,"19,691",2:31
Tue Nov 28 2023,7:30p,Charlotte Hornets,91,New York Knicks,115,Box Score,,Box Score,,"19,111",2:03
Tue Nov 28 2023,8:00p,Oklahoma City Thunder,103,Minnesota Timberwolves,106,Box Score,,Box Score,,"18,024",2:20
Tue Nov 28 2023,8:30p,Houston Rockets,115,Dallas Mavericks,121,Box Score,,Box Score,,"20,103",2:35
Tue Nov 28 2023,10:00p,Golden State Warriors,123,Sacramento Kings,124,Box Score,,Box Score,,"18,039",2:44
Wed Nov 29 2023,7:00p,Los Angeles Lakers,133,Detroit Pistons,107,Box Score,,Box Score,,"20,062",2:13
Wed Nov 29 2023,7:00p,Washington Wizards,120,Orlando Magic,139,Box Score,,Box Score,,"17,109",2:13
Wed Nov 29 2023,7:30p,Phoenix Suns,105,Toronto Raptors,112,Box Score,,Box Score,,"19,800",2:12
Wed Nov 29 2023,8:00p,Utah Jazz,91,Memphis Grizzlies,105,Box Score,,Box Score,,"15,327",2:06
Wed Nov 29 2023,8:00p,Philadelphia 76ers,114,New Orleans Pelicans,124,Box Score,,Box Score,,"16,009",2:23
Wed Nov 29 2023,9:00p,Houston Rockets,124,Denver Nuggets,134,Box Score,,Box Score,,"19,590",2:07
Wed Nov 29 2023,10:00p,Los Angeles Clippers,131,Sacramento Kings,117,Box Score,,Box Score,,"17,829",2:17
Thu Nov 30 2023,7:00p,Portland Trail Blazers,103,Cleveland Cavaliers,95,Box Score,,Box Score,,"19,432",2:04
Thu Nov 30 2023,7:30p,Charlotte Hornets,129,Brooklyn Nets,128,Box Score,,Box Score,,"16,072",2:01
Thu Nov 30 2023,7:30p,Indiana Pacers,132,Miami Heat,142,Box Score,,Box Score,,"19,604",2:33
Thu Nov 30 2023,7:30p,Detroit Pistons,112,New York Knicks,118,Box Score,,Box Score,,"19,812",2:18
Thu Nov 30 2023,8:00p,Milwaukee Bucks,113,Chicago Bulls,120,Box Score,,Box Score,OT,"19,838",2:36
Thu Nov 30 2023,8:00p,Utah Jazz,90,Minnesota Timberwolves,101,Box Score,,Box Score,,"18,024",2:03
Thu Nov 30 2023,8:00p,Los Angeles Lakers,110,Oklahoma City Thunder,133,Box Score,,Box Score,,"17,401",2:07
Thu Nov 30 2023,8:00p,Atlanta Hawks,137,San Antonio Spurs,135,Box Score,,Box Score,,"17,646",2:17
Thu Nov 30 2023,10:00p,Los Angeles Clippers,114,Golden State Warriors,120,Box Score,,Box Score,,"18,064",2:23
Fri Dec 01 2023,7:00p,Washington Wizards,125,Orlando Magic,130,Box Score,,Box Score,,"18,846",2:30
Fri Dec 01 2023,7:30p,Philadelphia 76ers,119,Boston Celtics,125,Box Score,,Box Score,,"19,156",2:25
Fri Dec 01 2023,7:30p,Memphis Grizzlies,108,Dallas Mavericks,94,Box Score,,Box Score,,"20,150",2:08
Fri Dec 01 2023,7:30p,New York Knicks,119,Toronto Raptors,106,Box Score,,Box Score,,"19,800",2:13
Fri Dec 01 2023,8:00p,San Antonio Spurs,106,New Orleans Pelicans,121,Box Score,,Box Score,,"17,028",2:09
Fri Dec 01 2023,10:00p,Denver Nuggets,119,Phoenix Suns,111,Box Score,,Box Score,,"17,071",2:21
Sat Dec 02 2023,4:00p,Golden State Warriors,112,Los Angeles Clippers,113,Box Score,,Box Score,,"19,370",2:20
Sat Dec 02 2023,5:00p,Minnesota Timberwolves,123,Charlotte Hornets,117,Box Score,,Box Score,,"17,731",2:16
Sat Dec 02 2023,7:00p,Orlando Magic,101,Brooklyn Nets,129,Box Score,,Box Score,,"17,966",2:20
Sat Dec 02 2023,7:00p,Cleveland Cavaliers,110,Detroit Pistons,101,Box Score,,Box Score,,"18,924",2:05
Sat Dec 02 2023,8:00p,New Orleans Pelicans,118,Chicago Bulls,124,Box Score,,Box Score,,"20,511",2:15
Sat Dec 02 2023,8:00p,Indiana Pacers,144,Miami Heat,129,Box Score,,Box Score,,"19,650",2:17
Sat Dec 02 2023,8:00p,Atlanta Hawks,121,Milwaukee Bucks,132,Box Score,,Box Score,,"17,866",2:04
Sat Dec 02 2023,9:00p,Oklahoma City Thunder,126,Dallas Mavericks,120,Box Score,,Box Score,,"20,277",2:22
Sat Dec 02 2023,9:00p,Memphis Grizzlies,109,Phoenix Suns,116,Box Score,,Box Score,,"17,071",2:27
Sat Dec 02 2023,9:30p,Portland Trail Blazers,113,Utah Jazz,118,Box Score,,Box Score,OT,"18,206",2:28
Sat Dec 02 2023,10:00p,Denver Nuggets,117,Sacramento Kings,123,Box Score,,Box Score,,"17,829",2:13
Sat Dec 02 2023,10:30p,Houston Rockets,97,Los Angeles Lakers,107,Box Score,,Box Score,,"18,997",2:17
Mon Dec 04 2023,7:30p,Boston Celtics,112,Indiana Pacers,122,Box Score,,Box Score,,"16,693",2:14
Mon Dec 04 2023,10:00p,New Orleans Pelicans,127,Sacramento Kings,117,Box Score,,Box Score,,"18,048",2:24
Tue Dec 05 2023,7:30p,New York Knicks,122,Milwaukee Bucks,146,Box Score,,Box Score,,"17,448",2:21
Tue Dec 05 2023,10:00p,Phoenix Suns,103,Los Angeles Lakers,106,Box Score,,Box Score,,"18,664",2:28
Wed Dec 06 2023,7:00p,Orlando Magic,111,Cleveland Cavaliers,121,Box Score,,Box Score,,"19,432",2:25
Wed Dec 06 2023,7:00p,Memphis Grizzlies,116,Detroit Pistons,102,Box Score,,Box Score,,"12,862",1:59
Wed Dec 06 2023,7:00p,Philadelphia 76ers,131,Washington Wizards,126,Box Score,,Box Score,,"15,568",2:07
Wed Dec 06 2023,7:30p,Brooklyn Nets,114,Atlanta Hawks,113,Box Score,,Box Score,,"15,906",2:21
Wed Dec 06 2023,7:30p,San Antonio Spurs,94,Minnesota Timberwolves,102,Box Score,,Box Score,,"18,024",2:15
Wed Dec 06 2023,7:30p,Miami Heat,112,Toronto Raptors,103,Box Score,,Box Score,,"19,084",2:10
Wed Dec 06 2023,8:00p,Charlotte Hornets,100,Chicago Bulls,111,Box Score,,Box Score,,"17,689",2:17
Wed Dec 06 2023,8:00p,Oklahoma City Thunder,101,Houston Rockets,110,Box Score,,Box Score,,"16,291",2:10
Wed Dec 06 2023,8:30p,Utah Jazz,97,Dallas Mavericks,147,Box Score,,Box Score,,"19,877",2:02
Wed Dec 06 2023,10:00p,Portland Trail Blazers,106,Golden State Warriors,110,Box Score,,Box Score,,"18,064",2:20
Wed Dec 06 2023,10:00p,Denver Nuggets,102,Los Angeles Clippers,111,Box Score,,Box Score,,"16,365",2:13
Thu Dec 07 2023,5:00p,Indiana Pacers,128,Milwaukee Bucks,119,Box Score,,Box Score,,"16,837",2:27
Thu Dec 07 2023,9:00p,New Orleans Pelicans,89,Los Angeles Lakers,133,Box Score,,Box Score,,"18,017",2:12
Fri Dec 08 2023,7:00p,Toronto Raptors,116,Charlotte Hornets,119,Box Score,,Box Score,,"11,526",2:17
Fri Dec 08 2023,7:00p,Detroit Pistons,91,Orlando Magic,123,Box Score,,Box Score,,"18,655",2:08
Fri Dec 08 2023,7:00p,Atlanta Hawks,114,Philadelphia 76ers,125,Box Score,,Box Score,,"19,746",2:13
Fri Dec 08 2023,7:30p,New York Knicks,123,Boston Celtics,133,Box Score,,Box Score,,"19,156",2:16
Fri Dec 08 2023,7:30p,Washington Wizards,97,Brooklyn Nets,124,Box Score,,Box Score,,"16,587",2:09
Fri Dec 08 2023,8:00p,Minnesota Timberwolves,127,Memphis Grizzlies,103,Box Score,,Box Score,,"15,577",2:11
Fri Dec 08 2023,8:00p,Cleveland Cavaliers,111,Miami Heat,99,Box Score,,Box Score,,"19,600",2:12
Fri Dec 08 2023,8:00p,Golden State Warriors,136,Oklahoma City Thunder,138,Box Score,,Box Score,OT,"17,112",2:37
Fri Dec 08 2023,8:30p,Chicago Bulls,121,San Antonio Spurs,112,Box Score,,Box Score,,"18,074",2:12
Fri Dec 08 2023,9:00p,Houston Rockets,114,Denver Nuggets,106,Box Score,,Box Score,,"19,544",2:28
Fri Dec 08 2023,9:00p,Sacramento Kings,114,Phoenix Suns,106,Box Score,,Box Score,,"17,071",2:15
Fri Dec 08 2023,10:00p,Dallas Mavericks,125,Portland Trail Blazers,112,Box Score,,Box Score,,"18,762",2:15
Fri Dec 08 2023,10:00p,Los Angeles Clippers,117,Utah Jazz,103,Box Score,,Box Score,,"18,206",2:21
Sat Dec 09 2023,8:30p,Indiana Pacers,109,Los Angeles Lakers,123,Box Score,,Box Score,,"19,021",
Mon Dec 11 2023,7:00p,Miami Heat,116,Charlotte Hornets,114,Box Score,,Box Score,,"15,543",2:22
Mon Dec 11 2023,7:00p,Indiana Pacers,131,Detroit Pistons,123,Box Score,,Box Score,,"14,988",2:12
Mon Dec 11 2023,7:00p,Cleveland Cavaliers,94,Orlando Magic,104,Box Score,,Box Score,,"19,032",2:25
Mon Dec 11 2023,7:00p,Washington Wizards,101,Philadelphia 76ers,146,Box Score,,Box Score,,"19,762",2:12
Mon Dec 11 2023,7:30p,Denver Nuggets,129,Atlanta Hawks,122,Box Score,,Box Score,,"17,531",2:26
Mon Dec 11 2023,7:30p,Toronto Raptors,130,New York Knicks,136,Box Score,,Box Score,,"19,812",2:21
Mon Dec 11 2023,8:00p,San Antonio Spurs,82,Houston Rockets,93,Box Score,,Box Score,,"16,481",2:07
Mon Dec 11 2023,8:00p,Dallas Mavericks,120,Memphis Grizzlies,113,Box Score,,Box Score,,"16,379",2:11
Mon Dec 11 2023,8:00p,Chicago Bulls,129,Milwaukee Bucks,133,Box Score,,Box Score,OT,"17,440",2:41
Mon Dec 11 2023,8:00p,Minnesota Timberwolves,107,New Orleans Pelicans,121,Box Score,,Box Score,,"16,487",2:19
Mon Dec 11 2023,8:00p,Utah Jazz,120,Oklahoma City Thunder,134,Box Score,,Box Score,,"16,631",2:03
Mon Dec 11 2023,10:00p,Brooklyn Nets,118,Sacramento Kings,131,Box Score,,Box Score,,"17,794",2:11
Mon Dec 11 2023,10:30p,Portland Trail Blazers,127,Los Angeles Clippers,132,Box Score,,Box Score,,"17,102",2:28
Tue Dec 12 2023,7:30p,Cleveland Cavaliers,113,Boston Celtics,120,Box Score,,Box Score,,"19,156",2:02
Tue Dec 12 2023,7:30p,Los Angeles Lakers,125,Dallas Mavericks,127,Box Score,,Box Score,,"20,377",2:21
Tue Dec 12 2023,8:00p,Denver Nuggets,114,Chicago Bulls,106,Box Score,,Box Score,,"20,775",2:20
Tue Dec 12 2023,10:00p,Golden State Warriors,116,Phoenix Suns,119,Box Score,,Box Score,,"17,071",2:38
Tue Dec 12 2023,10:30p,Sacramento Kings,99,Los Angeles Clippers,119,Box Score,,Box Score,,"17,060",2:11
Wed Dec 13 2023,7:00p,Philadelphia 76ers,129,Detroit Pistons,111,Box Score,,Box Score,,"16,749",2:10
Wed Dec 13 2023,7:00p,New Orleans Pelicans,142,Washington Wizards,122,Box Score,,Box Score,,"14,080",2:08
Wed Dec 13 2023,7:30p,Charlotte Hornets,104,Miami Heat,115,Box Score,,Box Score,,"19,600",2:04
Wed Dec 13 2023,7:30p,Atlanta Hawks,128,Toronto Raptors,135,Box Score,,Box Score,,"19,423",2:18
Wed Dec 13 2023,8:00p,Memphis Grizzlies,104,Houston Rockets,117,Box Score,,Box Score,,"16,813",2:19
Wed Dec 13 2023,8:00p,Indiana Pacers,126,Milwaukee Bucks,140,Box Score,,Box Score,,"17,431",2:48
Wed Dec 13 2023,8:00p,Los Angeles Lakers,122,San Antonio Spurs,119,Box Score,,Box Score,,"18,354",2:14
Wed Dec 13 2023,9:00p,Brooklyn Nets,116,Phoenix Suns,112,Box Score,,Box Score,,"17,071",2:20
Wed Dec 13 2023,9:00p,New York Knicks,113,Utah Jazz,117,Box Score,,Box Score,,"18,206",2:29
Thu Dec 14 2023,7:30p,Cleveland Cavaliers,107,Boston Celtics,116,Box Score,,Box Score,,"19,156",2:07
Thu Dec 14 2023,7:30p,Chicago Bulls,124,Miami Heat,116,Box Score,,Box Score,,"19,653",2:19
Thu Dec 14 2023,8:30p,Minnesota Timberwolves,119,Dallas Mavericks,101,Box Score,,Box Score,,"20,177",2:12
Thu Dec 14 2023,9:00p,Brooklyn Nets,101,Denver Nuggets,124,Box Score,,Box Score,,"19,636",2:12
Thu Dec 14 2023,10:00p,Utah Jazz,122,Portland Trail Blazers,114,Box Score,,Box Score,,"17,842",2:07
Thu Dec 14 2023,10:00p,Oklahoma City Thunder,123,Sacramento Kings,128,Box Score,,Box Score,,"17,794",2:24
Thu Dec 14 2023,10:30p,Golden State Warriors,113,Los Angeles Clippers,121,Box Score,,Box Score,,"19,370",2:18
Fri Dec 15 2023,7:00p,New Orleans Pelicans,112,Charlotte Hornets,107,Box Score,,Box Score,,"16,080",2:15
Fri Dec 15 2023,7:00p,Detroit Pistons,92,Philadelphia 76ers,124,Box Score,,Box Score,,"19,761",2:11
Fri Dec 15 2023,7:00p,Indiana Pacers,123,Washington Wizards,137,Box Score,,Box Score,,"15,208",2:16
Fri Dec 15 2023,7:30p,Orlando Magic,111,Boston Celtics,128,Box Score,,Box Score,,"19,156",2:06
Fri Dec 15 2023,7:30p,Los Angeles Lakers,115,San Antonio Spurs,129,Box Score,,Box Score,,"18,354",2:14
Fri Dec 15 2023,7:30p,Atlanta Hawks,125,Toronto Raptors,104,Box Score,,Box Score,,"19,800",2:04
Fri Dec 15 2023,8:00p,Houston Rockets,103,Memphis Grizzlies,96,Box Score,,Box Score,,"16,941",2:20
Fri Dec 15 2023,10:00p,New York Knicks,139,Phoenix Suns,122,Box Score,,Box Score,,"17,071",2:23
Sat Dec 16 2023,6:00p,Detroit Pistons,114,Milwaukee Bucks,146,Box Score,,Box Score,,"17,666",2:13
Sat Dec 16 2023,7:00p,Philadelphia 76ers,135,Charlotte Hornets,82,Box Score,,Box Score,,"17,829",2:01
Sat Dec 16 2023,7:30p,Atlanta Hawks,119,Cleveland Cavaliers,127,Box Score,,Box Score,,"19,432",2:09
Sat Dec 16 2023,8:00p,Chicago Bulls,116,Miami Heat,118,Box Score,,Box Score,,"19,815",2:09
Sat Dec 16 2023,8:00p,Indiana Pacers,109,Minnesota Timberwolves,127,Box Score,,Box Score,,"18,024",2:10
Sat Dec 16 2023,8:30p,Brooklyn Nets,120,Golden State Warriors,124,Box Score,,Box Score,,"18,064",2:14
Sat Dec 16 2023,9:00p,Oklahoma City Thunder,118,Denver Nuggets,117,Box Score,,Box Score,,"19,611",2:18
Sat Dec 16 2023,9:00p,Dallas Mavericks,131,Portland Trail Blazers,120,Box Score,,Box Score,,"18,439",2:12
Sat Dec 16 2023,10:00p,Utah Jazz,104,Sacramento Kings,125,Box Score,,Box Score,,"17,794",2:06
Sat Dec 16 2023,10:30p,New York Knicks,122,Los Angeles Clippers,144,Box Score,,Box Score,,"19,370",2:15
Sun Dec 17 2023,3:00p,Orlando Magic,97,Boston Celtics,114,Box Score,,Box Score,,"19,156",2:10
Sun Dec 17 2023,3:30p,New Orleans Pelicans,146,San Antonio Spurs,110,Box Score,,Box Score,,"18,354",2:06
Sun Dec 17 2023,7:00p,Houston Rockets,119,Milwaukee Bucks,128,Box Score,,Box Score,,"17,341",2:21
Sun Dec 17 2023,8:00p,Washington Wizards,108,Phoenix Suns,112,Box Score,,Box Score,,"17,071",2:26
Sun Dec 17 2023,9:00p,Golden State Warriors,118,Portland Trail Blazers,114,Box Score,,Box Score,,"18,547",2:14
Mon Dec 18 2023,7:00p,Houston Rockets,130,Cleveland Cavaliers,135,Box Score,,Box Score,OT,"19,432",2:41
Mon Dec 18 2023,7:00p,Los Angeles Clippers,151,Indiana Pacers,127,Box Score,,Box Score,,"16,665",2:15
Mon Dec 18 2023,7:00p,Chicago Bulls,108,Philadelphia 76ers,104,Box Score,,Box Score,,"19,773",2:09
Mon Dec 18 2023,7:30p,Detroit Pistons,124,Atlanta Hawks,130,Box Score,,Box Score,,"17,664",2:25
Mon Dec 18 2023,7:30p,Minnesota Timberwolves,112,Miami Heat,108,Box Score,,Box Score,,"19,819",2:11
Mon Dec 18 2023,7:30p,Charlotte Hornets,99,Toronto Raptors,114,Box Score,,Box Score,,"19,288",2:05
Mon Dec 18 2023,8:00p,Memphis Grizzlies,97,Oklahoma City Thunder,116,Box Score,,Box Score,,"16,409",2:07
Mon Dec 18 2023,9:00p,Dallas Mavericks,104,Denver Nuggets,130,Box Score,,Box Score,,"19,659",2:03
Mon Dec 18 2023,9:00p,Brooklyn Nets,108,Utah Jazz,125,Box Score,,Box Score,,"18,206",2:10
Mon Dec 18 2023,10:00p,Washington Wizards,131,Sacramento Kings,143,Box Score,,Box Score,,"17,794",2:17
Mon Dec 18 2023,10:30p,New York Knicks,114,Los Angeles Lakers,109,Box Score,,Box Score,,"18,997",2:16
Tue Dec 19 2023,7:30p,Memphis Grizzlies,115,New Orleans Pelicans,113,Box Score,,Box Score,,"18,355",2:24
Tue Dec 19 2023,8:00p,San Antonio Spurs,119,Milwaukee Bucks,132,Box Score,,Box Score,,"17,729",2:07
Tue Dec 19 2023,10:00p,Boston Celtics,126,Golden State Warriors,132,Box Score,,Box Score,OT,"18,064",2:25
Tue Dec 19 2023,10:00p,Phoenix Suns,104,Portland Trail Blazers,109,Box Score,,Box Score,,"18,233",2:17
Wed Dec 20 2023,7:00p,Utah Jazz,116,Cleveland Cavaliers,124,Box Score,,Box Score,,"19,432",2:07
Wed Dec 20 2023,7:00p,Charlotte Hornets,113,Indiana Pacers,144,Box Score,,Box Score,,"16,761",2:11
Wed Dec 20 2023,7:00p,Miami Heat,115,Orlando Magic,106,Box Score,,Box Score,,"19,129",2:19
Wed Dec 20 2023,7:00p,Minnesota Timberwolves,113,Philadelphia 76ers,127,Box Score,,Box Score,,"20,365",2:23
Wed Dec 20 2023,7:30p,New York Knicks,121,Brooklyn Nets,102,Box Score,,Box Score,,"18,071",2:12
Wed Dec 20 2023,7:30p,Denver Nuggets,113,Toronto Raptors,104,Box Score,,Box Score,,"19,800",1:57
Wed Dec 20 2023,8:00p,Los Angeles Lakers,108,Chicago Bulls,124,Box Score,,Box Score,,"21,234",2:00
Wed Dec 20 2023,8:00p,Atlanta Hawks,134,Houston Rockets,127,Box Score,,Box Score,,"18,055",2:17
Wed Dec 20 2023,8:30p,Los Angeles Clippers,120,Dallas Mavericks,111,Box Score,,Box Score,,"20,310",2:20
Wed Dec 20 2023,10:00p,Boston Celtics,144,Sacramento Kings,119,Box Score,,Box Score,,"17,874",2:11
Thu Dec 21 2023,7:00p,Utah Jazz,119,Detroit Pistons,111,Box Score,,Box Score,,"18,122",2:08
Thu Dec 21 2023,7:30p,New Orleans Pelicans,123,Cleveland Cavaliers,104,Box Score,,Box Score,,"19,432",1:55
Thu Dec 21 2023,8:00p,San Antonio Spurs,95,Chicago Bulls,114,Box Score,,Box Score,,"20,697",2:02
Thu Dec 21 2023,8:00p,Indiana Pacers,103,Memphis Grizzlies,116,Box Score,,Box Score,,"18,160",2:14
Thu Dec 21 2023,8:00p,Orlando Magic,114,Milwaukee Bucks,118,Box Score,,Box Score,,"17,928",2:25
Thu Dec 21 2023,8:00p,Los Angeles Clippers,115,Oklahoma City Thunder,134,Box Score,,Box Score,,"18,203",2:08
Thu Dec 21 2023,9:00p,Los Angeles Lakers,111,Minnesota Timberwolves,118,Box Score,,Box Score,,"18,024",2:17
Thu Dec 21 2023,10:00p,Washington Wizards,118,Portland Trail Blazers,117,Box Score,,Box Score,,"18,690",2:23
Fri Dec 22 2023,7:00p,Toronto Raptors,111,Philadelphia 76ers,121,Box Score,,Box Score,,"20,230",2:13
Fri Dec 22 2023,7:30p,Denver Nuggets,122,Brooklyn Nets,117,Box Score,,Box Score,,"17,732",2:17
Fri Dec 22 2023,8:00p,Dallas Mavericks,96,Houston Rockets,122,Box Score,,Box Score,,"18,055",2:09
Fri Dec 22 2023,8:00p,Atlanta Hawks,113,Miami Heat,122,Box Score,,Box Score,,"20,029",2:19
Fri Dec 22 2023,10:00p,Washington Wizards,118,Golden State Warriors,129,Box Score,,Box Score,,"18,064",2:16
Fri Dec 22 2023,10:00p,Phoenix Suns,105,Sacramento Kings,120,Box Score,,Box Score,,"17,794",2:18
Sat Dec 23 2023,12:30p,Milwaukee Bucks,130,New York Knicks,111,Box Score,,Box Score,,"19,812",2:11
Sat Dec 23 2023,3:30p,Boston Celtics,145,Los Angeles Clippers,108,Box Score,,Box Score,,"19,370",2:09
Sat Dec 23 2023,7:00p,Denver Nuggets,102,Charlotte Hornets,95,Box Score,,Box Score,,"19,165",2:09
Sat Dec 23 2023,7:00p,Orlando Magic,117,Indiana Pacers,110,Box Score,,Box Score,,"17,274",2:20
Sat Dec 23 2023,7:00p,Houston Rockets,106,New Orleans Pelicans,104,Box Score,,Box Score,,"17,399",2:26
Sat Dec 23 2023,7:30p,Memphis Grizzlies,125,Atlanta Hawks,119,Box Score,,Box Score,,"17,632",2:18
Sat Dec 23 2023,7:30p,Detroit Pistons,115,Brooklyn Nets,126,Box Score,,Box Score,,"17,732",2:20
Sat Dec 23 2023,7:30p,Utah Jazz,126,Toronto Raptors,119,Box Score,,Box Score,,"19,420",2:06
Sat Dec 23 2023,8:00p,Cleveland Cavaliers,109,Chicago Bulls,95,Box Score,,Box Score,,"19,583",2:07
Sat Dec 23 2023,8:00p,Los Angeles Lakers,129,Oklahoma City Thunder,120,Box Score,,Box Score,,"18,203",2:08
Sat Dec 23 2023,8:30p,San Antonio Spurs,119,Dallas Mavericks,144,Box Score,,Box Score,,"20,409",2:07
Sat Dec 23 2023,8:30p,Portland Trail Blazers,106,Golden State Warriors,126,Box Score,,Box Score,,"18,064",2:10
Sat Dec 23 2023,10:00p,Minnesota Timberwolves,110,Sacramento Kings,98,Box Score,,Box Score,,"17,983",2:05
Mon Dec 25 2023,12:00p,Milwaukee Bucks,122,New York Knicks,129,Box Score,,Box Score,,"19,812",2:23
Mon Dec 25 2023,2:30p,Golden State Warriors,114,Denver Nuggets,120,Box Score,,Box Score,,"19,811",2:27
Mon Dec 25 2023,5:00p,Boston Celtics,126,Los Angeles Lakers,115,Box Score,,Box Score,,"18,997",2:17
Mon Dec 25 2023,8:00p,Philadelphia 76ers,113,Miami Heat,119,Box Score,,Box Score,,"20,162",2:24
Mon Dec 25 2023,10:30p,Dallas Mavericks,128,Phoenix Suns,114,Box Score,,Box Score,,"17,071",2:26
Tue Dec 26 2023,7:00p,Brooklyn Nets,118,Detroit Pistons,112,Box Score,,Box Score,,"19,811",2:27
Tue Dec 26 2023,7:00p,Orlando Magic,127,Washington Wizards,119,Box Score,,Box Score,,"16,293",2:20
Tue Dec 26 2023,8:00p,Atlanta Hawks,113,Chicago Bulls,118,Box Score,,Box Score,,"21,420",2:18
Tue Dec 26 2023,8:00p,Indiana Pacers,123,Houston Rockets,117,Box Score,,Box Score,,"18,055",2:16
Tue Dec 26 2023,8:00p,Memphis Grizzlies,116,New Orleans Pelicans,115,Box Score,,Box Score,OT,"18,538",2:51
Tue Dec 26 2023,8:00p,Minnesota Timberwolves,106,Oklahoma City Thunder,129,Box Score,,Box Score,,"18,203",2:14
Tue Dec 26 2023,8:00p,Utah Jazz,130,San Antonio Spurs,118,Box Score,,Box Score,,"18,579",2:16
Tue Dec 26 2023,10:00p,Sacramento Kings,113,Portland Trail Blazers,130,Box Score,,Box Score,,"18,585",2:06
Tue Dec 26 2023,10:30p,Charlotte Hornets,104,Los Angeles Clippers,113,Box Score,,Box Score,,"19,370",2:06
Wed Dec 27 2023,7:00p,Philadelphia 76ers,112,Orlando Magic,92,Box Score,,Box Score,,"19,179",2:15
Wed Dec 27 2023,7:00p,Toronto Raptors,132,Washington Wizards,102,Box Score,,Box Score,,"15,437",2:06
Wed Dec 27 2023,7:30p,Milwaukee Bucks,144,Brooklyn Nets,122,Box Score,,Box Score,,"18,199",2:16
Wed Dec 27 2023,8:00p,Phoenix Suns,129,Houston Rockets,113,Box Score,,Box Score,,"18,055",2:14
Wed Dec 27 2023,8:00p,New York Knicks,120,Oklahoma City Thunder,129,Box Score,,Box Score,,"18,203",2:16
Wed Dec 27 2023,8:30p,Cleveland Cavaliers,113,Dallas Mavericks,110,Box Score,,Box Score,,"20,377",2:15
Thu Dec 28 2023,7:30p,Detroit Pistons,122,Boston Celtics,128,Box Score,,Box Score,OT,"19,156",2:31
Thu Dec 28 2023,8:00p,Indiana Pacers,120,Chicago Bulls,104,Box Score,,Box Score,,"21,568",2:13
Thu Dec 28 2023,8:00p,Dallas Mavericks,110,Minnesota Timberwolves,118,Box Score,,Box Score,,"18,024",2:24
Thu Dec 28 2023,8:00p,Utah Jazz,105,New Orleans Pelicans,112,Box Score,,Box Score,,"17,753",2:07
Thu Dec 28 2023,9:00p,Memphis Grizzlies,105,Denver Nuggets,142,Box Score,,Box Score,,"19,733",2:06
Thu Dec 28 2023,10:00p,Miami Heat,114,Golden State Warriors,102,Box Score,,Box Score,,"18,064",2:18
Thu Dec 28 2023,10:00p,San Antonio Spurs,118,Portland Trail Blazers,105,Box Score,,Box Score,,"19,335",2:15
Thu Dec 28 2023,10:30p,Charlotte Hornets,112,Los Angeles Lakers,133,Box Score,,Box Score,,"18,997",2:03
Fri Dec 29 2023,7:00p,New York Knicks,108,Orlando Magic,117,Box Score,,Box Score,,"19,587",2:31
Fri Dec 29 2023,7:00p,Brooklyn Nets,104,Washington Wizards,110,Box Score,,Box Score,,"16,825",2:04
Fri Dec 29 2023,7:30p,Sacramento Kings,117,Atlanta Hawks,110,Box Score,,Box Score,,"18,305",2:08
Fri Dec 29 2023,7:30p,Toronto Raptors,118,Boston Celtics,120,Box Score,,Box Score,,"19,156",2:14
Fri Dec 29 2023,7:30p,Milwaukee Bucks,119,Cleveland Cavaliers,111,Box Score,,Box Score,,"19,432",2:16
Fri Dec 29 2023,8:00p,Philadelphia 76ers,131,Houston Rockets,127,Box Score,,Box Score,,"18,055",2:17
Fri Dec 29 2023,9:00p,Oklahoma City Thunder,119,Denver Nuggets,93,Box Score,,Box Score,,"19,808",2:05
Fri Dec 29 2023,9:00p,Charlotte Hornets,119,Phoenix Suns,133,Box Score,,Box Score,,"17,071",2:10
Fri Dec 29 2023,10:00p,San Antonio Spurs,128,Portland Trail Blazers,134,Box Score,,Box Score,,"18,861",2:13
Fri Dec 29 2023,10:30p,Memphis Grizzlies,106,Los Angeles Clippers,117,Box Score,,Box Score,,"19,370",2:15
Sat Dec 30 2023,5:00p,Miami Heat,109,Utah Jazz,117,Box Score,,Box Score,,"18,206",2:18
Sat Dec 30 2023,6:00p,Toronto Raptors,127,Detroit Pistons,129,Box Score,,Box Score,,"18,411",2:25
Sat Dec 30 2023,7:00p,New York Knicks,126,Indiana Pacers,140,Box Score,,Box Score,,"17,274",2:14
Sat Dec 30 2023,8:00p,Philadelphia 76ers,92,Chicago Bulls,105,Box Score,,Box Score,,"21,648",2:10
Sat Dec 30 2023,8:00p,Los Angeles Lakers,106,Minnesota Timberwolves,108,Box Score,,Box Score,,"18,024",2:29
Sat Dec 30 2023,8:30p,Dallas Mavericks,132,Golden State Warriors,122,Box Score,,Box Score,,"18,064",2:13
Sun Dec 31 2023,3:00p,Atlanta Hawks,130,Washington Wizards,126,Box Score,,Box Score,,"17,042",2:18
Sun Dec 31 2023,7:00p,Los Angeles Lakers,109,New Orleans Pelicans,129,Box Score,,Box Score,,"18,434",2:07
Sun Dec 31 2023,7:00p,Brooklyn Nets,108,Oklahoma City Thunder,124,Box Score,,Box Score,,"18,203",2:19
Sun Dec 31 2023,7:00p,Boston Celtics,134,San Antonio Spurs,101,Box Score,,Box Score,,"18,886",1:57
Sun Dec 31 2023,8:00p,Sacramento Kings,123,Memphis Grizzlies,92,Box Score,,Box Score,,"17,794",2:06
Sun Dec 31 2023,8:00p,Orlando Magic,107,Phoenix Suns,112,Box Score,,Box Score,,"17,071",2:06
Mon Jan 01 2024,3:00p,Minnesota Timberwolves,106,New York Knicks,112,Box Score,,Box Score,,"19,812",2:28
Mon Jan 01 2024,7:30p,Cleveland Cavaliers,121,Toronto Raptors,124,Box Score,,Box Score,,"19,800",2:28
Mon Jan 01 2024,8:00p,Detroit Pistons,113,Houston Rockets,136,Box Score,,Box Score,,"18,055",2:06
Mon Jan 01 2024,8:00p,Indiana Pacers,122,Milwaukee Bucks,113,Box Score,,Box Score,,"17,922",2:22
Mon Jan 01 2024,9:00p,Charlotte Hornets,93,Denver Nuggets,111,Box Score,,Box Score,,"19,625",2:01
Mon Jan 01 2024,9:00p,Portland Trail Blazers,88,Phoenix Suns,109,Box Score,,Box Score,,"17,071",2:12
Mon Jan 01 2024,9:00p,Dallas Mavericks,90,Utah Jazz,127,Box Score,,Box Score,,"18,206",2:05
Mon Jan 01 2024,10:30p,Miami Heat,104,Los Angeles Clippers,121,Box Score,,Box Score,,"19,370",2:10
Tue Jan 02 2024,7:00p,Chicago Bulls,97,Philadelphia 76ers,110,Box Score,,Box Score,,"19,772",2:17
Tue Jan 02 2024,8:00p,San Antonio Spurs,98,Memphis Grizzlies,106,Box Score,,Box Score,,"17,794",2:21
Tue Jan 02 2024,8:00p,Brooklyn Nets,85,New Orleans Pelicans,112,Box Score,,Box Score,,"16,253",1:56
Tue Jan 02 2024,8:00p,Boston Celtics,123,Oklahoma City Thunder,127,Box Score,,Box Score,,"18,203",2:16
Tue Jan 02 2024,10:00p,Orlando Magic,115,Golden State Warriors,121,Box Score,,Box Score,,"18,064",2:33
Tue Jan 02 2024,10:00p,Charlotte Hornets,111,Sacramento Kings,104,Box Score,,Box Score,,"17,832",2:10
Wed Jan 03 2024,7:00p,Washington Wizards,101,Cleveland Cavaliers,140,Box Score,,Box Score,,"19,432",1:57
Wed Jan 03 2024,7:00p,Milwaukee Bucks,130,Indiana Pacers,142,Box Score,,Box Score,,"17,274",2:35
Wed Jan 03 2024,7:30p,Oklahoma City Thunder,138,Atlanta Hawks,141,Box Score,,Box Score,,"17,770",2:27
Wed Jan 03 2024,8:00p,Brooklyn Nets,101,Houston Rockets,112,Box Score,,Box Score,,"16,563",2:15
Wed Jan 03 2024,8:00p,Toronto Raptors,116,Memphis Grizzlies,111,Box Score,,Box Score,,"16,385",2:13
Wed Jan 03 2024,8:00p,New Orleans Pelicans,117,Minnesota Timberwolves,106,Box Score,,Box Score,,"18,024",2:11
Wed Jan 03 2024,8:30p,Portland Trail Blazers,97,Dallas Mavericks,126,Box Score,,Box Score,,"20,077",2:22
Wed Jan 03 2024,8:30p,Chicago Bulls,100,New York Knicks,116,Box Score,,Box Score,,"19,812",2:13
Wed Jan 03 2024,9:00p,Los Angeles Clippers,131,Phoenix Suns,122,Box Score,,Box Score,,"17,071",2:28
Wed Jan 03 2024,9:00p,Detroit Pistons,148,Utah Jazz,154,Box Score,,Box Score,OT,"18,206",2:43
Wed Jan 03 2024,10:00p,Miami Heat,110,Los Angeles Lakers,96,Box Score,,Box Score,,"18,997",2:14
Wed Jan 03 2024,10:00p,Orlando Magic,135,Sacramento Kings,138,Box Score,,Box Score,2OT,"17,832",2:59
Thu Jan 04 2024,7:30p,Milwaukee Bucks,125,San Antonio Spurs,121,Box Score,,Box Score,,"19,082",2:16
Thu Jan 04 2024,10:00p,Denver Nuggets,130,Golden State Warriors,127,Box Score,,Box Score,,"18,064",2:22
Fri Jan 05 2024,7:00p,Utah Jazz,97,Boston Celtics,126,Box Score,,Box Score,,"19,156",2:10
Fri Jan 05 2024,7:00p,Atlanta Hawks,116,Indiana Pacers,150,Box Score,,Box Score,,"17,274",2:03
Fri Jan 05 2024,7:30p,Oklahoma City Thunder,115,Brooklyn Nets,124,Box Score,,Box Score,,"18,147",2:22
Fri Jan 05 2024,7:30p,Washington Wizards,90,Cleveland Cavaliers,114,Box Score,,Box Score,,"19,432",2:05
Fri Jan 05 2024,7:30p,New York Knicks,128,Philadelphia 76ers,92,Box Score,,Box Score,,"20,461",2:21
Fri Jan 05 2024,8:00p,Charlotte Hornets,91,Chicago Bulls,104,Box Score,,Box Score,,"21,345",2:06
Fri Jan 05 2024,8:00p,Minnesota Timberwolves,122,Houston Rockets,95,Box Score,,Box Score,,"18,055",2:04
Fri Jan 05 2024,8:00p,Los Angeles Clippers,111,New Orleans Pelicans,95,Box Score,,Box Score,,"18,329",1:58
Fri Jan 05 2024,8:30p,Portland Trail Blazers,103,Dallas Mavericks,139,Box Score,,Box Score,,"20,162",2:05
Fri Jan 05 2024,9:00p,Orlando Magic,122,Denver Nuggets,120,Box Score,,Box Score,,"19,659",2:15
Fri Jan 05 2024,9:00p,Miami Heat,97,Phoenix Suns,113,Box Score,,Box Score,,"17,071",2:07
Fri Jan 05 2024,10:00p,Detroit Pistons,109,Golden State Warriors,113,Box Score,,Box Score,,"18,064",2:19
Fri Jan 05 2024,10:00p,Memphis Grizzlies,127,Los Angeles Lakers,113,Box Score,,Box Score,,"18,997",2:15
Fri Jan 05 2024,10:00p,Toronto Raptors,130,Sacramento Kings,135,Box Score,,Box Score,,"17,941",2:21
Sat Jan 06 2024,7:00p,Boston Celtics,118,Indiana Pacers,101,Box Score,,Box Score,,"17,274",2:11
Sat Jan 06 2024,7:00p,New York Knicks,121,Washington Wizards,105,Box Score,,Box Score,,"20,333",2:10
Sat Jan 06 2024,7:30p,Utah Jazz,120,Philadelphia 76ers,109,Box Score,,Box Score,,"20,278",2:13
Sat Jan 06 2024,8:00p,Milwaukee Bucks,108,Houston Rockets,112,Box Score,,Box Score,,"18,055",2:37
Sun Jan 07 2024,1:00p,San Antonio Spurs,115,Cleveland Cavaliers,117,Box Score,,Box Score,,"19,432",2:18
Sun Jan 07 2024,3:00p,Portland Trail Blazers,134,Brooklyn Nets,127,Box Score,,Box Score,OT,"17,732",2:40
Sun Jan 07 2024,6:00p,Atlanta Hawks,110,Orlando Magic,117,Box Score,,Box Score,OT,"19,349",2:35
Sun Jan 07 2024,6:00p,New Orleans Pelicans,133,Sacramento Kings,100,Box Score,,Box Score,,"17,832",1:56
Sun Jan 07 2024,7:30p,Minnesota Timberwolves,108,Dallas Mavericks,115,Box Score,,Box Score,,"20,111",2:17
Sun Jan 07 2024,8:00p,Detroit Pistons,114,Denver Nuggets,131,Box Score,,Box Score,,"19,623",2:15
Sun Jan 07 2024,8:00p,Memphis Grizzlies,121,Phoenix Suns,115,Box Score,,Box Score,,"17,071",2:21
Sun Jan 07 2024,8:30p,Toronto Raptors,133,Golden State Warriors,118,Box Score,,Box Score,,"18,064",2:00
Sun Jan 07 2024,9:30p,Los Angeles Clippers,103,Los Angeles Lakers,106,Box Score,,Box Score,,"18,997",2:16
Mon Jan 08 2024,7:00p,Chicago Bulls,119,Charlotte Hornets,112,Box Score,,Box Score,OT,"14,418",2:18
Mon Jan 08 2024,7:00p,Boston Celtics,131,Indiana Pacers,133,Box Score,,Box Score,,"16,009",2:24
Mon Jan 08 2024,7:00p,Oklahoma City Thunder,136,Washington Wizards,128,Box Score,,Box Score,,"15,297",2:16
Mon Jan 08 2024,7:30p,Houston Rockets,113,Miami Heat,120,Box Score,,Box Score,,"19,694",2:19
Mon Jan 08 2024,8:00p,Utah Jazz,132,Milwaukee Bucks,116,Box Score,,Box Score,,"17,341",2:10
Mon Jan 08 2024,10:30p,Phoenix Suns,111,Los Angeles Clippers,138,Box Score,,Box Score,,"19,370",2:11
Tue Jan 09 2024,7:00p,Sacramento Kings,131,Detroit Pistons,110,Box Score,,Box Score,,"13,992",2:12
Tue Jan 09 2024,7:00p,Minnesota Timberwolves,113,Orlando Magic,92,Box Score,,Box Score,,"19,223",2:07
Tue Jan 09 2024,7:30p,Portland Trail Blazers,84,New York Knicks,112,Box Score,,Box Score,,"19,812",2:04
Tue Jan 09 2024,8:30p,Memphis Grizzlies,120,Dallas Mavericks,103,Box Score,,Box Score,,"20,116",2:18
Tue Jan 09 2024,10:30p,Toronto Raptors,131,Los Angeles Lakers,132,Box Score,,Box Score,,"18,997",2:28
Wed Jan 10 2024,7:00p,Minnesota Timberwolves,120,Boston Celtics,127,Box Score,,Box Score,OT,"19,156",2:37
Wed Jan 10 2024,7:00p,Sacramento Kings,123,Charlotte Hornets,98,Box Score,,Box Score,,"14,173",2:02
Wed Jan 10 2024,7:00p,San Antonio Spurs,130,Detroit Pistons,108,Box Score,,Box Score,,"17,833",2:05
Wed Jan 10 2024,7:00p,Washington Wizards,104,Indiana Pacers,112,Box Score,,Box Score,,"15,721",2:17
Wed Jan 10 2024,7:30p,Philadelphia 76ers,132,Atlanta Hawks,139,Box Score,,Box Score,OT,"16,089",2:37
Wed Jan 10 2024,7:30p,Oklahoma City Thunder,128,Miami Heat,120,Box Score,,Box Score,,"19,636",2:14
Wed Jan 10 2024,8:00p,Houston Rockets,119,Chicago Bulls,124,Box Score,,Box Score,OT,"21,149",2:36
Wed Jan 10 2024,8:30p,New Orleans Pelicans,141,Golden State Warriors,105,Box Score,,Box Score,,"18,064",2:13
Wed Jan 10 2024,10:00p,Denver Nuggets,111,Utah Jazz,124,Box Score,,Box Score,,"18,206",2:23
Wed Jan 10 2024,10:30p,Toronto Raptors,120,Los Angeles Clippers,126,Box Score,,Box Score,,"19,370",2:07
Thu Jan 11 2024,2:00p,Brooklyn Nets,102,Cleveland Cavaliers,111,Box Score,,Box Score,,"15,887",2:31
Thu Jan 11 2024,7:30p,Boston Celtics,102,Milwaukee Bucks,135,Box Score,,Box Score,,"17,781",2:12
Thu Jan 11 2024,8:00p,Portland Trail Blazers,77,Oklahoma City Thunder,139,Box Score,,Box Score,,"15,828",1:58
Thu Jan 11 2024,8:30p,New York Knicks,124,Dallas Mavericks,128,Box Score,,Box Score,,"20,040",2:24
Thu Jan 11 2024,10:00p,Phoenix Suns,127,Los Angeles Lakers,109,Box Score,,Box Score,,"18,416",2:19
Fri Jan 12 2024,7:30p,Indiana Pacers,126,Atlanta Hawks,108,Box Score,,Box Score,,"15,596",2:06
Fri Jan 12 2024,7:30p,Houston Rockets,112,Detroit Pistons,110,Box Score,,Box Score,,"13,987",2:10
Fri Jan 12 2024,7:30p,Sacramento Kings,93,Philadelphia 76ers,112,Box Score,,Box Score,,"19,766",2:16
Fri Jan 12 2024,8:00p,Golden State Warriors,140,Chicago Bulls,131,Box Score,,Box Score,,"21,153",2:19
Fri Jan 12 2024,8:00p,Los Angeles Clippers,128,Memphis Grizzlies,119,Box Score,,Box Score,,"16,617",2:07
Fri Jan 12 2024,8:00p,Orlando Magic,96,Miami Heat,99,Box Score,,Box Score,,"19,650",2:27
Fri Jan 12 2024,8:00p,Portland Trail Blazers,93,Minnesota Timberwolves,116,Box Score,,Box Score,,"18,024",2:12
Fri Jan 12 2024,8:00p,Charlotte Hornets,99,San Antonio Spurs,135,Box Score,,Box Score,,"18,073",2:21
Fri Jan 12 2024,9:30p,Toronto Raptors,113,Utah Jazz,145,Box Score,,Box Score,,"18,206",2:10
Fri Jan 12 2024,10:00p,New Orleans Pelicans,113,Denver Nuggets,125,Box Score,,Box Score,,"19,638",2:16
Sat Jan 13 2024,7:00p,Houston Rockets,113,Boston Celtics,145,Box Score,,Box Score,,"19,156",2:06
Sat Jan 13 2024,7:30p,Washington Wizards,127,Atlanta Hawks,99,Box Score,,Box Score,,"17,108",2:14
Sat Jan 13 2024,8:00p,New York Knicks,106,Memphis Grizzlies,94,Box Score,,Box Score,,"16,598",2:02
Sat Jan 13 2024,8:00p,Golden State Warriors,118,Milwaukee Bucks,129,Box Score,,Box Score,,"18,009",2:08
Sat Jan 13 2024,8:00p,Orlando Magic,100,Oklahoma City Thunder,112,Box Score,,Box Score,,"18,203",2:10
Sat Jan 13 2024,8:30p,New Orleans Pelicans,118,Dallas Mavericks,108,Box Score,,Box Score,,"20,155",2:10
Sat Jan 13 2024,8:30p,Chicago Bulls,122,San Antonio Spurs,116,Box Score,,Box Score,,"18,354",2:08
Sat Jan 13 2024,9:30p,Los Angeles Lakers,125,Utah Jazz,132,Box Score,,Box Score,,"18,206",2:18
Sun Jan 14 2024,3:30p,Indiana Pacers,109,Denver Nuggets,117,Box Score,,Box Score,,"19,631",2:17
Sun Jan 14 2024,6:00p,Charlotte Hornets,87,Miami Heat,104,Box Score,,Box Score,,"19,831",2:14
Sun Jan 14 2024,7:00p,Sacramento Kings,142,Milwaukee Bucks,143,Box Score,,Box Score,OT,"17,612",2:39
Sun Jan 14 2024,7:00p,Los Angeles Clippers,105,Minnesota Timberwolves,109,Box Score,,Box Score,,"18,024",2:26
Sun Jan 14 2024,9:00p,Phoenix Suns,127,Portland Trail Blazers,116,Box Score,,Box Score,,"18,071",2:13
Mon Jan 15 2024,1:00p,Houston Rockets,115,Philadelphia 76ers,124,Box Score,,Box Score,,"20,822",2:25
Mon Jan 15 2024,2:30p,New Orleans Pelicans,120,Dallas Mavericks,125,Box Score,,Box Score,,"20,010",2:29
Mon Jan 15 2024,3:00p,Orlando Magic,98,New York Knicks,94,Box Score,,Box Score,,"19,812",2:16
Mon Jan 15 2024,3:00p,Detroit Pistons,129,Washington Wizards,117,Box Score,,Box Score,,"15,156",2:06
Mon Jan 15 2024,3:30p,San Antonio Spurs,99,Atlanta Hawks,109,Box Score,,Box Score,,"17,447",2:17
Mon Jan 15 2024,6:00p,Golden State Warriors,107,Memphis Grizzlies,116,Box Score,,Box Score,,"16,612",2:22
Mon Jan 15 2024,7:00p,Chicago Bulls,91,Cleveland Cavaliers,109,Box Score,,Box Score,,"19,432",2:10
Mon Jan 15 2024,7:30p,Miami Heat,96,Brooklyn Nets,95,Box Score,,Box Score,OT,"17,893",2:28
Mon Jan 15 2024,7:30p,Boston Celtics,105,Toronto Raptors,96,Box Score,,Box Score,,"19,278",2:06
Mon Jan 15 2024,9:00p,Indiana Pacers,105,Utah Jazz,132,Box Score,,Box Score,,"18,206",2:15
Mon Jan 15 2024,10:30p,Oklahoma City Thunder,105,Los Angeles Lakers,112,Box Score,,Box Score,,"18,997",2:05
Tue Jan 16 2024,7:30p,Denver Nuggets,121,Philadelphia 76ers,126,Box Score,,Box Score,,"19,775",2:28
Tue Jan 16 2024,9:00p,Sacramento Kings,117,Phoenix Suns,119,Box Score,,Box Score,,"17,071",2:14
Tue Jan 16 2024,10:00p,Oklahoma City Thunder,117,Los Angeles Clippers,128,Box Score,,Box Score,,"19,370",2:20
Wed Jan 17 2024,7:00p,Minnesota Timberwolves,124,Detroit Pistons,117,Box Score,,Box Score,,"16,022",2:07
Wed Jan 17 2024,7:30p,Orlando Magic,104,Atlanta Hawks,106,Box Score,,Box Score,,"14,541",2:14
Wed Jan 17 2024,7:30p,San Antonio Spurs,98,Boston Celtics,117,Box Score,,Box Score,,"19,156",2:00
Wed Jan 17 2024,7:30p,Milwaukee Bucks,95,Cleveland Cavaliers,135,Box Score,,Box Score,,"19,432",2:02
Wed Jan 17 2024,7:30p,Houston Rockets,94,New York Knicks,109,Box Score,,Box Score,,"19,439",2:15
Wed Jan 17 2024,7:30p,Miami Heat,97,Toronto Raptors,121,Box Score,,Box Score,,"19,631",2:01
Wed Jan 17 2024,8:00p,Charlotte Hornets,112,New Orleans Pelicans,132,Box Score,,Box Score,,"16,093",2:04
Wed Jan 17 2024,8:30p,Dallas Mavericks,110,Los Angeles Lakers,127,Box Score,,Box Score,,"18,338",2:17
Wed Jan 17 2024,10:00p,Brooklyn Nets,103,Portland Trail Blazers,105,Box Score,,Box Score,,"17,021",2:13
Thu Jan 18 2024,7:30p,Washington Wizards,109,New York Knicks,113,Box Score,,Box Score,,"19,466",2:24
Thu Jan 18 2024,7:30p,Chicago Bulls,116,Toronto Raptors,110,Box Score,,Box Score,,"19,312",2:13
Thu Jan 18 2024,9:00p,Oklahoma City Thunder,134,Utah Jazz,129,Box Score,,Box Score,,"18,206",2:24
Thu Jan 18 2024,10:00p,Memphis Grizzlies,103,Minnesota Timberwolves,118,Box Score,,Box Score,,"18,024",2:15
Thu Jan 18 2024,10:00p,Indiana Pacers,126,Sacramento Kings,121,Box Score,,Box Score,,"17,832",2:24
Fri Jan 19 2024,7:00p,San Antonio Spurs,120,Charlotte Hornets,124,Box Score,,Box Score,,"19,093",2:10
Fri Jan 19 2024,7:00p,Philadelphia 76ers,124,Orlando Magic,109,Box Score,,Box Score,,"19,063",2:16
Fri Jan 19 2024,7:30p,Denver Nuggets,102,Boston Celtics,100,Box Score,,Box Score,,"19,156",2:12
Fri Jan 19 2024,8:00p,Atlanta Hawks,109,Miami Heat,108,Box Score,,Box Score,,"20,040",2:34
Fri Jan 19 2024,8:00p,Phoenix Suns,123,New Orleans Pelicans,109,Box Score,,Box Score,,"18,686",2:07
Fri Jan 19 2024,10:00p,Indiana Pacers,115,Portland Trail Blazers,118,Box Score,,Box Score,,"18,595",2:26
Fri Jan 19 2024,10:30p,Brooklyn Nets,130,Los Angeles Lakers,112,Box Score,,Box Score,,"18,997",2:11
Sat Jan 20 2024,3:00p,Milwaukee Bucks,141,Detroit Pistons,135,Box Score,,Box Score,,"19,996",2:27
Sat Jan 20 2024,7:00p,Philadelphia 76ers,97,Charlotte Hornets,89,Box Score,,Box Score,,"18,261",2:09
Sat Jan 20 2024,7:00p,San Antonio Spurs,131,Washington Wizards,127,Box Score,,Box Score,,"17,922",2:17
Sat Jan 20 2024,7:30p,Cleveland Cavaliers,116,Atlanta Hawks,95,Box Score,,Box Score,,"17,047",2:04
Sat Jan 20 2024,7:30p,Toronto Raptors,100,New York Knicks,126,Box Score,,Box Score,,"19,812",2:11
Sat Jan 20 2024,8:00p,Memphis Grizzlies,96,Chicago Bulls,125,Box Score,,Box Score,,"21,441",2:07
Sat Jan 20 2024,8:00p,Utah Jazz,126,Houston Rockets,127,Box Score,,Box Score,OT,"16,618",2:41
Sat Jan 20 2024,8:00p,Oklahoma City Thunder,102,Minnesota Timberwolves,97,Box Score,,Box Score,,"18,024",2:24
Sun Jan 21 2024,3:30p,Brooklyn Nets,114,Los Angeles Clippers,125,Box Score,,Box Score,,"19,370",2:20
Sun Jan 21 2024,6:00p,Miami Heat,87,Orlando Magic,105,Box Score,,Box Score,,"18,102",2:17
Sun Jan 21 2024,6:00p,Denver Nuggets,113,Washington Wizards,104,Box Score,,Box Score,,"17,107",2:09
Sun Jan 21 2024,7:00p,Boston Celtics,116,Houston Rockets,107,Box Score,,Box Score,,"18,055",2:09
Sun Jan 21 2024,8:00p,Indiana Pacers,110,Phoenix Suns,117,Box Score,,Box Score,,"17,071",2:19
Sun Jan 21 2024,10:00p,Portland Trail Blazers,110,Los Angeles Lakers,134,Box Score,,Box Score,,"18,997",2:04
Mon Jan 22 2024,7:00p,Milwaukee Bucks,122,Detroit Pistons,113,Box Score,,Box Score,,"17,201",2:19
Mon Jan 22 2024,7:00p,Cleveland Cavaliers,126,Orlando Magic,99,Box Score,,Box Score,,"19,301",2:12
Mon Jan 22 2024,7:00p,San Antonio Spurs,123,Philadelphia 76ers,133,Box Score,,Box Score,,"20,511",2:19
Mon Jan 22 2024,7:30p,Memphis Grizzlies,108,Toronto Raptors,100,Box Score,,Box Score,,"18,577",2:06
Mon Jan 22 2024,8:00p,Charlotte Hornets,128,Minnesota Timberwolves,125,Box Score,,Box Score,,"18,024",2:11
Mon Jan 22 2024,8:30p,Boston Celtics,119,Dallas Mavericks,110,Box Score,,Box Score,,"20,277",2:07
Mon Jan 22 2024,9:00p,Chicago Bulls,113,Phoenix Suns,115,Box Score,,Box Score,,"17,071",2:11
Mon Jan 22 2024,10:00p,Atlanta Hawks,107,Sacramento Kings,122,Box Score,,Box Score,,"17,832",2:13
Tue Jan 23 2024,7:00p,Denver Nuggets,114,Indiana Pacers,109,Box Score,,Box Score,,"16,004",2:16
Tue Jan 23 2024,7:30p,New York Knicks,108,Brooklyn Nets,103,Box Score,,Box Score,,"17,732",2:12
Tue Jan 23 2024,8:00p,Utah Jazz,124,New Orleans Pelicans,153,Box Score,,Box Score,,"16,032",2:05
Tue Jan 23 2024,8:00p,Portland Trail Blazers,109,Oklahoma City Thunder,111,Box Score,,Box Score,,"15,874",2:11
Tue Jan 23 2024,10:00p,Los Angeles Lakers,116,Los Angeles Clippers,127,Box Score,,Box Score,,"19,370",2:10
Wed Jan 24 2024,7:00p,Charlotte Hornets,106,Detroit Pistons,113,Box Score,,Box Score,,"15,020",2:10
Wed Jan 24 2024,7:00p,Minnesota Timberwolves,118,Washington Wizards,107,Box Score,,Box Score,,"15,446",2:20
Wed Jan 24 2024,7:30p,Memphis Grizzlies,105,Miami Heat,96,Box Score,,Box Score,,"19,600",2:13
Wed Jan 24 2024,8:00p,Portland Trail Blazers,137,Houston Rockets,131,Box Score,,Box Score,OT,"18,055",2:25
Wed Jan 24 2024,8:00p,Cleveland Cavaliers,116,Milwaukee Bucks,126,Box Score,,Box Score,,"17,510",2:09
Wed Jan 24 2024,8:30p,Phoenix Suns,132,Dallas Mavericks,109,Box Score,,Box Score,,"20,202",2:22
Wed Jan 24 2024,9:30p,Oklahoma City Thunder,140,San Antonio Spurs,114,Box Score,,Box Score,,"18,130",2:13
Wed Jan 24 2024,10:00p,Atlanta Hawks,112,Golden State Warriors,134,Box Score,,Box Score,,"18,064",2:08
Thu Jan 25 2024,7:00p,Philadelphia 76ers,122,Indiana Pacers,134,Box Score,,Box Score,,"15,699",2:30
Thu Jan 25 2024,7:00p,Utah Jazz,123,Washington Wizards,108,Box Score,,Box Score,,"14,027",2:02
Thu Jan 25 2024,7:30p,Minnesota Timberwolves,96,Brooklyn Nets,94,Box Score,,Box Score,,"17,732",2:15
Thu Jan 25 2024,7:30p,Boston Celtics,143,Miami Heat,110,Box Score,,Box Score,,"20,074",2:02
Thu Jan 25 2024,7:30p,Denver Nuggets,84,New York Knicks,122,Box Score,,Box Score,,"19,812",2:05
Thu Jan 25 2024,10:00p,Sacramento Kings,134,Golden State Warriors,133,Box Score,,Box Score,,"18,064",2:24
Thu Jan 25 2024,10:30p,Chicago Bulls,132,Los Angeles Lakers,141,Box Score,,Box Score,,"18,997",2:15
Fri Jan 26 2024,7:00p,Dallas Mavericks,148,Atlanta Hawks,143,Box Score,,Box Score,,"16,149",2:24
Fri Jan 26 2024,7:00p,Houston Rockets,138,Charlotte Hornets,104,Box Score,,Box Score,,"16,164",2:14
Fri Jan 26 2024,7:00p,Phoenix Suns,131,Indiana Pacers,133,Box Score,,Box Score,,"17,274",2:17
Fri Jan 26 2024,7:30p,Los Angeles Clippers,127,Toronto Raptors,107,Box Score,,Box Score,,"19,800",2:11
Fri Jan 26 2024,8:00p,Orlando Magic,106,Memphis Grizzlies,107,Box Score,,Box Score,,"16,823",2:15
Fri Jan 26 2024,8:00p,Cleveland Cavaliers,112,Milwaukee Bucks,100,Box Score,,Box Score,,"17,855",2:27
Fri Jan 26 2024,8:00p,Oklahoma City Thunder,107,New Orleans Pelicans,83,Box Score,,Box Score,,"18,624",2:00
Fri Jan 26 2024,9:30p,Portland Trail Blazers,100,San Antonio Spurs,116,Box Score,,Box Score,,"17,274",2:09
Sat Jan 27 2024,12:00p,Washington Wizards,118,Detroit Pistons,104,Box Score,,Box Score,,"16,922",2:08
Sat Jan 27 2024,3:00p,Miami Heat,109,New York Knicks,125,Box Score,,Box Score,,"19,812",2:23
Sat Jan 27 2024,5:30p,Philadelphia 76ers,105,Denver Nuggets,111,Box Score,,Box Score,,"19,805",2:22
Sat Jan 27 2024,6:00p,Houston Rockets,104,Brooklyn Nets,106,Box Score,,Box Score,,"17,732",2:26
Sat Jan 27 2024,7:00p,Los Angeles Clippers,115,Boston Celtics,96,Box Score,,Box Score,,"19,156",2:03
Sat Jan 27 2024,7:00p,Utah Jazz,134,Charlotte Hornets,122,Box Score,,Box Score,,"17,633",2:04
Sat Jan 27 2024,8:00p,New Orleans Pelicans,117,Milwaukee Bucks,141,Box Score,,Box Score,,"17,940",2:14
Sat Jan 27 2024,8:30p,Los Angeles Lakers,145,Golden State Warriors,144,Box Score,,Box Score,2OT,"18,064",3:17
Sat Jan 27 2024,8:30p,Minnesota Timberwolves,112,San Antonio Spurs,113,Box Score,,Box Score,,"17,726",2:04
Sat Jan 27 2024,9:00p,Sacramento Kings,120,Dallas Mavericks,115,Box Score,,Box Score,,"20,373",2:23
Sun Jan 28 2024,2:00p,Oklahoma City Thunder,104,Detroit Pistons,120,Box Score,,Box Score,,"16,861",1:56
Sun Jan 28 2024,3:30p,Memphis Grizzlies,110,Indiana Pacers,116,Box Score,,Box Score,,"16,519",2:15
Sun Jan 28 2024,6:00p,Toronto Raptors,125,Atlanta Hawks,126,Box Score,,Box Score,,"15,658",2:20
Sun Jan 28 2024,6:00p,Phoenix Suns,98,Orlando Magic,113,Box Score,,Box Score,,"18,823",2:24
Sun Jan 28 2024,9:00p,Chicago Bulls,104,Portland Trail Blazers,96,Box Score,,Box Score,,"17,899",2:11
Mon Jan 29 2024,7:00p,New York Knicks,113,Charlotte Hornets,92,Box Score,,Box Score,,"15,546",2:03
Mon Jan 29 2024,7:00p,Los Angeles Clippers,108,Cleveland Cavaliers,118,Box Score,,Box Score,,"19,432",2:18
Mon Jan 29 2024,7:30p,New Orleans Pelicans,112,Boston Celtics,118,Box Score,,Box Score,,"19,156",2:08
Mon Jan 29 2024,7:30p,Utah Jazz,114,Brooklyn Nets,147,Box Score,,Box Score,,"16,054",2:10
Mon Jan 29 2024,7:30p,Phoenix Suns,118,Miami Heat,105,Box Score,,Box Score,,"19,600",2:12
Mon Jan 29 2024,8:00p,Los Angeles Lakers,119,Houston Rockets,135,Box Score,,Box Score,,"18,055",2:12
Mon Jan 29 2024,8:00p,Sacramento Kings,103,Memphis Grizzlies,94,Box Score,,Box Score,,"15,333",2:00
Mon Jan 29 2024,8:00p,Minnesota Timberwolves,107,Oklahoma City Thunder,101,Box Score,,Box Score,,"16,870",2:10
Mon Jan 29 2024,8:00p,Washington Wizards,118,San Antonio Spurs,113,Box Score,,Box Score,,"17,020",2:10
Mon Jan 29 2024,8:30p,Orlando Magic,129,Dallas Mavericks,131,Box Score,,Box Score,,"20,020",2:35
Mon Jan 29 2024,9:00p,Milwaukee Bucks,107,Denver Nuggets,113,Box Score,,Box Score,,"19,801",2:19
Mon Jan 29 2024,10:00p,Philadelphia 76ers,104,Portland Trail Blazers,130,Box Score,,Box Score,,"17,128",2:12
Tue Jan 30 2024,7:30p,Los Angeles Lakers,122,Atlanta Hawks,138,Box Score,,Box Score,,"17,871",2:06
Tue Jan 30 2024,7:30p,Indiana Pacers,124,Boston Celtics,129,Box Score,,Box Score,,"19,156",2:25
Tue Jan 30 2024,7:30p,Utah Jazz,103,New York Knicks,118,Box Score,,Box Score,,"19,133",
Tue Jan 30 2024,8:00p,Toronto Raptors,118,Chicago Bulls,107,Box Score,,Box Score,,"21,259",2:16
Tue Jan 30 2024,10:00p,Philadelphia 76ers,107,Golden State Warriors,119,Box Score,,Box Score,,"18,064",2:22
Wed Jan 31 2024,7:00p,Chicago Bulls,117,Charlotte Hornets,110,Box Score,,Box Score,,"13,712",2:09
Wed Jan 31 2024,7:00p,Detroit Pistons,121,Cleveland Cavaliers,128,Box Score,,Box Score,,"19,432",2:13
Wed Jan 31 2024,7:00p,Los Angeles Clippers,125,Washington Wizards,109,Box Score,,Box Score,,"17,201",2:06
Wed Jan 31 2024,7:30p,Sacramento Kings,106,Miami Heat,115,Box Score,,Box Score,,"19,600",2:06
Wed Jan 31 2024,8:00p,New Orleans Pelicans,110,Houston Rockets,99,Box Score,,Box Score,,"18,055",2:14
Wed Jan 31 2024,8:00p,Dallas Mavericks,87,Minnesota Timberwolves,121,Box Score,,Box Score,,"18,024",2:11
Wed Jan 31 2024,8:00p,Denver Nuggets,100,Oklahoma City Thunder,105,Box Score,,Box Score,,"16,723",2:16
Wed Jan 31 2024,8:00p,Orlando Magic,108,San Antonio Spurs,98,Box Score,,Box Score,,"17,081",2:11
Wed Jan 31 2024,8:30p,Phoenix Suns,136,Brooklyn Nets,120,Box Score,,Box Score,,"17,732",2:22
Wed Jan 31 2024,10:00p,Milwaukee Bucks,116,Portland Trail Blazers,119,Box Score,,Box Score,,"19,335",2:24
Thu Feb 01 2024,7:30p,Los Angeles Lakers,114,Boston Celtics,105,Box Score,,Box Score,,"19,156",2:13
Thu Feb 01 2024,7:30p,Indiana Pacers,105,New York Knicks,109,Box Score,,Box Score,,"19,812",2:17
Thu Feb 01 2024,8:00p,Cleveland Cavaliers,108,Memphis Grizzlies,101,Box Score,,Box Score,,"15,505",2:13
Thu Feb 01 2024,10:00p,Philadelphia 76ers,127,Utah Jazz,124,Box Score,,Box Score,,"18,206",2:26
Fri Feb 02 2024,7:00p,Los Angeles Clippers,136,Detroit Pistons,125,Box Score,,Box Score,,"19,122",
Fri Feb 02 2024,7:00p,Miami Heat,110,Washington Wizards,102,Box Score,,Box Score,,"18,308",2:23
Fri Feb 02 2024,7:30p,Phoenix Suns,120,Atlanta Hawks,129,Box Score,,Box Score,,"16,536",2:10
Fri Feb 02 2024,7:30p,Sacramento Kings,133,Indiana Pacers,122,Box Score,,Box Score,,"17,274",2:17
Fri Feb 02 2024,8:00p,Toronto Raptors,106,Houston Rockets,135,Box Score,,Box Score,,"18,055",2:03
Fri Feb 02 2024,8:00p,Golden State Warriors,121,Memphis Grizzlies,101,Box Score,,Box Score,,"17,794",2:20
Fri Feb 02 2024,8:00p,Orlando Magic,108,Minnesota Timberwolves,106,Box Score,,Box Score,,"18,024",2:16
Fri Feb 02 2024,8:00p,Charlotte Hornets,106,Oklahoma City Thunder,126,Box Score,,Box Score,,"17,552",2:04
Fri Feb 02 2024,8:00p,New Orleans Pelicans,114,San Antonio Spurs,113,Box Score,,Box Score,,"17,207",2:12
Fri Feb 02 2024,9:00p,Portland Trail Blazers,108,Denver Nuggets,120,Box Score,,Box Score,,"19,622",2:06
Sat Feb 03 2024,6:00p,Brooklyn Nets,136,Philadelphia 76ers,121,Box Score,,Box Score,,"20,673",2:11
Sat Feb 03 2024,7:30p,Golden State Warriors,134,Atlanta Hawks,141,Box Score,,Box Score,OT,"17,600",2:31
Sat Feb 03 2024,8:00p,Sacramento Kings,123,Chicago Bulls,115,Box Score,,Box Score,,"21,579",2:14
Sat Feb 03 2024,8:30p,Milwaukee Bucks,129,Dallas Mavericks,117,Box Score,,Box Score,,"20,377",2:18
Sat Feb 03 2024,8:30p,Los Angeles Lakers,113,New York Knicks,105,Box Score,,Box Score,,"19,812",2:18
Sat Feb 03 2024,8:30p,Cleveland Cavaliers,117,San Antonio Spurs,101,Box Score,,Box Score,,"18,354",2:14
Sun Feb 04 2024,3:00p,Orlando Magic,111,Detroit Pistons,99,Box Score,,Box Score,,"17,982",2:08
Sun Feb 04 2024,3:30p,Phoenix Suns,140,Washington Wizards,112,Box Score,,Box Score,,"16,984",2:10
Sun Feb 04 2024,6:00p,Memphis Grizzlies,91,Boston Celtics,131,Box Score,,Box Score,,"19,156",1:57
Sun Feb 04 2024,6:00p,Indiana Pacers,115,Charlotte Hornets,99,Box Score,,Box Score,,"15,687",2:14
Sun Feb 04 2024,6:00p,Los Angeles Clippers,103,Miami Heat,95,Box Score,,Box Score,,"19,855",2:17
Sun Feb 04 2024,7:00p,Houston Rockets,90,Minnesota Timberwolves,111,Box Score,,Box Score,,"18,024",2:15
Sun Feb 04 2024,7:00p,Toronto Raptors,127,Oklahoma City Thunder,135,Box Score,,Box Score,2OT,"17,059",2:33
Sun Feb 04 2024,8:00p,Milwaukee Bucks,108,Utah Jazz,123,Box Score,,Box Score,,"18,206",2:15
Sun Feb 04 2024,8:30p,Portland Trail Blazers,103,Denver Nuggets,112,Box Score,,Box Score,,"19,715",2:00
Mon Feb 05 2024,7:00p,Los Angeles Lakers,124,Charlotte Hornets,118,Box Score,,Box Score,,"19,375",2:02
Mon Feb 05 2024,7:00p,Sacramento Kings,110,Cleveland Cavaliers,136,Box Score,,Box Score,,"19,432",2:08
Mon Feb 05 2024,7:00p,Dallas Mavericks,118,Philadelphia 76ers,102,Box Score,,Box Score,,"19,764",2:08
Mon Feb 05 2024,7:30p,Los Angeles Clippers,149,Atlanta Hawks,144,Box Score,,Box Score,,"17,093",2:21
Mon Feb 05 2024,7:30p,Golden State Warriors,109,Brooklyn Nets,98,Box Score,,Box Score,,"17,919",2:21
Mon Feb 05 2024,8:00p,Toronto Raptors,100,New Orleans Pelicans,138,Box Score,,Box Score,,"17,429",1:59
Tue Feb 06 2024,7:00p,Houston Rockets,129,Indiana Pacers,132,Box Score,,Box Score,,"15,571",2:09
Tue Feb 06 2024,7:30p,Dallas Mavericks,119,Brooklyn Nets,107,Box Score,,Box Score,,"17,732",2:11
Tue Feb 06 2024,7:30p,Orlando Magic,95,Miami Heat,121,Box Score,,Box Score,,"19,600",2:08
Tue Feb 06 2024,7:30p,Memphis Grizzlies,113,New York Knicks,123,Box Score,,Box Score,,"19,013",2:05
Tue Feb 06 2024,8:00p,Minnesota Timberwolves,123,Chicago Bulls,129,Box Score,,Box Score,OT,"20,949",2:40
Tue Feb 06 2024,9:00p,Oklahoma City Thunder,117,Utah Jazz,124,Box Score,,Box Score,,"18,206",2:08
Tue Feb 06 2024,10:00p,Milwaukee Bucks,106,Phoenix Suns,114,Box Score,,Box Score,,"17,071",2:35
Wed Feb 07 2024,7:00p,Toronto Raptors,123,Charlotte Hornets,117,Box Score,,Box Score,,"11,720",2:12
Wed Feb 07 2024,7:00p,Cleveland Cavaliers,114,Washington Wizards,106,Box Score,,Box Score,,"15,860",2:13
Wed Feb 07 2024,7:30p,Atlanta Hawks,117,Boston Celtics,125,Box Score,,Box Score,,"19,156",1:58
Wed Feb 07 2024,7:30p,San Antonio Spurs,104,Miami Heat,116,Box Score,,Box Score,,"19,652",2:09
Wed Feb 07 2024,7:30p,Golden State Warriors,127,Philadelphia 76ers,104,Box Score,,Box Score,,"19,780",2:14
Wed Feb 07 2024,10:00p,New Orleans Pelicans,117,Los Angeles Clippers,106,Box Score,,Box Score,,"19,370",2:17
Wed Feb 07 2024,10:00p,Detroit Pistons,133,Sacramento Kings,120,Box Score,,Box Score,,"17,832",2:09
Thu Feb 08 2024,7:00p,Golden State Warriors,131,Indiana Pacers,109,Box Score,,Box Score,,"17,274",2:08
Thu Feb 08 2024,7:00p,San Antonio Spurs,111,Orlando Magic,127,Box Score,,Box Score,,"19,074",2:15
Thu Feb 08 2024,7:30p,Cleveland Cavaliers,118,Brooklyn Nets,95,Box Score,,Box Score,,"17,304",2:03
Thu Feb 08 2024,7:30p,Dallas Mavericks,122,New York Knicks,108,Box Score,,Box Score,,"19,812",2:12
Thu Feb 08 2024,8:00p,Chicago Bulls,118,Memphis Grizzlies,110,Box Score,,Box Score,,"16,285",2:13
Thu Feb 08 2024,8:00p,Minnesota Timberwolves,129,Milwaukee Bucks,105,Box Score,,Box Score,,"17,577",2:05
Thu Feb 08 2024,9:00p,Utah Jazz,115,Phoenix Suns,129,Box Score,,Box Score,,"17,071",2:11
Thu Feb 08 2024,10:00p,Denver Nuggets,114,Los Angeles Lakers,106,Box Score,,Box Score,,"18,997",2:12
Thu Feb 08 2024,10:00p,Detroit Pistons,128,Portland Trail Blazers,122,Box Score,,Box Score,OT,"18,125",2:39
Fri Feb 09 2024,7:00p,Atlanta Hawks,127,Philadelphia 76ers,121,Box Score,,Box Score,,"19,758",2:24
Fri Feb 09 2024,7:30p,Washington Wizards,129,Boston Celtics,133,Box Score,,Box Score,,"19,156",2:14
Fri Feb 09 2024,7:30p,Houston Rockets,104,Toronto Raptors,107,Box Score,,Box Score,,"19,800",2:19
Fri Feb 09 2024,8:00p,Charlotte Hornets,84,Milwaukee Bucks,120,Box Score,,Box Score,,"17,690",2:08
Fri Feb 09 2024,10:00p,Denver Nuggets,106,Sacramento Kings,135,Box Score,,Box Score,,"17,832",2:10
Fri Feb 09 2024,10:30p,New Orleans Pelicans,122,Los Angeles Lakers,139,Box Score,,Box Score,,"18,997",2:13
Sat Feb 10 2024,3:00p,Oklahoma City Thunder,111,Dallas Mavericks,146,Box Score,,Box Score,,"20,277",2:14
Sat Feb 10 2024,3:30p,Detroit Pistons,106,Los Angeles Clippers,112,Box Score,,Box Score,,"19,370",2:13
Sat Feb 10 2024,6:00p,San Antonio Spurs,103,Brooklyn Nets,123,Box Score,,Box Score,,"18,005",2:10
Sat Feb 10 2024,7:00p,Memphis Grizzlies,106,Charlotte Hornets,115,Box Score,,Box Score,,"17,259",1:56
Sat Feb 10 2024,7:00p,Chicago Bulls,108,Orlando Magic,114,Box Score,,Box Score,OT,"19,459",2:21
Sat Feb 10 2024,7:00p,Philadelphia 76ers,119,Washington Wizards,113,Box Score,,Box Score,,"20,333",2:13
Sat Feb 10 2024,7:30p,Houston Rockets,113,Atlanta Hawks,122,Box Score,,Box Score,,"17,503",2:19
Sat Feb 10 2024,7:30p,Indiana Pacers,125,New York Knicks,111,Box Score,,Box Score,,"19,812",2:06
Sat Feb 10 2024,7:30p,Cleveland Cavaliers,119,Toronto Raptors,95,Box Score,,Box Score,,"19,800",2:03
Sat Feb 10 2024,8:30p,Phoenix Suns,112,Golden State Warriors,113,Box Score,,Box Score,,"18,064",2:25
Sat Feb 10 2024,10:00p,New Orleans Pelicans,93,Portland Trail Blazers,84,Box Score,,Box Score,,"18,226",2:02
Sun Feb 11 2024,2:00p,Boston Celtics,110,Miami Heat,106,Box Score,,Box Score,,"20,049",2:21
Sun Feb 11 2024,3:00p,Sacramento Kings,113,Oklahoma City Thunder,127,Box Score,,Box Score,,"17,092",2:12
Mon Feb 12 2024,7:00p,Indiana Pacers,102,Charlotte Hornets,111,Box Score,,Box Score,,"12,112",2:04
Mon Feb 12 2024,7:00p,Philadelphia 76ers,123,Cleveland Cavaliers,121,Box Score,,Box Score,,"19,432",2:21
Mon Feb 12 2024,7:30p,Chicago Bulls,136,Atlanta Hawks,126,Box Score,,Box Score,,"16,524",2:15
Mon Feb 12 2024,7:30p,San Antonio Spurs,122,Toronto Raptors,99,Box Score,,Box Score,,"19,800",2:05
Mon Feb 12 2024,8:00p,New York Knicks,103,Houston Rockets,105,Box Score,,Box Score,,"16,790",2:22
Mon Feb 12 2024,8:00p,New Orleans Pelicans,96,Memphis Grizzlies,87,Box Score,,Box Score,,"15,823",
Mon Feb 12 2024,8:00p,Denver Nuggets,95,Milwaukee Bucks,112,Box Score,,Box Score,,"17,444",2:04
Mon Feb 12 2024,8:30p,Washington Wizards,104,Dallas Mavericks,112,Box Score,,Box Score,,"19,921",2:16
Mon Feb 12 2024,9:00p,Golden State Warriors,129,Utah Jazz,107,Box Score,,Box Score,,"18,206",2:06
Mon Feb 12 2024,10:30p,Minnesota Timberwolves,121,Los Angeles Clippers,100,Box Score,,Box Score,,"19,370",2:06
Tue Feb 13 2024,7:30p,Boston Celtics,118,Brooklyn Nets,110,Box Score,,Box Score,,"18,053",2:14
Tue Feb 13 2024,7:30p,Oklahoma City Thunder,127,Orlando Magic,113,Box Score,,Box Score,,"19,301",2:18
Tue Feb 13 2024,8:00p,Miami Heat,123,Milwaukee Bucks,97,Box Score,,Box Score,,"17,520",2:06
Tue Feb 13 2024,10:00p,Sacramento Kings,125,Phoenix Suns,130,Box Score,,Box Score,,"17,071",2:31
Tue Feb 13 2024,10:00p,Minnesota Timberwolves,121,Portland Trail Blazers,109,Box Score,,Box Score,,"17,906",2:12
Tue Feb 13 2024,10:30p,Detroit Pistons,111,Los Angeles Lakers,125,Box Score,,Box Score,,"18,997",2:07
Wed Feb 14 2024,7:00p,Atlanta Hawks,99,Charlotte Hornets,122,Box Score,,Box Score,,"14,336",2:06
Wed Feb 14 2024,7:00p,New York Knicks,100,Orlando Magic,118,Box Score,,Box Score,,"19,259",2:08
Wed Feb 14 2024,7:00p,Miami Heat,109,Philadelphia 76ers,104,Box Score,,Box Score,,"20,015",2:13
Wed Feb 14 2024,7:30p,Brooklyn Nets,86,Boston Celtics,136,Box Score,,Box Score,,"19,156",1:54
Wed Feb 14 2024,7:30p,Chicago Bulls,105,Cleveland Cavaliers,108,Box Score,,Box Score,,"19,432",2:20
Wed Feb 14 2024,7:30p,Indiana Pacers,127,Toronto Raptors,125,Box Score,,Box Score,,"19,800",2:13
Wed Feb 14 2024,8:00p,Houston Rockets,113,Memphis Grizzlies,121,Box Score,,Box Score,,"15,012",2:22
Wed Feb 14 2024,8:00p,Washington Wizards,126,New Orleans Pelicans,133,Box Score,,Box Score,,"18,316",2:30
Wed Feb 14 2024,8:30p,San Antonio Spurs,93,Dallas Mavericks,116,Box Score,,Box Score,,"20,311",1:58
Wed Feb 14 2024,9:00p,Sacramento Kings,102,Denver Nuggets,98,Box Score,,Box Score,,"19,617",2:15
Wed Feb 14 2024,9:00p,Detroit Pistons,100,Phoenix Suns,116,Box Score,,Box Score,,"17,071",2:18
Wed Feb 14 2024,9:00p,Los Angeles Lakers,138,Utah Jazz,122,Box Score,,Box Score,,"18,206",2:06
Wed Feb 14 2024,10:00p,Los Angeles Clippers,130,Golden State Warriors,125,Box Score,,Box Score,,"18,064",2:33
Thu Feb 15 2024,8:30p,Milwaukee Bucks,110,Memphis Grizzlies,113,Box Score,,Box Score,,"16,544",2:28
Thu Feb 15 2024,9:00p,Golden State Warriors,140,Utah Jazz,137,Box Score,,Box Score,,"18,206",2:14
Thu Feb 15 2024,10:00p,Minnesota Timberwolves,128,Portland Trail Blazers,91,Box Score,,Box Score,,"18,606",2:10
Thu Feb 22 2024,7:00p,Orlando Magic,116,Cleveland Cavaliers,109,Box Score,,Box Score,,"19,432",2:15
Thu Feb 22 2024,7:00p,Detroit Pistons,115,Indiana Pacers,129,Box Score,,Box Score,,"16,506",2:08
Thu Feb 22 2024,7:00p,New York Knicks,110,Philadelphia 76ers,96,Box Score,,Box Score,,"21,094",2:13
Thu Feb 22 2024,7:00p,Brooklyn Nets,93,Toronto Raptors,121,Box Score,,Box Score,,"19,800",2:13
Thu Feb 22 2024,7:30p,Phoenix Suns,113,Dallas Mavericks,123,Box Score,,Box Score,,"20,377",2:25
Thu Feb 22 2024,8:00p,Boston Celtics,129,Chicago Bulls,112,Box Score,,Box Score,,"20,313",2:03
Thu Feb 22 2024,8:00p,Houston Rockets,105,New Orleans Pelicans,127,Box Score,,Box Score,,"17,421",2:18
Thu Feb 22 2024,8:00p,Los Angeles Clippers,107,Oklahoma City Thunder,129,Box Score,,Box Score,,"18,203",2:00
Thu Feb 22 2024,9:00p,Washington Wizards,110,Denver Nuggets,130,Box Score,,Box Score,,"19,621",2:03
Thu Feb 22 2024,9:00p,Charlotte Hornets,115,Utah Jazz,107,Box Score,,Box Score,,"18,206",2:14
Thu Feb 22 2024,10:00p,Los Angeles Lakers,110,Golden State Warriors,128,Box Score,,Box Score,,"18,064",2:15
Thu Feb 22 2024,10:00p,San Antonio Spurs,122,Sacramento Kings,127,Box Score,,Box Score,,"18,153",2:03
Fri Feb 23 2024,7:30p,Toronto Raptors,123,Atlanta Hawks,121,Box Score,,Box Score,,"17,625",2:09
Fri Feb 23 2024,7:30p,Cleveland Cavaliers,97,Philadelphia 76ers,104,Box Score,,Box Score,,"19,938",2:19
Fri Feb 23 2024,8:00p,Phoenix Suns,110,Houston Rockets,114,Box Score,,Box Score,,"18,055",2:32
Fri Feb 23 2024,8:00p,Los Angeles Clippers,101,Memphis Grizzlies,95,Box Score,,Box Score,,"17,255",2:12
Fri Feb 23 2024,8:00p,Miami Heat,106,New Orleans Pelicans,95,Box Score,,Box Score,,"18,658",2:26
Fri Feb 23 2024,8:00p,Washington Wizards,106,Oklahoma City Thunder,147,Box Score,,Box Score,,"18,203",2:03
Fri Feb 23 2024,10:00p,Charlotte Hornets,84,Golden State Warriors,97,Box Score,,Box Score,,"18,064",2:08
Fri Feb 23 2024,10:00p,Milwaukee Bucks,112,Minnesota Timberwolves,107,Box Score,,Box Score,,"18,024",2:17
Fri Feb 23 2024,10:00p,Denver Nuggets,127,Portland Trail Blazers,112,Box Score,,Box Score,,"18,898",2:08
Fri Feb 23 2024,10:30p,San Antonio Spurs,118,Los Angeles Lakers,123,Box Score,,Box Score,,"18,997",2:12
Sat Feb 24 2024,8:00p,Orlando Magic,112,Detroit Pistons,109,Box Score,,Box Score,,"19,388",2:09
Sat Feb 24 2024,8:30p,Boston Celtics,116,New York Knicks,102,Box Score,,Box Score,,"19,812",2:07
Sat Feb 24 2024,9:00p,Brooklyn Nets,86,Minnesota Timberwolves,101,Box Score,,Box Score,,"18,024",2:20
Sun Feb 25 2024,1:00p,Milwaukee Bucks,119,Philadelphia 76ers,98,Box Score,,Box Score,,"19,831",2:14
Sun Feb 25 2024,3:30p,Los Angeles Lakers,113,Phoenix Suns,123,Box Score,,Box Score,,"17,071",2:20
Sun Feb 25 2024,5:00p,Dallas Mavericks,111,Indiana Pacers,133,Box Score,,Box Score,,"17,274",2:05
Sun Feb 25 2024,6:00p,Cleveland Cavaliers,114,Washington Wizards,105,Box Score,,Box Score,,"17,895",2:14
Sun Feb 25 2024,7:00p,Orlando Magic,92,Atlanta Hawks,109,Box Score,,Box Score,,"17,173",2:06
Sun Feb 25 2024,7:00p,Denver Nuggets,119,Golden State Warriors,103,Box Score,,Box Score,,"18,064",2:21
Sun Feb 25 2024,7:00p,Oklahoma City Thunder,123,Houston Rockets,110,Box Score,,Box Score,,"18,055",2:11
Sun Feb 25 2024,7:00p,Chicago Bulls,114,New Orleans Pelicans,106,Box Score,,Box Score,,"18,684",2:05
Sun Feb 25 2024,8:00p,San Antonio Spurs,109,Utah Jazz,128,Box Score,,Box Score,,"18,206",2:13
Sun Feb 25 2024,9:00p,Charlotte Hornets,93,Portland Trail Blazers,80,Box Score,,Box Score,,"17,888",1:56
Sun Feb 25 2024,9:30p,Sacramento Kings,123,Los Angeles Clippers,107,Box Score,,Box Score,,"19,370",2:14
Mon Feb 26 2024,7:00p,Toronto Raptors,130,Indiana Pacers,122,Box Score,,Box Score,,"16,026",2:19
Mon Feb 26 2024,7:30p,Detroit Pistons,111,New York Knicks,113,Box Score,,Box Score,,"19,303",2:07
Mon Feb 26 2024,8:00p,Brooklyn Nets,111,Memphis Grizzlies,86,Box Score,,Box Score,,"15,417",2:13
Mon Feb 26 2024,10:00p,Miami Heat,121,Sacramento Kings,110,Box Score,,Box Score,,"17,832",2:07
Tue Feb 27 2024,7:00p,Dallas Mavericks,119,Cleveland Cavaliers,121,Box Score,,Box Score,,"19,432",2:05
Tue Feb 27 2024,7:00p,Brooklyn Nets,81,Orlando Magic,108,Box Score,,Box Score,,"17,708",2:15
Tue Feb 27 2024,7:00p,Golden State Warriors,123,Washington Wizards,112,Box Score,,Box Score,,"20,333",2:01
Tue Feb 27 2024,7:30p,Utah Jazz,97,Atlanta Hawks,124,Box Score,,Box Score,,"17,129",2:05
Tue Feb 27 2024,7:30p,Philadelphia 76ers,99,Boston Celtics,117,Box Score,,Box Score,,"19,156",2:16
Tue Feb 27 2024,7:30p,New Orleans Pelicans,115,New York Knicks,92,Box Score,,Box Score,,"19,812",2:09
Tue Feb 27 2024,8:00p,Detroit Pistons,105,Chicago Bulls,95,Box Score,,Box Score,,"21,089",2:05
Tue Feb 27 2024,8:00p,Charlotte Hornets,85,Milwaukee Bucks,123,Box Score,,Box Score,,"17,607",2:00
Tue Feb 27 2024,8:00p,San Antonio Spurs,105,Minnesota Timberwolves,114,Box Score,,Box Score,,"18,024",1:59
Tue Feb 27 2024,10:00p,Houston Rockets,95,Oklahoma City Thunder,112,Box Score,,Box Score,,"17,164",2:16
Tue Feb 27 2024,10:00p,Miami Heat,106,Portland Trail Blazers,96,Box Score,,Box Score,,"18,143",2:13
Wed Feb 28 2024,7:30p,New Orleans Pelicans,114,Indiana Pacers,123,Box Score,,Box Score,,"16,010",2:16
Wed Feb 28 2024,7:30p,Dallas Mavericks,136,Toronto Raptors,125,Box Score,,Box Score,,"19,800",2:09
Wed Feb 28 2024,8:00p,Cleveland Cavaliers,123,Chicago Bulls,132,Box Score,,Box Score,2OT,"21,700",2:43
Wed Feb 28 2024,8:00p,Memphis Grizzlies,101,Minnesota Timberwolves,110,Box Score,,Box Score,,"18,024",2:16
Wed Feb 28 2024,9:00p,Sacramento Kings,96,Denver Nuggets,117,Box Score,,Box Score,,"19,628",2:04
Wed Feb 28 2024,10:00p,Los Angeles Lakers,116,Los Angeles Clippers,112,Box Score,,Box Score,,"19,370",2:16
Thu Feb 29 2024,7:00p,Milwaukee Bucks,111,Charlotte Hornets,99,Box Score,,Box Score,,"18,463",2:10
Thu Feb 29 2024,7:00p,Utah Jazz,107,Orlando Magic,115,Box Score,,Box Score,,"17,848",2:15
Thu Feb 29 2024,7:30p,Atlanta Hawks,97,Brooklyn Nets,124,Box Score,,Box Score,,"17,284",2:05
Thu Feb 29 2024,7:30p,Golden State Warriors,110,New York Knicks,99,Box Score,,Box Score,,"19,812",2:18
Thu Feb 29 2024,8:30p,Oklahoma City Thunder,118,San Antonio Spurs,132,Box Score,,Box Score,,"18,392",2:10
Thu Feb 29 2024,9:00p,Houston Rockets,105,Phoenix Suns,110,Box Score,,Box Score,,"17,071",2:26
Thu Feb 29 2024,10:00p,Miami Heat,97,Denver Nuggets,103,Box Score,,Box Score,,"19,634",2:30
Thu Feb 29 2024,10:30p,Washington Wizards,131,Los Angeles Lakers,134,Box Score,,Box Score,OT,"18,997",2:22
Fri Mar 01 2024,7:00p,Cleveland Cavaliers,110,Detroit Pistons,100,Box Score,,Box Score,,"19,299",2:12
Fri Mar 01 2024,7:00p,Charlotte Hornets,114,Philadelphia 76ers,121,Box Score,,Box Score,,"19,788",2:12
Fri Mar 01 2024,7:30p,Dallas Mavericks,110,Boston Celtics,138,Box Score,,Box Score,,"19,156",2:08
Fri Mar 01 2024,7:30p,Golden State Warriors,120,Toronto Raptors,105,Box Score,,Box Score,,"19,800",2:10
Fri Mar 01 2024,8:00p,Portland Trail Blazers,122,Memphis Grizzlies,92,Box Score,,Box Score,,"15,493",2:08
Fri Mar 01 2024,8:00p,Sacramento Kings,124,Minnesota Timberwolves,120,Box Score,,Box Score,OT,"18,024",2:37
Fri Mar 01 2024,8:00p,Indiana Pacers,102,New Orleans Pelicans,129,Box Score,,Box Score,,"17,898",2:12
Fri Mar 01 2024,10:00p,Milwaukee Bucks,113,Chicago Bulls,97,Box Score,,Box Score,,"21,249",2:24
Fri Mar 01 2024,10:30p,Washington Wizards,115,Los Angeles Clippers,140,Box Score,,Box Score,,"19,370",2:07
Sat Mar 02 2024,3:00p,Atlanta Hawks,102,Brooklyn Nets,114,Box Score,,Box Score,,"18,075",2:18
Sat Mar 02 2024,5:00p,Utah Jazz,120,Miami Heat,126,Box Score,,Box Score,,"19,858",2:14
Sat Mar 02 2024,8:00p,Portland Trail Blazers,107,Memphis Grizzlies,100,Box Score,,Box Score,OT,"16,381",2:37
Sat Mar 02 2024,8:30p,Denver Nuggets,124,Los Angeles Lakers,114,Box Score,,Box Score,,"18,997",2:02
Sat Mar 02 2024,9:00p,Houston Rockets,118,Phoenix Suns,109,Box Score,,Box Score,,"17,071",2:34
Sun Mar 03 2024,1:00p,Philadelphia 76ers,120,Dallas Mavericks,116,Box Score,,Box Score,,"20,277",2:25
Sun Mar 03 2024,3:30p,Golden State Warriors,88,Boston Celtics,140,Box Score,,Box Score,,"19,156",2:07
Sun Mar 03 2024,3:30p,Los Angeles Clippers,89,Minnesota Timberwolves,88,Box Score,,Box Score,,"18,024",2:13
Sun Mar 03 2024,6:00p,Detroit Pistons,91,Orlando Magic,113,Box Score,,Box Score,,"19,459",2:10
Sun Mar 03 2024,6:00p,Charlotte Hornets,106,Toronto Raptors,111,Box Score,,Box Score,,"19,512",2:14
Sun Mar 03 2024,7:00p,New York Knicks,107,Cleveland Cavaliers,98,Box Score,,Box Score,,"19,432",2:07
Sun Mar 03 2024,7:00p,Indiana Pacers,105,San Antonio Spurs,117,Box Score,,Box Score,,"18,027",2:15
Sun Mar 03 2024,9:30p,Oklahoma City Thunder,118,Phoenix Suns,110,Box Score,,Box Score,,"17,071",2:21
Mon Mar 04 2024,7:30p,Memphis Grizzlies,106,Brooklyn Nets,102,Box Score,,Box Score,,"15,847",2:28
Mon Mar 04 2024,8:00p,Los Angeles Clippers,106,Milwaukee Bucks,113,Box Score,,Box Score,,"17,875",2:13
Mon Mar 04 2024,8:00p,Portland Trail Blazers,114,Minnesota Timberwolves,119,Box Score,,Box Score,,"18,024",2:17
Mon Mar 04 2024,9:00p,Washington Wizards,115,Utah Jazz,127,Box Score,,Box Score,,"18,206",2:07
Mon Mar 04 2024,10:00p,Chicago Bulls,113,Sacramento Kings,109,Box Score,,Box Score,,"17,832",2:19
Mon Mar 04 2024,10:30p,Oklahoma City Thunder,104,Los Angeles Lakers,116,Box Score,,Box Score,,"18,997",2:04
Tue Mar 05 2024,7:00p,Orlando Magic,101,Charlotte Hornets,89,Box Score,,Box Score,,"15,928",2:08
Tue Mar 05 2024,7:30p,Philadelphia 76ers,107,Brooklyn Nets,112,Box Score,,Box Score,,"17,086",2:20
Tue Mar 05 2024,7:30p,Boston Celtics,104,Cleveland Cavaliers,105,Box Score,,Box Score,,"19,432",2:11
Tue Mar 05 2024,7:30p,Detroit Pistons,110,Miami Heat,118,Box Score,,Box Score,,"19,724",2:10
Tue Mar 05 2024,7:30p,Atlanta Hawks,116,New York Knicks,100,Box Score,,Box Score,,"19,812",2:07
Tue Mar 05 2024,7:30p,New Orleans Pelicans,139,Toronto Raptors,98,Box Score,,Box Score,,"18,864",2:00
Tue Mar 05 2024,8:00p,San Antonio Spurs,101,Houston Rockets,114,Box Score,,Box Score,,"16,734",2:06
Tue Mar 05 2024,8:30p,Indiana Pacers,137,Dallas Mavericks,120,Box Score,,Box Score,,"20,200",2:14
Tue Mar 05 2024,10:00p,Phoenix Suns,117,Denver Nuggets,107,Box Score,,Box Score,OT,"19,589",2:24
Wed Mar 06 2024,7:00p,Orlando Magic,119,Washington Wizards,109,Box Score,,Box Score,,"16,018",2:14
Wed Mar 06 2024,7:30p,Cleveland Cavaliers,101,Atlanta Hawks,112,Box Score,,Box Score,,"15,841",2:03
Wed Mar 06 2024,7:30p,Los Angeles Clippers,122,Houston Rockets,116,Box Score,,Box Score,,"17,033",2:19
Wed Mar 06 2024,7:30p,Memphis Grizzlies,115,Philadelphia 76ers,109,Box Score,,Box Score,,"19,757",2:22
Wed Mar 06 2024,9:00p,Chicago Bulls,119,Utah Jazz,117,Box Score,,Box Score,,"18,206",2:13
Wed Mar 06 2024,10:00p,Milwaukee Bucks,90,Golden State Warriors,125,Box Score,,Box Score,,"18,064",2:11
Wed Mar 06 2024,10:00p,Oklahoma City Thunder,128,Portland Trail Blazers,120,Box Score,,Box Score,,"17,589",2:24
Wed Mar 06 2024,10:30p,Sacramento Kings,130,Los Angeles Lakers,120,Box Score,,Box Score,,"18,498",2:16
Thu Mar 07 2024,7:00p,Brooklyn Nets,112,Detroit Pistons,118,Box Score,,Box Score,,"19,011",2:14
Thu Mar 07 2024,7:00p,Minnesota Timberwolves,113,Indiana Pacers,111,Box Score,,Box Score,,"16,580",2:23
Thu Mar 07 2024,7:30p,Miami Heat,108,Dallas Mavericks,114,Box Score,,Box Score,,"20,221",2:23
Thu Mar 07 2024,9:00p,Toronto Raptors,113,Phoenix Suns,120,Box Score,,Box Score,,"17,071",2:16
Thu Mar 07 2024,10:00p,Boston Celtics,109,Denver Nuggets,115,Box Score,,Box Score,,"19,855",2:24
Thu Mar 07 2024,10:00p,Chicago Bulls,125,Golden State Warriors,122,Box Score,,Box Score,,"18,064",2:17
Thu Mar 07 2024,10:00p,San Antonio Spurs,129,Sacramento Kings,131,Box Score,,Box Score,,"17,968",2:16
Fri Mar 08 2024,7:00p,New Orleans Pelicans,103,Philadelphia 76ers,95,Box Score,,Box Score,,"19,777",2:15
Fri Mar 08 2024,7:00p,Charlotte Hornets,100,Washington Wizards,112,Box Score,,Box Score,,"18,778",2:07
Fri Mar 08 2024,7:30p,Minnesota Timberwolves,104,Cleveland Cavaliers,113,Box Score,,Box Score,OT,"19,432",2:49
Fri Mar 08 2024,7:30p,Orlando Magic,74,New York Knicks,98,Box Score,,Box Score,,"19,812",2:03
Fri Mar 08 2024,8:00p,Atlanta Hawks,99,Memphis Grizzlies,92,Box Score,,Box Score,,"16,667",2:12
Fri Mar 08 2024,8:00p,Miami Heat,100,Oklahoma City Thunder,107,Box Score,,Box Score,,"18,203",2:07
Fri Mar 08 2024,10:00p,Milwaukee Bucks,122,Los Angeles Lakers,123,Box Score,,Box Score,,"18,997",2:20
Fri Mar 08 2024,10:00p,Houston Rockets,123,Portland Trail Blazers,107,Box Score,,Box Score,,"18,139",2:06
Sat Mar 09 2024,4:00p,Chicago Bulls,102,Los Angeles Clippers,112,Box Score,,Box Score,,"19,370",2:11
Sat Mar 09 2024,7:00p,Brooklyn Nets,99,Charlotte Hornets,110,Box Score,,Box Score,,"19,090",2:08
Sat Mar 09 2024,7:00p,Dallas Mavericks,142,Detroit Pistons,124,Box Score,,Box Score,,"20,062",2:17
Sat Mar 09 2024,8:30p,San Antonio Spurs,126,Golden State Warriors,113,Box Score,,Box Score,,"18,064",2:24
Sat Mar 09 2024,8:30p,Boston Celtics,117,Phoenix Suns,107,Box Score,,Box Score,,"17,071",2:12
Sat Mar 09 2024,9:00p,Utah Jazz,121,Denver Nuggets,142,Box Score,,Box Score,,"19,632",2:12
Sat Mar 09 2024,10:00p,Toronto Raptors,118,Portland Trail Blazers,128,Box Score,,Box Score,OT,"18,117",2:24
Sun Mar 10 2024,3:00p,Milwaukee Bucks,124,Los Angeles Clippers,117,Box Score,,Box Score,,"19,370",2:19
Sun Mar 10 2024,6:00p,New Orleans Pelicans,116,Atlanta Hawks,103,Box Score,,Box Score,,"17,695",2:02
Sun Mar 10 2024,6:00p,Washington Wizards,110,Miami Heat,108,Box Score,,Box Score,,"19,730",2:13
Sun Mar 10 2024,6:00p,Indiana Pacers,111,Orlando Magic,97,Box Score,,Box Score,,"19,481",2:19
Sun Mar 10 2024,6:00p,Houston Rockets,112,Sacramento Kings,104,Box Score,,Box Score,,"18,022",2:18
Sun Mar 10 2024,7:00p,Brooklyn Nets,120,Cleveland Cavaliers,101,Box Score,,Box Score,,"19,432",2:05
Sun Mar 10 2024,7:00p,Philadelphia 76ers,79,New York Knicks,73,Box Score,,Box Score,,"19,812",2:18
Sun Mar 10 2024,7:00p,Memphis Grizzlies,93,Oklahoma City Thunder,124,Box Score,,Box Score,,"18,203",2:01
Sun Mar 10 2024,9:30p,Minnesota Timberwolves,109,Los Angeles Lakers,120,Box Score,,Box Score,,"18,997",2:15
Mon Mar 11 2024,7:00p,Charlotte Hornets,97,Detroit Pistons,114,Box Score,,Box Score,,"18,003",2:07
Mon Mar 11 2024,7:30p,Phoenix Suns,117,Cleveland Cavaliers,111,Box Score,,Box Score,,"19,432",2:10
Mon Mar 11 2024,8:00p,Dallas Mavericks,127,Chicago Bulls,92,Box Score,,Box Score,,"21,363",1:58
Mon Mar 11 2024,8:00p,Golden State Warriors,112,San Antonio Spurs,102,Box Score,,Box Score,,"18,354",2:05
Mon Mar 11 2024,9:00p,Toronto Raptors,119,Denver Nuggets,125,Box Score,,Box Score,,"19,652",2:06
Mon Mar 11 2024,10:30p,Boston Celtics,121,Portland Trail Blazers,99,Box Score,,Box Score,,"18,480",1:53
Tue Mar 12 2024,7:30p,Philadelphia 76ers,79,New York Knicks,106,Box Score,,Box Score,,"19,812",2:11
Tue Mar 12 2024,8:00p,Washington Wizards,97,Memphis Grizzlies,109,Box Score,,Box Score,,"15,291",2:04
Tue Mar 12 2024,8:00p,Indiana Pacers,121,Oklahoma City Thunder,111,Box Score,,Box Score,,"17,118",2:04
Tue Mar 12 2024,8:30p,Houston Rockets,103,San Antonio Spurs,101,Box Score,,Box Score,,"18,751",2:14
Tue Mar 12 2024,9:00p,Boston Celtics,123,Utah Jazz,107,Box Score,,Box Score,,"18,206",2:00
Tue Mar 12 2024,10:00p,Minnesota Timberwolves,118,Los Angeles Clippers,100,Box Score,,Box Score,,"19,370",2:17
Tue Mar 12 2024,10:00p,Milwaukee Bucks,94,Sacramento Kings,129,Box Score,,Box Score,,"17,832",2:17
Wed Mar 13 2024,7:00p,Toronto Raptors,104,Detroit Pistons,113,Box Score,,Box Score,,"19,313",2:18
Wed Mar 13 2024,7:00p,Brooklyn Nets,106,Orlando Magic,114,Box Score,,Box Score,,"18,846",2:19
Wed Mar 13 2024,7:30p,Chicago Bulls,132,Indiana Pacers,129,Box Score,,Box Score,OT,"17,274",2:44
Wed Mar 13 2024,7:30p,Denver Nuggets,100,Miami Heat,88,Box Score,,Box Score,,"19,921",2:05
Wed Mar 13 2024,8:00p,Charlotte Hornets,110,Memphis Grizzlies,98,Box Score,,Box Score,,"16,717",2:05
Wed Mar 13 2024,8:00p,Cleveland Cavaliers,116,New Orleans Pelicans,95,Box Score,,Box Score,,"17,727",1:57
Wed Mar 13 2024,8:30p,Golden State Warriors,99,Dallas Mavericks,109,Box Score,,Box Score,,"20,411",2:13
Wed Mar 13 2024,10:00p,Atlanta Hawks,102,Portland Trail Blazers,106,Box Score,,Box Score,,"18,064",2:11
Wed Mar 13 2024,10:00p,Los Angeles Lakers,107,Sacramento Kings,120,Box Score,,Box Score,,"18,332",2:14
Thu Mar 14 2024,7:30p,Phoenix Suns,112,Boston Celtics,127,Box Score,,Box Score,,"19,156",2:02
Thu Mar 14 2024,8:00p,Los Angeles Clippers,126,Chicago Bulls,111,Box Score,,Box Score,,"21,219",2:00
Thu Mar 14 2024,8:00p,Washington Wizards,119,Houston Rockets,135,Box Score,,Box Score,,"18,055",2:05
Thu Mar 14 2024,8:00p,Philadelphia 76ers,105,Milwaukee Bucks,114,Box Score,,Box Score,,"17,635",2:15
Thu Mar 14 2024,10:00p,Dallas Mavericks,119,Oklahoma City Thunder,126,Box Score,,Box Score,,"18,203",2:27
Thu Mar 14 2024,10:00p,New York Knicks,105,Portland Trail Blazers,93,Box Score,,Box Score,,"17,768",2:05
Fri Mar 15 2024,7:00p,Phoenix Suns,107,Charlotte Hornets,96,Box Score,,Box Score,,"18,613",2:07
Fri Mar 15 2024,7:00p,Miami Heat,108,Detroit Pistons,95,Box Score,,Box Score,,"19,894",2:01
Fri Mar 15 2024,7:30p,Orlando Magic,113,Toronto Raptors,103,Box Score,,Box Score,,"19,800",2:14
Fri Mar 15 2024,8:00p,Los Angeles Clippers,104,New Orleans Pelicans,112,Box Score,,Box Score,,"18,865",2:09
Fri Mar 15 2024,8:30p,Denver Nuggets,117,San Antonio Spurs,106,Box Score,,Box Score,,"16,223",2:07
Fri Mar 15 2024,9:30p,Atlanta Hawks,122,Utah Jazz,124,Box Score,,Box Score,,"18,206",2:12
Sat Mar 16 2024,5:00p,Cleveland Cavaliers,103,Houston Rockets,117,Box Score,,Box Score,,"18,055",2:01
Sat Mar 16 2024,7:00p,Brooklyn Nets,100,Indiana Pacers,121,Box Score,,Box Score,,"17,009",2:14
Sat Mar 16 2024,7:00p,Portland Trail Blazers,107,New Orleans Pelicans,126,Box Score,,Box Score,,"17,725",2:09
Sat Mar 16 2024,7:00p,Charlotte Hornets,98,Philadelphia 76ers,109,Box Score,,Box Score,,"19,957",2:15
Sat Mar 16 2024,8:00p,Washington Wizards,98,Chicago Bulls,127,Box Score,,Box Score,,"21,697",2:17
Sat Mar 16 2024,8:00p,Oklahoma City Thunder,118,Memphis Grizzlies,112,Box Score,,Box Score,,"17,012",2:18
Sat Mar 16 2024,8:30p,Golden State Warriors,128,Los Angeles Lakers,121,Box Score,,Box Score,,"18,997",2:25
Sat Mar 16 2024,9:30p,Minnesota Timberwolves,119,Utah Jazz,100,Box Score,,Box Score,,"18,206",2:08
Sat Mar 16 2024,10:00p,New York Knicks,98,Sacramento Kings,91,Box Score,,Box Score,,"18,311",2:21
Sun Mar 17 2024,1:00p,Phoenix Suns,129,Milwaukee Bucks,140,Box Score,,Box Score,,"17,783",2:10
Sun Mar 17 2024,3:00p,Miami Heat,104,Detroit Pistons,101,Box Score,,Box Score,,"20,004",2:03
Sun Mar 17 2024,3:30p,Denver Nuggets,105,Dallas Mavericks,107,Box Score,,Box Score,,"20,377",2:20
Sun Mar 17 2024,6:00p,Toronto Raptors,96,Orlando Magic,111,Box Score,,Box Score,,"18,846",2:10
Sun Mar 17 2024,6:00p,Boston Celtics,130,Washington Wizards,104,Box Score,,Box Score,,"20,333",2:12
Sun Mar 17 2024,7:00p,Brooklyn Nets,115,San Antonio Spurs,122,Box Score,,Box Score,OT,"16,057",2:35
Sun Mar 17 2024,9:30p,Atlanta Hawks,110,Los Angeles Clippers,93,Box Score,,Box Score,,"19,370",2:08
Mon Mar 18 2024,7:00p,Cleveland Cavaliers,108,Indiana Pacers,103,Box Score,,Box Score,,"17,274",2:17
Mon Mar 18 2024,7:30p,Detroit Pistons,94,Boston Celtics,119,Box Score,,Box Score,,"19,156",1:53
Mon Mar 18 2024,7:30p,Miami Heat,91,Philadelphia 76ers,98,Box Score,,Box Score,,"19,782",2:19
Mon Mar 18 2024,8:00p,Portland Trail Blazers,107,Chicago Bulls,110,Box Score,,Box Score,,"20,293",2:19
Mon Mar 18 2024,9:00p,Minnesota Timberwolves,114,Utah Jazz,104,Box Score,,Box Score,,"18,206",2:02
Mon Mar 18 2024,10:00p,New York Knicks,119,Golden State Warriors,112,Box Score,,Box Score,,"18,064",2:18
Mon Mar 18 2024,10:00p,Memphis Grizzlies,111,Sacramento Kings,121,Box Score,,Box Score,OT,"17,832",2:44
Mon Mar 18 2024,10:30p,Atlanta Hawks,105,Los Angeles Lakers,136,Box Score,,Box Score,,"18,997",1:57
Tue Mar 19 2024,7:00p,Charlotte Hornets,92,Orlando Magic,112,Box Score,,Box Score,,"18,846",2:01
Tue Mar 19 2024,7:00p,Houston Rockets,137,Washington Wizards,114,Box Score,,Box Score,,"14,137",2:11
Tue Mar 19 2024,7:30p,New Orleans Pelicans,104,Brooklyn Nets,91,Box Score,,Box Score,,"17,732",2:05
Tue Mar 19 2024,8:00p,Dallas Mavericks,113,San Antonio Spurs,107,Box Score,,Box Score,,"18,354",2:13
Tue Mar 19 2024,9:00p,Denver Nuggets,115,Minnesota Timberwolves,112,Box Score,,Box Score,,"18,024",2:12
Wed Mar 20 2024,7:00p,Miami Heat,107,Cleveland Cavaliers,104,Box Score,,Box Score,,"19,432",2:14
Wed Mar 20 2024,7:00p,Indiana Pacers,122,Detroit Pistons,103,Box Score,,Box Score,,"19,897",2:09
Wed Mar 20 2024,7:30p,Milwaukee Bucks,119,Boston Celtics,122,Box Score,,Box Score,,"19,156",2:24
Wed Mar 20 2024,7:30p,Sacramento Kings,123,Toronto Raptors,89,Box Score,,Box Score,,"18,641",2:05
Wed Mar 20 2024,8:00p,Utah Jazz,107,Oklahoma City Thunder,119,Box Score,,Box Score,,"18,203",2:15
Wed Mar 20 2024,10:00p,Memphis Grizzlies,116,Golden State Warriors,137,Box Score,,Box Score,,"18,064",2:12
Wed Mar 20 2024,10:00p,Philadelphia 76ers,102,Phoenix Suns,115,Box Score,,Box Score,,"17,071",2:05
Wed Mar 20 2024,10:00p,Los Angeles Clippers,116,Portland Trail Blazers,103,Box Score,,Box Score,,"17,504",1:58
Thu Mar 21 2024,7:00p,New Orleans Pelicans,106,Orlando Magic,121,Box Score,,Box Score,,"17,094",2:09
Thu Mar 21 2024,7:00p,Sacramento Kings,102,Washington Wizards,109,Box Score,,Box Score,,"14,495",2:15
Thu Mar 21 2024,8:00p,Chicago Bulls,117,Houston Rockets,127,Box Score,,Box Score,,"17,016",2:19
Thu Mar 21 2024,8:00p,Brooklyn Nets,108,Milwaukee Bucks,115,Box Score,,Box Score,,"17,341",2:17
Thu Mar 21 2024,8:30p,Utah Jazz,97,Dallas Mavericks,113,Box Score,,Box Score,,"20,277",2:19
Thu Mar 21 2024,9:00p,New York Knicks,100,Denver Nuggets,113,Box Score,,Box Score,,"19,811",2:13
Thu Mar 21 2024,10:30p,Atlanta Hawks,115,Phoenix Suns,128,Box Score,,Box Score,,"17,071",2:21
Fri Mar 22 2024,7:00p,Boston Celtics,129,Detroit Pistons,102,Box Score,,Box Score,,"19,994",1:59
Fri Mar 22 2024,7:00p,Oklahoma City Thunder,123,Toronto Raptors,103,Box Score,,Box Score,,"19,601",2:01
Fri Mar 22 2024,8:00p,New Orleans Pelicans,111,Miami Heat,88,Box Score,,Box Score,,"19,727",1:57
Fri Mar 22 2024,8:00p,Cleveland Cavaliers,91,Minnesota Timberwolves,104,Box Score,,Box Score,,"18,024",2:02
Fri Mar 22 2024,8:00p,Memphis Grizzlies,99,San Antonio Spurs,97,Box Score,,Box Score,,"17,408",2:20
Fri Mar 22 2024,10:00p,Indiana Pacers,123,Golden State Warriors,111,Box Score,,Box Score,,"18,064",2:13
Fri Mar 22 2024,10:00p,Los Angeles Clippers,125,Portland Trail Blazers,117,Box Score,,Box Score,,"18,660",2:05
Fri Mar 22 2024,10:30p,Philadelphia 76ers,94,Los Angeles Lakers,101,Box Score,,Box Score,,"18,997",2:18
Sat Mar 23 2024,1:00p,Brooklyn Nets,93,New York Knicks,105,Box Score,,Box Score,,"19,812",2:00
Sat Mar 23 2024,7:00p,Sacramento Kings,109,Orlando Magic,107,Box Score,,Box Score,,"18,307",2:18
Sat Mar 23 2024,7:30p,Charlotte Hornets,91,Atlanta Hawks,132,Box Score,,Box Score,,"17,900",1:59
Sat Mar 23 2024,8:00p,Boston Celtics,124,Chicago Bulls,113,Box Score,,Box Score,,"21,198",2:00
Sat Mar 23 2024,8:00p,Utah Jazz,119,Houston Rockets,147,Box Score,,Box Score,,"18,055",2:10
Sat Mar 23 2024,8:00p,Phoenix Suns,131,San Antonio Spurs,106,Box Score,,Box Score,,"18,354",1:59
Sat Mar 23 2024,8:00p,Toronto Raptors,109,Washington Wizards,112,Box Score,,Box Score,,"15,746",2:20
Sat Mar 23 2024,10:00p,Denver Nuggets,114,Portland Trail Blazers,111,Box Score,,Box Score,,"18,629",2:22
Sun Mar 24 2024,3:00p,New Orleans Pelicans,114,Detroit Pistons,101,Box Score,,Box Score,,"19,922",2:08
Sun Mar 24 2024,3:30p,Philadelphia 76ers,121,Los Angeles Clippers,107,Box Score,,Box Score,,"19,370",2:01
Sun Mar 24 2024,6:00p,Cleveland Cavaliers,84,Miami Heat,121,Box Score,,Box Score,,"19,645",2:06
Sun Mar 24 2024,7:00p,Oklahoma City Thunder,93,Milwaukee Bucks,118,Box Score,,Box Score,,"17,877",2:08
Sun Mar 24 2024,7:00p,Golden State Warriors,110,Minnesota Timberwolves,114,Box Score,,Box Score,,"18,024",2:19
Sun Mar 24 2024,10:00p,Indiana Pacers,145,Los Angeles Lakers,150,Box Score,,Box Score,,"18,997",2:20
Mon Mar 25 2024,7:00p,Charlotte Hornets,92,Cleveland Cavaliers,115,Box Score,,Box Score,,"19,432",2:04
Mon Mar 25 2024,7:30p,Boston Celtics,118,Atlanta Hawks,120,Box Score,,Box Score,,"17,405",2:11
Mon Mar 25 2024,7:30p,Detroit Pistons,99,New York Knicks,124,Box Score,,Box Score,,"19,812",2:11
Mon Mar 25 2024,7:30p,Brooklyn Nets,96,Toronto Raptors,88,Box Score,,Box Score,,"18,376",2:07
Mon Mar 25 2024,8:00p,Washington Wizards,107,Chicago Bulls,105,Box Score,,Box Score,,"21,726",2:19
Mon Mar 25 2024,8:00p,Portland Trail Blazers,92,Houston Rockets,110,Box Score,,Box Score,,"16,537",2:09
Mon Mar 25 2024,8:00p,Phoenix Suns,102,San Antonio Spurs,104,Box Score,,Box Score,,"18,044",2:08
Mon Mar 25 2024,9:00p,Memphis Grizzlies,103,Denver Nuggets,128,Box Score,,Box Score,,"19,536",2:13
Mon Mar 25 2024,9:00p,Dallas Mavericks,115,Utah Jazz,105,Box Score,,Box Score,,"18,206",2:05
Mon Mar 25 2024,10:00p,Philadelphia 76ers,96,Sacramento Kings,108,Box Score,,Box Score,,"17,832",2:21
Mon Mar 25 2024,10:30p,Indiana Pacers,133,Los Angeles Clippers,116,Box Score,,Box Score,,"19,370",2:06
Tue Mar 26 2024,7:30p,Golden State Warriors,113,Miami Heat,92,Box Score,,Box Score,,"19,813",2:10
Tue Mar 26 2024,7:30p,Los Angeles Lakers,128,Milwaukee Bucks,124,Box Score,,Box Score,2OT,"18,085",3:04
Tue Mar 26 2024,8:00p,Oklahoma City Thunder,119,New Orleans Pelicans,112,Box Score,,Box Score,,"17,436",2:10
Tue Mar 26 2024,10:00p,Dallas Mavericks,132,Sacramento Kings,96,Box Score,,Box Score,,"17,832",2:10
Wed Mar 27 2024,7:00p,Cleveland Cavaliers,111,Charlotte Hornets,118,Box Score,,Box Score,,"15,303",2:10
Wed Mar 27 2024,7:00p,Golden State Warriors,101,Orlando Magic,93,Box Score,,Box Score,,"19,210",2:11
Wed Mar 27 2024,7:00p,Brooklyn Nets,122,Washington Wizards,119,Box Score,,Box Score,OT,"15,159",2:23
Wed Mar 27 2024,7:30p,Portland Trail Blazers,106,Atlanta Hawks,120,Box Score,,Box Score,,"16,059",2:07
Wed Mar 27 2024,7:30p,Los Angeles Clippers,108,Philadelphia 76ers,107,Box Score,,Box Score,,"21,022",2:23
Wed Mar 27 2024,7:30p,New York Knicks,145,Toronto Raptors,101,Box Score,,Box Score,,"19,133",2:06
Wed Mar 27 2024,8:00p,Indiana Pacers,99,Chicago Bulls,125,Box Score,,Box Score,,"22,018",2:12
Wed Mar 27 2024,8:00p,Los Angeles Lakers,136,Memphis Grizzlies,124,Box Score,,Box Score,,"17,794",2:16
Wed Mar 27 2024,8:00p,Detroit Pistons,91,Minnesota Timberwolves,106,Box Score,,Box Score,,"18,024",2:02
Wed Mar 27 2024,8:00p,Houston Rockets,132,Oklahoma City Thunder,126,Box Score,,Box Score,OT,"17,438",2:33
Wed Mar 27 2024,9:00p,San Antonio Spurs,118,Utah Jazz,111,Box Score,,Box Score,,"18,206",2:12
Wed Mar 27 2024,10:00p,Phoenix Suns,104,Denver Nuggets,97,Box Score,,Box Score,,"19,827",2:19
Thu Mar 28 2024,7:30p,Boston Celtics,122,Atlanta Hawks,123,Box Score,,Box Score,OT,"17,743",2:24
Thu Mar 28 2024,8:00p,Milwaukee Bucks,100,New Orleans Pelicans,107,Box Score,,Box Score,,"17,484",2:20
Fri Mar 29 2024,7:00p,Golden State Warriors,115,Charlotte Hornets,97,Box Score,,Box Score,,"19,487",2:03
Fri Mar 29 2024,7:00p,Los Angeles Lakers,90,Indiana Pacers,109,Box Score,,Box Score,,"17,274",2:06
Fri Mar 29 2024,7:00p,Los Angeles Clippers,100,Orlando Magic,97,Box Score,,Box Score,,"19,452",2:10
Fri Mar 29 2024,7:00p,Detroit Pistons,96,Washington Wizards,87,Box Score,,Box Score,,"15,023",2:06
Fri Mar 29 2024,7:30p,Chicago Bulls,108,Brooklyn Nets,125,Box Score,,Box Score,,"17,894",2:13
Fri Mar 29 2024,7:30p,Philadelphia 76ers,114,Cleveland Cavaliers,117,Box Score,,Box Score,,"19,432",2:19
Fri Mar 29 2024,8:00p,Portland Trail Blazers,82,Miami Heat,142,Box Score,,Box Score,,"19,839",1:58
Fri Mar 29 2024,8:00p,Phoenix Suns,103,Oklahoma City Thunder,128,Box Score,,Box Score,,"18,203",2:10
Fri Mar 29 2024,8:00p,New York Knicks,126,San Antonio Spurs,130,Box Score,,Box Score,OT,"18,604",2:37
Fri Mar 29 2024,9:00p,Minnesota Timberwolves,111,Denver Nuggets,98,Box Score,,Box Score,,"19,844",2:14
Fri Mar 29 2024,9:30p,Houston Rockets,101,Utah Jazz,100,Box Score,,Box Score,,"18,206",2:12
Fri Mar 29 2024,10:00p,Dallas Mavericks,107,Sacramento Kings,103,Box Score,,Box Score,,"17,832",2:13
Sat Mar 30 2024,5:00p,Boston Celtics,104,New Orleans Pelicans,92,Box Score,,Box Score,,"17,932",2:01
Sat Mar 30 2024,7:00p,Memphis Grizzlies,88,Orlando Magic,118,Box Score,,Box Score,,"18,009",2:06
Sat Mar 30 2024,7:30p,Milwaukee Bucks,122,Atlanta Hawks,113,Box Score,,Box Score,,"17,700",2:26
Sun Mar 31 2024,3:30p,Cleveland Cavaliers,101,Denver Nuggets,130,Box Score,,Box Score,,"19,621",2:07
Sun Mar 31 2024,6:00p,Los Angeles Lakers,116,Brooklyn Nets,104,Box Score,,Box Score,,"18,162",2:08
Sun Mar 31 2024,6:00p,Los Angeles Clippers,130,Charlotte Hornets,118,Box Score,,Box Score,,"15,941",2:12
Sun Mar 31 2024,6:00p,Philadelphia 76ers,135,Toronto Raptors,120,Box Score,,Box Score,,"19,114",2:09
Sun Mar 31 2024,6:00p,Miami Heat,119,Washington Wizards,107,Box Score,,Box Score,,"16,039",2:11
Sun Mar 31 2024,7:00p,Dallas Mavericks,125,Houston Rockets,107,Box Score,,Box Score,,"18,055",1:58
Sun Mar 31 2024,7:00p,Chicago Bulls,109,Minnesota Timberwolves,101,Box Score,,Box Score,,"18,024",2:07
Sun Mar 31 2024,7:00p,Oklahoma City Thunder,113,New York Knicks,112,Box Score,,Box Score,,"19,812",2:33
Sun Mar 31 2024,7:00p,Golden State Warriors,117,San Antonio Spurs,113,Box Score,,Box Score,,"18,718",2:10
Sun Mar 31 2024,9:00p,Utah Jazz,106,Sacramento Kings,127,Box Score,,Box Score,,"18,332",2:13
Mon Apr 01 2024,7:00p,Boston Celtics,118,Charlotte Hornets,104,Box Score,,Box Score,,"19,238",1:54
Mon Apr 01 2024,7:00p,Memphis Grizzlies,110,Detroit Pistons,108,Box Score,,Box Score,,"19,999",2:08
Mon Apr 01 2024,7:00p,Brooklyn Nets,111,Indiana Pacers,133,Box Score,,Box Score,,"16,522",2:20
Mon Apr 01 2024,7:00p,Portland Trail Blazers,103,Orlando Magic,104,Box Score,,Box Score,,"19,004",2:11
Mon Apr 01 2024,8:00p,Atlanta Hawks,113,Chicago Bulls,101,Box Score,,Box Score,,"21,114",2:07
Mon Apr 01 2024,8:00p,Phoenix Suns,124,New Orleans Pelicans,111,Box Score,,Box Score,,"17,753",2:14
Tue Apr 02 2024,7:00p,Los Angeles Lakers,128,Toronto Raptors,111,Box Score,,Box Score,,"19,800",2:06
Tue Apr 02 2024,7:00p,Milwaukee Bucks,113,Washington Wizards,117,Box Score,,Box Score,,"16,492",2:13
Tue Apr 02 2024,7:30p,New York Knicks,99,Miami Heat,109,Box Score,,Box Score,,"19,857",2:16
Tue Apr 02 2024,7:30p,Oklahoma City Thunder,105,Philadelphia 76ers,109,Box Score,,Box Score,,"20,733",2:22
Tue Apr 02 2024,8:00p,Houston Rockets,106,Minnesota Timberwolves,113,Box Score,,Box Score,,"18,024",2:13
Tue Apr 02 2024,9:00p,San Antonio Spurs,105,Denver Nuggets,110,Box Score,,Box Score,,"19,741",2:10
Tue Apr 02 2024,9:00p,Cleveland Cavaliers,129,Utah Jazz,113,Box Score,,Box Score,,"18,206",2:05
Tue Apr 02 2024,10:00p,Dallas Mavericks,100,Golden State Warriors,104,Box Score,,Box Score,,"18,064",2:20
Tue Apr 02 2024,10:00p,Los Angeles Clippers,95,Sacramento Kings,109,Box Score,,Box Score,,"17,832",2:12
Wed Apr 03 2024,7:00p,Portland Trail Blazers,89,Charlotte Hornets,86,Box Score,,Box Score,,"14,209",2:06
Wed Apr 03 2024,7:00p,Los Angeles Lakers,125,Washington Wizards,120,Box Score,,Box Score,,"20,333",2:14
Wed Apr 03 2024,7:30p,Detroit Pistons,113,Atlanta Hawks,121,Box Score,,Box Score,,"17,899",2:07
Wed Apr 03 2024,7:30p,Oklahoma City Thunder,100,Boston Celtics,135,Box Score,,Box Score,,"19,156",2:14
Wed Apr 03 2024,7:30p,Indiana Pacers,111,Brooklyn Nets,115,Box Score,,Box Score,,"17,732",2:15
Wed Apr 03 2024,8:00p,Memphis Grizzlies,111,Milwaukee Bucks,101,Box Score,,Box Score,,"17,420",2:05
Wed Apr 03 2024,8:00p,Toronto Raptors,85,Minnesota Timberwolves,133,Box Score,,Box Score,,"18,024",2:00
Wed Apr 03 2024,8:00p,Orlando Magic,117,New Orleans Pelicans,108,Box Score,,Box Score,,"16,427",
Wed Apr 03 2024,10:00p,Cleveland Cavaliers,101,Phoenix Suns,122,Box Score,,Box Score,,"17,071",2:14
Thu Apr 04 2024,7:30p,Atlanta Hawks,95,Dallas Mavericks,109,Box Score,,Box Score,,"20,211",2:09
Thu Apr 04 2024,7:30p,Philadelphia 76ers,109,Miami Heat,105,Box Score,,Box Score,,"19,719",2:07
Thu Apr 04 2024,7:30p,Sacramento Kings,109,New York Knicks,120,Box Score,,Box Score,,"19,812",2:28
Thu Apr 04 2024,8:00p,Golden State Warriors,133,Houston Rockets,110,Box Score,,Box Score,,"18,055",2:13
Thu Apr 04 2024,10:00p,Denver Nuggets,100,Los Angeles Clippers,102,Box Score,,Box Score,,"19,370",2:33
Fri Apr 05 2024,7:00p,Orlando Magic,115,Charlotte Hornets,124,Box Score,,Box Score,,"16,374",2:13
Fri Apr 05 2024,7:00p,Oklahoma City Thunder,112,Indiana Pacers,126,Box Score,,Box Score,,"17,274",2:12
Fri Apr 05 2024,7:00p,Portland Trail Blazers,108,Washington Wizards,102,Box Score,,Box Score,,"18,079",2:16
Fri Apr 05 2024,7:30p,Sacramento Kings,100,Boston Celtics,101,Box Score,,Box Score,,"19,156",2:03
Fri Apr 05 2024,8:00p,New York Knicks,100,Chicago Bulls,108,Box Score,,Box Score,,"21,599",2:17
Fri Apr 05 2024,8:00p,Miami Heat,119,Houston Rockets,104,Box Score,,Box Score,,"18,055",2:03
Fri Apr 05 2024,8:00p,Detroit Pistons,90,Memphis Grizzlies,108,Box Score,,Box Score,,"16,745",2:01
Fri Apr 05 2024,8:00p,Toronto Raptors,117,Milwaukee Bucks,111,Box Score,,Box Score,,"17,750",2:21
Fri Apr 05 2024,8:00p,San Antonio Spurs,111,New Orleans Pelicans,109,Box Score,,Box Score,,"17,422",2:01
Fri Apr 05 2024,8:30p,Golden State Warriors,106,Dallas Mavericks,108,Box Score,,Box Score,,"20,425",2:21
Fri Apr 05 2024,10:00p,Minnesota Timberwolves,87,Phoenix Suns,97,Box Score,,Box Score,,"17,071",2:08
Fri Apr 05 2024,10:30p,Utah Jazz,102,Los Angeles Clippers,131,Box Score,,Box Score,,"19,370",2:04
Sat Apr 06 2024,3:30p,Cleveland Cavaliers,97,Los Angeles Lakers,116,Box Score,,Box Score,,"18,997",2:04
Sat Apr 06 2024,7:00p,Detroit Pistons,103,Brooklyn Nets,113,Box Score,,Box Score,,"17,732",2:07
Sat Apr 06 2024,8:00p,Philadelphia 76ers,116,Memphis Grizzlies,96,Box Score,,Box Score,,"17,794",2:15
Sat Apr 06 2024,9:00p,Atlanta Hawks,110,Denver Nuggets,142,Box Score,,Box Score,,"19,639",2:10
Sun Apr 07 2024,3:30p,Houston Rockets,136,Dallas Mavericks,147,Box Score,,Box Score,OT,"20,317",2:48
Sun Apr 07 2024,3:30p,Cleveland Cavaliers,118,Los Angeles Clippers,120,Box Score,,Box Score,,"19,370",2:19
Sun Apr 07 2024,5:00p,Miami Heat,115,Indiana Pacers,117,Box Score,,Box Score,,"17,274",2:28
Sun Apr 07 2024,6:00p,Portland Trail Blazers,107,Boston Celtics,124,Box Score,,Box Score,,"19,156",1:51
Sun Apr 07 2024,6:00p,Oklahoma City Thunder,121,Charlotte Hornets,118,Box Score,,Box Score,,"16,556",2:12
Sun Apr 07 2024,6:00p,Chicago Bulls,98,Orlando Magic,113,Box Score,,Box Score,,"19,276",2:11
Sun Apr 07 2024,6:00p,New Orleans Pelicans,113,Phoenix Suns,105,Box Score,,Box Score,,"17,071",2:13
Sun Apr 07 2024,6:00p,Washington Wizards,122,Toronto Raptors,130,Box Score,,Box Score,,"19,502",2:23
Sun Apr 07 2024,7:00p,New York Knicks,122,Milwaukee Bucks,109,Box Score,,Box Score,,"17,536",2:15
Sun Apr 07 2024,7:00p,Philadelphia 76ers,133,San Antonio Spurs,126,Box Score,,Box Score,2OT,"18,046",2:52
Sun Apr 07 2024,7:30p,Sacramento Kings,107,Brooklyn Nets,77,Box Score,,Box Score,,"17,732",2:06
Sun Apr 07 2024,8:30p,Utah Jazz,110,Golden State Warriors,118,Box Score,,Box Score,,"18,064",2:07
Sun Apr 07 2024,10:00p,Minnesota Timberwolves,127,Los Angeles Lakers,117,Box Score,,Box Score,,"18,997",2:05
Tue Apr 09 2024,7:00p,Dallas Mavericks,130,Charlotte Hornets,104,Box Score,,Box Score,,"17,425",2:01
Tue Apr 09 2024,7:00p,Detroit Pistons,102,Philadelphia 76ers,120,Box Score,,Box Score,,"19,796",2:15
Tue Apr 09 2024,7:00p,Indiana Pacers,140,Toronto Raptors,123,Box Score,,Box Score,,"19,325",2:17
Tue Apr 09 2024,7:30p,Miami Heat,117,Atlanta Hawks,111,Box Score,,Box Score,2OT,"17,049",2:35
Tue Apr 09 2024,7:30p,Boston Celtics,91,Milwaukee Bucks,104,Box Score,,Box Score,,"17,493",1:57
Tue Apr 09 2024,8:00p,New York Knicks,128,Chicago Bulls,117,Box Score,,Box Score,,"21,648",2:12
Tue Apr 09 2024,8:00p,Orlando Magic,106,Houston Rockets,118,Box Score,,Box Score,,"18,055",2:11
Tue Apr 09 2024,8:00p,San Antonio Spurs,102,Memphis Grizzlies,87,Box Score,,Box Score,,"16,108",1:55
Tue Apr 09 2024,8:00p,Washington Wizards,121,Minnesota Timberwolves,130,Box Score,,Box Score,,"18,024",2:12
Tue Apr 09 2024,8:00p,Sacramento Kings,105,Oklahoma City Thunder,112,Box Score,,Box Score,,"17,509",2:17
Tue Apr 09 2024,9:00p,Denver Nuggets,111,Utah Jazz,95,Box Score,,Box Score,,"18,206",1:58
Tue Apr 09 2024,10:00p,Golden State Warriors,134,Los Angeles Lakers,120,Box Score,,Box Score,,"18,997",2:15
Tue Apr 09 2024,10:00p,Los Angeles Clippers,105,Phoenix Suns,92,Box Score,,Box Score,,"17,071",2:11
Tue Apr 09 2024,10:00p,New Orleans Pelicans,110,Portland Trail Blazers,100,Box Score,,Box Score,,"18,341",2:01
Wed Apr 10 2024,7:00p,Memphis Grizzlies,98,Cleveland Cavaliers,110,Box Score,,Box Score,,"19,432",2:10
Wed Apr 10 2024,7:30p,Charlotte Hornets,115,Atlanta Hawks,114,Box Score,,Box Score,,"16,158",2:09
Wed Apr 10 2024,7:30p,Toronto Raptors,102,Brooklyn Nets,106,Box Score,,Box Score,,"17,732",2:20
Wed Apr 10 2024,7:30p,Dallas Mavericks,111,Miami Heat,92,Box Score,,Box Score,,"19,660",2:10
Wed Apr 10 2024,8:00p,Orlando Magic,99,Milwaukee Bucks,117,Box Score,,Box Score,,"17,563",2:12
Wed Apr 10 2024,8:00p,San Antonio Spurs,89,Oklahoma City Thunder,127,Box Score,,Box Score,,"17,229",1:57
Wed Apr 10 2024,10:00p,Minnesota Timberwolves,107,Denver Nuggets,116,Box Score,,Box Score,,"19,845",2:21
Wed Apr 10 2024,10:30p,Phoenix Suns,124,Los Angeles Clippers,108,Box Score,,Box Score,,"19,370",2:02
Thu Apr 11 2024,7:00p,Chicago Bulls,127,Detroit Pistons,105,Box Score,,Box Score,,"20,013",2:03
Thu Apr 11 2024,7:30p,New York Knicks,118,Boston Celtics,109,Box Score,,Box Score,,"19,156",2:04
Thu Apr 11 2024,9:00p,Houston Rockets,121,Utah Jazz,124,Box Score,,Box Score,,"18,206",2:18
Thu Apr 11 2024,10:00p,Golden State Warriors,100,Portland Trail Blazers,92,Box Score,,Box Score,,"19,335",2:04
Thu Apr 11 2024,10:00p,New Orleans Pelicans,135,Sacramento Kings,123,Box Score,,Box Score,,"17,832",2:17
Fri Apr 12 2024,7:00p,Orlando Magic,113,Philadelphia 76ers,125,Box Score,,Box Score,,"20,149",2:21
Fri Apr 12 2024,7:00p,Chicago Bulls,129,Washington Wizards,127,Box Score,,Box Score,,"20,333",2:20
Fri Apr 12 2024,7:30p,Charlotte Hornets,98,Boston Celtics,131,Box Score,,Box Score,,"19,156",1:56
Fri Apr 12 2024,7:30p,Indiana Pacers,120,Cleveland Cavaliers,129,Box Score,,Box Score,,"19,432",2:11
Fri Apr 12 2024,7:30p,Brooklyn Nets,107,New York Knicks,111,Box Score,,Box Score,,"19,812",2:15
Fri Apr 12 2024,8:00p,Los Angeles Lakers,123,Memphis Grizzlies,120,Box Score,,Box Score,,"17,794",2:20
Fri Apr 12 2024,8:00p,Toronto Raptors,103,Miami Heat,125,Box Score,,Box Score,,"19,600",2:07
Fri Apr 12 2024,8:00p,Atlanta Hawks,106,Minnesota Timberwolves,109,Box Score,,Box Score,,"18,024",2:22
Fri Apr 12 2024,8:00p,Milwaukee Bucks,107,Oklahoma City Thunder,125,Box Score,,Box Score,,"18,203",2:06
Fri Apr 12 2024,8:00p,Denver Nuggets,120,San Antonio Spurs,121,Box Score,,Box Score,,"18,665",2:07
Fri Apr 12 2024,8:30p,Detroit Pistons,107,Dallas Mavericks,89,Box Score,,Box Score,,"20,274",1:55
Fri Apr 12 2024,10:00p,New Orleans Pelicans,114,Golden State Warriors,109,Box Score,,Box Score,,"18,064",2:13
Fri Apr 12 2024,10:00p,Houston Rockets,116,Portland Trail Blazers,107,Box Score,,Box Score,,"18,630",2:07
Fri Apr 12 2024,10:30p,Utah Jazz,110,Los Angeles Clippers,109,Box Score,,Box Score,,"19,370",2:07
Fri Apr 12 2024,10:30p,Phoenix Suns,108,Sacramento Kings,107,Box Score,,Box Score,,"17,832",2:16
Sun Apr 14 2024,1:00p,Washington Wizards,122,Boston Celtics,132,Box Score,,Box Score,,"19,156",2:01
Sun Apr 14 2024,1:00p,Charlotte Hornets,120,Cleveland Cavaliers,110,Box Score,,Box Score,,"19,432",1:48
Sun Apr 14 2024,1:00p,Atlanta Hawks,115,Indiana Pacers,157,Box Score,,Box Score,,"17,274",2:04
Sun Apr 14 2024,1:00p,Toronto Raptors,103,Miami Heat,118,Box Score,,Box Score,,"19,600",2:06
Sun Apr 14 2024,1:00p,Chicago Bulls,119,New York Knicks,120,Box Score,,Box Score,OT,"19,812",2:35
Sun Apr 14 2024,1:00p,Milwaukee Bucks,88,Orlando Magic,113,Box Score,,Box Score,,"18,846",2:08
Sun Apr 14 2024,1:00p,Brooklyn Nets,86,Philadelphia 76ers,107,Box Score,,Box Score,,"20,246",2:01
Sun Apr 14 2024,3:30p,Utah Jazz,116,Golden State Warriors,123,Box Score,,Box Score,,"18,064",2:04
Sun Apr 14 2024,3:30p,Houston Rockets,116,Los Angeles Clippers,105,Box Score,,Box Score,,"19,370",1:55
Sun Apr 14 2024,3:30p,Denver Nuggets,126,Memphis Grizzlies,111,Box Score,,Box Score,,"17,544",2:09
Sun Apr 14 2024,3:30p,Phoenix Suns,125,Minnesota Timberwolves,106,Box Score,,Box Score,,"18,024",2:11
Sun Apr 14 2024,3:30p,Los Angeles Lakers,124,New Orleans Pelicans,108,Box Score,,Box Score,,"18,633",2:16
Sun Apr 14 2024,3:30p,Dallas Mavericks,86,Oklahoma City Thunder,135,Box Score,,Box Score,,"18,203",1:56
Sun Apr 14 2024,3:30p,Portland Trail Blazers,82,Sacramento Kings,121,Box Score,,Box Score,,"18,037",2:06
Sun Apr 14 2024,3:30p,Detroit Pistons,95,San Antonio Spurs,123,Box Score,,Box Score,,"18,516",1:54
Tue Apr 16 2024,7:30p,Los Angeles Lakers,110,New Orleans Pelicans,106,Box Score,,Box Score,,"18,591",2:33
Tue Apr 16 2024,10:00p,Golden State Warriors,94,Sacramento Kings,118,Box Score,,Box Score,,"18,304",2:21
Wed Apr 17 2024,7:00p,Miami Heat,104,Philadelphia 76ers,105,Box Score,,Box Score,,"19,788",2:29
Wed Apr 17 2024,9:30p,Atlanta Hawks,116,Chicago Bulls,131,Box Score,,Box Score,,"21,627",2:16
Fri Apr 19 2024,7:00p,Chicago Bulls,91,Miami Heat,112,Box Score,,Box Score,,"19,600",2:09
Fri Apr 19 2024,9:30p,Sacramento Kings,98,New Orleans Pelicans,105,Box Score,,Box Score,,"18,656",2:22
Sat Apr 20 2024,1:00p,Orlando Magic,83,Cleveland Cavaliers,97,Box Score,,Box Score,,"19,432",2:32
Sat Apr 20 2024,3:30p,Phoenix Suns,95,Minnesota Timberwolves,120,Box Score,,Box Score,,"19,478",2:35
Sat Apr 20 2024,6:00p,Philadelphia 76ers,104,New York Knicks,111,Box Score,,Box Score,,"19,812",2:30
Sat Apr 20 2024,8:30p,Los Angeles Lakers,103,Denver Nuggets,114,Box Score,,Box Score,,"19,731",2:11
Sun Apr 21 2024,1:00p,Miami Heat,94,Boston Celtics,114,Box Score,,Box Score,,"19,156",2:09
Sun Apr 21 2024,3:30p,Dallas Mavericks,97,Los Angeles Clippers,109,Box Score,,Box Score,,"19,370",2:22
Sun Apr 21 2024,7:00p,Indiana Pacers,94,Milwaukee Bucks,109,Box Score,,Box Score,,"17,341",2:17
Sun Apr 21 2024,9:30p,New Orleans Pelicans,92,Oklahoma City Thunder,94,Box Score,,Box Score,,"18,203",2:21
Mon Apr 22 2024,7:00p,Orlando Magic,86,Cleveland Cavaliers,96,Box Score,,Box Score,,"19,432",2:31
Mon Apr 22 2024,7:30p,Philadelphia 76ers,101,New York Knicks,104,Box Score,,Box Score,,"19,812",2:35
Mon Apr 22 2024,10:00p,Los Angeles Lakers,99,Denver Nuggets,101,Box Score,,Box Score,,"19,711",2:19
Tue Apr 23 2024,7:30p,Phoenix Suns,93,Minnesota Timberwolves,105,Box Score,,Box Score,,"19,310",2:32
Tue Apr 23 2024,8:30p,Indiana Pacers,125,Milwaukee Bucks,108,Box Score,,Box Score,,"17,683",2:21
Tue Apr 23 2024,10:00p,Dallas Mavericks,96,Los Angeles Clippers,93,Box Score,,Box Score,,"19,370",2:35
Wed Apr 24 2024,7:00p,Miami Heat,111,Boston Celtics,101,Box Score,,Box Score,,"19,156",2:19
Wed Apr 24 2024,9:30p,New Orleans Pelicans,92,Oklahoma City Thunder,124,Box Score,,Box Score,,"18,203",2:18
Thu Apr 25 2024,7:00p,Cleveland Cavaliers,83,Orlando Magic,121,Box Score,,Box Score,,"18,846",2:10
Thu Apr 25 2024,7:30p,New York Knicks,114,Philadelphia 76ers,125,Box Score,,Box Score,,"21,116",2:36
Thu Apr 25 2024,10:00p,Denver Nuggets,112,Los Angeles Lakers,105,Box Score,,Box Score,,"18,997",2:18
Fri Apr 26 2024,5:30p,Milwaukee Bucks,118,Indiana Pacers,121,Box Score,,Box Score,OT,"17,274",2:50
Fri Apr 26 2024,8:00p,Los Angeles Clippers,90,Dallas Mavericks,101,Box Score,,Box Score,,"20,402",2:28
Fri Apr 26 2024,10:30p,Minnesota Timberwolves,126,Phoenix Suns,109,Box Score,,Box Score,,"17,071",2:34
Sat Apr 27 2024,1:00p,Cleveland Cavaliers,89,Orlando Magic,112,Box Score,,Box Score,,"18,933",2:20
Sat Apr 27 2024,3:30p,Oklahoma City Thunder,106,New Orleans Pelicans,85,Box Score,,Box Score,,"18,659",2:17
Sat Apr 27 2024,6:00p,Boston Celtics,104,Miami Heat,84,Box Score,,Box Score,,"20,092",2:11
Sat Apr 27 2024,8:30p,Denver Nuggets,108,Los Angeles Lakers,119,Box Score,,Box Score,,"18,997",2:19
Sun Apr 28 2024,1:00p,New York Knicks,97,Philadelphia 76ers,92,Box Score,,Box Score,,"21,048",2:41
Sun Apr 28 2024,3:30p,Los Angeles Clippers,116,Dallas Mavericks,111,Box Score,,Box Score,,"20,411",2:36
Sun Apr 28 2024,7:00p,Milwaukee Bucks,113,Indiana Pacers,126,Box Score,,Box Score,,"17,274",2:25
Sun Apr 28 2024,9:30p,Minnesota Timberwolves,122,Phoenix Suns,116,Box Score,,Box Score,,"17,071",2:48
Mon Apr 29 2024,7:30p,Boston Celtics,102,Miami Heat,88,Box Score,,Box Score,,"19,600",2:20
Mon Apr 29 2024,8:30p,Oklahoma City Thunder,97,New Orleans Pelicans,89,Box Score,,Box Score,,"18,487",2:24
Mon Apr 29 2024,10:00p,Los Angeles Lakers,106,Denver Nuggets,108,Box Score,,Box Score,,"19,861",2:19
Tue Apr 30 2024,7:00p,Philadelphia 76ers,112,New York Knicks,106,Box Score,,Box Score,OT,"19,812",2:49
Tue Apr 30 2024,8:00p,Orlando Magic,103,Cleveland Cavaliers,104,Box Score,,Box Score,,"19,432",2:31
Tue Apr 30 2024,9:30p,Indiana Pacers,92,Milwaukee Bucks,115,Box Score,,Box Score,,"17,341",2:25
Wed May 01 2024,7:30p,Miami Heat,84,Boston Celtics,118,Box Score,,Box Score,,"19,156",2:11
Wed May 01 2024,10:00p,Dallas Mavericks,123,Los Angeles Clippers,93,Box Score,,Box Score,,"19,370",2:16
Thu May 02 2024,6:30p,Milwaukee Bucks,98,Indiana Pacers,120,Box Score,,Box Score,,"17,274",2:27
Thu May 02 2024,9:00p,New York Knicks,118,Philadelphia 76ers,115,Box Score,,Box Score,,"21,093",2:37
Fri May 03 2024,7:00p,Cleveland Cavaliers,96,Orlando Magic,103,Box Score,,Box Score,,"19,193",2:28
Fri May 03 2024,9:30p,Los Angeles Clippers,101,Dallas Mavericks,114,Box Score,,Box Score,,"20,625",2:35
Sat May 04 2024,7:00p,Minnesota Timberwolves,106,Denver Nuggets,99,Box Score,,Box Score,,"19,915",2:18
Sun May 05 2024,1:00p,Orlando Magic,94,Cleveland Cavaliers,106,Box Score,,Box Score,,"19,432",2:37
Mon May 06 2024,7:30p,Indiana Pacers,117,New York Knicks,121,Box Score,,Box Score,,"19,812",2:30
Mon May 06 2024,10:00p,Minnesota Timberwolves,106,Denver Nuggets,80,Box Score,,Box Score,,"19,942",2:19
Tue May 07 2024,7:00p,Cleveland Cavaliers,95,Boston Celtics,120,Box Score,,Box Score,,"19,156",2:09
Tue May 07 2024,9:30p,Dallas Mavericks,95,Oklahoma City Thunder,117,Box Score,,Box Score,,"18,203",2:23
Wed May 08 2024,8:00p,Indiana Pacers,121,New York Knicks,130,Box Score,,Box Score,,"19,812",2:22
Thu May 09 2024,7:00p,Cleveland Cavaliers,118,Boston Celtics,94,Box Score,,Box Score,,"19,156",2:14
Thu May 09 2024,9:30p,Dallas Mavericks,119,Oklahoma City Thunder,110,Box Score,,Box Score,,"18,203",2:27
Fri May 10 2024,7:00p,New York Knicks,106,Indiana Pacers,111,Box Score,,Box Score,,"17,274",2:27
Fri May 10 2024,9:30p,Denver Nuggets,117,Minnesota Timberwolves,90,Box Score,,Box Score,,"19,733",2:30
Sat May 11 2024,3:30p,Oklahoma City Thunder,101,Dallas Mavericks,105,Box Score,,Box Score,,"20,325",2:25
Sat May 11 2024,8:30p,Boston Celtics,106,Cleveland Cavaliers,93,Box Score,,Box Score,,"19,432",2:11
Sun May 12 2024,3:30p,New York Knicks,89,Indiana Pacers,121,Box Score,,Box Score,,"17,274",2:15
Sun May 12 2024,8:00p,Denver Nuggets,115,Minnesota Timberwolves,107,Box Score,,Box Score,,"19,583",2:23
Mon May 13 2024,7:00p,Boston Celtics,109,Cleveland Cavaliers,102,Box Score,,Box Score,,"19,432",2:22
Mon May 13 2024,9:30p,Oklahoma City Thunder,100,Dallas Mavericks,96,Box Score,,Box Score,,"20,607",2:39
Tue May 14 2024,8:00p,Indiana Pacers,91,New York Knicks,121,Box Score,,Box Score,,"19,812",2:36
Tue May 14 2024,10:30p,Minnesota Timberwolves,97,Denver Nuggets,112,Box Score,,Box Score,,"19,992",2:22
Wed May 15 2024,7:00p,Cleveland Cavaliers,98,Boston Celtics,113,Box Score,,Box Score,,"19,156",2:14
Wed May 15 2024,9:30p,Dallas Mavericks,104,Oklahoma City Thunder,92,Box Score,,Box Score,,"18,203",2:12
Thu May 16 2024,8:30p,Denver Nuggets,70,Minnesota Timberwolves,115,Box Score,,Box Score,,"19,187",2:12
Fri May 17 2024,8:30p,New York Knicks,103,Indiana Pacers,116,Box Score,,Box Score,,"17,274",2:21
Sat May 18 2024,8:00p,Oklahoma City Thunder,116,Dallas Mavericks,117,Box Score,,Box Score,,"20,555",2:26
Sun May 19 2024,3:30p,Indiana Pacers,130,New York Knicks,109,Box Score,,Box Score,,"19,812",2:23
Sun May 19 2024,8:00p,Minnesota Timberwolves,98,Denver Nuggets,90,Box Score,,Box Score,,"20,022",2:25
Tue May 21 2024,8:00p,Indiana Pacers,128,Boston Celtics,133,Box Score,,Box Score,OT,"19,156",2:46
Wed May 22 2024,8:30p,Dallas Mavericks,108,Minnesota Timberwolves,105,Box Score,,Box Score,,"19,433",2:26
Thu May 23 2024,8:00p,Indiana Pacers,110,Boston Celtics,126,Box Score,,Box Score,,"19,156",2:21
Fri May 24 2024,8:30p,Dallas Mavericks,109,Minnesota Timberwolves,108,Box Score,,Box Score,,"19,636",2:29
Sat May 25 2024,8:30p,Boston Celtics,114,Indiana Pacers,111,Box Score,,Box Score,,"17,274",2:25
Sun May 26 2024,8:00p,Minnesota Timberwolves,107,Dallas Mavericks,116,Box Score,,Box Score,,"20,511",2:31
Mon May 27 2024,8:00p,Boston Celtics,105,Indiana Pacers,102,Box Score,,Box Score,,"17,274",2:22
Tue May 28 2024,8:30p,Minnesota Timberwolves,105,Dallas Mavericks,100,Box Score,,Box Score,,"20,477",2:35
Thu May 30 2024,8:30p,Dallas Mavericks,124,Minnesota Timberwolves,103,Box Score,,Box Score,,"19,333",2:21
Thu Jun 06 2024,8:30p,Dallas Mavericks,89,Boston Celtics,107,Box Score,,Box Score,,"19,156",2:12
Sun Jun 09 2024,8:00p,Dallas Mavericks,98,Boston Celtics,105,Box Score,,Box Score,,"19,156",2:18
Wed Jun 12 2024,8:30p,Boston Celtics,106,Dallas Mavericks,99,Box Score,,Box Score,,"20,311",2:21
Fri Jun 14 2024,8:30p,Boston Celtics,84,Dallas Mavericks,122,Box Score,,Box Score,,"20,277",2:22
Mon Jun 17 2024,8:30p,Dallas Mavericks,88,Boston Celtics,106,Box Score,,Box Score,,"19,156",2:21
Tue Oct 22 2024,7:30p,New York Knicks,109,Boston Celtics,132,Box Score,,Box Score,,"19,156",2:04
Tue Oct 22 2024,10:00p,Minnesota Timberwolves,103,Los Angeles Lakers,110,Box Score,,Box Score,,"18,997",2:26
Wed Oct 23 2024,7:00p,Indiana Pacers,115,Detroit Pistons,109,Box Score,,Box Score,,"20,062",2:23
Wed Oct 23 2024,7:30p,Brooklyn Nets,116,Atlanta Hawks,120,Box Score,,Box Score,,"17,548",2:33
Wed Oct 23 2024,7:30p,Orlando Magic,116,Miami Heat,97,Box Score,,Box Score,,"19,630",2:31
Wed Oct 23 2024,7:30p,Milwaukee Bucks,124,Philadelphia 76ers,109,Box Score,,Box Score,,"19,754",2:28
Wed Oct 23 2024,7:30p,Cleveland Cavaliers,136,Toronto Raptors,106,Box Score,,Box Score,,"19,800",2:18
Wed Oct 23 2024,8:00p,Charlotte Hornets,110,Houston Rockets,105,Box Score,,Box Score,,"18,055",2:20
Wed Oct 23 2024,8:00p,Chicago Bulls,111,New Orleans Pelicans,123,Box Score,,Box Score,,"18,581",2:11
Wed Oct 23 2024,9:00p,Memphis Grizzlies,126,Utah Jazz,124,Box Score,,Box Score,,"18,175",2:33
Wed Oct 23 2024,10:00p,Phoenix Suns,116,Los Angeles Clippers,113,Box Score,,Box Score,OT,"18,300",2:45
Wed Oct 23 2024,10:00p,Golden State Warriors,140,Portland Trail Blazers,104,Box Score,,Box Score,,"19,480",2:17
Thu Oct 24 2024,7:00p,Boston Celtics,122,Washington Wizards,102,Box Score,,Box Score,,"18,610",2:11
Thu Oct 24 2024,7:30p,San Antonio Spurs,109,Dallas Mavericks,120,Box Score,,Box Score,,"20,373",2:18
Thu Oct 24 2024,10:00p,Minnesota Timberwolves,117,Sacramento Kings,115,Box Score,,Box Score,,"18,049",2:22
Thu Oct 24 2024,10:00p,Oklahoma City Thunder,102,Denver Nuggets,87,Box Score,,Box Score,,"19,786",2:10
Fri Oct 25 2024,7:00p,Brooklyn Nets,101,Orlando Magic,116,Box Score,,Box Score,,"19,087",2:31
Fri Oct 25 2024,7:00p,Philadelphia 76ers,107,Toronto Raptors,115,Box Score,,Box Score,,"18,345",2:47
Fri Oct 25 2024,7:30p,Charlotte Hornets,120,Atlanta Hawks,125,Box Score,,Box Score,,"14,433",2:32
Fri Oct 25 2024,7:30p,Detroit Pistons,101,Cleveland Cavaliers,113,Box Score,,Box Score,,"19,432",2:10
Fri Oct 25 2024,7:30p,Indiana Pacers,98,New York Knicks,123,Box Score,,Box Score,,"19,812",2:21
Fri Oct 25 2024,8:00p,Memphis Grizzlies,108,Houston Rockets,128,Box Score,,Box Score,,"18,055",2:31
Fri Oct 25 2024,8:00p,Chicago Bulls,133,Milwaukee Bucks,122,Box Score,,Box Score,,"17,790",2:13
Fri Oct 25 2024,9:30p,Golden State Warriors,127,Utah Jazz,86,Box Score,,Box Score,,"18,175",2:07
Fri Oct 25 2024,10:00p,Phoenix Suns,116,Los Angeles Lakers,123,Box Score,,Box Score,,"18,997",2:17
Fri Oct 25 2024,10:00p,New Orleans Pelicans,105,Portland Trail Blazers,103,Box Score,,Box Score,,"16,190",2:23
Sat Oct 26 2024,5:00p,Los Angeles Clippers,109,Denver Nuggets,104,Box Score,,Box Score,,"19,691",2:23
Sat Oct 26 2024,7:00p,Cleveland Cavaliers,135,Washington Wizards,116,Box Score,,Box Score,,"15,156",2:23
Sat Oct 26 2024,7:00p,Boston Celtics,124,Detroit Pistons,118,Box Score,,Box Score,,"19,311",2:18
Sat Oct 26 2024,7:00p,Miami Heat,114,Charlotte Hornets,106,Box Score,,Box Score,,"19,102",2:23
Sat Oct 26 2024,8:00p,Orlando Magic,111,Memphis Grizzlies,124,Box Score,,Box Score,,"17,809",2:16
Sat Oct 26 2024,8:00p,Toronto Raptors,101,Minnesota Timberwolves,112,Box Score,,Box Score,,"18,978",2:12
Sat Oct 26 2024,8:00p,Oklahoma City Thunder,114,Chicago Bulls,95,Box Score,,Box Score,,"20,923",2:09
Sat Oct 26 2024,8:30p,Houston Rockets,106,San Antonio Spurs,109,Box Score,,Box Score,,"18,715",2:26
Sat Oct 26 2024,10:00p,Dallas Mavericks,102,Phoenix Suns,114,Box Score,,Box Score,,"17,071",2:22
Sat Oct 26 2024,10:30p,Sacramento Kings,127,Los Angeles Lakers,131,Box Score,,Box Score,,"18,997",2:18
Sun Oct 27 2024,3:30p,Philadelphia 76ers,118,Indiana Pacers,114,Box Score,,Box Score,OT,"17,274",2:52
Sun Oct 27 2024,6:00p,New Orleans Pelicans,103,Portland Trail Blazers,125,Box Score,,Box Score,,"16,138",2:09
Sun Oct 27 2024,6:00p,Milwaukee Bucks,102,Brooklyn Nets,115,Box Score,,Box Score,,"17,926",2:19
Sun Oct 27 2024,7:00p,Atlanta Hawks,104,Oklahoma City Thunder,128,Box Score,,Box Score,,"18,203",2:23
Sun Oct 27 2024,8:30p,Los Angeles Clippers,112,Golden State Warriors,104,Box Score,,Box Score,,"18,064",2:22
Mon Oct 28 2024,7:00p,Indiana Pacers,115,Orlando Magic,119,Box Score,,Box Score,,"18,846",2:31
Mon Oct 28 2024,7:30p,Washington Wizards,121,Atlanta Hawks,119,Box Score,,Box Score,,"14,566",2:26
Mon Oct 28 2024,7:30p,Milwaukee Bucks,108,Boston Celtics,119,Box Score,,Box Score,,"19,156",2:18
Mon Oct 28 2024,7:30p,Denver Nuggets,127,Toronto Raptors,125,Box Score,,Box Score,OT,"19,082",2:35
Mon Oct 28 2024,7:30p,Detroit Pistons,98,Miami Heat,106,Box Score,,Box Score,,"19,626",2:18
Mon Oct 28 2024,7:30p,Cleveland Cavaliers,110,New York Knicks,104,Box Score,,Box Score,,"19,812",2:23
Mon Oct 28 2024,8:00p,Houston Rockets,106,San Antonio Spurs,101,Box Score,,Box Score,,"17,519",2:23
Mon Oct 28 2024,8:00p,Chicago Bulls,126,Memphis Grizzlies,123,Box Score,,Box Score,,"15,906",2:09
Mon Oct 28 2024,8:30p,Utah Jazz,102,Dallas Mavericks,110,Box Score,,Box Score,,"19,811",2:16
Mon Oct 28 2024,10:00p,Portland Trail Blazers,98,Sacramento Kings,111,Box Score,,Box Score,,"16,426",2:26
Mon Oct 28 2024,10:00p,Los Angeles Lakers,105,Phoenix Suns,109,Box Score,,Box Score,,"17,071",2:17
Tue Oct 29 2024,7:30p,Denver Nuggets,144,Brooklyn Nets,139,Box Score,,Box Score,OT,"17,926",2:46
Tue Oct 29 2024,7:30p,Dallas Mavericks,120,Minnesota Timberwolves,114,Box Score,,Box Score,,"18,978",2:24
Tue Oct 29 2024,9:00p,Sacramento Kings,113,Utah Jazz,96,Box Score,,Box Score,,"18,175",1:59
Tue Oct 29 2024,10:00p,New Orleans Pelicans,106,Golden State Warriors,124,Box Score,,Box Score,,"18,064",2:20
Wed Oct 30 2024,7:00p,Detroit Pistons,105,Philadelphia 76ers,95,Box Score,,Box Score,,"19,759",2:15
Wed Oct 30 2024,7:00p,Atlanta Hawks,120,Washington Wizards,133,Box Score,,Box Score,,"14,255",2:25
Wed Oct 30 2024,7:00p,Boston Celtics,132,Indiana Pacers,135,Box Score,,Box Score,OT,"17,274",2:37
Wed Oct 30 2024,7:00p,Los Angeles Lakers,110,Cleveland Cavaliers,134,Box Score,,Box Score,,"19,432",2:07
Wed Oct 30 2024,7:00p,Toronto Raptors,133,Charlotte Hornets,138,Box Score,,Box Score,,"13,113",2:18
Wed Oct 30 2024,7:30p,New York Knicks,116,Miami Heat,107,Box Score,,Box Score,,"19,620",2:10
Wed Oct 30 2024,8:00p,Orlando Magic,99,Chicago Bulls,102,Box Score,,Box Score,,"19,015",2:19
Wed Oct 30 2024,8:00p,Brooklyn Nets,119,Memphis Grizzlies,106,Box Score,,Box Score,,"14,745",2:26
Wed Oct 30 2024,9:30p,San Antonio Spurs,93,Oklahoma City Thunder,105,Box Score,,Box Score,,"17,136",2:01
Wed Oct 30 2024,10:00p,New Orleans Pelicans,89,Golden State Warriors,104,Box Score,,Box Score,,"18,064",2:19
Wed Oct 30 2024,10:30p,Portland Trail Blazers,106,Los Angeles Clippers,105,Box Score,,Box Score,,"16,727",2:11
Thu Oct 31 2024,8:00p,Milwaukee Bucks,99,Memphis Grizzlies,122,Box Score,,Box Score,,"15,377",2:12
Thu Oct 31 2024,8:30p,Houston Rockets,108,Dallas Mavericks,102,Box Score,,Box Score,,"20,011",2:21
Thu Oct 31 2024,9:00p,San Antonio Spurs,106,Utah Jazz,88,Box Score,,Box Score,,"18,175",2:10
Thu Oct 31 2024,10:30p,Phoenix Suns,125,Los Angeles Clippers,119,Box Score,,Box Score,,"16,827",2:15
Fri Nov 01 2024,7:00p,Boston Celtics,124,Charlotte Hornets,109,Box Score,,Box Score,,"18,557",2:17
Fri Nov 01 2024,7:00p,Orlando Magic,109,Cleveland Cavaliers,120,Box Score,,Box Score,,"19,432",2:20
Fri Nov 01 2024,7:00p,New York Knicks,128,Detroit Pistons,98,Box Score,,Box Score,,"17,022",1:55
Fri Nov 01 2024,7:30p,Sacramento Kings,123,Atlanta Hawks,115,Box Score,,Box Score,,"15,156",2:16
Fri Nov 01 2024,7:30p,Chicago Bulls,112,Brooklyn Nets,120,Box Score,,Box Score,,"17,977",2:07
Fri Nov 01 2024,7:30p,Los Angeles Lakers,131,Toronto Raptors,125,Box Score,,Box Score,,"19,800",2:25
Fri Nov 01 2024,8:00p,Indiana Pacers,118,New Orleans Pelicans,125,Box Score,,Box Score,,"15,133",2:10
Fri Nov 01 2024,9:30p,Denver Nuggets,116,Minnesota Timberwolves,119,Box Score,,Box Score,,"18,978",2:25
Fri Nov 01 2024,10:00p,Oklahoma City Thunder,137,Portland Trail Blazers,114,Box Score,,Box Score,,"17,815",2:11
Sat Nov 02 2024,6:00p,Boston Celtics,113,Charlotte Hornets,103,Box Score,,Box Score,,"19,253",2:09
Sat Nov 02 2024,7:30p,Memphis Grizzlies,124,Philadelphia 76ers,107,Box Score,,Box Score,,"20,066",2:12
Sat Nov 02 2024,7:30p,Sacramento Kings,128,Toronto Raptors,131,Box Score,,Box Score,OT,"19,815",2:58
Sat Nov 02 2024,8:00p,Golden State Warriors,127,Houston Rockets,121,Box Score,,Box Score,OT,"18,055",2:43
Sat Nov 02 2024,8:00p,Cleveland Cavaliers,114,Milwaukee Bucks,113,Box Score,,Box Score,,"17,341",2:15
Sat Nov 02 2024,8:00p,Minnesota Timberwolves,103,San Antonio Spurs,113,Box Score,,Box Score,,"18,257",2:12
Sat Nov 02 2024,9:30p,Miami Heat,118,Washington Wizards,98,Box Score,,Box Score,,"20,328",2:16
Sat Nov 02 2024,10:00p,Utah Jazz,103,Denver Nuggets,129,Box Score,,Box Score,,"19,702",2:28
Sat Nov 02 2024,10:00p,Portland Trail Blazers,97,Phoenix Suns,103,Box Score,,Box Score,,"17,071",2:08
Sat Nov 02 2024,10:30p,Oklahoma City Thunder,105,Los Angeles Clippers,92,Box Score,,Box Score,,"16,827",2:11
Sun Nov 03 2024,3:30p,Detroit Pistons,106,Brooklyn Nets,92,Box Score,,Box Score,,"17,086",2:22
Sun Nov 03 2024,7:00p,Atlanta Hawks,126,New Orleans Pelicans,111,Box Score,,Box Score,,"15,505",2:07
Sun Nov 03 2024,7:30p,Orlando Magic,85,Dallas Mavericks,108,Box Score,,Box Score,,"19,977",2:19
Mon Nov 04 2024,7:00p,Milwaukee Bucks,114,Cleveland Cavaliers,116,Box Score,,Box Score,,"19,432",2:02
Mon Nov 04 2024,7:15p,Golden State Warriors,125,Washington Wizards,112,Box Score,,Box Score,,"15,674",2:20
Mon Nov 04 2024,7:30p,Los Angeles Lakers,103,Detroit Pistons,115,Box Score,,Box Score,,"20,062",2:15
Mon Nov 04 2024,7:45p,Boston Celtics,123,Atlanta Hawks,93,Box Score,,Box Score,,"15,031",1:56
Mon Nov 04 2024,8:00p,Memphis Grizzlies,104,Brooklyn Nets,106,Box Score,,Box Score,,"18,088",2:14
Mon Nov 04 2024,8:15p,Sacramento Kings,111,Miami Heat,110,Box Score,,Box Score,,"19,604",2:20
Mon Nov 04 2024,8:30p,Utah Jazz,135,Chicago Bulls,126,Box Score,,Box Score,,"19,621",2:22
Mon Nov 04 2024,8:45p,New York Knicks,97,Houston Rockets,109,Box Score,,Box Score,,"16,417",2:08
Mon Nov 04 2024,9:00p,Charlotte Hornets,93,Minnesota Timberwolves,114,Box Score,,Box Score,,"18,978",2:15
Mon Nov 04 2024,9:15p,Orlando Magic,86,Oklahoma City Thunder,102,Box Score,,Box Score,,"17,044",2:15
Mon Nov 04 2024,9:30p,Portland Trail Blazers,118,New Orleans Pelicans,100,Box Score,,Box Score,,"14,932",2:07
Mon Nov 04 2024,9:45p,Indiana Pacers,134,Dallas Mavericks,127,Box Score,,Box Score,,"19,613",2:12
Mon Nov 04 2024,10:00p,Toronto Raptors,119,Denver Nuggets,121,Box Score,,Box Score,,"19,525",2:19
Mon Nov 04 2024,10:15p,Philadelphia 76ers,116,Phoenix Suns,118,Box Score,,Box Score,,"17,071",2:18
Mon Nov 04 2024,10:30p,San Antonio Spurs,104,Los Angeles Clippers,113,Box Score,,Box Score,,"15,927",2:05
Wed Nov 06 2024,7:00p,Detroit Pistons,107,Charlotte Hornets,108,Box Score,,Box Score,,"13,247",2:11
Wed Nov 06 2024,7:00p,Orlando Magic,111,Indiana Pacers,118,Box Score,,Box Score,,"16,218",2:20
Wed Nov 06 2024,7:30p,New York Knicks,116,Atlanta Hawks,121,Box Score,,Box Score,,"16,072",2:16
Wed Nov 06 2024,7:30p,Golden State Warriors,118,Boston Celtics,112,Box Score,,Box Score,,"19,156",2:21
Wed Nov 06 2024,8:00p,San Antonio Spurs,100,Houston Rockets,127,Box Score,,Box Score,,"16,208",1:59
Wed Nov 06 2024,8:00p,Los Angeles Lakers,114,Memphis Grizzlies,131,Box Score,,Box Score,,"17,794",2:11
Wed Nov 06 2024,8:00p,Cleveland Cavaliers,131,New Orleans Pelicans,122,Box Score,,Box Score,,"15,694",2:11
Wed Nov 06 2024,8:30p,Chicago Bulls,99,Dallas Mavericks,119,Box Score,,Box Score,,"20,011",2:09
Wed Nov 06 2024,9:00p,Oklahoma City Thunder,122,Denver Nuggets,124,Box Score,,Box Score,,"19,522",2:19
Wed Nov 06 2024,9:00p,Miami Heat,112,Phoenix Suns,115,Box Score,,Box Score,,"17,071",2:20
Wed Nov 06 2024,10:00p,Philadelphia 76ers,98,Los Angeles Clippers,110,Box Score,,Box Score,,"15,627",2:21
Wed Nov 06 2024,10:00p,Toronto Raptors,107,Sacramento Kings,122,Box Score,,Box Score,,"16,026",2:11
Thu Nov 07 2024,8:00p,Minnesota Timberwolves,135,Chicago Bulls,119,Box Score,,Box Score,,"19,621",2:03
Thu Nov 07 2024,8:00p,Utah Jazz,100,Milwaukee Bucks,123,Box Score,,Box Score,,"17,341",2:14
Thu Nov 07 2024,8:00p,Portland Trail Blazers,105,San Antonio Spurs,118,Box Score,,Box Score,,"17,120",2:09
Fri Nov 08 2024,7:00p,Indiana Pacers,83,Charlotte Hornets,103,Box Score,,Box Score,,"17,024",2:13
Fri Nov 08 2024,7:00p,Atlanta Hawks,121,Detroit Pistons,122,Box Score,,Box Score,,"17,913",2:19
Fri Nov 08 2024,7:00p,New Orleans Pelicans,88,Orlando Magic,115,Box Score,,Box Score,,"18,565",2:07
Fri Nov 08 2024,7:30p,Brooklyn Nets,104,Boston Celtics,108,Box Score,,Box Score,OT,"19,156",2:26
Fri Nov 08 2024,7:30p,Golden State Warriors,117,Cleveland Cavaliers,136,Box Score,,Box Score,,"19,432",2:10
Fri Nov 08 2024,7:30p,Phoenix Suns,114,Dallas Mavericks,113,Box Score,,Box Score,,"20,277",2:21
Fri Nov 08 2024,7:30p,Milwaukee Bucks,94,New York Knicks,116,Box Score,,Box Score,,"19,812",2:07
Fri Nov 08 2024,8:00p,Washington Wizards,104,Memphis Grizzlies,128,Box Score,,Box Score,,"16,216",2:23
Fri Nov 08 2024,8:00p,Houston Rockets,107,Oklahoma City Thunder,126,Box Score,,Box Score,,"18,203",2:14
Fri Nov 08 2024,9:00p,Miami Heat,122,Denver Nuggets,135,Box Score,,Box Score,,"19,621",2:11
Fri Nov 08 2024,9:00p,Portland Trail Blazers,102,Minnesota Timberwolves,127,Box Score,,Box Score,,"18,978",2:08
Fri Nov 08 2024,10:00p,Philadelphia 76ers,106,Los Angeles Lakers,116,Box Score,,Box Score,,"18,485",2:15
Fri Nov 08 2024,10:00p,Los Angeles Clippers,107,Sacramento Kings,98,Box Score,,Box Score,,"17,832",2:26
Sat Nov 09 2024,5:00p,Utah Jazz,111,San Antonio Spurs,110,Box Score,,Box Score,,"18,354",2:22
Sat Nov 09 2024,7:30p,Chicago Bulls,125,Atlanta Hawks,113,Box Score,,Box Score,,"17,826",2:17
Sat Nov 09 2024,7:30p,Brooklyn Nets,100,Cleveland Cavaliers,105,Box Score,,Box Score,,"19,432",2:17
Sat Nov 09 2024,10:30p,Toronto Raptors,103,Los Angeles Clippers,105,Box Score,,Box Score,,"17,927",2:23
Sun Nov 10 2024,3:00p,Houston Rockets,101,Detroit Pistons,99,Box Score,,Box Score,,"18,744",2:21
Sun Nov 10 2024,3:30p,Boston Celtics,113,Milwaukee Bucks,107,Box Score,,Box Score,,"17,341",2:16
Sun Nov 10 2024,5:00p,New York Knicks,121,Indiana Pacers,132,Box Score,,Box Score,,"17,274",2:22
Sun Nov 10 2024,6:00p,Washington Wizards,94,Orlando Magic,121,Box Score,,Box Score,,"18,352",2:20
Sun Nov 10 2024,7:00p,Miami Heat,95,Minnesota Timberwolves,94,Box Score,,Box Score,,"18,978",2:28
Sun Nov 10 2024,7:00p,Golden State Warriors,127,Oklahoma City Thunder,116,Box Score,,Box Score,,"18,203",2:20
Sun Nov 10 2024,7:00p,Charlotte Hornets,105,Philadelphia 76ers,107,Box Score,,Box Score,OT,"19,764",2:47
Sun Nov 10 2024,8:00p,Dallas Mavericks,120,Denver Nuggets,122,Box Score,,Box Score,,"19,908",2:11
Sun Nov 10 2024,8:00p,Sacramento Kings,127,Phoenix Suns,118,Box Score,,Box Score,OT,"17,071",2:31
Sun Nov 10 2024,9:00p,Memphis Grizzlies,134,Portland Trail Blazers,89,Box Score,,Box Score,,"18,477",2:05
Sun Nov 10 2024,9:30p,Toronto Raptors,103,Los Angeles Lakers,123,Box Score,,Box Score,,"18,997",2:25
Mon Nov 11 2024,8:00p,Cleveland Cavaliers,119,Chicago Bulls,113,Box Score,,Box Score,,"20,560",2:06
Mon Nov 11 2024,8:00p,Washington Wizards,92,Houston Rockets,107,Box Score,,Box Score,,"15,998",2:16
Mon Nov 11 2024,8:00p,Brooklyn Nets,107,New Orleans Pelicans,105,Box Score,,Box Score,,"16,895",2:18
Mon Nov 11 2024,8:00p,Los Angeles Clippers,128,Oklahoma City Thunder,134,Box Score,,Box Score,,"17,430",2:25
Mon Nov 11 2024,8:00p,Sacramento Kings,96,San Antonio Spurs,116,Box Score,,Box Score,,"17,163",2:03
Tue Nov 12 2024,7:00p,Atlanta Hawks,117,Boston Celtics,116,Box Score,,Box Score,,"19,156",2:13
Tue Nov 12 2024,7:00p,Miami Heat,121,Detroit Pistons,123,Box Score,,Box Score,OT,"17,806",2:36
Tue Nov 12 2024,7:00p,Charlotte Hornets,89,Orlando Magic,114,Box Score,,Box Score,,"17,541",2:12
Tue Nov 12 2024,7:30p,New York Knicks,111,Philadelphia 76ers,99,Box Score,,Box Score,,"19,758",2:24
Tue Nov 12 2024,8:00p,Toronto Raptors,85,Milwaukee Bucks,99,Box Score,,Box Score,,"17,341",2:14
Tue Nov 12 2024,9:00p,Phoenix Suns,120,Utah Jazz,112,Box Score,,Box Score,,"18,175",2:05
Tue Nov 12 2024,10:00p,Dallas Mavericks,117,Golden State Warriors,120,Box Score,,Box Score,,"18,064",2:25
Tue Nov 12 2024,10:00p,Minnesota Timberwolves,108,Portland Trail Blazers,122,Box Score,,Box Score,,"16,880",2:14
Wed Nov 13 2024,7:00p,Indiana Pacers,90,Orlando Magic,94,Box Score,,Box Score,,"17,087",2:10
Wed Nov 13 2024,7:30p,Boston Celtics,139,Brooklyn Nets,114,Box Score,,Box Score,,"18,112",2:10
Wed Nov 13 2024,7:30p,Chicago Bulls,124,New York Knicks,123,Box Score,,Box Score,,"19,812",2:16
Wed Nov 13 2024,7:30p,New Orleans Pelicans,88,Oklahoma City Thunder,106,Box Score,,Box Score,,"17,180",2:12
Wed Nov 13 2024,7:30p,Cleveland Cavaliers,114,Philadelphia 76ers,106,Box Score,,Box Score,,"19,777",1:59
Wed Nov 13 2024,8:00p,Los Angeles Clippers,103,Houston Rockets,111,Box Score,,Box Score,,"16,493",2:06
Wed Nov 13 2024,8:00p,Detroit Pistons,120,Milwaukee Bucks,127,Box Score,,Box Score,OT,"17,341",2:43
Wed Nov 13 2024,8:00p,Washington Wizards,130,San Antonio Spurs,139,Box Score,,Box Score,,"16,602",2:22
Wed Nov 13 2024,10:00p,Memphis Grizzlies,123,Los Angeles Lakers,128,Box Score,,Box Score,,"18,997",2:31
Wed Nov 13 2024,10:00p,Minnesota Timberwolves,98,Portland Trail Blazers,106,Box Score,,Box Score,,"17,353",2:13
Wed Nov 13 2024,10:00p,Phoenix Suns,104,Sacramento Kings,127,Box Score,,Box Score,,"16,204",2:02
Thu Nov 14 2024,9:00p,Dallas Mavericks,113,Utah Jazz,115,Box Score,,Box Score,,"18,175",2:10
Fri Nov 15 2024,7:00p,Miami Heat,124,Indiana Pacers,111,Box Score,,Box Score,,"17,274",2:10
Fri Nov 15 2024,7:00p,Philadelphia 76ers,86,Orlando Magic,98,Box Score,,Box Score,,"17,843",2:25
Fri Nov 15 2024,7:00p,Detroit Pistons,99,Toronto Raptors,95,Box Score,,Box Score,,"19,245",2:20
Fri Nov 15 2024,7:30p,Washington Wizards,117,Atlanta Hawks,129,Box Score,,Box Score,,"16,038",2:15
Fri Nov 15 2024,7:30p,Chicago Bulls,126,Cleveland Cavaliers,144,Box Score,,Box Score,,"19,432",2:11
Fri Nov 15 2024,7:30p,Brooklyn Nets,122,New York Knicks,124,Box Score,,Box Score,,"19,812",2:43
Fri Nov 15 2024,7:30p,Los Angeles Lakers,120,San Antonio Spurs,115,Box Score,,Box Score,,"18,916",2:18
Fri Nov 15 2024,8:00p,Los Angeles Clippers,104,Houston Rockets,125,Box Score,,Box Score,,"18,055",2:13
Fri Nov 15 2024,8:00p,Denver Nuggets,94,New Orleans Pelicans,101,Box Score,,Box Score,,"16,137",2:04
Fri Nov 15 2024,8:00p,Phoenix Suns,83,Oklahoma City Thunder,99,Box Score,,Box Score,,"18,203",2:17
Fri Nov 15 2024,10:00p,Memphis Grizzlies,118,Golden State Warriors,123,Box Score,,Box Score,,"18,064",2:35
Fri Nov 15 2024,10:00p,Minnesota Timberwolves,130,Sacramento Kings,126,Box Score,,Box Score,OT,"16,478",2:25
Sat Nov 16 2024,3:00p,Milwaukee Bucks,114,Charlotte Hornets,115,Box Score,,Box Score,,"19,145",2:15
Sat Nov 16 2024,8:00p,Toronto Raptors,123,Boston Celtics,126,Box Score,,Box Score,OT,"19,156",2:27
Sat Nov 16 2024,8:00p,Los Angeles Lakers,104,New Orleans Pelicans,99,Box Score,,Box Score,,"18,761",2:12
Sat Nov 16 2024,8:30p,San Antonio Spurs,93,Dallas Mavericks,110,Box Score,,Box Score,,"20,311",2:10
Sat Nov 16 2024,10:00p,Utah Jazz,117,Sacramento Kings,121,Box Score,,Box Score,,"16,568",2:35
Sun Nov 17 2024,3:30p,Phoenix Suns,117,Minnesota Timberwolves,120,Box Score,,Box Score,,"18,978",2:16
Sun Nov 17 2024,5:00p,Miami Heat,110,Indiana Pacers,119,Box Score,,Box Score,,"16,184",2:15
Sun Nov 17 2024,6:00p,Charlotte Hornets,114,Cleveland Cavaliers,128,Box Score,,Box Score,,"19,432",2:16
Sun Nov 17 2024,6:00p,Denver Nuggets,90,Memphis Grizzlies,105,Box Score,,Box Score,,"16,351",2:12
Sun Nov 17 2024,6:00p,Atlanta Hawks,110,Portland Trail Blazers,114,Box Score,,Box Score,,"17,384",2:25
Sun Nov 17 2024,6:00p,Detroit Pistons,124,Washington Wizards,104,Box Score,,Box Score,,"14,789",2:08
Sun Nov 17 2024,7:00p,Houston Rockets,143,Chicago Bulls,107,Box Score,,Box Score,,"20,667",2:08
Sun Nov 17 2024,7:00p,Brooklyn Nets,104,New York Knicks,114,Box Score,,Box Score,,"19,812",2:20
Sun Nov 17 2024,7:00p,Dallas Mavericks,121,Oklahoma City Thunder,119,Box Score,,Box Score,,"18,203",2:33
Sun Nov 17 2024,9:00p,Utah Jazz,105,Los Angeles Clippers,116,Box Score,,Box Score,,"15,500",2:02
Mon Nov 18 2024,7:00p,Chicago Bulls,122,Detroit Pistons,112,Box Score,,Box Score,,"18,022",2:09
Mon Nov 18 2024,7:30p,Philadelphia 76ers,89,Miami Heat,106,Box Score,,Box Score,,"19,608",2:10
Mon Nov 18 2024,7:30p,Washington Wizards,106,New York Knicks,134,Box Score,,Box Score,,"19,812",2:00
Mon Nov 18 2024,7:30p,Indiana Pacers,119,Toronto Raptors,130,Box Score,,Box Score,,"19,025",2:16
Mon Nov 18 2024,8:00p,Houston Rockets,100,Milwaukee Bucks,101,Box Score,,Box Score,,"17,341",2:12
Mon Nov 18 2024,9:00p,Orlando Magic,109,Phoenix Suns,99,Box Score,,Box Score,,"17,071",2:21
Mon Nov 18 2024,10:00p,Atlanta Hawks,109,Sacramento Kings,108,Box Score,,Box Score,,"16,333",2:10
Mon Nov 18 2024,10:30p,Golden State Warriors,99,Los Angeles Clippers,102,Box Score,,Box Score,,"17,927",2:11
Tue Nov 19 2024,7:00p,Cleveland Cavaliers,117,Boston Celtics,120,Box Score,,Box Score,,"19,156",2:16
Tue Nov 19 2024,7:30p,Charlotte Hornets,115,Brooklyn Nets,116,Box Score,,Box Score,,"18,117",2:32
Tue Nov 19 2024,8:00p,Denver Nuggets,122,Memphis Grizzlies,110,Box Score,,Box Score,,"15,377",2:25
Tue Nov 19 2024,8:30p,New Orleans Pelicans,91,Dallas Mavericks,132,Box Score,,Box Score,,"20,077",2:08
Tue Nov 19 2024,9:30p,Oklahoma City Thunder,104,San Antonio Spurs,110,Box Score,,Box Score,,"16,667",2:16
Tue Nov 19 2024,10:30p,Utah Jazz,118,Los Angeles Lakers,124,Box Score,,Box Score,,"18,997",2:16
Wed Nov 20 2024,7:30p,New Orleans Pelicans,100,Cleveland Cavaliers,128,Box Score,,Box Score,,"19,432",1:59
Wed Nov 20 2024,7:30p,Chicago Bulls,106,Milwaukee Bucks,122,Box Score,,Box Score,,"17,341",2:18
Wed Nov 20 2024,8:00p,Indiana Pacers,113,Houston Rockets,130,Box Score,,Box Score,,"16,087",2:18
Wed Nov 20 2024,8:00p,Philadelphia 76ers,111,Memphis Grizzlies,117,Box Score,,Box Score,,"15,533",2:19
Wed Nov 20 2024,8:00p,Portland Trail Blazers,99,Oklahoma City Thunder,109,Box Score,,Box Score,,"17,752",2:17
Wed Nov 20 2024,10:00p,Atlanta Hawks,97,Golden State Warriors,120,Box Score,,Box Score,,"18,064",2:08
Wed Nov 20 2024,10:00p,New York Knicks,138,Phoenix Suns,122,Box Score,,Box Score,,"17,071",2:16
Wed Nov 20 2024,10:30p,Orlando Magic,93,Los Angeles Clippers,104,Box Score,,Box Score,,"16,563",2:16
Thu Nov 21 2024,7:00p,Detroit Pistons,121,Charlotte Hornets,123,Box Score,,Box Score,OT,"14,671",2:39
Thu Nov 21 2024,7:30p,Minnesota Timberwolves,105,Toronto Raptors,110,Box Score,,Box Score,,"19,296",2:24
Thu Nov 21 2024,8:00p,Utah Jazz,118,San Antonio Spurs,126,Box Score,,Box Score,,"17,087",2:22
Thu Nov 21 2024,10:30p,Orlando Magic,119,Los Angeles Lakers,118,Box Score,,Box Score,,"18,997",2:21
Fri Nov 22 2024,7:00p,Brooklyn Nets,98,Philadelphia 76ers,113,Box Score,,Box Score,,"19,817",2:06
Fri Nov 22 2024,7:00p,Boston Celtics,108,Washington Wizards,96,Box Score,,Box Score,,"20,385",2:24
Fri Nov 22 2024,7:30p,Golden State Warriors,112,New Orleans Pelicans,108,Box Score,,Box Score,,"16,820",2:28
Fri Nov 22 2024,8:00p,Atlanta Hawks,122,Chicago Bulls,136,Box Score,,Box Score,,"19,979",2:08
Fri Nov 22 2024,8:00p,Portland Trail Blazers,88,Houston Rockets,116,Box Score,,Box Score,,"15,546",2:10
Fri Nov 22 2024,8:00p,Indiana Pacers,117,Milwaukee Bucks,129,Box Score,,Box Score,,"17,341",2:16
Fri Nov 22 2024,10:00p,Dallas Mavericks,123,Denver Nuggets,120,Box Score,,Box Score,,"19,923",2:29
Fri Nov 22 2024,10:30p,Sacramento Kings,88,Los Angeles Clippers,104,Box Score,,Box Score,,"16,228",
Sat Nov 23 2024,5:00p,New York Knicks,106,Utah Jazz,121,Box Score,,Box Score,,"18,175",2:07
Sat Nov 23 2024,7:00p,Detroit Pistons,100,Orlando Magic,111,Box Score,,Box Score,,"19,094",2:13
Sat Nov 23 2024,8:00p,Memphis Grizzlies,142,Chicago Bulls,131,Box Score,,Box Score,,"19,449",2:07
Sat Nov 23 2024,8:00p,Portland Trail Blazers,104,Houston Rockets,98,Box Score,,Box Score,,"16,102",2:28
Sat Nov 23 2024,8:00p,Charlotte Hornets,119,Milwaukee Bucks,125,Box Score,,Box Score,,"17,341",2:21
Sat Nov 23 2024,8:30p,Golden State Warriors,94,San Antonio Spurs,104,Box Score,,Box Score,,"18,847",2:10
Sat Nov 23 2024,10:30p,Denver Nuggets,127,Los Angeles Lakers,102,Box Score,,Box Score,,"18,997",2:05
Sun Nov 24 2024,3:30p,Minnesota Timberwolves,105,Boston Celtics,107,Box Score,,Box Score,,"19,156",2:03
Sun Nov 24 2024,5:00p,Washington Wizards,103,Indiana Pacers,115,Box Score,,Box Score,,"17,274",2:11
Sun Nov 24 2024,6:00p,Dallas Mavericks,118,Miami Heat,123,Box Score,,Box Score,OT,"19,714",2:30
Sun Nov 24 2024,6:00p,Los Angeles Clippers,125,Philadelphia 76ers,99,Box Score,,Box Score,,"19,780",2:13
Sun Nov 24 2024,7:30p,Toronto Raptors,108,Cleveland Cavaliers,122,Box Score,,Box Score,,"19,432",2:17
Sun Nov 24 2024,9:00p,Brooklyn Nets,108,Sacramento Kings,103,Box Score,,Box Score,,"16,750",2:24
Mon Nov 25 2024,7:00p,Orlando Magic,95,Charlotte Hornets,84,Box Score,,Box Score,,"14,898",2:20
Mon Nov 25 2024,7:00p,Toronto Raptors,100,Detroit Pistons,102,Box Score,,Box Score,,"18,421",2:24
Mon Nov 25 2024,7:00p,New Orleans Pelicans,110,Indiana Pacers,114,Box Score,,Box Score,,"16,059",2:10
Mon Nov 25 2024,7:30p,Dallas Mavericks,129,Atlanta Hawks,119,Box Score,,Box Score,,"17,186",2:07
Mon Nov 25 2024,7:30p,Los Angeles Clippers,94,Boston Celtics,126,Box Score,,Box Score,,"19,156",1:58
Mon Nov 25 2024,8:00p,Portland Trail Blazers,98,Memphis Grizzlies,123,Box Score,,Box Score,,"15,796",2:16
Mon Nov 25 2024,9:00p,New York Knicks,145,Denver Nuggets,118,Box Score,,Box Score,,"19,842",
Mon Nov 25 2024,10:00p,Brooklyn Nets,128,Golden State Warriors,120,Box Score,,Box Score,,"18,064",2:22
Mon Nov 25 2024,10:00p,Oklahoma City Thunder,130,Sacramento Kings,109,Box Score,,Box Score,,"17,832",2:11
Tue Nov 26 2024,7:00p,Chicago Bulls,127,Washington Wizards,108,Box Score,,Box Score,,"15,921",2:13
Tue Nov 26 2024,7:30p,Milwaukee Bucks,106,Miami Heat,103,Box Score,,Box Score,,"19,622",2:21
Tue Nov 26 2024,8:00p,Houston Rockets,117,Minnesota Timberwolves,111,Box Score,,Box Score,OT,"18,978",2:18
Tue Nov 26 2024,9:00p,San Antonio Spurs,128,Utah Jazz,115,Box Score,,Box Score,,"18,175",2:19
Tue Nov 26 2024,10:00p,Los Angeles Lakers,100,Phoenix Suns,127,Box Score,,Box Score,,"17,071",2:18
Wed Nov 27 2024,7:00p,Miami Heat,98,Charlotte Hornets,94,Box Score,,Box Score,,"17,710",2:14
Wed Nov 27 2024,7:00p,Atlanta Hawks,135,Cleveland Cavaliers,124,Box Score,,Box Score,,"19,432",2:18
Wed Nov 27 2024,7:00p,Portland Trail Blazers,114,Indiana Pacers,121,Box Score,,Box Score,,"17,274",2:15
Wed Nov 27 2024,7:00p,Chicago Bulls,119,Orlando Magic,133,Box Score,,Box Score,,"18,309",2:12
Wed Nov 27 2024,7:00p,Houston Rockets,122,Philadelphia 76ers,115,Box Score,,Box Score,OT,"19,765",2:40
Wed Nov 27 2024,7:00p,Los Angeles Clippers,121,Washington Wizards,96,Box Score,,Box Score,,"15,066",2:12
Wed Nov 27 2024,7:30p,New York Knicks,114,Dallas Mavericks,129,Box Score,,Box Score,,"20,413",2:17
Wed Nov 27 2024,8:00p,Detroit Pistons,111,Memphis Grizzlies,131,Box Score,,Box Score,,"16,261",2:11
Wed Nov 27 2024,8:00p,Sacramento Kings,115,Minnesota Timberwolves,104,Box Score,,Box Score,,"18,978",2:17
Wed Nov 27 2024,8:00p,Toronto Raptors,119,New Orleans Pelicans,93,Box Score,,Box Score,,"17,307",2:00
Wed Nov 27 2024,8:30p,Los Angeles Lakers,119,San Antonio Spurs,101,Box Score,,Box Score,,"19,120",2:05
Wed Nov 27 2024,9:00p,Brooklyn Nets,127,Phoenix Suns,117,Box Score,,Box Score,,"17,071",2:23
Wed Nov 27 2024,9:00p,Denver Nuggets,122,Utah Jazz,103,Box Score,,Box Score,,"18,175",2:05
Wed Nov 27 2024,10:00p,Oklahoma City Thunder,105,Golden State Warriors,101,Box Score,,Box Score,,"18,064",2:24
Fri Nov 29 2024,12:00p,New York Knicks,99,Charlotte Hornets,98,Box Score,,Box Score,,"19,313",2:17
Fri Nov 29 2024,2:30p,Cleveland Cavaliers,101,Atlanta Hawks,117,Box Score,,Box Score,,"17,881",2:12
Fri Nov 29 2024,5:00p,New Orleans Pelicans,109,Memphis Grizzlies,120,Box Score,,Box Score,,"17,014",2:09
Fri Nov 29 2024,7:30p,Orlando Magic,123,Brooklyn Nets,100,Box Score,,Box Score,,"18,143",2:13
Fri Nov 29 2024,7:30p,Los Angeles Clippers,92,Minnesota Timberwolves,93,Box Score,,Box Score,,"18,978",2:10
Fri Nov 29 2024,8:00p,Boston Celtics,138,Chicago Bulls,129,Box Score,,Box Score,,"19,798",2:08
Fri Nov 29 2024,8:00p,Detroit Pistons,130,Indiana Pacers,106,Box Score,,Box Score,,"17,274",2:11
Fri Nov 29 2024,8:00p,Toronto Raptors,111,Miami Heat,121,Box Score,,Box Score,,"19,607",2:13
Fri Nov 29 2024,10:00p,Oklahoma City Thunder,101,Los Angeles Lakers,93,Box Score,,Box Score,,"18,997",2:16
Fri Nov 29 2024,10:00p,Sacramento Kings,106,Portland Trail Blazers,115,Box Score,,Box Score,,"17,565",2:12
Sat Nov 30 2024,6:00p,Atlanta Hawks,107,Charlotte Hornets,104,Box Score,,Box Score,,"17,969",2:20
Sat Nov 30 2024,7:00p,Philadelphia 76ers,111,Detroit Pistons,96,Box Score,,Box Score,,"22,062",2:12
Sat Nov 30 2024,8:00p,Washington Wizards,114,Milwaukee Bucks,124,Box Score,,Box Score,,"17,341",2:20
Sat Nov 30 2024,9:00p,Golden State Warriors,105,Phoenix Suns,113,Box Score,,Box Score,,"17,071",2:11
Sat Nov 30 2024,9:30p,Dallas Mavericks,106,Utah Jazz,94,Box Score,,Box Score,,"18,175",2:04
Sun Dec 01 2024,3:30p,Orlando Magic,100,Brooklyn Nets,92,Box Score,,Box Score,,"16,505",2:36
Sun Dec 01 2024,3:30p,Indiana Pacers,121,Memphis Grizzlies,136,Box Score,,Box Score,,"15,901",2:18
Sun Dec 01 2024,6:00p,Boston Celtics,111,Cleveland Cavaliers,115,Box Score,,Box Score,,"19,432",2:16
Sun Dec 01 2024,6:00p,New Orleans Pelicans,85,New York Knicks,118,Box Score,,Box Score,,"19,812",2:03
Sun Dec 01 2024,6:00p,Miami Heat,116,Toronto Raptors,119,Box Score,,Box Score,,"18,153",2:16
Sun Dec 01 2024,7:00p,Oklahoma City Thunder,116,Houston Rockets,119,Box Score,,Box Score,,"18,055",2:35
Sun Dec 01 2024,8:00p,Los Angeles Lakers,105,Utah Jazz,104,Box Score,,Box Score,,"18,175",2:09
Sun Dec 01 2024,9:00p,Dallas Mavericks,137,Portland Trail Blazers,131,Box Score,,Box Score,,"16,205",2:11
Sun Dec 01 2024,9:00p,San Antonio Spurs,127,Sacramento Kings,125,Box Score,,Box Score,,"16,014",2:18
Sun Dec 01 2024,10:00p,Denver Nuggets,122,Los Angeles Clippers,126,Box Score,,Box Score,,"16,182",2:16
Mon Dec 02 2024,7:30p,New Orleans Pelicans,112,Atlanta Hawks,124,Box Score,,Box Score,,"15,034",2:12
Mon Dec 02 2024,7:30p,Miami Heat,89,Boston Celtics,108,Box Score,,Box Score,,"19,156",2:02
Mon Dec 02 2024,8:00p,Brooklyn Nets,102,Chicago Bulls,128,Box Score,,Box Score,,"19,131",2:09
Mon Dec 02 2024,8:00p,Los Angeles Lakers,80,Minnesota Timberwolves,109,Box Score,,Box Score,,"18,978",2:03
Tue Dec 03 2024,7:00p,Philadelphia 76ers,110,Charlotte Hornets,104,Box Score,,Box Score,,"14,956",2:18
Tue Dec 03 2024,7:00p,Washington Wizards,87,Cleveland Cavaliers,118,Box Score,,Box Score,,"19,432",2:09
Tue Dec 03 2024,7:00p,Milwaukee Bucks,128,Detroit Pistons,107,Box Score,,Box Score,,"17,988",2:10
Tue Dec 03 2024,7:30p,Orlando Magic,106,New York Knicks,121,Box Score,,Box Score,,"19,812",2:26
Tue Dec 03 2024,7:30p,Indiana Pacers,111,Toronto Raptors,122,Box Score,,Box Score,,"17,741",2:17
Tue Dec 03 2024,8:00p,Utah Jazz,106,Oklahoma City Thunder,133,Box Score,,Box Score,,"17,711",2:13
Tue Dec 03 2024,8:30p,Memphis Grizzlies,116,Dallas Mavericks,121,Box Score,,Box Score,,"20,277",2:35
Tue Dec 03 2024,9:00p,San Antonio Spurs,93,Phoenix Suns,104,Box Score,,Box Score,,"17,071",2:15
Tue Dec 03 2024,10:00p,Golden State Warriors,115,Denver Nuggets,119,Box Score,,Box Score,,"19,912",2:26
Tue Dec 03 2024,10:00p,Houston Rockets,111,Sacramento Kings,120,Box Score,,Box Score,,"15,019",2:21
Tue Dec 03 2024,10:30p,Portland Trail Blazers,105,Los Angeles Clippers,127,Box Score,,Box Score,,"15,583",2:06
Wed Dec 04 2024,7:30p,Detroit Pistons,120,Boston Celtics,130,Box Score,,Box Score,,"19,156",2:12
Wed Dec 04 2024,7:30p,Indiana Pacers,90,Brooklyn Nets,99,Box Score,,Box Score,,"16,748",2:16
Wed Dec 04 2024,7:30p,Los Angeles Lakers,93,Miami Heat,134,Box Score,,Box Score,,"19,657",1:59
Wed Dec 04 2024,7:30p,Orlando Magic,106,Philadelphia 76ers,102,Box Score,,Box Score,,"19,851",2:21
Wed Dec 04 2024,8:00p,Atlanta Hawks,119,Milwaukee Bucks,104,Box Score,,Box Score,,"17,341",2:21
Wed Dec 04 2024,10:30p,Minnesota Timberwolves,108,Los Angeles Clippers,80,Box Score,,Box Score,,"15,111",2:02
Thu Dec 05 2024,7:00p,Denver Nuggets,114,Cleveland Cavaliers,126,Box Score,,Box Score,,"19,432",2:05
Thu Dec 05 2024,7:00p,Dallas Mavericks,137,Washington Wizards,101,Box Score,,Box Score,,"15,921",2:08
Thu Dec 05 2024,7:30p,Charlotte Hornets,101,New York Knicks,125,Box Score,,Box Score,,"19,812",2:08
Thu Dec 05 2024,7:30p,Oklahoma City Thunder,129,Toronto Raptors,92,Box Score,,Box Score,,"18,356",2:02
Thu Dec 05 2024,8:00p,Sacramento Kings,110,Memphis Grizzlies,115,Box Score,,Box Score,,"15,776",2:28
Thu Dec 05 2024,8:00p,Phoenix Suns,124,New Orleans Pelicans,126,Box Score,,Box Score,,"16,365",2:21
Thu Dec 05 2024,8:00p,Chicago Bulls,139,San Antonio Spurs,124,Box Score,,Box Score,,"17,720",2:22
Thu Dec 05 2024,10:00p,Houston Rockets,93,Golden State Warriors,99,Box Score,,Box Score,,"18,064",2:19
Fri Dec 06 2024,7:00p,Orlando Magic,94,Philadelphia 76ers,102,Box Score,,Box Score,,"19,802",2:24
Fri Dec 06 2024,7:30p,Los Angeles Lakers,132,Atlanta Hawks,134,Box Score,,Box Score,OT,"18,040",2:42
Fri Dec 06 2024,7:30p,Milwaukee Bucks,105,Boston Celtics,111,Box Score,,Box Score,,"19,156",2:16
Fri Dec 06 2024,8:00p,Indiana Pacers,132,Chicago Bulls,123,Box Score,,Box Score,,"19,544",2:00
Fri Dec 06 2024,8:00p,Sacramento Kings,140,San Antonio Spurs,113,Box Score,,Box Score,,"16,796",2:13
Fri Dec 06 2024,10:00p,Minnesota Timberwolves,107,Golden State Warriors,90,Box Score,,Box Score,,"18,064",2:18
Fri Dec 06 2024,10:00p,Utah Jazz,141,Portland Trail Blazers,99,Box Score,,Box Score,,"16,446",2:07
Sat Dec 07 2024,1:00p,Cleveland Cavaliers,116,Charlotte Hornets,102,Box Score,,Box Score,,"18,832",2:14
Sat Dec 07 2024,7:00p,Oklahoma City Thunder,119,New Orleans Pelicans,109,Box Score,,Box Score,,"15,718",2:17
Sat Dec 07 2024,7:00p,Denver Nuggets,113,Washington Wizards,122,Box Score,,Box Score,,"16,182",2:22
Sat Dec 07 2024,7:30p,Detroit Pistons,120,New York Knicks,111,Box Score,,Box Score,,"19,812",2:15
Sat Dec 07 2024,7:30p,Dallas Mavericks,125,Toronto Raptors,118,Box Score,,Box Score,,"19,625",2:11
Sat Dec 07 2024,8:00p,Memphis Grizzlies,127,Boston Celtics,121,Box Score,,Box Score,,"19,156",2:20
Sat Dec 07 2024,8:00p,Phoenix Suns,111,Miami Heat,121,Box Score,,Box Score,,"19,600",2:13
Sun Dec 08 2024,1:00p,Philadelphia 76ers,108,Chicago Bulls,100,Box Score,,Box Score,,"18,837",2:10
Sun Dec 08 2024,3:30p,Milwaukee Bucks,118,Brooklyn Nets,113,Box Score,,Box Score,,"17,926",2:19
Sun Dec 08 2024,5:00p,Charlotte Hornets,113,Indiana Pacers,109,Box Score,,Box Score,,"17,274",2:22
Sun Dec 08 2024,6:00p,Denver Nuggets,141,Atlanta Hawks,111,Box Score,,Box Score,,"16,137",2:14
Sun Dec 08 2024,6:00p,Cleveland Cavaliers,113,Miami Heat,122,Box Score,,Box Score,,"19,600",
Sun Dec 08 2024,6:30p,Phoenix Suns,110,Orlando Magic,115,Box Score,,Box Score,,"18,311",2:23
Sun Dec 08 2024,7:00p,New Orleans Pelicans,116,San Antonio Spurs,121,Box Score,,Box Score,,"16,840",2:20
Sun Dec 08 2024,7:00p,Memphis Grizzlies,140,Washington Wizards,112,Box Score,,Box Score,,"15,012",2:18
Sun Dec 08 2024,8:30p,Minnesota Timberwolves,106,Golden State Warriors,114,Box Score,,Box Score,,"18,064",2:18
Sun Dec 08 2024,9:00p,Houston Rockets,117,Los Angeles Clippers,106,Box Score,,Box Score,,"14,782",2:13
Sun Dec 08 2024,9:00p,Utah Jazz,97,Sacramento Kings,141,Box Score,,Box Score,,"15,706",2:09
Sun Dec 08 2024,9:30p,Portland Trail Blazers,98,Los Angeles Lakers,107,Box Score,,Box Score,,"18,997",2:07
Mon Dec 09 2024,7:30p,New York Knicks,113,Toronto Raptors,108,Box Score,,Box Score,,"18,284",2:17
Tue Dec 10 2024,7:00p,Orlando Magic,109,Milwaukee Bucks,114,Box Score,,Box Score,,"17,341",2:35
Tue Dec 10 2024,9:30p,Dallas Mavericks,104,Oklahoma City Thunder,118,Box Score,,Box Score,,"17,724",2:08
Wed Dec 11 2024,7:00p,Atlanta Hawks,108,New York Knicks,100,Box Score,,Box Score,,"19,812",2:13
Wed Dec 11 2024,9:30p,Golden State Warriors,90,Houston Rockets,91,Box Score,,Box Score,,"18,055",2:17
Thu Dec 12 2024,7:30p,Detroit Pistons,99,Boston Celtics,123,Box Score,,Box Score,,"19,156",1:57
Thu Dec 12 2024,7:30p,Toronto Raptors,104,Miami Heat,114,Box Score,,Box Score,,"19,600",2:14
Thu Dec 12 2024,8:00p,Sacramento Kings,111,New Orleans Pelicans,109,Box Score,,Box Score,,"15,488",2:12
Fri Dec 13 2024,7:00p,Washington Wizards,105,Cleveland Cavaliers,115,Box Score,,Box Score,,"19,432",2:15
Fri Dec 13 2024,7:00p,Indiana Pacers,121,Philadelphia 76ers,107,Box Score,,Box Score,,"19,771",2:17
Fri Dec 13 2024,8:00p,Charlotte Hornets,95,Chicago Bulls,109,Box Score,,Box Score,,"19,543",2:08
Fri Dec 13 2024,8:00p,Brooklyn Nets,119,Memphis Grizzlies,135,Box Score,,Box Score,,"15,983",2:26
Fri Dec 13 2024,8:00p,Los Angeles Lakers,87,Minnesota Timberwolves,97,Box Score,,Box Score,,"18,978",2:08
Fri Dec 13 2024,9:00p,Los Angeles Clippers,98,Denver Nuggets,120,Box Score,,Box Score,,"19,779",2:13
Fri Dec 13 2024,9:30p,Phoenix Suns,134,Utah Jazz,126,Box Score,,Box Score,,"18,175",2:11
Fri Dec 13 2024,10:00p,San Antonio Spurs,118,Portland Trail Blazers,116,Box Score,,Box Score,,"17,025",2:16
Sat Dec 14 2024,4:30p,Atlanta Hawks,102,Milwaukee Bucks,110,Box Score,,Box Score,,"17,113",2:30
Sat Dec 14 2024,8:30p,Houston Rockets,96,Oklahoma City Thunder,111,Box Score,,Box Score,,"17,937",2:24
Sun Dec 15 2024,5:00p,New Orleans Pelicans,104,Indiana Pacers,119,Box Score,,Box Score,,"16,792",2:08
Sun Dec 15 2024,6:00p,New York Knicks,100,Orlando Magic,91,Box Score,,Box Score,,"17,029",2:22
Sun Dec 15 2024,6:00p,Boston Celtics,112,Washington Wizards,98,Box Score,,Box Score,,"16,227",2:05
Sun Dec 15 2024,7:00p,Minnesota Timberwolves,106,San Antonio Spurs,92,Box Score,,Box Score,,"16,816",2:03
Sun Dec 15 2024,8:00p,Portland Trail Blazers,109,Phoenix Suns,116,Box Score,,Box Score,,"17,071",2:06
Sun Dec 15 2024,8:30p,Dallas Mavericks,143,Golden State Warriors,133,Box Score,,Box Score,,"18,064",2:14
Sun Dec 15 2024,9:30p,Memphis Grizzlies,110,Los Angeles Lakers,116,Box Score,,Box Score,,"15,106",2:34
Mon Dec 16 2024,7:00p,Philadelphia 76ers,121,Charlotte Hornets,108,Box Score,,Box Score,,"14,677",2:22
Mon Dec 16 2024,7:00p,Miami Heat,124,Detroit Pistons,125,Box Score,,Box Score,OT,"17,810",2:35
Mon Dec 16 2024,7:30p,Cleveland Cavaliers,130,Brooklyn Nets,101,Box Score,,Box Score,,"16,588",2:18
Mon Dec 16 2024,7:30p,Chicago Bulls,122,Toronto Raptors,121,Box Score,,Box Score,,"16,324",2:25
Mon Dec 16 2024,10:00p,Denver Nuggets,130,Sacramento Kings,129,Box Score,,Box Score,,"16,936",2:19
Mon Dec 16 2024,10:30p,Utah Jazz,107,Los Angeles Clippers,144,Box Score,,Box Score,,"14,651",2:16
Tue Dec 17 2024,8:30p,Milwaukee Bucks,97,Oklahoma City Thunder,81,Box Score,,Box Score,,"18,519",2:19
Thu Dec 19 2024,7:00p,Utah Jazz,126,Detroit Pistons,119,Box Score,,Box Score,,"18,022",2:32
Thu Dec 19 2024,7:00p,Oklahoma City Thunder,105,Orlando Magic,99,Box Score,,Box Score,,"18,896",2:26
Thu Dec 19 2024,7:00p,Charlotte Hornets,114,Washington Wizards,123,Box Score,,Box Score,,"15,256",2:24
Thu Dec 19 2024,7:30p,Chicago Bulls,117,Boston Celtics,108,Box Score,,Box Score,,"19,156",2:06
Thu Dec 19 2024,7:30p,Brooklyn Nets,101,Toronto Raptors,94,Box Score,,Box Score,,"19,214",2:20
Thu Dec 19 2024,8:00p,New Orleans Pelicans,113,Houston Rockets,133,Box Score,,Box Score,,"18,055",2:13
Thu Dec 19 2024,8:00p,Golden State Warriors,93,Memphis Grizzlies,144,Box Score,,Box Score,,"17,729",2:06
Thu Dec 19 2024,8:00p,Atlanta Hawks,126,San Antonio Spurs,133,Box Score,,Box Score,OT,"17,852",2:36
Thu Dec 19 2024,8:30p,Los Angeles Clippers,118,Dallas Mavericks,95,Box Score,,Box Score,,"20,044",2:14
Thu Dec 19 2024,9:00p,Indiana Pacers,120,Phoenix Suns,111,Box Score,,Box Score,,"17,071",2:17
Thu Dec 19 2024,9:30p,New York Knicks,133,Minnesota Timberwolves,107,Box Score,,Box Score,,"18,978",2:13
Thu Dec 19 2024,10:00p,Denver Nuggets,124,Portland Trail Blazers,126,Box Score,,Box Score,,"16,753",2:14
Thu Dec 19 2024,10:00p,Los Angeles Lakers,113,Sacramento Kings,100,Box Score,,Box Score,,"17,832",2:18
Fri Dec 20 2024,7:00p,Charlotte Hornets,98,Philadelphia 76ers,108,Box Score,,Box Score,,"20,291",2:16
Fri Dec 20 2024,7:30p,Milwaukee Bucks,101,Cleveland Cavaliers,124,Box Score,,Box Score,,"19,432",2:03
Fri Dec 20 2024,8:00p,Oklahoma City Thunder,104,Miami Heat,97,Box Score,,Box Score,,"19,801",2:17
Sat Dec 21 2024,6:00p,Los Angeles Lakers,103,Sacramento Kings,99,Box Score,,Box Score,,"17,832",2:13
Sat Dec 21 2024,7:00p,Miami Heat,114,Orlando Magic,121,Box Score,,Box Score,,"18,080",2:32
Sat Dec 21 2024,7:30p,Memphis Grizzlies,128,Atlanta Hawks,112,Box Score,,Box Score,,"16,909",2:04
Sat Dec 21 2024,7:30p,Utah Jazz,105,Brooklyn Nets,94,Box Score,,Box Score,,"17,926",2:06
Sat Dec 21 2024,8:00p,Boston Celtics,123,Chicago Bulls,98,Box Score,,Box Score,,"19,803",1:57
Sat Dec 21 2024,8:00p,Philadelphia 76ers,99,Cleveland Cavaliers,126,Box Score,,Box Score,,"19,432",2:06
Sat Dec 21 2024,8:00p,Washington Wizards,101,Milwaukee Bucks,112,Box Score,,Box Score,,"17,341",1:54
Sat Dec 21 2024,8:00p,Golden State Warriors,113,Minnesota Timberwolves,103,Box Score,,Box Score,,"18,978",2:47
Sat Dec 21 2024,8:00p,New York Knicks,104,New Orleans Pelicans,93,Box Score,,Box Score,,"16,696",2:07
Sat Dec 21 2024,8:30p,Los Angeles Clippers,97,Dallas Mavericks,113,Box Score,,Box Score,,"20,102",2:10
Sat Dec 21 2024,8:30p,Portland Trail Blazers,94,San Antonio Spurs,114,Box Score,,Box Score,,"18,354",2:06
Sat Dec 21 2024,9:00p,Detroit Pistons,133,Phoenix Suns,125,Box Score,,Box Score,,"17,071",2:22
Sun Dec 22 2024,6:00p,Indiana Pacers,122,Sacramento Kings,95,Box Score,,Box Score,,"17,832",2:00
Sun Dec 22 2024,6:00p,Houston Rockets,114,Toronto Raptors,110,Box Score,,Box Score,,"19,305",2:14
Sun Dec 22 2024,7:00p,Denver Nuggets,132,New Orleans Pelicans,129,Box Score,,Box Score,OT,"17,474",2:39
Mon Dec 23 2024,7:00p,Houston Rockets,114,Charlotte Hornets,101,Box Score,,Box Score,,"19,134",2:03
Mon Dec 23 2024,7:00p,Utah Jazz,113,Cleveland Cavaliers,124,Box Score,,Box Score,,"19,432",2:09
Mon Dec 23 2024,7:00p,Boston Celtics,104,Orlando Magic,108,Box Score,,Box Score,,"18,846",2:26
Mon Dec 23 2024,7:00p,San Antonio Spurs,106,Philadelphia 76ers,111,Box Score,,Box Score,,"19,986",2:20
Mon Dec 23 2024,7:30p,Minnesota Timberwolves,104,Atlanta Hawks,117,Box Score,,Box Score,,"17,051",2:12
Mon Dec 23 2024,7:30p,Brooklyn Nets,95,Miami Heat,110,Box Score,,Box Score,,"19,832",2:10
Mon Dec 23 2024,7:30p,Toronto Raptors,125,New York Knicks,139,Box Score,,Box Score,,"19,812",2:19
Mon Dec 23 2024,8:00p,Milwaukee Bucks,112,Chicago Bulls,91,Box Score,,Box Score,,"21,234",2:02
Mon Dec 23 2024,8:00p,Los Angeles Clippers,114,Memphis Grizzlies,110,Box Score,,Box Score,,"17,265",2:26
Mon Dec 23 2024,8:00p,Washington Wizards,105,Oklahoma City Thunder,123,Box Score,,Box Score,,"18,203",2:17
Mon Dec 23 2024,8:30p,Portland Trail Blazers,108,Dallas Mavericks,132,Box Score,,Box Score,,"20,225",2:15
Mon Dec 23 2024,10:00p,Phoenix Suns,90,Denver Nuggets,117,Box Score,,Box Score,,"19,910",2:05
Mon Dec 23 2024,10:00p,Indiana Pacers,111,Golden State Warriors,105,Box Score,,Box Score,,"18,064",2:13
Mon Dec 23 2024,10:30p,Detroit Pistons,117,Los Angeles Lakers,114,Box Score,,Box Score,,"18,997",2:11
Wed Dec 25 2024,12:00p,San Antonio Spurs,114,New York Knicks,117,Box Score,,Box Score,,"19,812",2:19
Wed Dec 25 2024,2:30p,Minnesota Timberwolves,105,Dallas Mavericks,99,Box Score,,Box Score,,"20,341",2:20
Wed Dec 25 2024,5:00p,Philadelphia 76ers,118,Boston Celtics,114,Box Score,,Box Score,,"19,156",2:23
Wed Dec 25 2024,8:00p,Los Angeles Lakers,115,Golden State Warriors,113,Box Score,,Box Score,,"18,064",2:25
Wed Dec 25 2024,10:30p,Denver Nuggets,100,Phoenix Suns,110,Box Score,,Box Score,,"17,071",2:15
Thu Dec 26 2024,7:00p,Oklahoma City Thunder,120,Indiana Pacers,114,Box Score,,Box Score,,"17,274",2:11
Thu Dec 26 2024,7:00p,Miami Heat,89,Orlando Magic,88,Box Score,,Box Score,,"18,846",2:11
Thu Dec 26 2024,7:00p,Charlotte Hornets,110,Washington Wizards,113,Box Score,,Box Score,,"17,193",2:25
Thu Dec 26 2024,7:30p,Chicago Bulls,133,Atlanta Hawks,141,Box Score,,Box Score,,"17,760",2:14
Thu Dec 26 2024,8:00p,Toronto Raptors,126,Memphis Grizzlies,155,Box Score,,Box Score,,"17,196",2:12
Thu Dec 26 2024,8:00p,Brooklyn Nets,111,Milwaukee Bucks,105,Box Score,,Box Score,,"17,957",2:16
Thu Dec 26 2024,8:00p,Houston Rockets,128,New Orleans Pelicans,111,Box Score,,Box Score,,"16,052",2:03
Thu Dec 26 2024,10:00p,Utah Jazz,120,Portland Trail Blazers,122,Box Score,,Box Score,,"16,934",2:07
Thu Dec 26 2024,10:00p,Detroit Pistons,114,Sacramento Kings,113,Box Score,,Box Score,,"17,832",2:22
Fri Dec 27 2024,7:00p,New York Knicks,108,Orlando Magic,85,Box Score,,Box Score,,"18,961",2:23
Fri Dec 27 2024,7:30p,Indiana Pacers,105,Boston Celtics,142,Box Score,,Box Score,,"19,156",2:08
Fri Dec 27 2024,7:30p,San Antonio Spurs,96,Brooklyn Nets,87,Box Score,,Box Score,,"17,990",2:20
Fri Dec 27 2024,8:00p,Minnesota Timberwolves,113,Houston Rockets,112,Box Score,,Box Score,,"18,055",2:12
Fri Dec 27 2024,8:00p,Memphis Grizzlies,132,New Orleans Pelicans,124,Box Score,,Box Score,,"17,328",2:24
Fri Dec 27 2024,9:00p,Cleveland Cavaliers,149,Denver Nuggets,135,Box Score,,Box Score,,"19,952",2:14
Fri Dec 27 2024,9:00p,Dallas Mavericks,98,Phoenix Suns,89,Box Score,,Box Score,,"17,071",2:20
Fri Dec 27 2024,10:00p,Golden State Warriors,92,Los Angeles Clippers,102,Box Score,,Box Score,,"17,927",2:17
Sat Dec 28 2024,3:00p,Miami Heat,110,Atlanta Hawks,120,Box Score,,Box Score,,"17,856",2:09
Sat Dec 28 2024,6:00p,Oklahoma City Thunder,106,Charlotte Hornets,94,Box Score,,Box Score,,"19,325",2:09
Sat Dec 28 2024,7:00p,New York Knicks,136,Washington Wizards,132,Box Score,,Box Score,OT,"20,385",2:28
Sat Dec 28 2024,8:00p,Milwaukee Bucks,111,Chicago Bulls,116,Box Score,,Box Score,,"21,511",2:10
Sat Dec 28 2024,8:30p,Phoenix Suns,105,Golden State Warriors,109,Box Score,,Box Score,,"18,064",2:18
Sat Dec 28 2024,9:00p,Detroit Pistons,121,Denver Nuggets,134,Box Score,,Box Score,,"19,876",2:19
Sat Dec 28 2024,9:30p,Philadelphia 76ers,114,Utah Jazz,111,Box Score,,Box Score,,"18,175",2:31
Sat Dec 28 2024,10:00p,Dallas Mavericks,122,Portland Trail Blazers,126,Box Score,,Box Score,,"19,335",2:17
Sat Dec 28 2024,10:30p,Sacramento Kings,122,Los Angeles Lakers,132,Box Score,,Box Score,,"18,997",2:15
Sun Dec 29 2024,3:30p,Brooklyn Nets,101,Orlando Magic,102,Box Score,,Box Score,,"19,397",2:26
Sun Dec 29 2024,6:00p,Indiana Pacers,123,Boston Celtics,114,Box Score,,Box Score,,"19,156",2:13
Sun Dec 29 2024,6:00p,Atlanta Hawks,136,Toronto Raptors,107,Box Score,,Box Score,,"19,359",2:18
Sun Dec 29 2024,7:00p,Miami Heat,104,Houston Rockets,100,Box Score,,Box Score,,"18,055",2:19
Sun Dec 29 2024,7:00p,Memphis Grizzlies,106,Oklahoma City Thunder,130,Box Score,,Box Score,,"18,203",2:08
Sun Dec 29 2024,9:00p,San Antonio Spurs,110,Minnesota Timberwolves,112,Box Score,,Box Score,,"18,978",2:20
Mon Dec 30 2024,7:00p,Chicago Bulls,115,Charlotte Hornets,108,Box Score,,Box Score,OT,"19,197",2:24
Mon Dec 30 2024,7:00p,New York Knicks,126,Washington Wizards,106,Box Score,,Box Score,,"20,385",2:10
Mon Dec 30 2024,8:00p,Los Angeles Clippers,116,New Orleans Pelicans,113,Box Score,,Box Score,,"17,303",2:27
Mon Dec 30 2024,9:00p,Denver Nuggets,132,Utah Jazz,121,Box Score,,Box Score,,"18,175",2:06
Mon Dec 30 2024,10:00p,Cleveland Cavaliers,113,Golden State Warriors,95,Box Score,,Box Score,,"18,064",2:10
Mon Dec 30 2024,10:00p,Philadelphia 76ers,125,Portland Trail Blazers,103,Box Score,,Box Score,,"16,721",2:27
Mon Dec 30 2024,10:00p,Dallas Mavericks,100,Sacramento Kings,110,Box Score,,Box Score,,"16,844",2:19
Tue Dec 31 2024,3:00p,Toronto Raptors,71,Boston Celtics,125,Box Score,,Box Score,,"19,156",1:59
Tue Dec 31 2024,3:00p,Milwaukee Bucks,120,Indiana Pacers,112,Box Score,,Box Score,,"17,274",2:24
Tue Dec 31 2024,7:00p,Los Angeles Clippers,86,San Antonio Spurs,122,Box Score,,Box Score,,"18,690",2:03
Tue Dec 31 2024,8:00p,Minnesota Timberwolves,105,Oklahoma City Thunder,113,Box Score,,Box Score,,"18,203",2:09
Tue Dec 31 2024,9:00p,Cleveland Cavaliers,122,Los Angeles Lakers,110,Box Score,,Box Score,,"18,997",2:03
Tue Dec 31 2024,9:00p,Memphis Grizzlies,117,Phoenix Suns,112,Box Score,,Box Score,,"17,071",2:27
Wed Jan 01 2025,7:00p,Orlando Magic,96,Detroit Pistons,105,Box Score,,Box Score,,"19,399",2:17
Wed Jan 01 2025,7:00p,Chicago Bulls,107,Washington Wizards,125,Box Score,,Box Score,,"16,298",2:12
Wed Jan 01 2025,7:30p,New Orleans Pelicans,108,Miami Heat,119,Box Score,,Box Score,,"20,013",2:10
Wed Jan 01 2025,7:30p,Utah Jazz,103,New York Knicks,119,Box Score,,Box Score,,"19,812",2:06
Wed Jan 01 2025,7:30p,Brooklyn Nets,113,Toronto Raptors,130,Box Score,,Box Score,,"19,104",2:10
Wed Jan 01 2025,8:00p,Dallas Mavericks,99,Houston Rockets,110,Box Score,,Box Score,,"18,055",2:17
Wed Jan 01 2025,9:00p,Atlanta Hawks,120,Denver Nuggets,139,Box Score,,Box Score,,"19,902",2:08
Wed Jan 01 2025,10:00p,Philadelphia 76ers,107,Sacramento Kings,113,Box Score,,Box Score,,"16,024",2:18
Thu Jan 02 2025,7:30p,Indiana Pacers,128,Miami Heat,115,Box Score,,Box Score,,"19,959",2:05
Thu Jan 02 2025,7:30p,Boston Celtics,118,Minnesota Timberwolves,115,Box Score,,Box Score,,"18,978",2:11
Thu Jan 02 2025,8:00p,Brooklyn Nets,113,Milwaukee Bucks,110,Box Score,,Box Score,,"17,341",2:27
Thu Jan 02 2025,8:00p,Los Angeles Clippers,98,Oklahoma City Thunder,116,Box Score,,Box Score,,"18,203",2:04
Thu Jan 02 2025,10:00p,Philadelphia 76ers,105,Golden State Warriors,139,Box Score,,Box Score,,"18,064",2:16
Thu Jan 02 2025,10:30p,Portland Trail Blazers,106,Los Angeles Lakers,114,Box Score,,Box Score,,"17,812",2:09
Fri Jan 03 2025,7:00p,Charlotte Hornets,94,Detroit Pistons,98,Box Score,,Box Score,,"18,866",2:22
Fri Jan 03 2025,7:30p,Orlando Magic,106,Toronto Raptors,97,Box Score,,Box Score,,"19,278",2:07
Fri Jan 03 2025,8:00p,Boston Celtics,109,Houston Rockets,86,Box Score,,Box Score,,"18,055",2:01
Fri Jan 03 2025,8:00p,Washington Wizards,120,New Orleans Pelicans,132,Box Score,,Box Score,,"17,307",2:17
Fri Jan 03 2025,8:00p,New York Knicks,107,Oklahoma City Thunder,117,Box Score,,Box Score,,"18,203",2:13
Fri Jan 03 2025,8:30p,Cleveland Cavaliers,134,Dallas Mavericks,122,Box Score,,Box Score,,"20,231",2:10
Fri Jan 03 2025,9:00p,San Antonio Spurs,113,Denver Nuggets,110,Box Score,,Box Score,,"19,922",2:02
Fri Jan 03 2025,10:00p,Memphis Grizzlies,133,Sacramento Kings,138,Box Score,,Box Score,,"16,601",2:25
Fri Jan 03 2025,10:30p,Atlanta Hawks,102,Los Angeles Lakers,119,Box Score,,Box Score,,"18,997",2:10
Sat Jan 04 2025,6:00p,Philadelphia 76ers,123,Brooklyn Nets,94,Box Score,,Box Score,,"17,926",2:16
Sat Jan 04 2025,7:00p,Minnesota Timberwolves,105,Detroit Pistons,119,Box Score,,Box Score,,"20,062",2:14
Sat Jan 04 2025,7:00p,Phoenix Suns,108,Indiana Pacers,126,Box Score,,Box Score,,"17,274",2:07
Sat Jan 04 2025,8:00p,New York Knicks,126,Chicago Bulls,139,Box Score,,Box Score,,"22,491",2:23
Sat Jan 04 2025,8:00p,Utah Jazz,136,Miami Heat,100,Box Score,,Box Score,,"19,934",2:07
Sat Jan 04 2025,8:00p,Portland Trail Blazers,105,Milwaukee Bucks,102,Box Score,,Box Score,,"17,595",2:01
Sat Jan 04 2025,8:00p,Denver Nuggets,122,San Antonio Spurs,111,Box Score,,Box Score,OT,"19,038",2:31
Sat Jan 04 2025,8:30p,Memphis Grizzlies,113,Golden State Warriors,121,Box Score,,Box Score,,"18,064",2:18
Sat Jan 04 2025,10:30p,Atlanta Hawks,105,Los Angeles Clippers,131,Box Score,,Box Score,,"17,927",2:02
Sun Jan 05 2025,3:30p,Boston Celtics,92,Oklahoma City Thunder,105,Box Score,,Box Score,,"18,203",2:08
Sun Jan 05 2025,6:00p,Charlotte Hornets,105,Cleveland Cavaliers,115,Box Score,,Box Score,,"19,432",2:06
Sun Jan 05 2025,6:00p,New Orleans Pelicans,110,Washington Wizards,98,Box Score,,Box Score,,"15,451",2:08
Sun Jan 05 2025,6:30p,Utah Jazz,105,Orlando Magic,92,Box Score,,Box Score,,"19,198",2:03
Sun Jan 05 2025,7:00p,Los Angeles Lakers,115,Houston Rockets,119,Box Score,,Box Score,,"18,055",2:16
Sun Jan 05 2025,8:30p,Sacramento Kings,129,Golden State Warriors,99,Box Score,,Box Score,,"18,064",2:08
Mon Jan 06 2025,7:00p,Portland Trail Blazers,115,Detroit Pistons,118,Box Score,,Box Score,,"16,002",2:09
Mon Jan 06 2025,7:00p,Phoenix Suns,109,Philadelphia 76ers,99,Box Score,,Box Score,,"19,791",2:16
Mon Jan 06 2025,7:30p,Indiana Pacers,113,Brooklyn Nets,99,Box Score,,Box Score,,"16,088",2:12
Mon Jan 06 2025,7:30p,Orlando Magic,103,New York Knicks,94,Box Score,,Box Score,,"19,812",2:16
Mon Jan 06 2025,7:30p,Milwaukee Bucks,128,Toronto Raptors,104,Box Score,,Box Score,,"17,829",2:05
Mon Jan 06 2025,8:00p,San Antonio Spurs,110,Chicago Bulls,114,Box Score,,Box Score,,"18,886",2:13
Mon Jan 06 2025,8:00p,Dallas Mavericks,104,Memphis Grizzlies,119,Box Score,,Box Score,,"16,412",2:12
Mon Jan 06 2025,8:00p,Los Angeles Clippers,106,Minnesota Timberwolves,108,Box Score,,Box Score,,"18,978",2:17
Mon Jan 06 2025,10:00p,Miami Heat,118,Sacramento Kings,123,Box Score,,Box Score,2OT,"17,832",2:43
Tue Jan 07 2025,7:00p,Phoenix Suns,104,Charlotte Hornets,115,Box Score,,Box Score,,"16,647",2:16
Tue Jan 07 2025,7:00p,Houston Rockets,135,Washington Wizards,112,Box Score,,Box Score,,"12,930",2:05
Tue Jan 07 2025,7:30p,Los Angeles Lakers,97,Dallas Mavericks,118,Box Score,,Box Score,,"20,126",2:09
Tue Jan 07 2025,8:00p,Minnesota Timberwolves,104,New Orleans Pelicans,97,Box Score,,Box Score,,"16,282",2:18
Tue Jan 07 2025,9:00p,Atlanta Hawks,124,Utah Jazz,121,Box Score,,Box Score,,"18,175",2:18
Tue Jan 07 2025,10:00p,Boston Celtics,118,Denver Nuggets,106,Box Score,,Box Score,,"19,904",2:16
Tue Jan 07 2025,10:00p,Miami Heat,114,Golden State Warriors,98,Box Score,,Box Score,,"18,064",2:01
Wed Jan 08 2025,7:00p,Oklahoma City Thunder,122,Cleveland Cavaliers,129,Box Score,,Box Score,,"19,432",2:19
Wed Jan 08 2025,7:00p,Chicago Bulls,113,Indiana Pacers,129,Box Score,,Box Score,,"16,758",2:15
Wed Jan 08 2025,7:00p,Washington Wizards,103,Philadelphia 76ers,109,Box Score,,Box Score,,"19,762",2:18
Wed Jan 08 2025,7:30p,Detroit Pistons,113,Brooklyn Nets,98,Box Score,,Box Score,,"16,098",2:07
Wed Jan 08 2025,7:30p,Toronto Raptors,98,New York Knicks,112,Box Score,,Box Score,,"19,812",2:11
Wed Jan 08 2025,8:00p,Portland Trail Blazers,119,New Orleans Pelicans,100,Box Score,,Box Score,,"16,425",1:58
Wed Jan 08 2025,9:00p,Los Angeles Clippers,103,Denver Nuggets,126,Box Score,,Box Score,,"19,711",2:11
Wed Jan 08 2025,9:30p,San Antonio Spurs,105,Milwaukee Bucks,121,Box Score,,Box Score,,"17,341",2:10
Thu Jan 09 2025,7:00p,Toronto Raptors,126,Cleveland Cavaliers,132,Box Score,,Box Score,,"19,432",2:08
Thu Jan 09 2025,7:00p,Golden State Warriors,107,Detroit Pistons,104,Box Score,,Box Score,,"20,062",2:25
Thu Jan 09 2025,7:00p,Minnesota Timberwolves,104,Orlando Magic,89,Box Score,,Box Score,,"18,846",2:16
Thu Jan 09 2025,7:30p,Portland Trail Blazers,111,Dallas Mavericks,117,Box Score,,Box Score,,"19,241",2:15
Thu Jan 09 2025,8:00p,Houston Rockets,119,Memphis Grizzlies,115,Box Score,,Box Score,,"16,298",2:33
Thu Jan 09 2025,9:00p,Atlanta Hawks,115,Phoenix Suns,123,Box Score,,Box Score,,"17,071",2:12
Thu Jan 09 2025,9:00p,Miami Heat,97,Utah Jazz,92,Box Score,,Box Score,,"18,175",2:11
Fri Jan 10 2025,7:00p,Golden State Warriors,96,Indiana Pacers,108,Box Score,,Box Score,,"17,274",2:03
Fri Jan 10 2025,7:00p,Milwaukee Bucks,109,Orlando Magic,106,Box Score,,Box Score,,"18,846",2:24
Fri Jan 10 2025,7:00p,New Orleans Pelicans,123,Philadelphia 76ers,115,Box Score,,Box Score,,"19,779",2:12
Fri Jan 10 2025,7:30p,Sacramento Kings,114,Boston Celtics,97,Box Score,,Box Score,,"19,156",2:00
Fri Jan 10 2025,7:30p,Oklahoma City Thunder,126,New York Knicks,101,Box Score,,Box Score,,"19,812",2:06
Fri Jan 10 2025,8:00p,Washington Wizards,105,Chicago Bulls,138,Box Score,,Box Score,,"21,391",2:03
Fri Jan 10 2025,9:00p,Brooklyn Nets,105,Denver Nuggets,124,Box Score,,Box Score,,"19,959",2:20
Sat Jan 11 2025,5:00p,Utah Jazz,106,Phoenix Suns,114,Box Score,,Box Score,,"17,071",2:10
Sat Jan 11 2025,7:00p,Toronto Raptors,114,Detroit Pistons,123,Box Score,,Box Score,,"19,011",2:15
Sat Jan 11 2025,8:00p,Memphis Grizzlies,127,Minnesota Timberwolves,125,Box Score,,Box Score,,"18,978",2:17
Sat Jan 11 2025,10:00p,Miami Heat,119,Portland Trail Blazers,98,Box Score,,Box Score,,"17,505",2:08
Sun Jan 12 2025,3:00p,Denver Nuggets,112,Dallas Mavericks,101,Box Score,,Box Score,,"20,031",2:12
Sun Jan 12 2025,3:00p,Milwaukee Bucks,106,New York Knicks,140,Box Score,,Box Score,,"19,812",2:14
Sun Jan 12 2025,3:30p,Sacramento Kings,124,Chicago Bulls,119,Box Score,,Box Score,,"18,233",2:06
Sun Jan 12 2025,6:00p,New Orleans Pelicans,119,Boston Celtics,120,Box Score,,Box Score,,"19,156",2:15
Sun Jan 12 2025,6:00p,Indiana Pacers,108,Cleveland Cavaliers,93,Box Score,,Box Score,,"19,432",2:08
Sun Jan 12 2025,6:00p,Philadelphia 76ers,99,Orlando Magic,104,Box Score,,Box Score,,"17,723",2:35
Sun Jan 12 2025,6:00p,Oklahoma City Thunder,136,Washington Wizards,95,Box Score,,Box Score,,"15,711",2:18
Sun Jan 12 2025,8:00p,Brooklyn Nets,111,Utah Jazz,112,Box Score,,Box Score,OT,"18,175",2:44
Sun Jan 12 2025,9:00p,Charlotte Hornets,113,Phoenix Suns,120,Box Score,,Box Score,,"17,071",2:16
Mon Jan 13 2025,7:00p,Minnesota Timberwolves,120,Washington Wizards,106,Box Score,,Box Score,,"14,386",2:12
Mon Jan 13 2025,7:30p,Detroit Pistons,124,New York Knicks,119,Box Score,,Box Score,,"19,812",2:17
Mon Jan 13 2025,7:30p,Golden State Warriors,101,Toronto Raptors,104,Box Score,,Box Score,,"19,165",2:12
Mon Jan 13 2025,8:00p,Memphis Grizzlies,118,Houston Rockets,120,Box Score,,Box Score,,"18,055",2:20
Mon Jan 13 2025,10:30p,Miami Heat,98,Los Angeles Clippers,109,Box Score,,Box Score,,"13,119",2:02
Mon Jan 13 2025,10:30p,San Antonio Spurs,126,Los Angeles Lakers,102,Box Score,,Box Score,,"18,737",2:14
Tue Jan 14 2025,7:00p,Cleveland Cavaliers,127,Indiana Pacers,117,Box Score,,Box Score,,"16,035",2:26
Tue Jan 14 2025,7:00p,Oklahoma City Thunder,118,Philadelphia 76ers,102,Box Score,,Box Score,,"19,771",2:05
Tue Jan 14 2025,7:30p,Phoenix Suns,117,Atlanta Hawks,122,Box Score,,Box Score,,"16,221",2:11
Tue Jan 14 2025,8:00p,New Orleans Pelicans,119,Chicago Bulls,113,Box Score,,Box Score,,"17,210",2:11
Tue Jan 14 2025,8:00p,Sacramento Kings,115,Milwaukee Bucks,130,Box Score,,Box Score,,"17,341",2:08
Tue Jan 14 2025,9:30p,Denver Nuggets,118,Dallas Mavericks,99,Box Score,,Box Score,,"19,798",2:17
Tue Jan 14 2025,10:00p,Brooklyn Nets,132,Portland Trail Blazers,114,Box Score,,Box Score,,"16,127",2:13
Wed Jan 15 2025,7:00p,New York Knicks,125,Philadelphia 76ers,119,Box Score,,Box Score,OT,"20,088",2:34
Wed Jan 15 2025,7:30p,Boston Celtics,97,Toronto Raptors,110,Box Score,,Box Score,,"18,566",2:09
Wed Jan 15 2025,8:00p,Atlanta Hawks,110,Chicago Bulls,94,Box Score,,Box Score,,"17,692",2:06
Wed Jan 15 2025,8:00p,Orlando Magic,93,Milwaukee Bucks,122,Box Score,,Box Score,,"17,341",2:13
Wed Jan 15 2025,8:00p,Dallas Mavericks,116,New Orleans Pelicans,119,Box Score,,Box Score,,"16,488",2:13
Wed Jan 15 2025,8:00p,Memphis Grizzlies,129,San Antonio Spurs,115,Box Score,,Box Score,,"18,354",2:08
Wed Jan 15 2025,9:00p,Houston Rockets,128,Denver Nuggets,108,Box Score,,Box Score,,"19,837",2:07
Wed Jan 15 2025,9:00p,Charlotte Hornets,117,Utah Jazz,112,Box Score,,Box Score,,"18,175",2:09
Wed Jan 15 2025,9:30p,Golden State Warriors,116,Minnesota Timberwolves,115,Box Score,,Box Score,,"18,978",2:34
Wed Jan 15 2025,10:00p,Miami Heat,108,Los Angeles Lakers,117,Box Score,,Box Score,,"17,005",2:03
Wed Jan 15 2025,10:30p,Brooklyn Nets,67,Los Angeles Clippers,126,Box Score,,Box Score,,"13,091",2:17
Thu Jan 16 2025,7:00p,Indiana Pacers,111,Detroit Pistons,100,Box Score,,Box Score,,"16,366",2:16
Thu Jan 16 2025,7:00p,Phoenix Suns,130,Washington Wizards,123,Box Score,,Box Score,,"15,792",2:19
Thu Jan 16 2025,7:30p,Cleveland Cavaliers,114,Oklahoma City Thunder,134,Box Score,,Box Score,,"18,203",2:12
Thu Jan 16 2025,10:00p,Los Angeles Clippers,118,Portland Trail Blazers,89,Box Score,,Box Score,,"16,374",2:09
Thu Jan 16 2025,10:00p,Houston Rockets,127,Sacramento Kings,132,Box Score,,Box Score,,"18,227",2:21
Fri Jan 17 2025,7:00p,Orlando Magic,94,Boston Celtics,121,Box Score,,Box Score,,"19,156",2:23
Fri Jan 17 2025,7:30p,Minnesota Timberwolves,116,New York Knicks,99,Box Score,,Box Score,,"19,812",2:07
Fri Jan 17 2025,8:00p,Charlotte Hornets,125,Chicago Bulls,123,Box Score,,Box Score,,"20,598",2:11
Fri Jan 17 2025,8:00p,Denver Nuggets,133,Miami Heat,113,Box Score,,Box Score,,"19,828",2:01
Fri Jan 17 2025,8:00p,Toronto Raptors,112,Milwaukee Bucks,130,Box Score,,Box Score,,"17,341",2:17
Fri Jan 17 2025,8:00p,Utah Jazz,123,New Orleans Pelicans,136,Box Score,,Box Score,,"18,321",2:23
Fri Jan 17 2025,8:30p,Oklahoma City Thunder,98,Dallas Mavericks,106,Box Score,,Box Score,,"20,311",2:31
Fri Jan 17 2025,9:30p,Memphis Grizzlies,140,San Antonio Spurs,112,Box Score,,Box Score,,"18,354",2:19
Fri Jan 17 2025,10:30p,Brooklyn Nets,101,Los Angeles Lakers,102,Box Score,,Box Score,,"18,473",2:03
Sat Jan 18 2025,4:00p,Phoenix Suns,125,Detroit Pistons,121,Box Score,,Box Score,,"20,062",2:27
Sat Jan 18 2025,7:00p,Atlanta Hawks,119,Boston Celtics,115,Box Score,,Box Score,OT,"19,156",2:40
Sat Jan 18 2025,7:00p,Philadelphia 76ers,102,Indiana Pacers,115,Box Score,,Box Score,,"17,274",2:20
Sat Jan 18 2025,8:30p,Washington Wizards,114,Golden State Warriors,122,Box Score,,Box Score,,"18,064",2:21
Sat Jan 18 2025,9:00p,Cleveland Cavaliers,124,Minnesota Timberwolves,117,Box Score,,Box Score,,"18,978",2:16
Sat Jan 18 2025,10:00p,Houston Rockets,125,Portland Trail Blazers,103,Box Score,,Box Score,,"17,077",2:05
Sun Jan 19 2025,3:00p,San Antonio Spurs,107,Miami Heat,128,Box Score,,Box Score,,"19,828",2:00
Sun Jan 19 2025,6:00p,Denver Nuggets,113,Orlando Magic,100,Box Score,,Box Score,,"18,846",2:13
Sun Jan 19 2025,7:00p,Philadelphia 76ers,109,Milwaukee Bucks,123,Box Score,,Box Score,,"17,345",2:09
Sun Jan 19 2025,7:00p,Brooklyn Nets,101,Oklahoma City Thunder,127,Box Score,,Box Score,,"18,203",2:03
Sun Jan 19 2025,9:00p,Los Angeles Lakers,102,Los Angeles Clippers,116,Box Score,,Box Score,,"17,927",2:07
Sun Jan 19 2025,9:00p,Chicago Bulls,102,Portland Trail Blazers,113,Box Score,,Box Score,,"16,976",2:18
Sun Jan 19 2025,9:00p,Washington Wizards,100,Sacramento Kings,123,Box Score,,Box Score,,"17,832",2:15
Mon Jan 20 2025,12:00p,Dallas Mavericks,105,Charlotte Hornets,110,Box Score,,Box Score,,"19,314",2:21
Mon Jan 20 2025,2:00p,Detroit Pistons,107,Houston Rockets,96,Box Score,,Box Score,,"18,055",2:04
Mon Jan 20 2025,2:30p,Minnesota Timberwolves,106,Memphis Grizzlies,108,Box Score,,Box Score,,"17,794",2:30
Mon Jan 20 2025,3:00p,Atlanta Hawks,110,New York Knicks,119,Box Score,,Box Score,,"19,812",2:24
Mon Jan 20 2025,3:30p,Phoenix Suns,92,Cleveland Cavaliers,118,Box Score,,Box Score,,"19,432",2:14
Mon Jan 20 2025,5:00p,Boston Celtics,125,Golden State Warriors,85,Box Score,,Box Score,,"18,064",2:06
Mon Jan 20 2025,8:00p,Utah Jazz,119,New Orleans Pelicans,123,Box Score,,Box Score,OT,"14,830",2:30
Mon Jan 20 2025,10:30p,Chicago Bulls,112,Los Angeles Clippers,99,Box Score,,Box Score,,"15,293",2:15
Tue Jan 21 2025,7:30p,New York Knicks,99,Brooklyn Nets,95,Box Score,,Box Score,,"17,926",2:26
Tue Jan 21 2025,7:30p,Portland Trail Blazers,116,Miami Heat,107,Box Score,,Box Score,,"19,600",2:08
Tue Jan 21 2025,7:30p,Orlando Magic,93,Toronto Raptors,109,Box Score,,Box Score,,"18,284",2:13
Tue Jan 21 2025,10:00p,Philadelphia 76ers,109,Denver Nuggets,144,Box Score,,Box Score,,"19,521",2:12
Tue Jan 21 2025,10:30p,Washington Wizards,88,Los Angeles Lakers,111,Box Score,,Box Score,,"18,672",2:08
Wed Jan 22 2025,7:30p,Detroit Pistons,114,Atlanta Hawks,104,Box Score,,Box Score,,"13,983",2:07
Wed Jan 22 2025,7:30p,Phoenix Suns,108,Brooklyn Nets,84,Box Score,,Box Score,,"17,077",2:03
Wed Jan 22 2025,7:30p,Minnesota Timberwolves,115,Dallas Mavericks,114,Box Score,,Box Score,,"20,025",2:30
Wed Jan 22 2025,8:00p,Cleveland Cavaliers,108,Houston Rockets,109,Box Score,,Box Score,,"16,719",2:16
Wed Jan 22 2025,8:00p,Charlotte Hornets,120,Memphis Grizzlies,132,Box Score,,Box Score,,"15,971",2:14
Wed Jan 22 2025,8:00p,Utah Jazz,114,Oklahoma City Thunder,123,Box Score,,Box Score,,"17,509",2:18
Wed Jan 22 2025,10:00p,Golden State Warriors,117,Sacramento Kings,123,Box Score,,Box Score,,"17,832",2:22
Wed Jan 22 2025,10:30p,Boston Celtics,117,Los Angeles Clippers,113,Box Score,,Box Score,OT,"15,342",2:40
Thu Jan 23 2025,2:00p,San Antonio Spurs,140,Indiana Pacers,110,Box Score,,Box Score,,"15,935",2:02
Thu Jan 23 2025,7:00p,Portland Trail Blazers,101,Orlando Magic,79,Box Score,,Box Score,,"19,422",2:13
Thu Jan 23 2025,7:30p,Toronto Raptors,122,Atlanta Hawks,119,Box Score,,Box Score,,"14,662",2:15
Thu Jan 23 2025,8:00p,Dallas Mavericks,121,Oklahoma City Thunder,115,Box Score,,Box Score,,"18,203",2:31
Thu Jan 23 2025,8:30p,Miami Heat,96,Milwaukee Bucks,125,Box Score,,Box Score,,"17,341",2:16
Thu Jan 23 2025,9:00p,Sacramento Kings,123,Denver Nuggets,132,Box Score,,Box Score,,"19,676",2:12
Thu Jan 23 2025,10:00p,Chicago Bulls,106,Golden State Warriors,131,Box Score,,Box Score,,"18,064",2:10
Thu Jan 23 2025,10:00p,Boston Celtics,96,Los Angeles Lakers,117,Box Score,,Box Score,,"18,997",2:08
Thu Jan 23 2025,10:30p,Washington Wizards,93,Los Angeles Clippers,110,Box Score,,Box Score,,"13,771",2:11
Fri Jan 24 2025,7:00p,Portland Trail Blazers,102,Charlotte Hornets,97,Box Score,,Box Score,,"16,228",2:20
Fri Jan 24 2025,7:00p,Cleveland Cavaliers,129,Philadelphia 76ers,132,Box Score,,Box Score,,"19,760",2:25
Fri Jan 24 2025,8:00p,New Orleans Pelicans,126,Memphis Grizzlies,139,Box Score,,Box Score,,"16,495",2:06
Sat Jan 25 2025,12:00p,Indiana Pacers,136,San Antonio Spurs,98,Box Score,,Box Score,,"15,979",2:22
Sat Jan 25 2025,3:00p,Denver Nuggets,104,Minnesota Timberwolves,133,Box Score,,Box Score,,"18,978",2:10
Sat Jan 25 2025,5:30p,Boston Celtics,122,Dallas Mavericks,107,Box Score,,Box Score,,"20,421",2:27
Sat Jan 25 2025,6:00p,Miami Heat,106,Brooklyn Nets,97,Box Score,,Box Score,,"17,962",2:49
Sat Jan 25 2025,7:00p,New Orleans Pelicans,92,Charlotte Hornets,123,Box Score,,Box Score,,"18,461",2:07
Sat Jan 25 2025,7:00p,Detroit Pistons,113,Orlando Magic,121,Box Score,,Box Score,,"19,489",2:45
Sat Jan 25 2025,7:30p,Toronto Raptors,117,Atlanta Hawks,94,Box Score,,Box Score,,"17,868",2:21
Sat Jan 25 2025,7:30p,Houston Rockets,135,Cleveland Cavaliers,131,Box Score,,Box Score,,"19,432",2:24
Sat Jan 25 2025,7:30p,Sacramento Kings,120,New York Knicks,143,Box Score,,Box Score,,"19,812",2:22
Sat Jan 25 2025,8:00p,Philadelphia 76ers,109,Chicago Bulls,97,Box Score,,Box Score,,"20,153",2:07
Sat Jan 25 2025,8:00p,Utah Jazz,103,Memphis Grizzlies,125,Box Score,,Box Score,,"17,011",2:20
Sat Jan 25 2025,8:30p,Los Angeles Lakers,118,Golden State Warriors,108,Box Score,,Box Score,,"18,064",2:16
Sat Jan 25 2025,9:00p,Washington Wizards,109,Phoenix Suns,119,Box Score,,Box Score,,"17,071",2:07
Sat Jan 25 2025,10:30p,Milwaukee Bucks,117,Los Angeles Clippers,127,Box Score,,Box Score,,"17,927",2:22
Sun Jan 26 2025,6:00p,Oklahoma City Thunder,118,Portland Trail Blazers,108,Box Score,,Box Score,,"17,619",2:19
Mon Jan 27 2025,7:00p,Los Angeles Lakers,112,Charlotte Hornets,107,Box Score,,Box Score,,"19,483",2:16
Mon Jan 27 2025,7:00p,Detroit Pistons,91,Cleveland Cavaliers,110,Box Score,,Box Score,,"19,432",2:07
Mon Jan 27 2025,7:30p,Houston Rockets,114,Boston Celtics,112,Box Score,,Box Score,,"19,156",2:19
Mon Jan 27 2025,7:30p,Sacramento Kings,110,Brooklyn Nets,96,Box Score,,Box Score,,"16,093",2:18
Mon Jan 27 2025,7:30p,Orlando Magic,119,Miami Heat,125,Box Score,,Box Score,2OT,"19,600",2:41
Mon Jan 27 2025,7:30p,Memphis Grizzlies,106,New York Knicks,143,Box Score,,Box Score,,"19,812",2:04
Mon Jan 27 2025,7:30p,New Orleans Pelicans,104,Toronto Raptors,113,Box Score,,Box Score,,"18,054",2:17
Mon Jan 27 2025,8:00p,Denver Nuggets,121,Chicago Bulls,129,Box Score,,Box Score,,"19,661",1:59
Mon Jan 27 2025,8:00p,Atlanta Hawks,92,Minnesota Timberwolves,100,Box Score,,Box Score,,"18,978",2:20
Mon Jan 27 2025,8:30p,Washington Wizards,108,Dallas Mavericks,130,Box Score,,Box Score,,"20,031",1:59
Mon Jan 27 2025,9:00p,Milwaukee Bucks,125,Utah Jazz,110,Box Score,,Box Score,,"18,175",2:13
Mon Jan 27 2025,9:30p,Los Angeles Clippers,109,Phoenix Suns,111,Box Score,,Box Score,,"17,071",2:12
Tue Jan 28 2025,7:30p,Houston Rockets,100,Atlanta Hawks,96,Box Score,,Box Score,,"15,553",2:15
Tue Jan 28 2025,7:30p,Los Angeles Lakers,104,Philadelphia 76ers,118,Box Score,,Box Score,,"19,775",2:18
Tue Jan 28 2025,10:00p,Utah Jazz,103,Golden State Warriors,114,Box Score,,Box Score,,"18,064",2:19
Tue Jan 28 2025,10:00p,Milwaukee Bucks,112,Portland Trail Blazers,125,Box Score,,Box Score,,"17,030",2:20
Wed Jan 29 2025,7:00p,Brooklyn Nets,104,Charlotte Hornets,83,Box Score,,Box Score,,"14,307",2:09
Wed Jan 29 2025,7:00p,Detroit Pistons,119,Indiana Pacers,133,Box Score,,Box Score,,"16,275",2:23
Wed Jan 29 2025,7:00p,Toronto Raptors,106,Washington Wizards,82,Box Score,,Box Score,,"13,713",2:19
Wed Jan 29 2025,7:30p,Chicago Bulls,100,Boston Celtics,122,Box Score,,Box Score,,"19,156",2:07
Wed Jan 29 2025,7:30p,Cleveland Cavaliers,126,Miami Heat,106,Box Score,,Box Score,,"19,600",2:00
Wed Jan 29 2025,7:30p,Denver Nuggets,112,New York Knicks,122,Box Score,,Box Score,,"19,812",2:20
Wed Jan 29 2025,7:30p,Sacramento Kings,104,Philadelphia 76ers,117,Box Score,,Box Score,,"19,770",2:08
Wed Jan 29 2025,8:00p,Dallas Mavericks,137,New Orleans Pelicans,136,Box Score,,Box Score,,"15,656",2:14
Wed Jan 29 2025,8:00p,Los Angeles Clippers,128,San Antonio Spurs,116,Box Score,,Box Score,,"18,354",2:09
Wed Jan 29 2025,9:00p,Minnesota Timberwolves,121,Phoenix Suns,113,Box Score,,Box Score,,"17,071",2:25
Wed Jan 29 2025,10:00p,Oklahoma City Thunder,109,Golden State Warriors,116,Box Score,,Box Score,,"18,064",2:30
Thu Jan 30 2025,7:00p,Atlanta Hawks,115,Cleveland Cavaliers,137,Box Score,,Box Score,,"19,432",2:11
Thu Jan 30 2025,7:00p,Los Angeles Lakers,134,Washington Wizards,96,Box Score,,Box Score,,"17,491",2:14
Thu Jan 30 2025,9:00p,Minnesota Timberwolves,138,Utah Jazz,113,Box Score,,Box Score,,"18,175",2:12
Thu Jan 30 2025,9:30p,Houston Rockets,119,Memphis Grizzlies,120,Box Score,,Box Score,,"16,257",2:29
Thu Jan 30 2025,10:00p,Orlando Magic,90,Portland Trail Blazers,119,Box Score,,Box Score,,"16,217",2:19
Fri Jan 31 2025,7:00p,Los Angeles Clippers,112,Charlotte Hornets,104,Box Score,,Box Score,,"15,342",2:14
Fri Jan 31 2025,7:00p,Dallas Mavericks,102,Detroit Pistons,117,Box Score,,Box Score,,"20,062",2:06
Fri Jan 31 2025,7:30p,Denver Nuggets,137,Philadelphia 76ers,134,Box Score,,Box Score,,"19,764",2:19
Fri Jan 31 2025,7:30p,Chicago Bulls,122,Toronto Raptors,106,Box Score,,Box Score,,"19,365",2:06
Fri Jan 31 2025,8:00p,Boston Celtics,118,New Orleans Pelicans,116,Box Score,,Box Score,,"16,432",2:16
Fri Jan 31 2025,8:00p,Milwaukee Bucks,118,San Antonio Spurs,144,Box Score,,Box Score,,"17,804",2:21
Fri Jan 31 2025,10:00p,Phoenix Suns,130,Golden State Warriors,105,Box Score,,Box Score,,"18,064",
Sat Feb 01 2025,5:00p,Atlanta Hawks,127,Indiana Pacers,132,Box Score,,Box Score,,"17,274",2:28
Sat Feb 01 2025,5:00p,Orlando Magic,99,Utah Jazz,113,Box Score,,Box Score,,"18,175",2:16
Sat Feb 01 2025,7:00p,Denver Nuggets,107,Charlotte Hornets,104,Box Score,,Box Score,,"19,106",2:10
Sat Feb 01 2025,8:00p,Brooklyn Nets,110,Houston Rockets,98,Box Score,,Box Score,,"18,055",2:12
Sat Feb 01 2025,8:00p,Washington Wizards,105,Minnesota Timberwolves,103,Box Score,,Box Score,,"18,978",2:16
Sat Feb 01 2025,8:00p,Sacramento Kings,110,Oklahoma City Thunder,144,Box Score,,Box Score,,"18,203",2:02
Sat Feb 01 2025,8:30p,Los Angeles Lakers,128,New York Knicks,112,Box Score,,Box Score,,"19,812",2:18
Sat Feb 01 2025,8:30p,Miami Heat,105,San Antonio Spurs,103,Box Score,,Box Score,,"18,354",2:09
Sat Feb 01 2025,10:00p,Phoenix Suns,108,Portland Trail Blazers,127,Box Score,,Box Score,,"17,421",2:11
Sun Feb 02 2025,3:00p,Chicago Bulls,119,Detroit Pistons,127,Box Score,,Box Score,,"20,062",2:08
Sun Feb 02 2025,3:30p,Dallas Mavericks,101,Cleveland Cavaliers,144,Box Score,,Box Score,,"19,432",1:59
Sun Feb 02 2025,3:30p,Los Angeles Clippers,108,Toronto Raptors,115,Box Score,,Box Score,,"18,874",2:04
Sun Feb 02 2025,6:00p,Boston Celtics,118,Philadelphia 76ers,110,Box Score,,Box Score,,"19,766",2:22
Sun Feb 02 2025,8:30p,Memphis Grizzlies,132,Milwaukee Bucks,119,Box Score,,Box Score,,"17,341",2:18
Mon Feb 03 2025,7:00p,Washington Wizards,124,Charlotte Hornets,114,Box Score,,Box Score,,"14,129",2:13
Mon Feb 03 2025,7:00p,Atlanta Hawks,132,Detroit Pistons,130,Box Score,,Box Score,,"15,988",2:28
Mon Feb 03 2025,7:30p,Houston Rockets,118,New York Knicks,124,Box Score,,Box Score,,"19,812",2:29
Mon Feb 03 2025,8:00p,San Antonio Spurs,109,Memphis Grizzlies,128,Box Score,,Box Score,,"16,575",2:48
Mon Feb 03 2025,8:00p,Sacramento Kings,116,Minnesota Timberwolves,114,Box Score,,Box Score,,"18,978",2:16
Mon Feb 03 2025,8:00p,Milwaukee Bucks,96,Oklahoma City Thunder,125,Box Score,,Box Score,,"17,677",2:00
Mon Feb 03 2025,9:00p,New Orleans Pelicans,113,Denver Nuggets,125,Box Score,,Box Score,,"19,587",2:09
Mon Feb 03 2025,9:00p,Indiana Pacers,112,Utah Jazz,111,Box Score,,Box Score,,"18,175",2:23
Mon Feb 03 2025,10:00p,Orlando Magic,99,Golden State Warriors,104,Box Score,,Box Score,,"18,064",2:19
Mon Feb 03 2025,10:00p,Phoenix Suns,119,Portland Trail Blazers,121,Box Score,,Box Score,OT,"16,205",2:34
Tue Feb 04 2025,7:00p,Dallas Mavericks,116,Philadelphia 76ers,118,Box Score,,Box Score,,"19,756",2:17
Tue Feb 04 2025,7:30p,Houston Rockets,97,Brooklyn Nets,99,Box Score,,Box Score,,"16,564",2:22
Tue Feb 04 2025,7:30p,Boston Celtics,112,Cleveland Cavaliers,105,Box Score,,Box Score,,"19,432",2:26
Tue Feb 04 2025,7:30p,New York Knicks,121,Toronto Raptors,115,Box Score,,Box Score,,"17,398",2:15
Tue Feb 04 2025,8:00p,Miami Heat,124,Chicago Bulls,133,Box Score,,Box Score,,"19,389",2:11
Tue Feb 04 2025,10:00p,Los Angeles Lakers,122,Los Angeles Clippers,97,Box Score,,Box Score,,"17,927",2:13
Tue Feb 04 2025,10:00p,Indiana Pacers,89,Portland Trail Blazers,112,Box Score,,Box Score,,"16,005",2:10
Wed Feb 05 2025,7:00p,San Antonio Spurs,126,Atlanta Hawks,125,Box Score,,Box Score,,"17,191",2:19
Wed Feb 05 2025,7:00p,Milwaukee Bucks,112,Charlotte Hornets,102,Box Score,,Box Score,,"14,385",2:00
Wed Feb 05 2025,7:00p,Cleveland Cavaliers,118,Detroit Pistons,115,Box Score,,Box Score,,"18,734",2:34
Wed Feb 05 2025,7:30p,Washington Wizards,119,Brooklyn Nets,102,Box Score,,Box Score,,"16,035",2:11
Wed Feb 05 2025,7:30p,Miami Heat,108,Philadelphia 76ers,101,Box Score,,Box Score,,"19,770",2:18
Wed Feb 05 2025,7:30p,Memphis Grizzlies,138,Toronto Raptors,107,Box Score,,Box Score,,"18,337",2:13
Wed Feb 05 2025,8:00p,Chicago Bulls,108,Minnesota Timberwolves,127,Box Score,,Box Score,,"18,978",2:17
Wed Feb 05 2025,9:00p,New Orleans Pelicans,119,Denver Nuggets,144,Box Score,,Box Score,,"19,526",2:06
Wed Feb 05 2025,9:00p,Golden State Warriors,128,Utah Jazz,131,Box Score,,Box Score,,"18,175",2:27
Wed Feb 05 2025,9:30p,Phoenix Suns,109,Oklahoma City Thunder,140,Box Score,,Box Score,,"17,451",2:19
Wed Feb 05 2025,10:00p,Orlando Magic,130,Sacramento Kings,111,Box Score,,Box Score,,"18,074",2:13
Thu Feb 06 2025,7:30p,Dallas Mavericks,127,Boston Celtics,120,Box Score,,Box Score,,"19,156",2:09
Thu Feb 06 2025,8:00p,Houston Rockets,114,Minnesota Timberwolves,127,Box Score,,Box Score,,"18,978",2:18
Thu Feb 06 2025,9:00p,Orlando Magic,90,Denver Nuggets,112,Box Score,,Box Score,,"19,616",2:09
Thu Feb 06 2025,10:00p,Golden State Warriors,112,Los Angeles Lakers,120,Box Score,,Box Score,,"18,997",2:30
Thu Feb 06 2025,10:00p,Sacramento Kings,102,Portland Trail Blazers,108,Box Score,,Box Score,,"16,953",2:08
Thu Feb 06 2025,10:30p,Indiana Pacers,119,Los Angeles Clippers,112,Box Score,,Box Score,,"13,458",2:14
Fri Feb 07 2025,7:00p,San Antonio Spurs,116,Charlotte Hornets,117,Box Score,,Box Score,,"19,290",2:20
Fri Feb 07 2025,7:00p,Cleveland Cavaliers,134,Washington Wizards,124,Box Score,,Box Score,,"20,385",2:19
Fri Feb 07 2025,7:30p,Milwaukee Bucks,110,Atlanta Hawks,115,Box Score,,Box Score,,"16,378",2:11
Fri Feb 07 2025,7:30p,Miami Heat,86,Brooklyn Nets,102,Box Score,,Box Score,,"17,926",2:11
Fri Feb 07 2025,7:30p,Philadelphia 76ers,112,Detroit Pistons,125,Box Score,,Box Score,,"19,241",2:29
Fri Feb 07 2025,8:00p,Toronto Raptors,109,Oklahoma City Thunder,121,Box Score,,Box Score,,"18,203",2:18
Fri Feb 07 2025,10:00p,Utah Jazz,127,Phoenix Suns,135,Box Score,,Box Score,OT,"17,071",2:24
Sat Feb 08 2025,3:00p,Houston Rockets,105,Dallas Mavericks,116,Box Score,,Box Score,,"20,303",2:25
Sat Feb 08 2025,4:00p,Indiana Pacers,117,Los Angeles Lakers,124,Box Score,,Box Score,,"18,997",2:37
Sat Feb 08 2025,7:00p,San Antonio Spurs,111,Orlando Magic,112,Box Score,,Box Score,,"19,354",2:11
Sat Feb 08 2025,7:00p,Atlanta Hawks,125,Washington Wizards,111,Box Score,,Box Score,,"16,835",2:08
Sat Feb 08 2025,8:00p,Golden State Warriors,132,Chicago Bulls,111,Box Score,,Box Score,,"21,297",2:22
Sat Feb 08 2025,8:00p,Oklahoma City Thunder,125,Memphis Grizzlies,112,Box Score,,Box Score,,"17,794",2:20
Sat Feb 08 2025,8:00p,Portland Trail Blazers,98,Minnesota Timberwolves,114,Box Score,,Box Score,,"18,978",2:16
Sat Feb 08 2025,8:30p,Boston Celtics,131,New York Knicks,104,Box Score,,Box Score,,"19,812",2:13
Sat Feb 08 2025,9:00p,Denver Nuggets,122,Phoenix Suns,105,Box Score,,Box Score,,"17,071",2:04
Sat Feb 08 2025,10:00p,New Orleans Pelicans,118,Sacramento Kings,123,Box Score,,Box Score,,"17,832",2:25
Sat Feb 08 2025,10:30p,Utah Jazz,110,Los Angeles Clippers,130,Box Score,,Box Score,,"15,892",2:09
Sun Feb 09 2025,1:00p,Charlotte Hornets,102,Detroit Pistons,112,Box Score,,Box Score,,"18,740",2:15
Sun Feb 09 2025,2:00p,Toronto Raptors,87,Houston Rockets,94,Box Score,,Box Score,,"16,829",2:18
Sun Feb 09 2025,2:00p,Philadelphia 76ers,127,Milwaukee Bucks,135,Box Score,,Box Score,,"17,341",2:20
Mon Feb 10 2025,7:00p,Minnesota Timberwolves,107,Cleveland Cavaliers,128,Box Score,,Box Score,,"19,432",2:13
Mon Feb 10 2025,7:00p,Atlanta Hawks,112,Orlando Magic,106,Box Score,,Box Score,,"18,055",2:21
Mon Feb 10 2025,7:00p,San Antonio Spurs,131,Washington Wizards,121,Box Score,,Box Score,,"17,446",2:18
Mon Feb 10 2025,7:30p,Charlotte Hornets,89,Brooklyn Nets,97,Box Score,,Box Score,,"16,013",2:14
Mon Feb 10 2025,7:30p,Boston Celtics,103,Miami Heat,85,Box Score,,Box Score,,"19,961",1:53
Mon Feb 10 2025,8:00p,Golden State Warriors,125,Milwaukee Bucks,111,Box Score,,Box Score,,"17,341",2:23
Mon Feb 10 2025,8:00p,New Orleans Pelicans,101,Oklahoma City Thunder,137,Box Score,,Box Score,,"17,340",2:09
Mon Feb 10 2025,8:30p,Sacramento Kings,129,Dallas Mavericks,128,Box Score,,Box Score,OT,"19,726",2:33
Mon Feb 10 2025,9:00p,Portland Trail Blazers,117,Denver Nuggets,146,Box Score,,Box Score,,"19,535",2:10
Mon Feb 10 2025,10:30p,Utah Jazz,113,Los Angeles Lakers,132,Box Score,,Box Score,,"18,997",2:14
Tue Feb 11 2025,7:00p,Toronto Raptors,106,Philadelphia 76ers,103,Box Score,,Box Score,,"19,767",2:08
Tue Feb 11 2025,7:30p,New York Knicks,128,Indiana Pacers,115,Box Score,,Box Score,,"16,685",2:26
Tue Feb 11 2025,8:00p,Detroit Pistons,132,Chicago Bulls,92,Box Score,,Box Score,,"18,321",2:01
Tue Feb 11 2025,10:00p,Memphis Grizzlies,119,Phoenix Suns,112,Box Score,,Box Score,,"17,071",2:30
Wed Feb 12 2025,7:00p,San Antonio Spurs,103,Boston Celtics,116,Box Score,,Box Score,,"19,156",2:06
Wed Feb 12 2025,7:00p,Charlotte Hornets,86,Orlando Magic,102,Box Score,,Box Score,,"18,947",2:04
Wed Feb 12 2025,7:00p,Indiana Pacers,134,Washington Wizards,130,Box Score,,Box Score,OT,"11,457",2:35
Wed Feb 12 2025,7:30p,Philadelphia 76ers,96,Brooklyn Nets,100,Box Score,,Box Score,,"16,133",2:16
Wed Feb 12 2025,7:30p,Atlanta Hawks,148,New York Knicks,149,Box Score,,Box Score,OT,"19,812",2:54
Wed Feb 12 2025,7:30p,Cleveland Cavaliers,131,Toronto Raptors,108,Box Score,,Box Score,,"16,549",2:05
Wed Feb 12 2025,8:00p,Detroit Pistons,128,Chicago Bulls,110,Box Score,,Box Score,,"18,916",2:20
Wed Feb 12 2025,8:00p,Milwaukee Bucks,103,Minnesota Timberwolves,101,Box Score,,Box Score,,"18,978",2:06
Wed Feb 12 2025,8:00p,Sacramento Kings,119,New Orleans Pelicans,111,Box Score,,Box Score,,"17,444",2:14
Wed Feb 12 2025,8:00p,Miami Heat,101,Oklahoma City Thunder,115,Box Score,,Box Score,,"17,835",2:10
Wed Feb 12 2025,8:30p,Phoenix Suns,111,Houston Rockets,119,Box Score,,Box Score,,"16,227",2:06
Wed Feb 12 2025,9:00p,Portland Trail Blazers,121,Denver Nuggets,132,Box Score,,Box Score,,"19,901",2:13
Wed Feb 12 2025,9:00p,Los Angeles Lakers,119,Utah Jazz,131,Box Score,,Box Score,,"18,175",2:11
Wed Feb 12 2025,9:30p,Golden State Warriors,107,Dallas Mavericks,111,Box Score,,Box Score,,"20,311",2:29
Wed Feb 12 2025,10:30p,Memphis Grizzlies,114,Los Angeles Clippers,128,Box Score,,Box Score,,"14,997",2:13
Thu Feb 13 2025,8:00p,Golden State Warriors,105,Houston Rockets,98,Box Score,,Box Score,,"18,055",2:17
Thu Feb 13 2025,8:00p,Sacramento Kings,133,New Orleans Pelicans,140,Box Score,,Box Score,OT,"16,686",2:39
Thu Feb 13 2025,8:30p,Miami Heat,113,Dallas Mavericks,118,Box Score,,Box Score,,"19,935",2:11
Thu Feb 13 2025,8:30p,Oklahoma City Thunder,101,Minnesota Timberwolves,116,Box Score,,Box Score,,"18,978",2:20
Thu Feb 13 2025,9:00p,Los Angeles Clippers,120,Utah Jazz,116,Box Score,,Box Score,OT,"18,175",2:40
Wed Feb 19 2025,10:00p,Charlotte Hornets,100,Los Angeles Lakers,97,Box Score,,Box Score,,"18,997",2:15
Thu Feb 20 2025,7:00p,Memphis Grizzlies,113,Indiana Pacers,127,Box Score,,Box Score,,"17,274",2:13
Thu Feb 20 2025,7:00p,Boston Celtics,124,Philadelphia 76ers,104,Box Score,,Box Score,,"19,752",2:09
Thu Feb 20 2025,7:30p,Orlando Magic,114,Atlanta Hawks,108,Box Score,,Box Score,,"16,436",2:28
Thu Feb 20 2025,7:30p,Cleveland Cavaliers,110,Brooklyn Nets,97,Box Score,,Box Score,,"17,926",2:19
Thu Feb 20 2025,7:30p,Chicago Bulls,111,New York Knicks,113,Box Score,,Box Score,OT,"19,812",2:22
Thu Feb 20 2025,8:00p,Los Angeles Clippers,110,Milwaukee Bucks,116,Box Score,,Box Score,,"17,341",2:20
Thu Feb 20 2025,9:00p,Charlotte Hornets,115,Denver Nuggets,129,Box Score,,Box Score,,"19,870",1:58
Thu Feb 20 2025,9:30p,Phoenix Suns,109,San Antonio Spurs,120,Box Score,,Box Score,,"16,246",2:25
Thu Feb 20 2025,10:00p,Los Angeles Lakers,110,Portland Trail Blazers,102,Box Score,,Box Score,,"19,399",2:21
Fri Feb 21 2025,7:00p,New York Knicks,105,Cleveland Cavaliers,142,Box Score,,Box Score,,"19,432",2:09
Fri Feb 21 2025,7:00p,Memphis Grizzlies,105,Orlando Magic,104,Box Score,,Box Score,,"18,945",2:26
Fri Feb 21 2025,7:00p,Milwaukee Bucks,104,Washington Wizards,101,Box Score,,Box Score,,"18,865",2:23
Fri Feb 21 2025,7:30p,Miami Heat,120,Toronto Raptors,111,Box Score,,Box Score,OT,"19,584",2:19
Fri Feb 21 2025,8:30p,New Orleans Pelicans,103,Dallas Mavericks,111,Box Score,,Box Score,,"20,125",2:15
Fri Feb 21 2025,8:30p,Detroit Pistons,125,San Antonio Spurs,110,Box Score,,Box Score,,"16,143",2:11
Fri Feb 21 2025,9:30p,Minnesota Timberwolves,115,Houston Rockets,121,Box Score,,Box Score,,"18,055",2:33
Fri Feb 21 2025,9:30p,Oklahoma City Thunder,130,Utah Jazz,107,Box Score,,Box Score,,"18,175",2:03
Fri Feb 21 2025,10:00p,Golden State Warriors,132,Sacramento Kings,108,Box Score,,Box Score,,"18,098",2:08
Sat Feb 22 2025,5:00p,Phoenix Suns,121,Chicago Bulls,117,Box Score,,Box Score,,"21,116",2:06
Sat Feb 22 2025,7:30p,Brooklyn Nets,105,Philadelphia 76ers,103,Box Score,,Box Score,,"20,431",2:14
Sat Feb 22 2025,8:30p,Los Angeles Lakers,123,Denver Nuggets,100,Box Score,,Box Score,,"19,998",2:24
Sat Feb 22 2025,9:30p,Houston Rockets,115,Utah Jazz,124,Box Score,,Box Score,,"18,175",2:08
Sat Feb 22 2025,10:00p,Charlotte Hornets,88,Portland Trail Blazers,141,Box Score,,Box Score,,"18,501",2:04
Sun Feb 23 2025,1:00p,New York Knicks,105,Boston Celtics,118,Box Score,,Box Score,,"19,156",2:06
Sun Feb 23 2025,3:30p,Dallas Mavericks,102,Golden State Warriors,126,Box Score,,Box Score,,"18,064",2:15
Sun Feb 23 2025,5:00p,Los Angeles Clippers,111,Indiana Pacers,129,Box Score,,Box Score,,"16,950",2:19
Sun Feb 23 2025,6:00p,Detroit Pistons,148,Atlanta Hawks,143,Box Score,,Box Score,,"17,051",2:30
Sun Feb 23 2025,6:00p,Miami Heat,113,Milwaukee Bucks,120,Box Score,,Box Score,,"17,442",2:18
Sun Feb 23 2025,6:00p,Washington Wizards,90,Orlando Magic,110,Box Score,,Box Score,,"18,712",2:20
Sun Feb 23 2025,6:00p,Phoenix Suns,109,Toronto Raptors,127,Box Score,,Box Score,,"18,989",2:15
Sun Feb 23 2025,7:00p,Memphis Grizzlies,123,Cleveland Cavaliers,129,Box Score,,Box Score,,"19,432",2:41
Sun Feb 23 2025,7:00p,San Antonio Spurs,96,New Orleans Pelicans,114,Box Score,,Box Score,,"17,399",2:16
Sun Feb 23 2025,9:30p,Oklahoma City Thunder,130,Minnesota Timberwolves,123,Box Score,,Box Score,,"18,978",2:25
Mon Feb 24 2025,7:00p,Los Angeles Clippers,97,Detroit Pistons,106,Box Score,,Box Score,,"18,989",2:25
Mon Feb 24 2025,7:00p,Denver Nuggets,125,Indiana Pacers,116,Box Score,,Box Score,,"16,549",2:09
Mon Feb 24 2025,7:00p,Chicago Bulls,142,Philadelphia 76ers,110,Box Score,,Box Score,,"19,765",2:20
Mon Feb 24 2025,7:00p,Brooklyn Nets,99,Washington Wizards,107,Box Score,,Box Score,,"13,785",2:34
Mon Feb 24 2025,7:30p,Miami Heat,86,Atlanta Hawks,98,Box Score,,Box Score,,"16,189",2:14
Mon Feb 24 2025,8:00p,Minnesota Timberwolves,131,Oklahoma City Thunder,128,Box Score,,Box Score,OT,"18,203",2:35
Mon Feb 24 2025,9:00p,Portland Trail Blazers,114,Utah Jazz,112,Box Score,,Box Score,,"18,175",2:25
Mon Feb 24 2025,10:00p,Charlotte Hornets,88,Sacramento Kings,130,Box Score,,Box Score,,"17,832",2:13
Tue Feb 25 2025,7:00p,Boston Celtics,111,Toronto Raptors,101,Box Score,,Box Score,,"18,134",2:02
Tue Feb 25 2025,7:30p,Cleveland Cavaliers,122,Orlando Magic,82,Box Score,,Box Score,,"18,846",2:07
Tue Feb 25 2025,8:00p,Milwaukee Bucks,97,Houston Rockets,100,Box Score,,Box Score,,"18,055",2:14
Tue Feb 25 2025,8:00p,Phoenix Suns,148,Memphis Grizzlies,151,Box Score,,Box Score,OT,"16,202",2:38
Tue Feb 25 2025,8:00p,San Antonio Spurs,103,New Orleans Pelicans,109,Box Score,,Box Score,,"16,767",2:20
Tue Feb 25 2025,10:00p,Charlotte Hornets,92,Golden State Warriors,128,Box Score,,Box Score,,"18,064",2:05
Tue Feb 25 2025,10:00p,Dallas Mavericks,99,Los Angeles Lakers,107,Box Score,,Box Score,,"18,997",2:16
Wed Feb 26 2025,7:00p,Boston Celtics,97,Detroit Pistons,117,Box Score,,Box Score,,"20,062",2:01
Wed Feb 26 2025,7:00p,Toronto Raptors,91,Indiana Pacers,111,Box Score,,Box Score,,"16,596",2:05
Wed Feb 26 2025,7:00p,Philadelphia 76ers,105,New York Knicks,110,Box Score,,Box Score,,"19,812",2:25
Wed Feb 26 2025,7:00p,Portland Trail Blazers,129,Washington Wizards,121,Box Score,,Box Score,,"12,943",2:29
Wed Feb 26 2025,7:30p,Oklahoma City Thunder,129,Brooklyn Nets,121,Box Score,,Box Score,,"17,926",2:30
Wed Feb 26 2025,7:30p,Atlanta Hawks,109,Miami Heat,131,Box Score,,Box Score,,"19,600",2:02
Wed Feb 26 2025,8:00p,Los Angeles Clippers,122,Chicago Bulls,117,Box Score,,Box Score,,"20,356",2:04
Wed Feb 26 2025,9:00p,Sacramento Kings,118,Utah Jazz,101,Box Score,,Box Score,,"18,175",2:03
Wed Feb 26 2025,9:30p,San Antonio Spurs,106,Houston Rockets,118,Box Score,,Box Score,,"18,055",2:11
Thu Feb 27 2025,7:00p,Golden State Warriors,121,Orlando Magic,115,Box Score,,Box Score,,"18,846",2:22
Thu Feb 27 2025,8:00p,Denver Nuggets,112,Milwaukee Bucks,121,Box Score,,Box Score,,"17,566",2:15
Thu Feb 27 2025,8:30p,Charlotte Hornets,96,Dallas Mavericks,103,Box Score,,Box Score,,"20,009",2:08
Thu Feb 27 2025,9:00p,New Orleans Pelicans,124,Phoenix Suns,116,Box Score,,Box Score,,"17,071",1:58
Thu Feb 27 2025,10:30p,Minnesota Timberwolves,102,Los Angeles Lakers,111,Box Score,,Box Score,,"18,997",2:28
Fri Feb 28 2025,7:00p,Denver Nuggets,134,Detroit Pistons,119,Box Score,,Box Score,,"20,062",2:14
Fri Feb 28 2025,7:30p,Oklahoma City Thunder,135,Atlanta Hawks,119,Box Score,,Box Score,,"17,712",2:04
Fri Feb 28 2025,7:30p,Cleveland Cavaliers,123,Boston Celtics,116,Box Score,,Box Score,,"19,156",2:15
Fri Feb 28 2025,7:30p,Portland Trail Blazers,121,Brooklyn Nets,102,Box Score,,Box Score,,"18,018",2:20
Fri Feb 28 2025,8:00p,Toronto Raptors,115,Chicago Bulls,125,Box Score,,Box Score,OT,"20,938",2:34
Fri Feb 28 2025,8:00p,New York Knicks,114,Memphis Grizzlies,113,Box Score,,Box Score,,"17,794",2:18
Fri Feb 28 2025,8:00p,Indiana Pacers,120,Miami Heat,125,Box Score,,Box Score,,"19,850",2:07
Fri Feb 28 2025,9:00p,New Orleans Pelicans,108,Phoenix Suns,125,Box Score,,Box Score,,"17,071",2:03
Fri Feb 28 2025,9:30p,Minnesota Timberwolves,116,Utah Jazz,117,Box Score,,Box Score,,"18,175",2:02
Fri Feb 28 2025,10:00p,Los Angeles Clippers,102,Los Angeles Lakers,106,Box Score,,Box Score,,"18,997",2:25
Sat Mar 01 2025,6:00p,Washington Wizards,113,Charlotte Hornets,100,Box Score,,Box Score,,"17,904",1:59
Sat Mar 01 2025,7:00p,Brooklyn Nets,94,Detroit Pistons,115,Box Score,,Box Score,,"20,062",2:23
Sat Mar 01 2025,8:00p,Sacramento Kings,113,Houston Rockets,103,Box Score,,Box Score,,"18,055",2:10
Sat Mar 01 2025,8:00p,San Antonio Spurs,130,Memphis Grizzlies,128,Box Score,,Box Score,,"16,822",2:18
Sat Mar 01 2025,8:30p,Milwaukee Bucks,132,Dallas Mavericks,117,Box Score,,Box Score,,"20,272",2:16
Sat Mar 01 2025,8:30p,Golden State Warriors,119,Philadelphia 76ers,126,Box Score,,Box Score,,"20,159",2:30
Sun Mar 02 2025,1:00p,Denver Nuggets,103,Boston Celtics,110,Box Score,,Box Score,,"19,156",2:18
Sun Mar 02 2025,3:30p,Portland Trail Blazers,129,Cleveland Cavaliers,133,Box Score,,Box Score,OT,"19,432",2:51
Sun Mar 02 2025,5:00p,Chicago Bulls,112,Indiana Pacers,127,Box Score,,Box Score,,"17,028",2:05
Sun Mar 02 2025,6:00p,New York Knicks,116,Miami Heat,112,Box Score,,Box Score,OT,"19,725",2:32
Sun Mar 02 2025,6:00p,Toronto Raptors,104,Orlando Magic,102,Box Score,,Box Score,,"19,015",2:38
Sun Mar 02 2025,7:00p,Oklahoma City Thunder,146,San Antonio Spurs,132,Box Score,,Box Score,,"17,745",2:21
Sun Mar 02 2025,8:00p,New Orleans Pelicans,128,Utah Jazz,121,Box Score,,Box Score,,"18,175",2:10
Sun Mar 02 2025,9:30p,Los Angeles Clippers,102,Los Angeles Lakers,108,Box Score,,Box Score,,"18,997",2:14
Sun Mar 02 2025,9:30p,Minnesota Timberwolves,116,Phoenix Suns,98,Box Score,,Box Score,,"17,071",2:18
Mon Mar 03 2025,7:00p,Golden State Warriors,119,Charlotte Hornets,101,Box Score,,Box Score,,"19,223",2:24
Mon Mar 03 2025,7:00p,Portland Trail Blazers,119,Philadelphia 76ers,102,Box Score,,Box Score,,"19,776",2:01
Mon Mar 03 2025,7:30p,Washington Wizards,90,Miami Heat,106,Box Score,,Box Score,,"19,600",2:09
Mon Mar 03 2025,8:00p,Atlanta Hawks,132,Memphis Grizzlies,130,Box Score,,Box Score,,"15,719",2:13
Mon Mar 03 2025,8:00p,Houston Rockets,128,Oklahoma City Thunder,137,Box Score,,Box Score,,"17,714",2:06
Mon Mar 03 2025,8:30p,Sacramento Kings,122,Dallas Mavericks,98,Box Score,,Box Score,,"19,711",2:05
Mon Mar 03 2025,9:00p,Detroit Pistons,134,Utah Jazz,106,Box Score,,Box Score,,"18,175",2:19
Tue Mar 04 2025,7:00p,Houston Rockets,102,Indiana Pacers,115,Box Score,,Box Score,,"15,513",2:09
Tue Mar 04 2025,7:00p,Toronto Raptors,114,Orlando Magic,113,Box Score,,Box Score,,"17,406",2:42
Tue Mar 04 2025,7:30p,Milwaukee Bucks,127,Atlanta Hawks,121,Box Score,,Box Score,,"16,008",2:12
Tue Mar 04 2025,7:30p,Golden State Warriors,114,New York Knicks,102,Box Score,,Box Score,,"19,812",2:22
Tue Mar 04 2025,8:00p,Cleveland Cavaliers,139,Chicago Bulls,117,Box Score,,Box Score,,"20,943",2:21
Tue Mar 04 2025,8:00p,Philadelphia 76ers,112,Minnesota Timberwolves,126,Box Score,,Box Score,,"17,297",2:11
Tue Mar 04 2025,8:30p,Brooklyn Nets,113,San Antonio Spurs,127,Box Score,,Box Score,,"16,703",2:05
Tue Mar 04 2025,10:00p,Los Angeles Clippers,117,Phoenix Suns,119,Box Score,,Box Score,,"17,071",2:26
Tue Mar 04 2025,10:30p,New Orleans Pelicans,115,Los Angeles Lakers,136,Box Score,,Box Score,,"18,997",2:10
Wed Mar 05 2025,7:00p,Portland Trail Blazers,118,Boston Celtics,128,Box Score,,Box Score,,"19,156",2:05
Wed Mar 05 2025,7:00p,Minnesota Timberwolves,125,Charlotte Hornets,110,Box Score,,Box Score,,"17,578",2:10
Wed Mar 05 2025,7:00p,Miami Heat,107,Cleveland Cavaliers,112,Box Score,,Box Score,,"19,432",2:19
Wed Mar 05 2025,7:00p,Utah Jazz,122,Washington Wizards,125,Box Score,,Box Score,,"14,761",2:20
Wed Mar 05 2025,8:00p,Dallas Mavericks,107,Milwaukee Bucks,137,Box Score,,Box Score,,"17,341",1:55
Wed Mar 05 2025,9:00p,Sacramento Kings,110,Denver Nuggets,116,Box Score,,Box Score,,"19,618",2:18
Wed Mar 05 2025,9:30p,Oklahoma City Thunder,120,Memphis Grizzlies,103,Box Score,,Box Score,,"16,723",2:26
Wed Mar 05 2025,10:30p,Detroit Pistons,115,Los Angeles Clippers,123,Box Score,,Box Score,,"17,927",2:14
Thu Mar 06 2025,7:00p,Chicago Bulls,125,Orlando Magic,123,Box Score,,Box Score,,"17,717",2:37
Thu Mar 06 2025,7:30p,Indiana Pacers,118,Atlanta Hawks,124,Box Score,,Box Score,,"15,656",2:14
Thu Mar 06 2025,7:30p,Philadelphia 76ers,105,Boston Celtics,123,Box Score,,Box Score,,"19,156",2:12
Thu Mar 06 2025,7:30p,Golden State Warriors,121,Brooklyn Nets,119,Box Score,,Box Score,,"18,413",2:30
Thu Mar 06 2025,8:00p,Houston Rockets,109,New Orleans Pelicans,97,Box Score,,Box Score,,"17,636",2:21
Thu Mar 06 2025,10:00p,New York Knicks,109,Los Angeles Lakers,113,Box Score,,Box Score,OT,"18,997",2:52
Fri Mar 07 2025,7:00p,Cleveland Cavaliers,118,Charlotte Hornets,117,Box Score,,Box Score,,"19,296",2:34
Fri Mar 07 2025,7:30p,Memphis Grizzlies,122,Dallas Mavericks,111,Box Score,,Box Score,,"20,010",2:12
Fri Mar 07 2025,7:30p,Utah Jazz,109,Toronto Raptors,118,Box Score,,Box Score,,"18,258",2:19
Fri Mar 07 2025,8:00p,Minnesota Timberwolves,106,Miami Heat,104,Box Score,,Box Score,,"19,700",2:11
Fri Mar 07 2025,8:00p,Portland Trail Blazers,89,Oklahoma City Thunder,107,Box Score,,Box Score,,"17,911",2:07
Fri Mar 07 2025,10:00p,Phoenix Suns,141,Denver Nuggets,149,Box Score,,Box Score,OT,"19,808",2:34
Fri Mar 07 2025,10:00p,San Antonio Spurs,109,Sacramento Kings,127,Box Score,,Box Score,,"18,332",2:12
Fri Mar 07 2025,10:30p,New York Knicks,95,Los Angeles Clippers,105,Box Score,,Box Score,,"17,927",2:12
Sat Mar 08 2025,6:00p,Brooklyn Nets,102,Charlotte Hornets,105,Box Score,,Box Score,,"18,652",2:11
Sat Mar 08 2025,7:00p,New Orleans Pelicans,117,Houston Rockets,146,Box Score,,Box Score,,"18,055",2:06
Sat Mar 08 2025,7:30p,Indiana Pacers,118,Atlanta Hawks,120,Box Score,,Box Score,,"17,057",2:32
Sat Mar 08 2025,7:30p,Washington Wizards,118,Toronto Raptors,117,Box Score,,Box Score,,"19,042",2:19
Sat Mar 08 2025,8:00p,Chicago Bulls,114,Miami Heat,109,Box Score,,Box Score,,"19,700",2:13
Sat Mar 08 2025,8:00p,Orlando Magic,111,Milwaukee Bucks,109,Box Score,,Box Score,,"17,815",2:27
Sat Mar 08 2025,8:30p,Los Angeles Lakers,101,Boston Celtics,111,Box Score,,Box Score,,"19,156",2:18
Sat Mar 08 2025,8:30p,Detroit Pistons,110,Golden State Warriors,115,Box Score,,Box Score,,"18,064",2:44
Sun Mar 09 2025,1:00p,Denver Nuggets,103,Oklahoma City Thunder,127,Box Score,,Box Score,,"18,203",2:17
Sun Mar 09 2025,3:30p,Phoenix Suns,125,Dallas Mavericks,116,Box Score,,Box Score,,"20,013",2:05
Sun Mar 09 2025,7:00p,Memphis Grizzlies,107,New Orleans Pelicans,104,Box Score,,Box Score,,"17,435",2:20
Sun Mar 09 2025,7:30p,Utah Jazz,122,Philadelphia 76ers,126,Box Score,,Box Score,,"19,757",2:20
Sun Mar 09 2025,8:00p,Cleveland Cavaliers,112,Milwaukee Bucks,100,Box Score,,Box Score,,"17,355",2:12
Sun Mar 09 2025,8:00p,San Antonio Spurs,124,Minnesota Timberwolves,141,Box Score,,Box Score,,"17,875",2:07
Sun Mar 09 2025,9:00p,Detroit Pistons,119,Portland Trail Blazers,112,Box Score,,Box Score,,"19,661",2:22
Sun Mar 09 2025,9:30p,Sacramento Kings,110,Los Angeles Clippers,111,Box Score,,Box Score,OT,"17,927",2:37
Mon Mar 10 2025,7:30p,Philadelphia 76ers,123,Atlanta Hawks,132,Box Score,,Box Score,,"15,269",2:12
Mon Mar 10 2025,7:30p,Utah Jazz,108,Boston Celtics,114,Box Score,,Box Score,,"19,156",2:07
Mon Mar 10 2025,7:30p,Los Angeles Lakers,108,Brooklyn Nets,111,Box Score,,Box Score,,"18,215",2:18
Mon Mar 10 2025,7:30p,Charlotte Hornets,105,Miami Heat,102,Box Score,,Box Score,,"19,600",2:15
Mon Mar 10 2025,7:30p,Washington Wizards,104,Toronto Raptors,119,Box Score,,Box Score,,"18,739",2:06
Mon Mar 10 2025,8:00p,Indiana Pacers,103,Chicago Bulls,121,Box Score,,Box Score,,"20,697",2:09
Mon Mar 10 2025,8:00p,Orlando Magic,84,Houston Rockets,97,Box Score,,Box Score,,"16,665",2:14
Mon Mar 10 2025,8:00p,Phoenix Suns,118,Memphis Grizzlies,120,Box Score,,Box Score,,"16,545",2:33
Mon Mar 10 2025,8:00p,Denver Nuggets,140,Oklahoma City Thunder,127,Box Score,,Box Score,,"18,203",2:09
Mon Mar 10 2025,8:30p,Dallas Mavericks,133,San Antonio Spurs,129,Box Score,,Box Score,,"17,735",2:16
Mon Mar 10 2025,10:00p,Portland Trail Blazers,120,Golden State Warriors,130,Box Score,,Box Score,,"18,064",2:12
Mon Mar 10 2025,10:30p,New York Knicks,133,Sacramento Kings,104,Box Score,,Box Score,,"16,539",2:22
Tue Mar 11 2025,7:00p,Brooklyn Nets,104,Cleveland Cavaliers,109,Box Score,,Box Score,,"19,432",2:13
Tue Mar 11 2025,7:00p,Washington Wizards,103,Detroit Pistons,123,Box Score,,Box Score,,"17,699",2:14
Tue Mar 11 2025,7:30p,Milwaukee Bucks,114,Indiana Pacers,115,Box Score,,Box Score,,"15,008",2:30
Tue Mar 11 2025,8:00p,Los Angeles Clippers,120,New Orleans Pelicans,127,Box Score,,Box Score,,"17,363",2:17
Wed Mar 12 2025,7:30p,Charlotte Hornets,110,Atlanta Hawks,123,Box Score,,Box Score,,"15,901",2:18
Wed Mar 12 2025,7:30p,Oklahoma City Thunder,118,Boston Celtics,112,Box Score,,Box Score,,"19,156",2:17
Wed Mar 12 2025,7:30p,Philadelphia 76ers,105,Toronto Raptors,118,Box Score,,Box Score,,"18,864",2:10
Wed Mar 12 2025,8:00p,Phoenix Suns,104,Houston Rockets,111,Box Score,,Box Score,,"18,055",2:12
Wed Mar 12 2025,8:00p,Utah Jazz,115,Memphis Grizzlies,122,Box Score,,Box Score,,"16,232",2:13
Wed Mar 12 2025,8:00p,Los Angeles Clippers,119,Miami Heat,104,Box Score,,Box Score,,"19,700",2:10
Wed Mar 12 2025,8:00p,Dallas Mavericks,116,San Antonio Spurs,126,Box Score,,Box Score,,"18,354",2:07
Wed Mar 12 2025,10:00p,Minnesota Timberwolves,115,Denver Nuggets,95,Box Score,,Box Score,,"19,832",2:12
Wed Mar 12 2025,10:00p,New York Knicks,114,Portland Trail Blazers,113,Box Score,,Box Score,OT,"17,510",2:41
Thu Mar 13 2025,7:00p,Washington Wizards,129,Detroit Pistons,125,Box Score,,Box Score,,"20,062",2:32
Thu Mar 13 2025,7:30p,Los Angeles Lakers,106,Milwaukee Bucks,126,Box Score,,Box Score,,"18,017",2:25
Thu Mar 13 2025,8:00p,Brooklyn Nets,110,Chicago Bulls,116,Box Score,,Box Score,,"21,647",2:14
Thu Mar 13 2025,8:00p,Orlando Magic,113,New Orleans Pelicans,93,Box Score,,Box Score,,"16,323",2:10
Thu Mar 13 2025,10:00p,Sacramento Kings,104,Golden State Warriors,130,Box Score,,Box Score,,"18,064",2:18
Fri Mar 14 2025,7:00p,Boston Celtics,103,Miami Heat,91,Box Score,,Box Score,,"19,719",2:03
Fri Mar 14 2025,7:00p,Indiana Pacers,112,Philadelphia 76ers,100,Box Score,,Box Score,,"19,758",2:10
Fri Mar 14 2025,7:30p,Los Angeles Clippers,121,Atlanta Hawks,98,Box Score,,Box Score,,"16,561",2:13
Fri Mar 14 2025,8:00p,Dallas Mavericks,96,Houston Rockets,133,Box Score,,Box Score,,"16,612",1:54
Fri Mar 14 2025,8:00p,Cleveland Cavaliers,133,Memphis Grizzlies,124,Box Score,,Box Score,,"17,051",2:19
Fri Mar 14 2025,8:00p,Orlando Magic,111,Minnesota Timberwolves,118,Box Score,,Box Score,,"18,978",2:21
Fri Mar 14 2025,8:00p,Charlotte Hornets,145,San Antonio Spurs,134,Box Score,,Box Score,,"18,510",2:09
Fri Mar 14 2025,9:30p,Los Angeles Lakers,126,Denver Nuggets,131,Box Score,,Box Score,,"19,946",2:18
Fri Mar 14 2025,9:30p,Toronto Raptors,126,Utah Jazz,118,Box Score,,Box Score,,"18,175",2:22
Fri Mar 14 2025,10:00p,Sacramento Kings,106,Phoenix Suns,122,Box Score,,Box Score,,"17,071",2:12
Sat Mar 15 2025,6:00p,Boston Celtics,115,Brooklyn Nets,113,Box Score,,Box Score,,"18,016",2:10
Sat Mar 15 2025,7:00p,Oklahoma City Thunder,113,Detroit Pistons,107,Box Score,,Box Score,,"20,062",2:34
Sat Mar 15 2025,8:00p,Chicago Bulls,114,Houston Rockets,117,Box Score,,Box Score,,"18,055",2:17
Sat Mar 15 2025,8:00p,Miami Heat,91,Memphis Grizzlies,125,Box Score,,Box Score,,"17,794",2:03
Sat Mar 15 2025,8:00p,Indiana Pacers,119,Milwaukee Bucks,126,Box Score,,Box Score,,"17,729",2:19
Sat Mar 15 2025,8:30p,New York Knicks,94,Golden State Warriors,97,Box Score,,Box Score,,"18,064",2:17
Sat Mar 15 2025,8:30p,New Orleans Pelicans,115,San Antonio Spurs,119,Box Score,,Box Score,,"18,549",2:20
Sat Mar 15 2025,9:00p,Washington Wizards,126,Denver Nuggets,123,Box Score,,Box Score,,"19,833",2:12
Sun Mar 16 2025,1:00p,Orlando Magic,108,Cleveland Cavaliers,103,Box Score,,Box Score,,"19,432",2:22
Sun Mar 16 2025,1:00p,Philadelphia 76ers,130,Dallas Mavericks,125,Box Score,,Box Score,,"19,825",2:11
Sun Mar 16 2025,3:30p,Phoenix Suns,96,Los Angeles Lakers,107,Box Score,,Box Score,,"18,997",2:24
Sun Mar 16 2025,6:00p,Atlanta Hawks,114,Brooklyn Nets,122,Box Score,,Box Score,,"17,926",2:21
Sun Mar 16 2025,6:00p,Toronto Raptors,102,Portland Trail Blazers,105,Box Score,,Box Score,,"18,154",2:15
Sun Mar 16 2025,7:00p,Charlotte Hornets,88,Los Angeles Clippers,123,Box Score,,Box Score,,"17,927",1:57
Sun Mar 16 2025,7:00p,Utah Jazz,102,Minnesota Timberwolves,128,Box Score,,Box Score,,"18,978",2:03
Sun Mar 16 2025,9:00p,Oklahoma City Thunder,121,Milwaukee Bucks,105,Box Score,,Box Score,,"17,341",2:30
Mon Mar 17 2025,7:30p,Miami Heat,95,New York Knicks,116,Box Score,,Box Score,,"19,812",2:19
Mon Mar 17 2025,8:00p,Philadelphia 76ers,137,Houston Rockets,144,Box Score,,Box Score,OT,"16,648",2:42
Mon Mar 17 2025,8:00p,Indiana Pacers,132,Minnesota Timberwolves,130,Box Score,,Box Score,OT,"17,955",2:48
Mon Mar 17 2025,8:00p,Detroit Pistons,127,New Orleans Pelicans,81,Box Score,,Box Score,,"17,398",2:16
Mon Mar 17 2025,9:00p,Chicago Bulls,111,Utah Jazz,97,Box Score,,Box Score,,"18,175",2:03
Mon Mar 17 2025,10:00p,Denver Nuggets,114,Golden State Warriors,105,Box Score,,Box Score,,"18,064",2:30
Mon Mar 17 2025,10:00p,Toronto Raptors,89,Phoenix Suns,129,Box Score,,Box Score,,"17,071",2:03
Mon Mar 17 2025,10:00p,Washington Wizards,97,Portland Trail Blazers,112,Box Score,,Box Score,,"17,919",2:02
Mon Mar 17 2025,10:00p,Memphis Grizzlies,122,Sacramento Kings,132,Box Score,,Box Score,,"16,205",2:16
Mon Mar 17 2025,10:30p,San Antonio Spurs,109,Los Angeles Lakers,125,Box Score,,Box Score,,"17,723",2:08
Tue Mar 18 2025,7:00p,Atlanta Hawks,134,Charlotte Hornets,102,Box Score,,Box Score,,"15,341",2:05
Tue Mar 18 2025,7:30p,Brooklyn Nets,96,Boston Celtics,104,Box Score,,Box Score,,"19,156",2:08
Tue Mar 18 2025,10:00p,Milwaukee Bucks,93,Golden State Warriors,104,Box Score,,Box Score,,"18,064",2:32
Tue Mar 18 2025,10:30p,Cleveland Cavaliers,119,Los Angeles Clippers,132,Box Score,,Box Score,,"17,927",2:22
Wed Mar 19 2025,7:00p,Dallas Mavericks,131,Indiana Pacers,135,Box Score,,Box Score,,"15,078",2:30
Wed Mar 19 2025,7:00p,Houston Rockets,116,Orlando Magic,108,Box Score,,Box Score,,"19,609",2:17
Wed Mar 19 2025,7:30p,Detroit Pistons,116,Miami Heat,113,Box Score,,Box Score,,"19,600",2:21
Wed Mar 19 2025,8:00p,New Orleans Pelicans,119,Minnesota Timberwolves,115,Box Score,,Box Score,,"16,936",2:17
Wed Mar 19 2025,8:00p,Philadelphia 76ers,100,Oklahoma City Thunder,133,Box Score,,Box Score,,"18,203",2:00
Wed Mar 19 2025,8:00p,New York Knicks,105,San Antonio Spurs,120,Box Score,,Box Score,,"18,521",2:10
Wed Mar 19 2025,9:00p,Washington Wizards,112,Utah Jazz,128,Box Score,,Box Score,,"18,175",2:01
Wed Mar 19 2025,10:00p,Denver Nuggets,108,Los Angeles Lakers,120,Box Score,,Box Score,,"18,997",2:15
Wed Mar 19 2025,10:00p,Chicago Bulls,121,Phoenix Suns,127,Box Score,,Box Score,,"17,071",2:10
Wed Mar 19 2025,10:00p,Memphis Grizzlies,99,Portland Trail Blazers,115,Box Score,,Box Score,,"18,491",2:11
Wed Mar 19 2025,10:00p,Cleveland Cavaliers,119,Sacramento Kings,123,Box Score,,Box Score,,"15,919",2:10
Thu Mar 20 2025,7:00p,New York Knicks,98,Charlotte Hornets,115,Box Score,,Box Score,,"18,557",2:04
Thu Mar 20 2025,7:00p,Brooklyn Nets,99,Indiana Pacers,105,Box Score,,Box Score,OT,"15,008",2:37
Thu Mar 20 2025,10:00p,Toronto Raptors,114,Golden State Warriors,117,Box Score,,Box Score,,"18,064",2:23
Thu Mar 20 2025,10:00p,Chicago Bulls,128,Sacramento Kings,116,Box Score,,Box Score,,"16,960",2:18
Thu Mar 20 2025,10:30p,Milwaukee Bucks,118,Los Angeles Lakers,89,Box Score,,Box Score,,"17,709",2:10
Fri Mar 21 2025,7:00p,Orlando Magic,120,Washington Wizards,105,Box Score,,Box Score,,"18,317",2:01
Fri Mar 21 2025,8:00p,Houston Rockets,102,Miami Heat,98,Box Score,,Box Score,,"19,700",2:11
Fri Mar 21 2025,8:00p,New Orleans Pelicans,93,Minnesota Timberwolves,134,Box Score,,Box Score,,"18,978",2:09
Fri Mar 21 2025,8:00p,Charlotte Hornets,106,Oklahoma City Thunder,141,Box Score,,Box Score,,"18,203",2:00
Fri Mar 21 2025,8:00p,Philadelphia 76ers,120,San Antonio Spurs,128,Box Score,,Box Score,,"17,803",2:12
Fri Mar 21 2025,8:30p,Detroit Pistons,117,Dallas Mavericks,123,Box Score,,Box Score,,"20,071",2:27
Fri Mar 21 2025,9:30p,Boston Celtics,121,Utah Jazz,99,Box Score,,Box Score,,"18,175",2:00
Fri Mar 21 2025,10:00p,Cleveland Cavaliers,112,Phoenix Suns,123,Box Score,,Box Score,,"17,071",1:57
Fri Mar 21 2025,10:00p,Denver Nuggets,109,Portland Trail Blazers,128,Box Score,,Box Score,,"17,410",2:16
Fri Mar 21 2025,10:30p,Memphis Grizzlies,108,Los Angeles Clippers,128,Box Score,,Box Score,,"17,927",2:09
Sat Mar 22 2025,5:00p,Brooklyn Nets,103,Indiana Pacers,108,Box Score,,Box Score,,"17,274",2:23
Sat Mar 22 2025,7:00p,Golden State Warriors,115,Atlanta Hawks,124,Box Score,,Box Score,,"17,864",2:10
Sat Mar 22 2025,8:00p,Washington Wizards,103,New York Knicks,122,Box Score,,Box Score,,"19,812",2:15
Sat Mar 22 2025,10:00p,Milwaukee Bucks,114,Sacramento Kings,108,Box Score,,Box Score,,"16,911",2:10
Sat Mar 22 2025,10:30p,Chicago Bulls,146,Los Angeles Lakers,115,Box Score,,Box Score,,"18,997",2:10
Sun Mar 23 2025,3:00p,New Orleans Pelicans,130,Detroit Pistons,136,Box Score,,Box Score,,"20,062",2:27
Sun Mar 23 2025,3:30p,Cleveland Cavaliers,120,Utah Jazz,91,Box Score,,Box Score,,"18,175",2:12
Sun Mar 23 2025,6:00p,Philadelphia 76ers,119,Atlanta Hawks,132,Box Score,,Box Score,,"16,161",2:11
Sun Mar 23 2025,6:00p,Charlotte Hornets,105,Miami Heat,122,Box Score,,Box Score,,"19,700",2:09
Sun Mar 23 2025,6:00p,Boston Celtics,129,Portland Trail Blazers,116,Box Score,,Box Score,,"18,181",1:58
Sun Mar 23 2025,6:00p,San Antonio Spurs,123,Toronto Raptors,89,Box Score,,Box Score,,"18,276",2:07
Sun Mar 23 2025,7:00p,Denver Nuggets,116,Houston Rockets,111,Box Score,,Box Score,,"18,055",2:33
Sun Mar 23 2025,9:00p,Oklahoma City Thunder,103,Los Angeles Clippers,101,Box Score,,Box Score,,"17,927",2:25
Mon Mar 24 2025,7:00p,Minnesota Timberwolves,103,Indiana Pacers,119,Box Score,,Box Score,,"17,274",2:07
Mon Mar 24 2025,7:00p,Los Angeles Lakers,106,Orlando Magic,118,Box Score,,Box Score,,"19,598",2:16
Mon Mar 24 2025,7:00p,Toronto Raptors,112,Washington Wizards,104,Box Score,,Box Score,,"13,532",2:16
Mon Mar 24 2025,7:30p,Dallas Mavericks,120,Brooklyn Nets,101,Box Score,,Box Score,,"16,434",1:58
Mon Mar 24 2025,8:00p,Philadelphia 76ers,99,New Orleans Pelicans,112,Box Score,,Box Score,,"16,987",2:04
Mon Mar 24 2025,9:00p,Chicago Bulls,129,Denver Nuggets,119,Box Score,,Box Score,,"19,816",2:12
Mon Mar 24 2025,10:00p,Milwaukee Bucks,106,Phoenix Suns,108,Box Score,,Box Score,,"17,071",2:24
Mon Mar 24 2025,10:00p,Boston Celtics,113,Sacramento Kings,95,Box Score,,Box Score,,"15,855",2:11
Tue Mar 25 2025,7:00p,Orlando Magic,111,Charlotte Hornets,104,Box Score,,Box Score,,"14,639",2:16
Tue Mar 25 2025,7:00p,San Antonio Spurs,96,Detroit Pistons,122,Box Score,,Box Score,,"19,511",2:06
Tue Mar 25 2025,7:30p,Golden State Warriors,86,Miami Heat,112,Box Score,,Box Score,,"19,897",2:18
Tue Mar 25 2025,7:30p,Dallas Mavericks,113,New York Knicks,128,Box Score,,Box Score,,"19,812",2:05
Tue Mar 25 2025,8:00p,Atlanta Hawks,114,Houston Rockets,121,Box Score,,Box Score,,"16,817",2:21
Tue Mar 25 2025,9:00p,Memphis Grizzlies,140,Utah Jazz,103,Box Score,,Box Score,,"18,175",2:07
Tue Mar 25 2025,10:00p,Cleveland Cavaliers,122,Portland Trail Blazers,111,Box Score,,Box Score,,"19,335",2:05
Tue Mar 25 2025,10:00p,Oklahoma City Thunder,121,Sacramento Kings,105,Box Score,,Box Score,,"16,060",2:17
Wed Mar 26 2025,7:00p,Washington Wizards,119,Philadelphia 76ers,114,Box Score,,Box Score,,"19,770",2:04
Wed Mar 26 2025,7:30p,Toronto Raptors,116,Brooklyn Nets,86,Box Score,,Box Score,,"16,413",2:13
Wed Mar 26 2025,7:30p,Los Angeles Lakers,120,Indiana Pacers,119,Box Score,,Box Score,,"17,274",2:18
Wed Mar 26 2025,7:30p,Los Angeles Clippers,126,New York Knicks,113,Box Score,,Box Score,,"19,812",2:10
Wed Mar 26 2025,9:00p,Milwaukee Bucks,117,Denver Nuggets,127,Box Score,,Box Score,,"19,641",2:04
Wed Mar 26 2025,10:00p,Boston Celtics,132,Phoenix Suns,102,Box Score,,Box Score,,"17,071",2:13
Thu Mar 27 2025,7:00p,San Antonio Spurs,116,Cleveland Cavaliers,124,Box Score,,Box Score,,"19,432",2:18
Thu Mar 27 2025,7:00p,Dallas Mavericks,101,Orlando Magic,92,Box Score,,Box Score,,"17,269",2:11
Thu Mar 27 2025,7:00p,Indiana Pacers,162,Washington Wizards,109,Box Score,,Box Score,,"15,393",2:05
Thu Mar 27 2025,7:30p,Atlanta Hawks,112,Miami Heat,122,Box Score,,Box Score,,"19,700",2:04
Thu Mar 27 2025,8:00p,Los Angeles Lakers,117,Chicago Bulls,119,Box Score,,Box Score,,"21,957",2:21
Thu Mar 27 2025,8:00p,Memphis Grizzlies,104,Oklahoma City Thunder,125,Box Score,,Box Score,,"18,203",2:15
Thu Mar 27 2025,9:00p,Houston Rockets,121,Utah Jazz,110,Box Score,,Box Score,,"18,175",2:06
Thu Mar 27 2025,10:00p,Portland Trail Blazers,107,Sacramento Kings,128,Box Score,,Box Score,,"16,671",2:11
Fri Mar 28 2025,7:00p,Cleveland Cavaliers,122,Detroit Pistons,133,Box Score,,Box Score,,"20,062",2:29
Fri Mar 28 2025,7:30p,Los Angeles Clippers,132,Brooklyn Nets,100,Box Score,,Box Score,,"17,926",2:16
Fri Mar 28 2025,7:30p,Charlotte Hornets,97,Toronto Raptors,108,Box Score,,Box Score,,"19,276",2:03
Fri Mar 28 2025,8:00p,New York Knicks,116,Milwaukee Bucks,107,Box Score,,Box Score,,"17,605",2:09
Fri Mar 28 2025,8:00p,Phoenix Suns,109,Minnesota Timberwolves,124,Box Score,,Box Score,,"18,978",2:02
Fri Mar 28 2025,8:00p,Golden State Warriors,111,New Orleans Pelicans,95,Box Score,,Box Score,,"18,133",2:22
Fri Mar 28 2025,9:00p,Utah Jazz,93,Denver Nuggets,129,Box Score,,Box Score,,"19,905",2:11
Sat Mar 29 2025,5:00p,Sacramento Kings,91,Orlando Magic,121,Box Score,,Box Score,,"18,846",2:06
Sat Mar 29 2025,7:00p,Brooklyn Nets,115,Washington Wizards,112,Box Score,,Box Score,,"16,316",2:20
Sat Mar 29 2025,7:30p,Miami Heat,118,Philadelphia 76ers,95,Box Score,,Box Score,,"20,079",1:57
Sat Mar 29 2025,8:00p,Dallas Mavericks,120,Chicago Bulls,119,Box Score,,Box Score,,"21,045",2:14
Sat Mar 29 2025,8:00p,Los Angeles Lakers,134,Memphis Grizzlies,127,Box Score,,Box Score,,"18,087",2:22
Sat Mar 29 2025,8:00p,Indiana Pacers,111,Oklahoma City Thunder,132,Box Score,,Box Score,,"18,203",2:08
Sat Mar 29 2025,8:00p,Boston Celtics,121,San Antonio Spurs,111,Box Score,,Box Score,,"18,674",2:09
Sun Mar 30 2025,3:30p,Los Angeles Clippers,122,Cleveland Cavaliers,127,Box Score,,Box Score,,"19,432",2:14
Sun Mar 30 2025,6:00p,Portland Trail Blazers,93,New York Knicks,110,Box Score,,Box Score,,"19,812",2:07
Sun Mar 30 2025,7:00p,Atlanta Hawks,145,Milwaukee Bucks,124,Box Score,,Box Score,,"17,341",2:26
Sun Mar 30 2025,7:00p,Detroit Pistons,104,Minnesota Timberwolves,123,Box Score,,Box Score,,"18,978",2:37
Sun Mar 30 2025,7:00p,Charlotte Hornets,94,New Orleans Pelicans,98,Box Score,,Box Score,,"17,490",2:10
Sun Mar 30 2025,7:00p,Golden State Warriors,148,San Antonio Spurs,106,Box Score,,Box Score,,"18,558",2:04
Sun Mar 30 2025,7:30p,Toronto Raptors,127,Philadelphia 76ers,109,Box Score,,Box Score,,"19,785",2:01
Sun Mar 30 2025,9:00p,Houston Rockets,148,Phoenix Suns,109,Box Score,,Box Score,,"17,071",2:09
Mon Mar 31 2025,7:00p,Utah Jazz,106,Charlotte Hornets,110,Box Score,,Box Score,,"14,410",2:02
Mon Mar 31 2025,7:00p,Sacramento Kings,109,Indiana Pacers,111,Box Score,,Box Score,,"16,341",2:07
Mon Mar 31 2025,7:00p,Los Angeles Clippers,96,Orlando Magic,87,Box Score,,Box Score,,"17,522",2:09
Mon Mar 31 2025,7:00p,Miami Heat,120,Washington Wizards,94,Box Score,,Box Score,,"16,901",2:08
Mon Mar 31 2025,7:30p,Boston Celtics,117,Memphis Grizzlies,103,Box Score,,Box Score,,"16,867",2:13
Mon Mar 31 2025,8:00p,Chicago Bulls,117,Oklahoma City Thunder,145,Box Score,,Box Score,,"18,203",2:07
Mon Mar 31 2025,8:30p,Brooklyn Nets,113,Dallas Mavericks,109,Box Score,,Box Score,,"19,790",2:17
Mon Mar 31 2025,10:00p,Houston Rockets,98,Los Angeles Lakers,104,Box Score,,Box Score,,"18,997",2:23
Tue Apr 01 2025,7:30p,Portland Trail Blazers,127,Atlanta Hawks,113,Box Score,,Box Score,,"17,124",2:23
Tue Apr 01 2025,7:30p,Phoenix Suns,123,Milwaukee Bucks,133,Box Score,,Box Score,,"17,341",2:28
Tue Apr 01 2025,7:30p,Philadelphia 76ers,91,New York Knicks,105,Box Score,,Box Score,,"19,314",2:10
Tue Apr 01 2025,8:00p,Toronto Raptors,118,Chicago Bulls,137,Box Score,,Box Score,,"20,005",2:01
Tue Apr 01 2025,8:00p,Golden State Warriors,134,Memphis Grizzlies,125,Box Score,,Box Score,,"17,794",2:21
Tue Apr 01 2025,8:00p,Orlando Magic,116,San Antonio Spurs,105,Box Score,,Box Score,,"17,770",2:07
Tue Apr 01 2025,10:00p,Minnesota Timberwolves,140,Denver Nuggets,139,Box Score,,Box Score,2OT,"19,927",3:09
Wed Apr 02 2025,7:00p,New York Knicks,105,Cleveland Cavaliers,124,Box Score,,Box Score,,"19,432",2:10
Wed Apr 02 2025,7:00p,Charlotte Hornets,105,Indiana Pacers,119,Box Score,,Box Score,,"16,042",2:04
Wed Apr 02 2025,7:00p,Sacramento Kings,111,Washington Wizards,116,Box Score,,Box Score,,"15,018",2:16
Wed Apr 02 2025,7:30p,Miami Heat,124,Boston Celtics,103,Box Score,,Box Score,,"19,156",2:06
Wed Apr 02 2025,8:00p,Utah Jazz,105,Houston Rockets,143,Box Score,,Box Score,,"18,055",2:06
Wed Apr 02 2025,8:30p,Atlanta Hawks,118,Dallas Mavericks,120,Box Score,,Box Score,,,2:14
Wed Apr 02 2025,9:00p,San Antonio Spurs,113,Denver Nuggets,106,Box Score,,Box Score,,"19,524",2:07
Wed Apr 02 2025,9:30p,Detroit Pistons,103,Oklahoma City Thunder,119,Box Score,,Box Score,,"18,203",2:23
Wed Apr 02 2025,10:30p,New Orleans Pelicans,98,Los Angeles Clippers,114,Box Score,,Box Score,,"17,109",2:05
Thu Apr 03 2025,7:00p,Milwaukee Bucks,126,Philadelphia 76ers,113,Box Score,,Box Score,,"19,763",2:13
Thu Apr 03 2025,7:00p,Orlando Magic,109,Washington Wizards,97,Box Score,,Box Score,,"15,998",2:15
Thu Apr 03 2025,7:30p,Minnesota Timberwolves,105,Brooklyn Nets,90,Box Score,,Box Score,,"17,926",2:11
Thu Apr 03 2025,7:30p,Memphis Grizzlies,110,Miami Heat,108,Box Score,,Box Score,,"19,700",2:21
Thu Apr 03 2025,7:30p,Portland Trail Blazers,112,Toronto Raptors,103,Box Score,,Box Score,,"18,548",2:02
Thu Apr 03 2025,10:00p,Golden State Warriors,123,Los Angeles Lakers,116,Box Score,,Box Score,,"18,997",2:30
Fri Apr 04 2025,7:00p,Sacramento Kings,125,Charlotte Hornets,102,Box Score,,Box Score,,"15,896",2:10
Fri Apr 04 2025,7:00p,Utah Jazz,112,Indiana Pacers,140,Box Score,,Box Score,,"17,274",2:13
Fri Apr 04 2025,7:30p,Phoenix Suns,103,Boston Celtics,123,Box Score,,Box Score,,"19,156",2:05
Fri Apr 04 2025,7:30p,Detroit Pistons,117,Toronto Raptors,105,Box Score,,Box Score,,"19,491",2:15
Fri Apr 04 2025,8:00p,Portland Trail Blazers,113,Chicago Bulls,118,Box Score,,Box Score,,"21,572",2:09
Fri Apr 04 2025,8:00p,Oklahoma City Thunder,111,Houston Rockets,125,Box Score,,Box Score,,"18,055",2:13
Fri Apr 04 2025,8:00p,Cleveland Cavaliers,114,San Antonio Spurs,113,Box Score,,Box Score,,"17,819",2:04
Fri Apr 04 2025,10:00p,Denver Nuggets,104,Golden State Warriors,118,Box Score,,Box Score,,"18,064",2:08
Fri Apr 04 2025,10:30p,Dallas Mavericks,91,Los Angeles Clippers,114,Box Score,,Box Score,,"17,927",2:06
Fri Apr 04 2025,10:30p,New Orleans Pelicans,108,Los Angeles Lakers,124,Box Score,,Box Score,,"18,997",2:13
Sat Apr 05 2025,3:00p,New York Knicks,121,Atlanta Hawks,105,Box Score,,Box Score,,"16,199",2:04
Sat Apr 05 2025,7:00p,Memphis Grizzlies,109,Detroit Pistons,103,Box Score,,Box Score,,"20,062",2:23
Sat Apr 05 2025,7:00p,Minnesota Timberwolves,114,Philadelphia 76ers,109,Box Score,,Box Score,,"19,755",2:21
Sat Apr 05 2025,8:00p,Milwaukee Bucks,121,Miami Heat,115,Box Score,,Box Score,OT,"19,734",2:33
Sat Apr 05 2025,10:30p,Dallas Mavericks,104,Los Angeles Clippers,135,Box Score,,Box Score,,"17,927",2:11
Sun Apr 06 2025,1:00p,Chicago Bulls,131,Charlotte Hornets,117,Box Score,,Box Score,,"18,499",2:00
Sun Apr 06 2025,3:30p,Toronto Raptors,120,Brooklyn Nets,109,Box Score,,Box Score,,"17,007",2:12
Sun Apr 06 2025,3:30p,Los Angeles Lakers,126,Oklahoma City Thunder,99,Box Score,,Box Score,,"18,203",2:08
Sun Apr 06 2025,6:00p,Utah Jazz,134,Atlanta Hawks,147,Box Score,,Box Score,,"16,331",2:13
Sun Apr 06 2025,6:00p,Washington Wizards,90,Boston Celtics,124,Box Score,,Box Score,,"19,156",1:52
Sun Apr 06 2025,6:00p,Sacramento Kings,120,Cleveland Cavaliers,113,Box Score,,Box Score,,"19,432",2:16
Sun Apr 06 2025,6:00p,San Antonio Spurs,109,Portland Trail Blazers,120,Box Score,,Box Score,,"17,928",2:17
Sun Apr 06 2025,7:00p,Phoenix Suns,98,New York Knicks,112,Box Score,,Box Score,,"19,812",2:14
Sun Apr 06 2025,8:00p,Indiana Pacers,125,Denver Nuggets,120,Box Score,,Box Score,,"19,932",2:16
Sun Apr 06 2025,8:30p,Houston Rockets,106,Golden State Warriors,96,Box Score,,Box Score,,"18,064",2:14
Sun Apr 06 2025,8:30p,Milwaukee Bucks,111,New Orleans Pelicans,107,Box Score,,Box Score,,"17,561",2:06
Mon Apr 07 2025,7:00p,Sacramento Kings,127,Detroit Pistons,117,,,Box Score,,"19,208",2:24
Mon Apr 07 2025,7:30p,Philadelphia 76ers,105,Miami Heat,117,,,Box Score,,"19,700",2:06
Tue Apr 08 2025,7:00p,Memphis Grizzlies,124,Charlotte Hornets,100,,,Box Score,,"17,125",2:27
Tue Apr 08 2025,7:00p,Chicago Bulls,113,Cleveland Cavaliers,135,,,Box Score,,"19,432",2:01
Tue Apr 08 2025,7:00p,Washington Wizards,98,Indiana Pacers,104,,,Box Score,,"16,144",2:07
Tue Apr 08 2025,7:00p,Atlanta Hawks,112,Orlando Magic,119,,,Box Score,,"18,846",2:21
Tue Apr 08 2025,7:30p,New Orleans Pelicans,114,Brooklyn Nets,119,,,Box Score,,"16,407",2:11
Tue Apr 08 2025,7:30p,Boston Celtics,119,New York Knicks,117,,,Box Score,OT,"19,812",2:42
Tue Apr 08 2025,8:00p,Minnesota Timberwolves,103,Milwaukee Bucks,110,,,Box Score,,"17,341",2:17
Tue Apr 08 2025,8:00p,Los Angeles Lakers,120,Oklahoma City Thunder,136,,,Box Score,,"18,203",2:20
Tue Apr 08 2025,10:00p,Golden State Warriors,133,Phoenix Suns,95,,,Box Score,,"17,071",2:09
Tue Apr 08 2025,10:30p,San Antonio Spurs,117,Los Angeles Clippers,122,,,Box Score,,"17,927",2:06
Wed Apr 09 2025,7:00p,Boston Celtics,76,Orlando Magic,96,Box Score,,Box Score,,"19,128",1:50
Wed Apr 09 2025,7:00p,Philadelphia 76ers,122,Washington Wizards,103,Box Score,,Box Score,,"17,222",2:16
Wed Apr 09 2025,7:30p,Los Angeles Lakers,112,Dallas Mavericks,97,Box Score,,Box Score,,"20,841",2:17
Wed Apr 09 2025,7:30p,Charlotte Hornets,96,Toronto Raptors,126,Box Score,,Box Score,,"19,800",1:57
Wed Apr 09 2025,8:00p,Miami Heat,111,Chicago Bulls,119,Box Score,,Box Score,,"20,509",2:09
Wed Apr 09 2025,9:00p,Portland Trail Blazers,126,Utah Jazz,133,Box Score,,Box Score,OT,"18,175",2:28
Wed Apr 09 2025,10:00p,San Antonio Spurs,114,Golden State Warriors,111,Box Score,,Box Score,,"18,064",2:17
Wed Apr 09 2025,10:00p,Oklahoma City Thunder,125,Phoenix Suns,112,Box Score,,Box Score,,"17,071",2:12
Wed Apr 09 2025,10:00p,Denver Nuggets,124,Sacramento Kings,116,Box Score,,Box Score,,"16,161",2:22
Wed Apr 09 2025,10:30p,Houston Rockets,117,Los Angeles Clippers,134,Box Score,,Box Score,,"17,927",1:59
Thu Apr 10 2025,7:00p,New York Knicks,106,Detroit Pistons,115,Box Score,,Box Score,,"20,062",2:16
Thu Apr 10 2025,7:00p,Cleveland Cavaliers,112,Indiana Pacers,114,Box Score,,Box Score,,"17,020",2:21
Thu Apr 10 2025,7:30p,Atlanta Hawks,133,Brooklyn Nets,109,Box Score,,Box Score,,"17,926",2:15
Thu Apr 10 2025,8:00p,New Orleans Pelicans,111,Milwaukee Bucks,136,Box Score,,Box Score,,"17,341",2:06
Thu Apr 10 2025,9:30p,Minnesota Timberwolves,141,Memphis Grizzlies,125,Box Score,,Box Score,,"17,007",2:27
Fri Apr 11 2025,7:00p,Milwaukee Bucks,125,Detroit Pistons,119,Box Score,,Box Score,,"20,062",2:21
Fri Apr 11 2025,7:00p,Orlando Magic,129,Indiana Pacers,115,Box Score,,Box Score,,"17,010",2:19
Fri Apr 11 2025,7:00p,Atlanta Hawks,124,Philadelphia 76ers,110,Box Score,,Box Score,,"19,752",2:09
Fri Apr 11 2025,7:30p,Charlotte Hornets,94,Boston Celtics,130,Box Score,,Box Score,,"19,156",1:52
Fri Apr 11 2025,7:30p,Cleveland Cavaliers,108,New York Knicks,102,Box Score,,Box Score,,"19,812",2:18
Fri Apr 11 2025,8:00p,Washington Wizards,89,Chicago Bulls,119,Box Score,,Box Score,,"21,400",2:06
Fri Apr 11 2025,8:00p,Miami Heat,153,New Orleans Pelicans,104,Box Score,,Box Score,,"17,087",2:01
Fri Apr 11 2025,8:30p,Toronto Raptors,102,Dallas Mavericks,124,Box Score,,Box Score,,"20,177",1:58
Fri Apr 11 2025,9:00p,Memphis Grizzlies,109,Denver Nuggets,117,Box Score,,Box Score,,"20,015",2:11
Fri Apr 11 2025,9:00p,Brooklyn Nets,91,Minnesota Timberwolves,117,Box Score,,Box Score,,"18,978",2:09
Fri Apr 11 2025,9:30p,Oklahoma City Thunder,145,Utah Jazz,111,Box Score,,Box Score,,"18,175",1:57
Fri Apr 11 2025,10:00p,San Antonio Spurs,98,Phoenix Suns,117,Box Score,,Box Score,,"17,071",1:58
Fri Apr 11 2025,10:00p,Golden State Warriors,103,Portland Trail Blazers,86,Box Score,,Box Score,,"19,335",2:08
Fri Apr 11 2025,10:00p,Los Angeles Clippers,101,Sacramento Kings,100,Box Score,,Box Score,,"16,435",2:19
Fri Apr 11 2025,10:30p,Houston Rockets,109,Los Angeles Lakers,140,Box Score,,Box Score,,"18,997",2:04
Sun Apr 13 2025,1:00p,Orlando Magic,105,Atlanta Hawks,117,Box Score,,Box Score,,"17,714",1:53
Sun Apr 13 2025,1:00p,Charlotte Hornets,86,Boston Celtics,93,Box Score,,Box Score,,"19,156",2:00
Sun Apr 13 2025,1:00p,New York Knicks,113,Brooklyn Nets,105,Box Score,,Box Score,,"17,926",2:22
Sun Apr 13 2025,1:00p,Indiana Pacers,126,Cleveland Cavaliers,118,Box Score,,Box Score,2OT,"19,432",2:48
Sun Apr 13 2025,1:00p,Washington Wizards,119,Miami Heat,118,Box Score,,Box Score,,"19,968",1:58
Sun Apr 13 2025,1:00p,Detroit Pistons,133,Milwaukee Bucks,140,Box Score,,Box Score,OT,"17,796",2:23
Sun Apr 13 2025,1:00p,Chicago Bulls,122,Philadelphia 76ers,102,Box Score,,Box Score,,"20,059",2:00
Sun Apr 13 2025,3:30p,Los Angeles Clippers,124,Golden State Warriors,119,Box Score,,Box Score,OT,"18,064",2:42
Sun Apr 13 2025,3:30p,Denver Nuggets,126,Houston Rockets,111,Box Score,,Box Score,,"18,055",2:06
Sun Apr 13 2025,3:30p,Dallas Mavericks,97,Memphis Grizzlies,132,Box Score,,Box Score,,"17,794",1:59
Sun Apr 13 2025,3:30p,Utah Jazz,105,Minnesota Timberwolves,116,Box Score,,Box Score,,"18,978",2:04
Sun Apr 13 2025,3:30p,Oklahoma City Thunder,115,New Orleans Pelicans,100,Box Score,,Box Score,,"17,761",2:09
Sun Apr 13 2025,3:30p,Los Angeles Lakers,81,Portland Trail Blazers,109,Box Score,,Box Score,,"19,335",2:03
Sun Apr 13 2025,3:30p,Phoenix Suns,98,Sacramento Kings,109,Box Score,,Box Score,,"17,832",1:52
Sun Apr 13 2025,3:30p,Toronto Raptors,118,San Antonio Spurs,125,Box Score,,Box Score,,"18,672",2:14
Tue Apr 15 2025,7:30p,Atlanta Hawks,95,Orlando Magic,120,Box Score,,Box Score,,"18,846",2:35
Tue Apr 15 2025,10:00p,Memphis Grizzlies,116,Golden State Warriors,121,Box Score,,Box Score,,"18,064",2:46
Wed Apr 16 2025,7:30p,Miami Heat,109,Chicago Bulls,90,Box Score,,Box Score,,"21,380",2:16
Wed Apr 16 2025,10:00p,Dallas Mavericks,120,Sacramento Kings,106,Box Score,,Box Score,,"17,939",2:20
