tree
version=v4
num_class=1
num_tree_per_iteration=1
label_index=0
max_feature_idx=97
objective=binary sigmoid:1
feature_names=elo_rating_diff elo_diff_squared season_win_pct_diff power_rating_composite pyth_win_exp_diff last3_net_rating_diff last3_win_rate_diff last3_avg_margin_diff last5_net_rating_diff last5_win_rate_diff last5_avg_margin_diff last5_off_rating_diff last5_def_rating_diff last10_net_rating_diff last10_win_rate_diff last10_avg_margin_diff last10_off_rating_diff last10_def_rating_diff weighted_net_rating_momentum weighted_win_rate_momentum weighted_avg_margin_momentum rest_days_home rest_days_visitor rest_diff home_b2b visitor_b2b home_3in4 visitor_3in4 home_4in6 visitor_4in6 travel_miles_home travel_miles_visitor travel_diff tz_shift_home tz_shift_visitor tz_diff altitude_edge_home fatigue_composite_home fatigue_composite_visitor fatigue_diff home_b2b_x_elo visitor_b2b_x_elo rest_x_elo streak_x_progress h2h_x_current_form elo_diff_abs home_season_win_pct visitor_season_win_pct home_home_win_pct visitor_road_win_pct home_streak visitor_streak streak_diff net_matchup_edge_5 net_matchup_edge_10 off_vs_def_mismatch_5 off_vs_def_mismatch_10 def_vs_off_mismatch_5 def_vs_off_mismatch_10 pace_mismatch last5_efg_pct_diff_real last10_efg_pct_diff_real last5_ts_pct_diff_real last10_ts_pct_diff_real last5_tov_diff_real last10_tov_diff_real last5_reb_diff_real last10_reb_diff_real last5_ast_diff_real last10_ast_diff_real last5_stl_diff_real last10_stl_diff_real last5_blk_diff_real last10_blk_diff_real last5_oreb_diff_real last10_oreb_diff_real last5_three_pct_diff_real last10_three_pct_diff_real last5_tov_rate_diff last10_tov_rate_diff last5_ortg_diff_real last10_ortg_diff_real last5_drtg_diff_real last10_drtg_diff_real last5_pace_diff_real last10_pace_diff_real last5_tov_pct_diff_real last10_tov_pct_diff_real last5_orb_pct_diff_real last10_orb_pct_diff_real spread spread_abs market_prob_diff expected_total raptor_total_diff raptor_off_diff raptor_def_diff war_diff
feature_infos=[-620.48571517255459:672.07881631655482] [-385002.52273319656:451689.9353414615] [-1:1] [-1.2254001329048201:1.3199142670927926] [-0.81028897178342141:0.80868806037053986] [-58:57.000000000000014] [-1:1] [-58:57] [-39.399999999999991:46.200000000000003] [-1:1] [-39.399999999999999:46.200000000000003] [-41.600000000000001:38.199999999999989] [-36.799999999999997:39.200000000000003] [-35.200000000000017:33.900000000000006] [-1:1] [-35.200000000000003:33.899999999999999] [-31.899999999999991:32.099999999999994] [-30.5:30] [-37.240000000000009:39.960000000000001] [-1:1] [-37.240000000000002:39.960000000000008] [-1:287] [-1:286] [-257:256] [0:1] [0:1] [0:1] [0:1] [0:1] [0:1] [0:2704.5318878092248] [0:2704.5318878092248] [-2704.5318878092248:2592.3297091527343] [0:3] [0:3] [-3:3] [0:1] [0:2.1659042456461521] [0:2.5936716019740862] [-2.2256820299320754:2.0901559721845948] [-499.67790319070173:544.83383425348188] [-672.07881631655482:548.68096191794211] [-81864.226236074581:46331.064738262277] [-28.307692307692307:32.527472527472526] [-0.93333333333333324:1] [0:672.07881631655482] [0:1] [0:1] [0:1] [0:1] [-28:25] [-27:27] [-32:37] [-66.799999999999997:63.800000000000011] [-54.600000000000009:54.200000000000003] [-35.799999999999997:37.799999999999997] [-32:28.800000000000001] [-41:36.600000000000009] [-32.799999999999997:29.900000000000009] [-74.5:91] [-0.18079999999999991:0.16020000000000001] [-0.13869999999999999:0.13869999999999999] [-0.15580000000000011:0.151] [-0.1248999999999999:0.1341] [-9.8000000000000007:10.000000000000002] [-8.6000000000000014:8.3000000000000007] [-18.800000000000001:19.399999999999999] [-14.800000000000004:13.799999999999995] [-16.200000000000003:15.199999999999999] [-12.800000000000001:12.700000000000005] [-8.4000000000000004:7.5999999999999996] [-6.9000000000000004:6.4000000000000004] [-7.8000000000000007:8.5999999999999996] [-7:6.5999999999999996] [-13.4:14.800000000000001] [-9.1999999999999993:9.8000000000000007] [-0.2838:0.3236] [-0.2077999999999999:0.2098000000000001] [-0.088487430021006994:0.088487430021006994] [-0.074714262041207097:0.0780304200753167] [-31.759999999999977:30.359999999999999] [-25.88000000000001:25.590000000000018] [-37.179999999999993:36.199999999999989] [-30.210000000000026:28.580000000000013] [-19.800000000000011:18.279999999999987] [-15.859999999999983:15.470000000000001] [-8.9000000000000039:8.9000000000000039] [-7.4700000000000006:7.9799999999999951] [-24.079999999999998:22.059999999999999] [-17.239999999999995:19.809999999999992] [-22.5:216] [0:216] [-0.97461075509855999:0.97461075509855999] [0:1955.5] [-5.831715519837811:5.831715519837811] [-3.8914778878218299:3.8914778878218299] [-3.2205622893045902:3.2205622893045902] [-52.629334624000002:52.629334624000002]
tree_sizes=4986 5168 5161 5146 5101 5147 5156 5177 5156 5139 5154 5189 5132 5135 5151 5157 5156 5141 5116 5170 5159 5130 5165 5167 5147 5126 5153 5134 5135 5153 5127 5133 5124 5102 5145 5136 5087 5137 5146 5110 5153 5122 5052 5124 5159 5109 5093 5099 5120 5105 5109 5097 5195 5106 5079 5109 5105 5114 5140

Tree=0
num_leaves=47
num_cat=0
split_feature=94 94 94 92 0 92 92 92 92 97 94 92 92 92 2 93 79 30 45 92 92 30 47 68 48 2 97 3 94 38 76 60 53 45 53 37 59 5 8 38 69 53 71 4 90 77
split_gain=1947.89 577.603 282.92 229.059 98.2996 80.5589 58.9173 48.0449 39.6688 36.063 28.2099 24.4597 21.5721 15.6791 14.4058 16.2737 13.0694 12.8716 12.8532 17.5471 12.7884 12.148 12.046 11.88 11.3304 12.1452 11.2961 15.0628 11.2197 17.0891 12.5982 11.6265 11.0583 12.4321 11.2186 10.9027 10.8545 12.361 13.0812 13.6848 12.9886 10.6634 10.6193 12.2494 11.0754 10.5396
threshold=-0.40061548619115511 1.169290719659043 -1.744981291247484 -0.10735582953000992 -158.04404933267776 0.41875290654325797 0.25898320429570437 -0.41064210533873235 0.7172718974963016 4.4700000000000033 -1.2582821297574496 -0.37254901960784309 0.085556426882605827 -0.46375853078751622 -0.13646237372077216 190.75000000000003 -0.014095684835334799 973.41885196213286 174.00793011434203 0.19988100135158962 0.735266616622549 82.198178472220803 0.61492122335495847 8.5000000000000036 0.83156028368794332 -0.23999999999999991 14.475223102697557 0.34673057389414419 -0.050580304671703845 0.63057499888134305 0.017199999999999955 0.030299999999999903 32.900000000000006 165.43744420625845 -12.1 0.33040506601993364 -13.196322393822397 8.6666666666666803 12.000000000000009 0.52689874958068472 -0.4000000000000003 18.800000000000008 2.9500000000000002 0.23327287441983005 5.2500000000000009 0.016050000000000005
decision_type=2 2 2 2 2 2 2 2 2 2 2 2 2 2 2 2 2 2 2 2 2 2 2 2 2 2 2 2 2 2 2 2 2 2 2 2 2 2 2 2 2 2 2 2 2 2
left_child=2 3 7 11 -5 9 10 -1 26 18 -4 41 -9 -12 16 17 -15 -16 19 23 -7 -14 35 36 25 -13 27 -3 29 -27 -30 -32 33 34 -11 -8 -6 38 39 -38 -41 -2 43 -21 -45 -42
right_child=1 8 6 4 5 20 22 12 -10 32 13 24 21 14 15 -17 -18 -19 -20 42 -22 -23 -24 -25 -26 28 -28 -29 30 -31 31 -33 -34 -35 -36 -37 37 -39 -40 40 45 -43 -44 44 -46 -47
leaf_value=0.20737695403480894 0.23476176663902415 0.40952116804668076 0.27161301063243731 0.24772583944802934 0.37205200067347288 0.38835119035920684 0.35455724856076271 0.24520967128147944 0.44798827633491917 0.40702635640992202 0.23941706179855582 0.33680537540691619 0.35538930038193989 0.37512168452460148 0.30657863083833969 0.28265969598433505 0.31225934966596658 0.37635781217711406 0.39055831187833351 0.36234056567051642 0.43109687533529173 0.26004496943378141 0.38164646626651533 0.2269882373187993 0.37433068135156122 0.27708288639929518 0.42102700888586464 0.35564921362324026 0.25201413755398516 0.39639235450911608 0.38530294337428223 0.2496032546734408 0.26804458689301874 0.31700257472860655 0.37329046237846553 0.29269953490771139 0.34568105719216391 0.36054492314063541 0.21966497360679371 0.28565919310176857 0.32045042971382037 0.3420099933450429 0.44911608119249213 0.27318307911788825 0.36103057217264395 0.37798124220078178
leaf_weight=290.266088321805 72.004349529743195 158.89163541793823 315.07417273521423 45.805383875966072 53.700719013810158 465.23282973468304 46.026757150888443 339.40041971206665 344.7210957556963 82.60123673081398 25.562564715743065 31.702402845025063 18.883303806185722 22.668582543730736 102.17482189834118 274.66461387276649 240.99185349047184 19.724931418895721 41.557354584336281 308.97917667031288 50.526297360658646 14.783572092652319 47.213620945811272 5.7426119893789283 11.178563341498373 19.683368384838108 524.0276203006506 42.885192155838013 72.112328752875328 11.883009418845175 9.6597139835357648 6.1938080489635459 5.4907558113336554 20.052891954779625 285.0205370336771 29.411858156323433 199.13982789218426 94.449729472398758 6.4508648216724387 61.373427122831345 137.60179029405117 6.2879521697759619 7.7912666052579871 19.49298720061779 16.461975693702698 23.3586495667696
leaf_count=1166 234 687 1341 156 236 1813 190 1507 1422 360 97 109 75 96 519 1082 1032 102 136 1198 186 62 192 22 41 74 2256 180 246 46 33 21 25 90 1241 122 801 376 26 236 576 20 31 74 61 97
internal_value=0.340452 0.377412 0.273395 0.353692 0.362872 0.365698 0.297898 0.23197 0.425492 0.35553 0.291486 0.280191 0.251278 0.300672 0.30313 0.293471 0.317749 0.318035 0.347273 0.345314 0.392638 0.31319 0.350141 0.336789 0.298204 0.292432 0.414729 0.398176 0.280795 0.322415 0.266137 0.331614 0.375976 0.377617 0.380972 0.330389 0.337995 0.334452 0.328658 0.330486 0.316859 0.243431 0.359383 0.357179 0.313352 0.328939
internal_weight=5028.91 3242.06 1786.85 2171.54 1930.83 1885.02 1123.51 663.333 1070.53 1369.27 1000.86 240.705 373.067 685.787 660.225 396.564 263.66 121.9 976.1 934.543 515.759 33.6669 122.652 581.818 162.413 151.235 725.804 201.777 119.532 31.5664 87.9659 15.8535 393.165 387.675 367.622 75.4386 576.075 522.374 427.925 421.474 222.334 78.2923 352.725 344.934 35.955 160.96
internal_count=20693 13110 7583 8565 7741 7585 4773 2810 4545 5586 4269 824 1644 2928 2831 1703 1128 621 3870 3734 1999 137 504 2370 570 529 3123 867 420 120 300 54 1716 1691 1601 312 2348 2112 1736 1710 909 254 1364 1333 135 673
is_linear=0
shrinkage=1


Tree=1
num_leaves=47
num_cat=0
split_feature=97 94 94 92 92 92 92 0 92 18 92 92 92 94 0 92 94 92 97 3 92 3 97 2 54 67 3 47 14 90 16 92 85 8 12 96 49 58 70 78 87 67 65 94 87 94
split_gain=1652.12 522.853 221.395 174.57 70.6925 69.1748 35.5459 33.7863 32.0705 26.9816 22.1415 20.8069 19.3984 16.7474 16.805 29.841 16.1511 15.5161 15.378 14.1766 13.2881 13.924 13.1412 12.8762 11.6455 13.3891 19.1288 12.7674 12.5485 11.8798 13.291 11.6187 11.2562 11.1024 11.2234 14.0175 15.7901 13.5699 11.6468 11.1379 11.0693 11.0059 11.0009 15.6707 15.0527 10.9049
threshold=0.50893095179762693 -1.2582821297574496 1.169290719659043 0.25898320429570437 -0.10735582953000992 -0.41778240964884794 0.7172718974963016 169.11248347866891 0.47088977708467006 -16.179999999999996 0.41778240964884805 -0.46375853078751622 -0.049818599746153491 -0.40061548619115511 -111.62380211853439 0.085556426882605827 -1.8893222317086116 0.067538361484603973 4.9506285768611233 0.013145262875045402 0.28493957147560772 -0.33861065210850666 -18.721060453999993 -0.10524406080513322 -1.5000000000000069 2.5999999999999983 0.059882821926007808 0.20977698128235764 0.19999999999999998 4.2500000000000009 -3.4500000000000024 0.041087918457229956 -3.8399999999999959 0.99999999999999301 1.5000000000000002 -0.23223122517114517 0.61620294599018022 3.2500000000000004 -1.5999999999999999 -0.0059980703297222498 1.0650000000000006 2.3000000000000012 -2.2999999999999994 -0.22303185485270838 0.52999999999999858 -0.37049124069585626
decision_type=2 2 2 2 2 2 2 2 2 2 2 2 2 2 2 2 2 2 2 2 2 2 2 2 2 2 2 2 2 2 2 2 2 2 2 2 2 2 2 2 2 2 2 2 2 2
left_child=1 5 8 4 11 22 -4 9 12 -6 42 -3 19 23 15 -15 17 -7 -14 -2 21 41 -1 40 28 27 -27 -26 29 30 -16 -30 -29 34 39 45 38 -38 -37 -13 -11 -18 -5 44 -44 -36
right_child=2 3 6 10 7 16 -8 -9 -10 13 -12 33 18 14 24 -17 20 -19 -20 -21 -22 -23 -24 -25 25 26 -28 32 31 -31 -32 -33 -34 -35 35 36 37 -39 -40 -41 -42 -43 43 -45 -46 -47
leaf_value=-0.12397021864508385 0.0029209679507599525 -0.094784464545155475 0.069186970474092016 -0.052182155694755761 -0.10055788091723672 -0.090596829029389189 0.10096303280493286 0.061532676905089519 0.052767781498320135 -0.0039062082345210488 0.047640029203334829 0.034999493652788927 0.011242788214109165 -0.069517352527124973 0.011160545413098346 0.063291685283252519 -0.046688656807316042 -0.028098226885687853 0.03405030321213675 -0.080450811746064416 0.025004930151039734 -0.073742690267513927 -0.082192110782305067 -0.040440633596841337 -0.11189086317722673 -0.098023461183256097 0.025738793479516145 -0.11188484824275094 0.019003437148287998 -0.06424900647032819 0.060938796874580314 -0.08194894871864801 0.0020755822779695231 -0.0730020922751171 -0.037220887802257664 -0.0090759145558493137 0.020127162851560628 -0.10229936348772237 -0.10235474553088089 -0.030868115667509625 -0.056487641772143674 0.041958464581388778 0.0079167247350328835 0.035785349312335159 -0.072506447474610353 0.052736368269089375
leaf_weight=269.04202872514725 40.054685205221176 69.56730692088604 715.81012696027756 15.488090246915815 24.849733933806419 278.55037261545658 337.59342387318611 33.997019350528717 252.10408103466034 158.11362081766129 215.33661259710789 19.53838324546814 353.75792145729065 54.98467829823494 117.04556576907635 12.975404024124144 110.25303030014038 29.010400950908661 411.40587218105793 18.718254312872887 11.175859719514845 230.08545368909836 65.613807305693626 244.95979994535446 6.4188643544912329 24.101447761058807 11.446445792913435 5.2133536934852591 13.001902863383295 9.3856727927923185 48.595548868179321 15.406444668769835 188.33665056526661 82.809356987476349 77.146955907344818 10.185129418969153 18.438469320535663 7.831077352166175 65.377650633454323 89.868907779455185 30.202870190143585 9.275273457169531 74.414656952023506 118.5755500048399 18.067822471261024 9.1919570565223676
leaf_count=1068 154 234 3123 60 91 1226 1422 111 1042 709 775 71 1538 188 462 48 470 118 1795 70 46 978 252 1071 27 87 39 18 52 37 181 56 750 301 305 34 66 26 226 338 142 39 308 427 76 36
internal_value=-0.000123413 -0.039478 0.0533518 -0.0146983 -0.0281231 -0.0861542 0.0794212 -0.0162386 0.0277984 -0.0190171 0.0292871 -0.0544453 0.0201213 -0.0168011 -0.00689801 -0.0437666 -0.0711535 -0.0847828 0.0235304 -0.0239513 -0.0594116 -0.0621648 -0.115938 -0.0283475 -0.00112837 -0.0132426 -0.0581458 -0.0050953 0.0128552 0.0209002 0.025952 -0.0359389 -0.00123314 -0.0469321 -0.0395403 -0.0514012 -0.0715214 -0.017299 -0.0900292 -0.0189267 -0.012509 -0.039597 0.0117406 0.0165815 -0.0080145 -0.0273031
internal_weight=5023.32 2893.88 2129.44 1890.87 1448.99 1003.01 1053.4 999.035 1076.04 965.038 441.883 449.955 823.937 940.188 506.912 67.9601 668.35 307.561 765.164 58.7729 360.79 349.614 334.656 433.276 438.952 235.517 35.5479 199.969 203.435 175.027 165.641 28.4083 193.55 380.388 297.579 188.171 101.832 26.2695 75.5628 109.407 188.316 119.528 226.546 211.058 92.4825 86.3389
internal_count=20693 11549 9144 7352 5706 4197 4545 4069 4599 3958 1646 1637 3557 3867 1945 236 2877 1344 3333 224 1533 1487 1320 1922 1709 921 126 795 788 680 643 108 768 1403 1102 693 352 92 260 409 851 509 871 811 384 341
is_linear=0
shrinkage=0.08


Tree=2
num_leaves=47
num_cat=0
split_feature=94 94 97 92 92 92 92 3 45 92 92 92 92 90 97 94 92 20 52 1 96 30 93 57 55 42 17 97 92 94 94 65 65 94 3 75 72 60 32 90 71 67 93 73 30 95
split_gain=1407.4 477.301 159.806 155.189 61.2639 57.7475 29.579 27.22 24.4199 22.6501 20.3854 19.577 18.0581 16.5354 13.5668 13.5383 13.5053 13.3492 13.0904 11.9701 11.5358 12.9185 12.2567 12.0626 14.7243 12.7137 11.3649 11.2627 11.1772 12.7842 11.0234 12.958 11.9765 10.9475 10.7139 10.693 10.7061 11.4775 11.5562 16.5758 10.8672 10.6773 11.9379 12.7057 10.615 10.4258
threshold=0.22688492247938155 -1.2582821297574496 14.475223102697557 0.25898320429570437 -0.10735582953000992 -0.41778240964884794 -0.089930604175332982 0.24588868977131165 259.56596654364745 0.53033399094287426 0.41778240964884805 0.7172718974963016 -0.46375853078751622 1.7500000000000002 -4.3740912255000017 -1.8640953451652382 0.067538361484603973 2.180000000000001 4.5000000000000009 -27799.337121217439 1.0915098024234176 1969.2235893671584 209.75000000000003 -4.700000000000002 -0.80000000000000415 -46.2803649948413 13.800000000000006 -25.441392906499992 0.29683844090623762 1.1242246856587279 -0.22303185485270838 1.1500000000000006 -1.5000000000000007 -0.8293064016767171 -0.35641197821475573 -4.2499999999999982 -3.7999999999999998 -0.033599999999999942 -343.41799355813458 -3.2499999999999996 -0.3999999999999998 2.5999999999999983 214.75000000000003 0.39999999999999974 508.74185277740918 -0.52154020895963138
decision_type=2 2 2 2 2 2 2 2 2 2 2 2 2 2 2 2 2 2 2 2 2 2 2 2 2 2 2 2 2 2 2 2 2 2 2 2 2 2 2 2 2 2 2 2 2 2
left_child=1 5 6 4 12 27 -2 8 14 17 18 -4 26 -9 -6 16 -7 28 30 -16 21 22 -19 -24 25 -25 -3 -1 29 -8 31 33 -32 -5 -17 -14 -37 38 40 -40 -38 -21 43 44 -43 -36
right_child=2 3 11 10 7 15 9 13 -10 -11 -12 -13 35 -15 19 34 -18 20 -20 41 -22 -23 23 24 -26 -27 -28 -29 -30 -31 32 -33 -34 -35 45 36 37 -39 39 -41 -42 42 -44 -45 -46 -47
leaf_value=-0.12049475323029037 -0.039898367051731991 -0.096082150197058333 0.070755355710814261 0.064585304526857956 -0.026458402335482561 -0.082070177188236393 0.02184025786659612 0.061820417882062481 -0.12298989682265703 0.057489774621514313 0.042967198660227426 0.096843094344460076 0.04458716959426081 -0.037363093106327815 -0.061752992647261341 -0.031020343715710112 -0.02472402085128584 0.027950525411678924 -0.037950969367406405 -0.0010032116552090231 0.054464930803850155 -0.10387793779525431 0.032583851004080983 0.03415862692376833 0.005754709105500834 -0.083680256512222342 0.011851087221285354 -0.089873110146522883 0.055802394886578663 0.072933537558887068 -0.034768016680634159 -0.077818925036223563 0.038399332871122585 -0.0083372887079626937 -0.074382503736319244 -0.12192511546616282 0.076801535027730183 -0.047286625340336653 -0.14885682736113812 -0.008657529933374512 -0.018645727682193105 -0.073613847413466493 -0.072232432114838499 0.041586782783801325 0.024802390193767371 -0.039231264172214661
leaf_weight=172.53737071156502 33.254813745617867 64.157471805810928 508.22537133097649 16.408298149704933 420.03710040450096 294.50749133527279 225.10301502048969 45.449957087635994 13.221264004707335 246.54191343486309 247.89242778718472 304.7121257185936 8.5157889425754529 13.568349674344061 24.67633068561554 98.58541813492775 29.891483202576637 209.31163269281387 30.318413719534874 500.95002509653568 51.322391644120216 5.3532383739948264 41.361680597066879 6.9758810400962821 57.243186041712761 27.90855772793293 6.6528257727622977 165.10827730596066 167.40343855321407 36.357921972870827 15.52290605008602 12.793032512068747 133.69050619006157 58.819638803601265 165.61470803618431 10.60920290648937 13.853688538074495 315.58963587880135 6.7956091463565853 21.55645315349102 15.770160540938376 20.094497427344326 29.695742949843407 19.391941249370575 10.175762847065924 84.87847925722599
leaf_count=686 124 214 2256 68 1860 1284 1009 154 41 1039 919 1317 30 48 82 417 121 992 114 2018 236 22 154 25 214 102 22 634 702 172 59 54 501 244 687 39 53 1160 21 84 55 79 98 75 40 368
internal_value=-9.63344e-05 -0.0335488 0.0536552 -0.0115862 -0.0241568 -0.07861 0.0338557 -0.0138338 -0.0168485 0.0361624 0.0264483 0.0805971 -0.0485364 0.0387613 -0.0154123 -0.0649486 -0.0768569 0.0297742 0.0110619 -0.00771432 0.0191743 0.0138784 0.0158892 -0.00299695 -0.0191474 -0.0597401 -0.0858173 -0.1057 0.0395953 0.0291013 0.017426 -0.00493654 0.0306435 0.00778395 -0.0537653 -0.0416929 -0.0436817 -0.0412782 -0.00831008 -0.044536 0.0262588 -0.00535149 -0.0325218 -0.00813389 -0.0404045 -0.0626054
internal_weight=5008.41 3087.33 1921.08 2076.21 1560.76 1011.12 1108.14 1097.26 1038.24 1074.88 515.445 812.937 463.501 59.0183 1025.02 673.478 324.399 828.341 267.553 604.984 399.477 348.154 342.801 133.489 92.1276 34.8844 70.8103 337.646 428.864 261.461 237.234 88.021 149.213 75.2279 349.079 392.691 384.175 373.566 57.9759 28.3521 29.6238 580.308 79.3579 49.6622 30.2703 250.493
internal_count=20693 12329 8364 8132 6173 4197 4791 4495 4293 4667 1959 3573 1678 202 4252 2877 1405 3628 1040 2392 1745 1509 1487 495 341 127 236 1320 1883 1181 926 366 560 312 1472 1442 1412 1373 213 105 108 2310 292 194 119 1055
is_linear=0
shrinkage=0.08


Tree=3
num_leaves=47
num_cat=0
split_feature=94 94 97 0 97 90 94 0 96 90 45 48 3 90 37 49 67 67 41 67 94 4 73 21 32 13 18 96 82 54 3 49 93 89 42 39 20 97 97 68 32 13 90 32 87 47
split_gain=1203.56 414.936 128.845 80.1141 47.9188 45.6866 35.8199 40.3614 22.0894 19.248 17.1969 16.0292 15.035 13.9275 13.5069 20.0751 13.0265 13.133 11.7404 13.2143 10.9856 10.8615 10.853 10.2268 12.3645 10.3298 12.0816 10.0801 10.0606 9.99332 9.91075 10.3966 9.82613 9.76389 9.66641 10.6477 9.58302 9.39617 9.3917 9.74979 9.33756 11.3695 10.0388 11.1814 9.61336 9.25351
threshold=0.29736904623939869 -1.2582821297574496 14.475223102697557 73.863001356411715 -20.649589285681582 -3.2499999999999996 -0.46340065331192909 -158.04404933267776 -0.010104660649139648 7.7500000000000009 214.01379480184804 0.79008567931456553 0.4253379789282884 5.7500000000000009 0.71788054233435916 0.51250781738586626 2.5999999999999983 4.900000000000003 130.2492100208722 3.3500000000000019 1.0984784291278988 0.3116700066701375 -0.94999999999999984 1.0000000180025095e-35 -865.9846360465674 -5.499999999999992 -2.1599999999999917 -0.88240405890826312 7.5800000000000063 26.550000000000001 0.48011071688801704 0.4156504065040651 199.75000000000003 -7.8250000000000002 278.90154612191503 -0.067221667270131139 5.780000000000002 -2.5047530627430699 0.50893095179762693 -5.9999999999999982 614.69859386401811 -5.0499999999999963 6.2500000000000009 -1.0000000180025095e-35 -0.999999999999999 0.63188142770719913
decision_type=2 2 2 2 2 2 2 2 2 2 2 2 2 2 2 2 2 2 2 2 2 2 2 2 2 2 2 2 2 2 2 2 2 2 2 2 2 2 2 2 2 2 2 2 2 2
left_child=1 4 9 5 13 11 23 -8 28 10 20 33 -4 22 38 -16 21 -18 29 -20 -2 40 -1 -7 25 -25 -27 -24 45 -6 -11 36 -29 -3 35 -22 -32 -19 39 -10 42 -42 -9 -44 -43 -5
right_child=2 3 12 8 18 6 7 16 14 30 -12 -13 -14 -15 15 -17 17 37 19 -21 34 -23 27 24 -26 26 -28 32 -30 -31 31 -33 -34 -35 -36 -37 -38 -39 -40 -41 41 44 43 -45 -46 -47
leaf_value=-0.11627261718742171 0.02367706686830761 0.024253070092230215 0.064553502970454937 -0.013869724863359476 -0.062607188489989168 -0.049625895525085228 -0.0651845058275098 0.0061621430699005976 -0.052880308411948677 0.059355940236709093 -0.061610152059400132 0.05006435665333097 0.087000661624886413 -0.10296127735236439 0.023126852474449927 -0.10728887882453661 -0.045057214793101777 -0.076823374498014685 -0.036571779687231867 0.086036925528059152 0.067381682408938354 -0.053062326411195689 -0.076684961229297716 -0.075997304059531243 -0.016956752322221019 0.017988401565417998 -0.049268610215160137 -0.071723342302553256 -0.11312331709420455 0.015071350316766392 0.06314731368127588 0.10062599348549256 0.0059440430349338774 -0.076214821547083783 -0.059486771883392436 0.024963859324707446 -0.058236651987104135 0.024191475476124207 -0.0023841375214849305 0.056076961957252189 -0.073700225948388917 -0.09006840697686723 0.013489072762620274 0.08506595518098628 0.0119466574447811 0.076448863032050854
leaf_weight=34.408971264958382 622.45630367100239 6.2099369168281546 396.41974876821041 62.026830330491066 441.13199274241924 106.2700669914484 62.257965087890625 644.40099406242371 4.9678610563278189 202.19831794500351 13.248653829097746 7.0636188983917227 398.92343935370445 266.83135089278221 46.175770163536072 8.5101359188556653 71.388484954833984 6.3873206675052634 81.312198981642723 5.5370506197214118 95.727969080209732 19.689671635627747 134.43363922834396 44.794052377343178 492.86101870238781 24.964045956730843 51.365734398365021 19.020496621727943 5.3028363138437262 10.512138545513151 5.3859783858060899 5.1298807710409156 21.855691611766815 109.96470460295677 4.8237832337617865 65.144264817237854 13.632666870951651 39.839060053229332 21.734150946140289 174.76994609832764 18.837367177009583 6.3092533200979224 38.340898409485817 22.004419028759003 44.237001582980156 7.7060793042182913
leaf_count=155 2716 19 1770 259 1816 452 210 2592 16 861 58 22 1803 1048 159 30 268 26 342 24 435 77 587 181 2069 107 216 91 22 47 24 21 87 340 23 289 57 146 95 590 75 25 149 83 178 33
internal_value=-7.36344e-05 -0.0299107 0.0516892 -0.00998514 -0.0720504 -0.0165836 -0.0131454 -0.00312695 0.0261654 0.0329408 0.0270716 -0.0635345 0.0758701 -0.0905865 0.0373385 0.00189861 0.0011367 -0.0236409 -0.0555628 -0.0282156 0.0286106 0.00483047 -0.0745962 -0.0266663 -0.0226423 -0.0455463 -0.0271938 -0.0660633 -0.0118662 -0.0607668 0.0535802 0.00467196 -0.0304328 -0.070695 0.0469689 0.050385 -0.0227145 0.00938986 0.0468899 0.0528827 0.00634658 -0.0215216 0.00911491 0.040205 -0.00138778 -0.00330165
internal_weight=4986.51 3163.42 1823.09 2148.38 1015.04 1817.19 1693.95 973.692 331.194 1027.75 801.401 123.238 795.343 476.55 256.158 54.6859 911.434 117.615 538.493 86.8492 788.152 793.82 209.719 720.255 613.985 121.124 76.3298 175.31 75.0357 451.644 226.347 24.1485 40.8762 116.175 165.696 160.872 19.0186 46.2264 201.472 179.738 774.13 69.3836 704.746 60.3453 50.5463 69.7329
internal_count=20693 12636 8057 8439 4197 7235 6854 3829 1204 4484 3521 381 3573 1968 890 189 3619 440 2229 366 3463 3179 920 3025 2573 504 323 765 314 1863 963 102 178 359 747 724 81 172 701 606 3102 278 2824 232 203 292
is_linear=0
shrinkage=0.08


Tree=4
num_leaves=47
num_cat=0
split_feature=97 97 92 97 92 92 92 18 94 0 92 92 96 92 92 92 54 39 2 3 44 54 2 46 42 97 42 86 30 78 59 82 40 2 43 31 42 5 18 72 59 75 31 53 5 96
split_gain=1032.69 378.175 124.769 87.8505 51.3054 41.1 23.0998 20.0677 22.8676 19.2679 18.1138 17.2414 16.7228 16.339 15.4882 14.5743 13.748 13.7562 13.6796 12.7904 12.5549 12.2412 11.6869 15.079 11.644 11.3979 17.0638 10.8563 10.825 11.161 10.7563 10.7082 10.5678 10.3714 9.80927 9.68622 9.62715 9.78973 11.1505 10.6245 9.53956 9.46242 9.69962 12.3657 9.45254 9.26757
threshold=4.648273370500001 -13.6 0.25760385125710217 14.475223102697557 -0.10735582953000992 -0.50909180510008423 -0.089930604175332982 -16.179999999999996 -0.19456421798513648 -120.0464622510617 0.7172718974963016 0.085556426882605827 -0.067217372516999385 0.69827810996718076 -0.46375853078751622 0.42711118123962161 -6.2999999999999892 0.62804825837256872 0.055401667298218958 0.29695310092639243 0.015144430866230952 0.30000000000000426 -0.23331332533013197 0.38126566416040103 -156.90809310656581 -20.649589285681582 -206.75785914559523 4.0900000000000007 542.28198624017443 0.031989620253168607 -2.7873978094539349 6.0200000000000182 -234.48815337189498 -0.038452840691646645 7.2109529814447857 1106.4935851468797 -169.18121559527353 -6.6666666666666634 11.26 0.20000000000000004 -5.5277630960770514 1.3999999999999992 428.59980142357728 -12.1 5.6666666666666794 0.30246802226964725
decision_type=2 2 2 2 2 2 2 2 2 2 2 2 2 2 2 2 2 2 2 2 2 2 2 2 2 2 2 2 2 2 2 2 2 2 2 2 2 2 2 2 2 2 2 2 2 2
left_child=1 5 4 6 14 -1 21 -6 20 11 -5 40 18 24 -3 25 19 34 -4 -11 -9 -2 23 -16 36 -7 41 28 29 -24 -20 -22 -28 -19 -18 45 37 -8 39 -39 -10 42 -27 -44 -42 -30
right_child=3 2 12 10 7 15 13 8 9 16 -12 -13 -14 -15 22 -17 17 33 30 -21 31 -23 27 -25 -26 26 32 -29 35 -31 -32 -33 -34 -35 -36 -37 -38 38 -40 -41 44 -43 43 -45 -46 -47
leaf_value=-0.098593109974699777 0.018592270782135146 -0.072742736247422196 0.017784572459551392 0.061938559411534158 -0.076884239079022809 -0.072412965591756709 0.089000735002967665 -0.015796525105087344 0.0061962478275564984 0.01661112725608695 0.08760422955298397 0.048874425316971969 0.031136883992116449 0.075785974007451254 -0.030951048127554382 0.073114149174766857 6.0519450073638468e-05 0.011351577601124681 -0.081724508644318752 0.083636339077836366 -0.058062786154141198 -0.10178483963565135 -0.050683226039409418 0.033672789814330618 0.035904405351955687 0.021613660171850683 0.045085150502582848 0.050674215381200781 -0.018093638623261365 -0.15898322308668514 -0.007809953012351406 0.055025930382569699 -0.059620597739765246 -0.090939473148454797 0.10506092412341173 -0.066381461413894852 -0.083900132448428907 -0.056734347062426409 0.072286279534461192 0.04255652812771514 -0.098716057367932056 0.053963870463021049 0.030094842576274497 -0.088565073304322867 0 0.067407434614111902
leaf_weight=227.48437362909317 9.4611761271953601 81.751338824629784 152.0098175406456 488.77618914842606 28.305678591132164 292.61796994507313 8.0695116966962797 517.16906347870827 10.316526636481283 161.74764029681683 288.29739417135715 10.65796937048435 410.16034479439259 62.474127396941185 77.800623327493668 4.8321081995964041 334.2760079652071 9.2602120637893695 15.697322621941565 20.219901710748672 73.690796986222267 11.445294246077536 223.27847723662853 32.22569277882576 716.64016662538052 16.159531235694885 5.8518634289503089 7.4147128313779822 67.533237352967262 5.9686206579208365 58.790491908788681 5.3165723979473105 344.36468562483788 18.162025481462479 5.2957137525081626 23.486400738358498 7.3957965224981299 22.523441836237911 8.7690003812313062 9.3332740366458875 31.059745073318481 11.332512512803076 7.4003889113664654 19.541788548231125 7.7758037596940985 8.6952236294746381
leaf_count=885 35 276 628 2256 103 1250 35 2295 36 653 1317 39 1559 270 284 19 1317 36 63 69 314 43 817 122 3169 69 24 28 250 22 246 22 1434 72 20 85 32 97 36 41 103 49 31 83 26 33
internal_value=-5.47594e-05 -0.0256267 -0.00882646 0.0520356 -0.0197985 -0.0689299 0.0343083 -0.0108464 -0.00925724 0.00163788 0.0715211 -0.0412697 0.0215084 0.0363999 -0.0406565 -0.0592442 0.00636058 -0.00253925 0.00400686 0.0243115 -0.020388 -0.0477729 -0.0346878 -0.0118842 0.0331583 -0.0602246 -0.0513125 -0.0420942 -0.0442831 -0.0538776 -0.0239342 -0.050054 -0.0577864 -0.0565256 0.00187362 -0.0219867 -0.00179346 0.0112402 -0.00490516 -0.0271891 -0.0612727 -0.00936829 -0.0266313 -0.055726 -0.07925 -0.00786074
internal_weight=4960.84 3327.65 2398.07 1633.19 1761.41 929.585 856.112 1233.25 1204.95 608.772 777.074 59.81 636.658 835.205 528.154 702.101 548.962 366.994 226.498 181.968 596.176 20.9065 446.403 110.026 772.731 697.269 404.651 336.377 328.962 229.247 74.4878 79.0074 350.217 27.4222 339.572 99.7149 56.091 48.6952 40.6257 31.8567 49.1521 54.4342 43.1017 26.9422 38.8355 76.2285
internal_count=20693 13362 9518 7331 7022 3844 3758 5105 5002 2371 3573 204 2496 3680 1917 2959 2167 1445 937 722 2631 78 1641 406 3410 2940 1690 1235 1207 839 309 336 1458 108 1337 368 241 209 174 138 165 232 183 114 129 283
is_linear=0
shrinkage=0.08


Tree=5
num_leaves=47
num_cat=0
split_feature=94 92 97 92 94 94 90 92 0 92 92 8 4 78 89 92 91 2 14 13 42 94 2 50 69 81 93 59 37 95 75 75 5 37 49 11 8 51 4 49 21 64 93 17 45 78
split_gain=947.978 278.357 105.511 86.3607 54.4899 31.0105 22.6046 20.3186 20.1119 17.1582 16.6686 12.9017 12.7689 12.624 13.4371 12.0218 12.0033 14.2023 11.34 12.4543 11.1133 11.0847 12.8761 15.5136 13.1616 13.4394 14.2042 12.6332 12.5036 10.9497 10.7186 10.615 10.4419 10.4302 10.2721 10.1674 10.1672 10.085 9.99873 10.8407 15.0415 11.9413 9.9137 22.6378 12.0554 9.70098
threshold=0.22688492247938155 -0.10735582953000992 13.4 0.25898320429570437 -1.8640953451652382 -1.3084414772816786 8.2500000000000018 -0.089930604175332982 -261.39023664679729 -0.50909180510008423 0.54925491439441998 0.99999999999999301 -0.20882188277859887 0.0027332347722812005 -5.0650000000000039 0.72268148098717655 4.2500000000000009 -0.20629464548026152 1.0000000180025095e-35 -5.6500000000000048 -156.90809310656581 -0.065495314256756046 -0.43368463687612618 -3.4999999999999996 -3.2999999999999985 -7.3149999999999968 179.25000000000003 -1.5561029009304972 1.0305584379272141 -1.0000000180025095e-35 -1.9999999999999993 -4.549999999999998 -7.0000000000000062 0.43482195539870561 0.63003220611916277 -9.9000000000000039 13.499999999999995 -1.4999999999999998 0.18464945155222209 0.44862772695285019 1.5000000000000002 0.79999999999999816 222.25000000000003 1.8000000000000045 37.264264629641282 0.0073076890322277509
decision_type=2 2 2 2 2 2 2 2 2 2 2 2 2 2 2 2 2 2 2 2 2 2 2 2 2 2 2 2 2 2 2 2 2 2 2 2 2 2 2 2 2 2 2 2 2 2
left_child=1 4 7 5 9 11 -5 -2 -7 -1 18 33 -11 21 -15 20 17 37 19 -4 32 42 -23 27 -25 -26 35 -24 34 -8 -16 -18 -9 -3 36 -27 -28 -6 39 41 -41 -32 -10 -44 -45 -43
right_child=2 3 10 6 16 8 29 15 13 12 -12 -13 -14 14 30 -17 31 -19 -20 -21 -22 22 23 24 25 26 28 -29 -30 -31 38 -33 -34 -35 -36 -37 -38 -39 -40 40 -42 45 43 44 -46 -47
leaf_value=-0.095560628986685381 -0.032854321314270282 -0.037396708133203047 0.1040093905728484 0.01131481557050615 -0.068845290801278797 -0.1071061038096669 -0.019305067798695407 0.072213804849303606 -0.0091334435286538427 -0.051409149913287766 0.076317418279259891 -0.0094190848964418906 -0.088234544235592488 -0.071786871027223378 0.034767678054196172 0.072692523204933718 0.056081912781603592 -0.042578326168521655 0.062987669710236768 0.018604627770376234 0.03131572728541375 0.12743033344535526 0.02046884012457947 0.06542085301178531 -0.11795820168715454 -0.057129784084295102 0.014928737776253784 -0.099146699696483445 -0.070849442358908901 0.05945085323172055 -0.10809413368557676 -0.056148514115436345 -0.019965112307168586 -0.074823624518134901 -0.055327631734588857 0.041388269186824089 -0.07303468426528778 0.0011700884942159385 0.035041805103618422 -0.029460141871914796 0.044376127743756814 0.072011415707529183 -0.091619706927245609 -0.077418814639527961 0.045956639980665459 -0.042138478195637347
leaf_weight=202.36241433024406 32.40412338078022 131.04805359244347 12.165195316076277 407.70640675723553 14.746195152401922 13.538280725479124 12.247172191739081 8.8721065223216993 479.78271941840649 179.94104181230068 517.43966093659401 60.737332940101624 95.216976061463356 35.326311111450195 21.095936447381973 42.408862262964249 5.0392249673604956 277.46616300940514 211.97358278930187 86.319425821304321 891.7933734357357 5.0167405456304541 8.3712493032217044 23.992924556136131 5.1545266062021247 6.8300768285989752 118.05393117666245 15.446102410554884 17.089822515845299 105.32581259310246 17.459340140223503 307.51401749253273 48.100155100226402 78.064918726682663 17.868908539414406 78.288476437330246 8.5366005450487119 94.941810637712479 16.025764912366867 66.027332410216331 23.50047293305397 4.6118557900190345 29.623625114560127 6.4984647929668453 17.780796885490417 70.414344295859337
leaf_count=799 119 606 55 1613 59 42 51 39 2150 734 2386 263 381 140 87 185 17 1040 1040 406 3973 18 31 83 17 32 417 56 64 360 70 1096 206 368 66 315 31 369 62 261 93 18 104 23 62 287
internal_value=0.000970671 -0.0262306 0.0462009 -0.00729364 -0.0567947 -0.0178286 0.0202825 0.0289894 -0.0118767 -0.077661 0.0674405 -0.0421334 -0.0643183 -0.0106412 -0.02624 0.0310348 -0.0424976 -0.0329502 0.0525208 0.0297071 0.029127 -0.00588414 0.00626717 0.00400297 0.00941259 0.00392551 0.0067383 -0.0572192 -0.0071624 0.0511324 -0.0187144 -0.0542268 -0.00496782 -0.051552 0.000535095 0.0331021 0.00867 -0.0084397 -0.024525 -0.0298952 -0.00985092 -0.049055 -0.0128349 -0.0452477 0.0117159 -0.0345855
internal_weight=4930.17 3078.69 1851.48 1901.46 1177.23 1376.18 525.279 1023.58 1106.33 477.52 827.898 269.85 275.158 1092.8 254.461 991.174 699.707 387.154 310.458 98.4846 948.766 838.335 304.649 299.633 275.815 251.822 246.668 23.8174 161.549 117.573 219.135 312.553 56.9723 209.113 144.459 85.1186 126.591 109.688 198.039 182.013 89.5278 92.4855 533.686 53.9029 24.2793 75.0262
internal_count=20694 12285 8409 7790 4495 5766 2024 4522 4529 1914 3887 1237 1115 4487 1018 4403 2581 1468 1501 461 4218 3469 1130 1112 1025 942 925 87 578 411 878 1113 245 974 514 347 448 428 791 729 354 375 2339 189 85 305
is_linear=0
shrinkage=0.08


Tree=6
num_leaves=47
num_cat=0
split_feature=94 92 97 92 94 94 0 92 97 97 4 48 91 3 97 12 53 67 66 79 84 19 40 42 33 2 80 2 93 57 47 32 72 92 96 8 79 58 67 92 34 3 76 12 56 79
split_gain=812.374 237.767 94.8996 66.6182 58.5525 36.377 21.2104 17.3675 17.1512 16.5862 15.6634 14.6093 13.9362 15.2531 17.8291 16.5131 20.775 13.0452 12.8097 11.9804 14.5116 11.6012 11.5961 11.4019 11.2037 11.1887 11.033 10.9239 10.8112 10.5842 10.5479 10.4735 12.8312 10.2447 10.5914 10.9899 10.2134 10.7501 10.2067 10.6849 10.1956 10.0518 9.90318 9.66457 9.38384 9.33689
threshold=0.22688492247938155 -0.023580457776235797 13.4 0.41778240964884805 -1.8640953451652382 -1.3084414772816786 -261.39023664679729 -0.023580457776235797 -28.009625513758927 21.492185368050006 0.18464945155222209 0.86425061425061445 4.2500000000000009 -0.27086814199223236 -5.9800000000000031 8.800000000000006 -11.800000000000002 6.9500000000000037 2.8000000000000012 0.0085121790288876526 3.6200000000000121 0.19999999999999998 47.986939453615726 -156.90809310656581 1.5000000000000002 -1.0000000180025095e-35 -3.6400000000000072 -0.16856601731601722 218.25000000000003 -10.700000000000001 0.79728490185287115 1.0000000180025095e-35 -0.39999999999999963 0.53033399094287426 1.1474645404668784 10.000000000000009 0.016906186245003403 11.549999999999999 0.19999999999999926 0.19865654779447886 1.5000000000000002 0.022612822929253203 -0.0027999999999999497 2.6000000000000019 8.6500000000000004 0.020720059554695854
decision_type=2 2 2 2 2 2 2 2 2 2 2 2 2 2 2 2 2 2 2 2 2 2 2 2 2 2 2 2 2 2 2 2 2 2 2 2 2 2 2 2 2 2 2 2 2 2
left_child=1 4 7 5 8 21 -7 -2 -1 -4 19 24 13 18 29 16 27 28 30 22 31 -3 -8 26 38 -17 -9 -16 -5 -15 36 44 -33 34 35 -25 37 -6 39 43 -18 -29 -40 -12 -21 -14
right_child=2 3 9 17 12 6 10 23 -10 -11 11 -13 45 14 15 25 40 -19 -20 20 -22 -23 -24 33 -26 -27 -28 41 -30 -31 -32 32 -34 -35 -36 -37 -38 -39 42 -41 -42 -43 -44 -45 -46 -47
leaf_value=-0.090933202486072201 -0.017312949728459353 -0.045081180871468195 0.053126977842332439 0.017920835606018263 -0.025604075538778144 -0.10539904947462324 -0.0020890586977661135 -0.092483768448406917 -0.059519593403775682 0.07648533819359743 -0.042720242406304891 -0.062572193063520465 -0.054245134124408678 -0.0020536974153496325 0.11486692188265997 0.059974621546624814 -0.058974630014477468 -0.067757086547059378 0.054459401530765505 -0.0078080048497552691 -0.065595533412117976 0.018389530232925031 -0.063390373463592053 0.028466097897900691 0.11710145348987887 -0.040972935608298844 0.0086842610962659939 -0.023478804788349589 0.052933745814600155 -0.061550036306762382 0.034470723351828825 -0.0027966670241211071 -0.092648902980933701 0.048142346438431113 0.059515329729976515 -0.00047949562780283682 -0.10355123281755033 0.055065852962623507 0.009269325351769277 0.033524871981864525 0.021978061133753033 0.079223266506052534 0.079811019551704374 0.059539291425587573 0.075422451660543829 -0.0048466437490423909
leaf_weight=181.18501597642899 53.336819007992744 213.71316720545292 444.66853810846806 100.5691876411438 123.56060434877872 12.893439456820486 857.58781586587429 7.4844751656055442 312.44161023199558 363.09715867042542 33.844306260347366 12.065237954258917 288.49621023237705 21.877791211009026 5.7233049571514121 23.704760640859604 91.92316235601902 7.2204587161540976 17.370860710740089 103.28033982217312 44.03987780213356 19.710455909371376 19.73186120390892 557.47983963787556 7.9462666213512412 9.3978275358676893 49.885540142655373 26.646179631352425 133.00381644070148 172.01236920058727 21.73826864361763 20.516302764415741 20.114922791719437 190.00198146700859 59.240116596221924 98.157009974122047 9.3571730107068998 11.034331455826758 23.313368618488312 37.760979279875755 10.747422114014624 7.3658031076192847 28.76053386926651 6.6337071657180777 8.9575842618942243 27.260182306170464
leaf_count=742 202 1001 2108 435 489 40 3552 32 1254 1779 142 44 1028 84 21 85 328 26 66 418 183 86 78 2514 32 34 215 100 457 666 85 85 80 840 284 435 37 45 86 142 38 26 109 29 36 96
internal_value=0.000908938 -0.0241856 0.0432087 -0.0043298 -0.0491253 -0.0107222 -0.00524335 0.0268973 -0.0711465 0.0636775 -0.00413968 0.0199909 -0.0365622 -0.0288176 -0.0381746 -0.0195482 -0.0313967 0.0346258 -0.00983991 -0.00753162 -0.0253451 -0.0396596 -0.00351223 0.0293638 0.027453 0.0308943 -0.00506088 0.0174137 0.0379629 -0.0549004 -0.0167727 -0.0135212 -0.048059 0.0315568 0.0271069 0.0241233 -0.0246589 -0.0187521 0.0214985 0.00305101 -0.0503576 -0.000179799 0.0487703 -0.0252443 -0.00078947 -0.0500201
internal_weight=4896.86 3073.51 1823.35 1711.66 1361.84 1470.87 1237.45 1015.59 493.627 807.766 1224.55 150.324 868.216 552.46 369.399 175.508 142.406 240.793 183.061 1074.23 196.909 233.424 877.32 962.249 138.259 33.1026 57.37 39.7353 233.573 193.89 165.69 152.869 40.6312 904.879 714.877 655.637 143.952 134.595 130.313 78.239 102.671 34.012 52.0739 40.478 112.238 315.756
internal_count=20694 12285 8409 7061 5224 6143 5056 4522 1996 3887 5016 584 3228 2104 1382 632 513 918 722 4432 802 1087 3630 4320 540 119 247 147 892 750 656 619 165 4073 3233 2949 571 534 508 313 366 126 195 171 454 1124
is_linear=0
shrinkage=0.08


Tree=7
num_leaves=47
num_cat=0
split_feature=94 92 94 92 92 94 92 94 12 90 92 78 32 58 86 92 42 73 10 38 56 55 12 69 37 17 4 61 47 16 37 96 77 48 42 19 88 17 17 83 4 18 51 21 40 43
split_gain=696.53 210.873 70.9414 66.4486 44.9554 23.9857 19.688 16.762 16.104 15.6671 15.4647 15.2852 12.6866 12.6392 19.797 12.3569 12.1706 11.1139 10.4383 10.2625 10.127 9.98991 10.5408 9.89447 12.0522 9.86288 12.4554 11.9721 9.71964 11.8998 14.9673 10.3462 9.41668 9.40351 9.36829 9.12175 9.08199 9.72337 19.7465 8.97535 8.66216 8.65686 8.58759 16.2517 9.57398 11.4666
threshold=0.29736904623939869 -0.10735582953000992 1.2814591331695389 0.25244340832706608 -0.5209235209235209 -1.744981291247484 0.77360814506762599 -1.527773703498865 -12.900000000000004 8.2500000000000018 -0.023580457776235797 0.0027332347722812005 1392.6758285406265 -1.9500000000000026 0.83999999999999908 0.72268148098717655 -1.0000000180025095e-35 -1.8499999999999999 8.5000000000000036 1.414933596132232 1.0000000180025095e-35 -13.399999999999997 -14.999999999999991 0.70000000000000118 0.66271308112854377 -9.9500000000000011 -0.20882188277859887 -0.077699999999999936 0.57223113964687011 0.75000000000000011 0.41173881046488991 0.10750334977913296 0.055650000000000005 0.47673160173160173 1.0000000180025095e-35 -0.15999999999999992 -2.9799999999999982 -7.450000000000002 -0.14999999999999852 11.400000000000007 0.19824769989919469 0.27999999999999131 -4.4999999999999991 1.0000000180025095e-35 7.3573346421309234 -1.3287695910646729
decision_type=2 2 2 2 2 2 2 2 2 2 2 2 2 2 2 2 2 2 2 2 2 2 2 2 2 2 2 2 2 2 2 2 2 2 2 2 2 2 2 2 2 2 2 2 2 2
left_child=1 4 10 5 8 16 21 25 -1 28 20 23 17 14 -13 42 35 -9 -11 40 -2 22 -4 32 -25 -6 27 -27 29 30 31 36 -7 -26 -16 -3 -5 -38 41 -19 -15 -39 43 -12 -44 -46
right_child=2 3 6 9 7 11 -8 12 -10 18 15 13 -14 19 34 -17 -18 39 -20 -21 -22 -23 -24 24 33 26 -28 -29 -30 -31 -32 -33 -34 -35 -36 -37 37 38 -40 -41 -42 -43 44 -45 45 -47
leaf_value=0.067357622657104751 0.018498898078468395 -0.043715287479070997 0.053912611115243626 0.050950535841358002 0.044155408812674726 -0.0083535162091493247 0.080859497726352952 -0.070109627010878736 -0.080580277530586233 0.020087497661860354 0.093439172976356497 -0.074854218100976408 0.057831425615725011 -0.049587474140094588 0.018868359884779536 0.075483368571512929 -0.064766063511162902 -0.030346055945294201 0.067832460923403656 0.047345971305011558 -0.056701737939626976 0.054680369212597245 -0.014446214218337115 0.029322238440152592 -0.083410249121322194 0.053277063250446011 -0.072466466044202663 -0.045881012023746337 0.025550345613371165 0.016592907753748051 -0.054320557787711249 0.045355158682398894 -0.070077180233905856 0.0036997170530320479 -0.043068306240751267 0.019285871507810737 0.025675639883108139 -0.15972837922504871 0.024928767609148885 0.034386986850025801 0.029770931031145184 -0.053434327341957612 0.031600749604477354 -0.024526920717575403 0.06907359274899888 -0.011338190209166786
leaf_weight=4.3828082382678977 22.087860912084579 34.531535446643829 27.740508407354355 10.356561586260794 6.2231005281209937 809.88355772197247 195.04498732089996 45.0270626693964 253.87540552020073 62.106312811374664 8.4662541598081571 22.400063082575798 9.7219743877649289 157.51630727946758 83.777069270610809 33.981823667883873 86.303291514515877 447.57087993621826 57.160825133323669 7.5561759620904914 22.677518233656883 585.02886275947094 28.924583420157433 92.882848680019379 11.419055089354513 7.5810884535312644 147.74043518304825 237.68109695613384 171.54912044107914 150.3311702311039 43.591591402888298 25.403586804866791 15.688075497746466 23.108047589659691 18.652292490005493 24.757817894220352 13.913605496287344 8.5353396683931333 12.95067109167576 13.627720057964323 8.8751807212829572 13.268587961792944 673.95067554712296 44.245940670371056 13.152080506086348 66.612686201930046
leaf_count=17 83 167 138 40 24 3386 981 164 988 228 38 84 36 641 334 154 410 1644 203 32 86 2859 134 382 45 31 586 970 700 584 174 108 69 98 79 107 51 32 52 50 35 51 3052 206 61 300
internal_value=0.000854788 -0.0215662 0.0417391 -0.00554333 -0.048398 -0.0149306 0.0584469 -0.0400221 -0.0779135 0.017482 0.0259124 -0.0113368 -0.0304079 -0.0271185 -0.00757087 0.0283578 -0.04563 -0.0321737 0.0432245 -0.0410386 -0.0196255 0.0515645 0.0190579 -0.00636887 0.0143176 -0.0523735 -0.0539765 -0.0426813 0.0105996 0.00132733 -0.0165313 0.00309061 -0.00957782 -0.0256609 0.0073576 -0.0173324 -0.0151933 -0.0298064 -0.0522941 -0.0283808 -0.0452301 -0.0980507 0.0263165 -0.00472976 0.0285001 0.0021686
internal_weight=4861.86 3139.95 1721.91 1966.52 1173.43 1397.35 836.739 915.173 258.258 569.167 885.175 1251.76 515.948 298.777 124.829 840.409 145.593 506.226 119.267 173.948 44.7654 641.694 56.6651 952.982 127.41 399.226 393.003 245.262 449.9 278.351 128.02 84.4284 825.572 34.5271 102.429 59.2894 59.0248 48.6682 34.7546 461.199 166.391 21.8039 806.428 52.7122 753.715 79.7648
internal_count=20694 12602 8092 8092 4510 5869 4112 3505 1005 2223 3980 5185 1894 1205 497 3811 684 1858 431 708 169 3131 272 3980 525 1611 1587 1001 1792 1092 508 334 3455 143 413 274 226 186 135 1694 676 83 3657 244 3413 361
is_linear=0
shrinkage=0.08


Tree=8
num_leaves=47
num_cat=0
split_feature=97 92 92 97 92 4 91 94 94 87 87 85 61 85 92 92 3 66 97 3 11 57 42 38 47 92 72 50 92 93 96 67 40 18 93 93 18 75 31 75 32 78 66 42 32 80
split_gain=601.005 205.709 53.0163 47.7931 46.7483 24.8488 22.9877 18.0239 15.8894 15.6006 17.1671 15.7921 13.4682 13.0324 12.9601 12.8898 19.8493 14.8521 11.7747 15.5488 12.8896 12.4474 10.7377 15.9964 10.6943 13.6391 14.1798 12.2277 11.4823 15.3494 12.3108 10.5688 10.4644 10.2426 10.1812 10.1562 10.6294 10.1489 9.98167 9.60993 9.46131 9.29558 11.0904 10.6927 10.219 11.5309
threshold=4.9506285768611233 -0.023580457776235797 0.54925491439441998 -28.009625513758927 0.25244340832706608 -0.28068242284502354 4.2500000000000009 -0.97290098373760792 2.1615573413936997 0.82999999999999929 2.0349999999999997 2.9699999999999922 0.0055000000000000509 8.78000000000001 0.64627791563275439 0.085556426882605827 -0.21796470725531916 5.0999999999999988 14.475223102697557 0.38304721729801205 9.5000000000000018 -6.0999999999999934 269.66549439648992 0.70834738868416747 0.72776679841897252 -0.049818599746153491 -3.2999999999999998 -3.4999999999999996 -0.10735582953000992 232.25000000000003 0.4301481793992083 -4.7499999999999991 65.075549575202572 -0.87999999999999234 177.75000000000003 209.75000000000003 -0.60000000000000508 -4.549999999999998 534.9720631413328 2.0000000000000009 -860.69704032584241 0.0097907685837950505 7.0999999999999988 -142.68802928897784 -1180.0267636191568 4.9500000000000037
decision_type=2 2 2 2 2 2 2 2 2 2 2 2 2 2 2 2 2 2 2 2 2 2 2 2 2 2 2 2 2 2 2 2 2 2 2 2 2 2 2 2 2 2 2 2 2 2
left_child=1 3 13 -1 5 12 24 -7 -4 15 31 40 34 18 41 17 35 -9 19 22 21 -21 -2 -24 25 26 -5 -28 -29 30 33 -11 -18 -30 -3 36 -17 -8 -36 -26 -12 44 43 -43 45 -6
right_child=2 4 8 6 14 7 37 9 -10 10 11 -13 -14 -15 -16 16 32 -19 -20 20 -22 -23 23 -25 39 -27 27 28 29 -31 -32 -33 -34 -35 38 -37 -38 -39 -40 -41 -42 42 -44 -45 -46 -47
leaf_value=-0.080731890579306478 0.029329639162045413 -0.048006746273521382 0.049669695436082809 -0.099971073155704457 -0.048376732025743038 -0.025399563347375902 0.046745842290358566 0.0092965892630135945 0.07581130182188478 -0.13801156956902533 0.096297751707160414 -0.056132884781819152 -0.11204154988765541 -0.091333682155610066 0.049548294217200944 -0.041190658556972556 -0.010598926234863582 0.065959292789184804 0.045837824455352054 0.018325364179744608 0.06524670337311303 -0.10165894619513172 0.035169402334929281 -0.15027231921843806 -0.0098540960429725905 -0.068804252029484189 0.0056838463988236419 -0.036330987638054174 -0.0030421677653107368 0.091332376591256217 0.070583948371118463 -0.038334605920454415 -0.09743324349597153 -0.061551624106391263 0.030748742379888738 0.11696789736343689 0.10095312369943668 -0.04960284997558323 -0.034251864262760043 0.072380416565851827 0.010849011700894015 -0.046378703915649522 -0.049897416991628356 0.053414472191335521 0.011086816985347426 0.072588376584777306
leaf_weight=176.11114943027496 577.40992859005928 94.670357003808022 363.58294886350632 15.722840934991835 34.155534699559212 240.19887866079807 6.6340196579694739 367.75568179786205 263.16703785955906 7.1758418530225745 9.862295061349867 19.2348622828722 14.358136832714079 5.1177663207054129 65.062263906002045 8.3565749228000623 288.0490315258503 31.811166942119598 243.57195194065571 8.2747935503721273 6.4062641710042945 14.882853239774704 6.2421659827232343 4.865948498249054 85.341686800122261 52.909535095095634 76.355695486068726 321.77417139708996 50.967784076929092 9.039646387100218 9.0527615547180158 78.603839948773384 8.7066469490528089 30.530606091022491 26.299892202019691 10.870787873864172 4.9161597192287472 530.82289865612984 34.097655728459358 9.6693831086158735 43.953549012541771 7.0889969915151587 8.315438970923422 75.437037527561188 473.86573211848736 5.4007064700126639
leaf_count=742 2641 466 1723 60 138 1099 24 1640 1344 27 38 78 60 23 250 36 1121 127 1265 38 31 67 31 24 337 206 300 1219 202 30 36 317 32 117 106 39 22 2000 132 38 178 28 32 302 1907 21
internal_value=0.000805519 -0.0180891 0.0429711 -0.0418014 -0.00142968 -0.0103397 -0.0360444 -0.00600151 0.0607108 -0.000681992 -0.023344 0.00506274 -0.0388553 0.0301069 0.0157113 0.00431558 -0.00760225 0.0139045 0.0308901 0.0249543 -0.0311467 -0.0589663 0.0278101 -0.0483486 -0.025998 -0.0301618 -0.0261012 -0.0236536 -0.0289892 -0.00512542 -0.0152913 -0.0475172 -0.0133331 -0.0253 -0.031689 0.0613543 0.0126315 -0.0483564 -0.00579615 -0.00106614 0.027398 0.0120168 0.0355622 0.0445182 0.0078047 -0.0309614
internal_weight=4826.7 3333.18 1493.52 1374.93 1958.25 1288.92 1198.82 1119.5 626.75 879.296 158.83 73.0507 169.426 866.772 669.326 720.466 320.899 399.567 861.654 618.082 29.5639 23.1576 588.518 11.1081 661.364 566.353 513.444 497.721 421.365 99.5908 90.5512 85.7797 296.756 81.4984 155.068 24.1435 13.2727 537.457 60.3975 95.0111 53.8158 604.263 90.8415 82.526 513.422 39.5562
internal_count=20694 13507 7187 5311 8196 5518 4569 4754 3067 3655 638 294 764 4120 2678 3017 1250 1767 4097 2832 136 105 2696 55 2545 2170 1964 1904 1604 385 355 344 1153 319 704 97 58 2024 238 375 216 2428 362 330 2066 159
is_linear=0
shrinkage=0.08


Tree=9
num_leaves=47
num_cat=0
split_feature=97 92 92 92 97 97 0 94 76 92 4 93 88 42 8 92 31 94 73 82 70 65 14 4 43 82 87 95 97 42 43 92 59 56 71 68 10 38 80 92 41 82 43 81 79 79
split_gain=516.361 175.607 50.9971 48.096 34.8873 22.9853 19.9328 15.0034 12.647 12.5712 12.1181 11.4899 11.9295 11.3242 21.9675 11.3073 11.1649 11.0654 11.2316 11.3705 10.378 11.63 10.0332 15.6146 10.2327 9.89016 14.2516 9.84445 9.7741 9.93121 9.68475 9.67681 11.6655 11.2788 9.65717 9.52923 9.23256 10.064 9.17576 9.16023 9.85863 8.83085 10.2657 13.5397 9.76735 10.1451
threshold=4.9506285768611233 -0.14722982689010564 0.25244340832706608 0.54925491439441998 -25.441392906499992 -4.6012081140000012 -246.72836940691556 2.1615573413936997 0.045099999999999911 -0.5209235209235209 0.17533556792474059 178.75000000000003 7.9999999999999956 175.38382906772304 6.7999999999999909 0.64627791563275439 105.99487685690978 1.0000000180025095e-35 -1.8 8.0200000000000049 -0.79999999999999927 2.3999999999999999 1.0000000180025095e-35 0.13987023912722682 0.3808172701615325 -8.6000000000000139 0.80999999999999972 0.16977111886172258 -22.219829612420586 -128.90054186885274 0.58355851798474767 0.14722982689010569 -18.284876592390059 8.6500000000000004 1.0500000000000005 -0.79999999999999882 6.9000000000000012 0.94100763106545549 -14.950000000000008 0.14722982689010569 132.73513102865778 2.3399999999999967 -5.7041073680417931 4.6049999999999907 -0.016750458977848399 -0.0097397412302514981
decision_type=2 2 2 2 2 2 2 2 2 2 2 2 2 2 2 2 2 2 2 2 2 2 2 2 2 2 2 2 2 2 2 2 2 2 2 2 2 2 2 2 2 2 2 2 2 2
left_child=1 4 5 11 -1 28 -7 -5 16 -6 17 -2 13 31 -15 22 -8 18 -10 -20 21 41 -4 -24 -25 26 34 -22 -3 39 -26 33 -33 -13 -18 -31 37 -17 -34 -30 -41 44 -43 -44 -11 -46
right_child=3 2 15 7 9 6 8 -9 10 20 -12 12 -14 14 -16 36 25 -19 19 -21 27 -23 23 24 30 -27 -28 -29 29 35 -32 32 38 -35 -36 -37 -38 -39 -40 40 -42 42 43 -45 45 -47
leaf_value=-0.071674850193703524 0.043702705725535966 -0.04968533576908496 0.021657667862989768 0.046667034037416448 -0.058774747127726033 -0.093287047010297316 -0.028818892027417768 0.072433908943953448 0.020895824051008895 -0.05691570005359628 0.023167811724739525 0.0073530387288539634 0.075902624676991409 0.020853045399223211 -0.11365106583559015 -0.032773507393012033 0.1008600187320845 0.0024029418272362895 -0.093567201902606492 0.010872398361853832 -0.039064695000862772 0.043171645584945025 -0.018700676785232306 0.04370017940135959 -0.072940178860802465 0.0033352951050108297 -0.031027056992491843 0.0075383581470760547 0.012848983861717494 -0.042200589636125427 0.010125940881435124 0.083714819260354206 -0.063446380206257424 -0.088646960781033693 0.010998929172628942 -0.017442577449122185 0.070909129659026959 0.067425997651982386 0.025613329597710711 -0.10691810015272975 0.026900021442333527 0.050923386330728217 -0.059665325013113474 0.035809031811189565 0.11399531935251712 0.005721401446820774
leaf_weight=221.98830151557922 222.32882058620453 73.132652446627617 293.98489247262478 356.35679203271866 131.46387131512165 14.729822650551794 63.915397018194199 253.81593525409698 8.662735313177107 10.668918818235396 23.503555506467819 69.401401817798615 25.334114775061607 22.628783747553825 11.191958516836165 15.036801531910898 21.117993578314781 25.063810095191002 39.540538281202316 7.7277670651674262 539.28583355247974 20.107098877429962 139.97646147012711 60.179618492722511 9.368964955210684 600.28656786680222 12.157306581735609 30.200191348791122 92.119310572743416 128.79709111154079 98.880764842033386 21.814318671822548 7.0100829601287833 8.3142843544483167 12.387324199080465 451.263761267066 38.523382648825645 10.398645296692846 469.63120843470097 8.5573225617408735 5.3620375841855994 7.2542284876108161 64.293921634554863 10.68817353248596 6.6481869965791693 25.679252550005913
leaf_count=947 1338 353 1194 1723 494 47 250 1344 31 39 92 282 111 100 50 59 78 115 147 30 2051 74 572 236 38 2428 48 118 415 565 388 100 29 34 45 1969 149 42 2076 36 22 29 244 41 25 96
internal_value=0.000755842 -0.0166981 -0.00403231 0.0402669 -0.0434084 -0.0118272 -0.0026036 0.057449 -0.000897311 -0.0359465 -0.0268197 0.0280071 0.0224718 0.0201793 -0.0244312 0.0145307 0.00292362 -0.0414767 -0.0611288 -0.0763901 -0.0316988 -0.0124784 0.0110949 0.00098148 0.017393 0.00609672 0.0417961 -0.0365748 -0.0218807 -0.0188712 0.00256074 0.0228307 0.0269226 -0.00331611 0.0685228 -0.0229853 0.0464292 0.00839224 0.0242216 0.00356078 -0.0556684 -0.0216132 -0.0369178 -0.0458031 0.00756282 0.0296289
internal_weight=4790.78 3322.95 2254.67 1467.83 1068.28 1588.32 829.093 610.173 814.363 846.29 104.498 857.655 635.326 609.992 33.8207 666.35 709.865 80.9949 55.931 47.2683 714.826 145.34 602.391 308.406 168.429 645.949 45.6626 569.486 759.232 686.1 108.25 576.171 498.456 77.7157 33.5053 580.061 63.9588 25.4354 476.641 106.039 13.9194 125.233 82.2363 74.9821 42.9964 32.3274
internal_count=20694 13507 9349 7187 4158 6671 3311 3067 3264 3211 415 4120 2782 2671 150 2678 2849 323 208 177 2717 548 2428 1234 662 2599 171 2169 3360 3007 426 2521 2205 316 123 2534 250 101 2105 473 58 474 314 285 160 121
is_linear=0
shrinkage=0.08


Tree=10
num_leaves=47
num_cat=0
split_feature=94 97 94 92 92 92 92 97 0 3 92 40 96 49 5 73 96 86 76 8 57 67 11 68 47 94 93 44 67 92 59 19 86 16 8 95 31 44 92 68 83 95 64 13 30 23
split_gain=433.408 131.202 60.018 51.9567 27.6592 18.7537 17.4146 13.4658 17.345 16.4125 12.8939 14.5839 12.4927 11.7499 13.5366 11.567 11.9805 11.3743 11.3197 10.3223 11.9113 11.2817 10.4229 10.3178 9.98864 11.1198 10.9777 10.1553 10.8028 9.96429 9.95449 9.87565 9.66756 9.60845 9.58498 9.44728 9.42865 9.39276 9.89073 10.0835 11.0813 9.54243 9.37387 9.34992 9.31965 9.14247
threshold=0.29736904623939869 -14.315135816499994 1.9567572715949508 0.41778240964884805 -0.46375853078751622 -0.41778240964884794 -1.0000000180025095e-35 -6.1556013949825372 -169.23792893401739 -0.27086814199223236 0.58311051693404659 199.81580781016433 -1.3871655221511583 0.23606811145510834 19.333333333333339 -2.3499999999999992 0.58709064744247008 4.0900000000000007 -0.017999999999999947 -13.999999999999991 -10.499999999999998 5.049999999999998 -4.1999999999999948 6.1000000000000005 0.41955396256471528 1.8953013115840498 182.25000000000003 -0.035930205415499496 -4.5499999999999963 0.86524259273836945 0.6029083245521748 0.19999999999999998 2.3800000000000021 1.9500000000000031 1.199999999999996 0.45977221663281792 482.14981496271258 -0.079999999999999946 -0.24353195823784052 -7.5999999999999996 7.5750000000000108 0.021964386438729104 -1.8999999999999992 -4.5999999999999863 864.59519036355505 -1.4999999999999998
decision_type=2 2 2 2 2 2 2 2 2 2 2 2 2 2 2 2 2 2 2 2 2 2 2 2 2 2 2 2 2 2 2 2 2 2 2 2 2 2 2 2 2 2 2 2 2 2
left_child=1 5 6 4 42 -1 18 9 -9 15 11 24 -11 -5 43 -6 -17 19 -2 20 -10 37 -22 30 26 45 -8 -28 35 -4 -7 -32 -23 -19 -30 -29 -20 41 -39 -40 -41 -21 -3 -15 -38 -26
right_child=2 3 29 13 7 23 10 8 17 12 -12 -13 -14 14 -16 16 -18 33 36 21 22 32 -24 -25 25 -27 27 28 34 -31 31 -33 -34 -35 -36 -37 44 38 39 40 -42 -43 -44 -45 -46 -47
leaf_value=-0.061797263247166279 -0.082884657077291216 0.006051898798009687 0.053285857398792526 0.054183418076922243 -0.083088215912683755 -0.027504072468347025 0.035791065788016913 -0.040525424587462326 0.041998754050420042 0.028683234466489519 0.040848280082441554 -0.062714648888083716 -0.031079749362446001 0.075426037143997343 -0.051845700580409888 0.0079759331430183378 -0.10619494976242559 0.078566555602027133 -0.057527652550879771 0.0033229072904438369 -0.065886208891874631 0.041848885610305073 0 0.055680145872790077 -0.016667575539429293 -0.088404037090555915 -0.081992839823755589 -0.14738361367812211 0.031353239921025969 0.090369605688377708 -0.053233627951455573 0.0128062906854853 -0.061284140320598174 -0.039536366419664411 -0.0017354681590262648 -0.0097049511588790417 0.048197204813466885 -0.045250129879938754 -0.08310983132946699 -0.0063181104432411244 0.036218442430720921 0.058543629163940042 -0.06960323490629397 0.015247219519359159 -0.063337126928054557 0.031858776325503366
leaf_weight=294.05204246938229 13.540962532162665 12.01749901473522 360.53954426944256 67.753249198198318 9.7620050460100156 287.1749083250761 87.68368074297905 86.464535623788834 11.405528903007506 23.042847990989685 264.45702339708805 12.690014809370039 448.73707699775696 18.305401563644409 16.962297469377518 177.80837301909924 5.5781579613685599 18.097860679030422 12.019743993878363 73.230600357055664 46.922291576862335 54.074089393019676 22.697748631238937 7.1555955857038489 25.540645629167557 4.652344971895217 8.1612698882818204 4.7414544224739066 86.130362182855606 55.24070431292057 243.45917272567749 15.01810748875141 6.0090764164924613 5.3371216207742682 157.31098005175591 8.7024030089378339 22.925643458962444 41.039042875170708 10.034931302070616 832.96181620657444 40.594354435801506 27.287137761712074 69.337363705039024 147.73604057729244 5.5180883705615988 534.88621181249619
leaf_count=1238 50 42 1953 264 42 1234 520 287 44 104 1299 60 1869 74 66 743 25 69 46 275 178 201 87 32 120 25 38 21 395 323 1063 61 22 21 695 38 89 141 39 3318 161 117 242 588 21 2507
internal_value=-0.000949096 -0.0185373 0.0320056 -0.00851569 -0.0127782 -0.0454076 0.0232143 -0.0108491 -0.00602634 -0.0200816 0.0252268 0.0207589 -0.0281166 0.0257882 0.0151128 -0.000392183 0.00418033 -0.00349632 -0.0209915 -0.00462109 -0.0320841 -0.00254945 -0.0445478 -0.0366271 0.0219552 0.028557 0.0113311 0.00315685 0.00604717 0.0583347 -0.0379021 -0.0493484 0.0309816 0.0510713 0.0099789 -0.0623797 0.000284415 -0.00453662 -0.00707007 -0.00526313 -0.00431269 0.0186082 -0.0583612 0.0221363 0.0255628 0.0296201
internal_weight=4784.8 3120.06 1664.74 2273.2 2022.44 846.86 1248.96 1941.08 1276.16 664.928 1194.96 930.499 471.78 250.757 183.004 193.149 183.387 1189.69 54.0044 1166.26 81.0256 1085.23 69.62 552.808 917.809 565.079 352.73 265.046 256.885 415.78 545.652 258.477 60.0832 23.435 243.441 13.4439 40.4635 1025.15 924.63 883.591 873.556 100.518 81.3549 166.041 28.4437 560.427
internal_count=20847 12647 8200 9019 8027 3628 5924 7743 4960 2783 5718 4419 1973 992 728 810 768 4673 206 4583 309 4274 265 2390 4359 2652 1707 1187 1149 2276 2358 1124 223 90 1090 59 156 4051 3659 3518 3479 392 284 662 110 2627
is_linear=0
shrinkage=0.08


Tree=11
num_leaves=47
num_cat=0
split_feature=97 97 97 92 92 92 42 92 40 92 1 92 64 94 6 56 42 81 49 5 2 92 53 5 61 79 5 12 66 49 52 21 60 32 27 78 39 95 39 2 13 52 67 5 96 61
split_gain=373.403 126.074 44.1513 37.2775 25.5068 21.3135 17.2393 12.2973 11.7714 11.0231 10.3699 10.1257 10.2916 9.728 14.0073 11.8271 10.0588 13.1145 9.71405 9.82046 9.59312 9.51431 9.43899 9.29441 10.6638 9.31259 8.98799 8.90081 8.82577 11.7284 9.94503 9.47744 9.82494 9.48858 10.0601 9.13348 8.60435 8.55643 12.8133 12.0154 10.1202 9.30934 9.35895 8.53934 9.977 9.67476
threshold=4.9506285768611233 -10.179653149999995 20.075000000000006 -0.023580457776235797 -0.41778240964884794 0.42711118123962161 214.42422670667216 0.58311051693404659 194.27196446332644 0.43658025661167849 -28641.47664153896 -0.46375853078751622 -1.7999999999999996 -0.20615419393193962 -0.83333333333333315 -10.300000000000002 40.278225574914821 6.4250000000000052 0.23606811145510834 19.333333333333339 0.24669250885429536 0.86524259273836945 32.900000000000006 -0.66666666666666419 -0.0098999999999999488 0.0050025216959785511 8.0000000000000089 -11.199999999999994 3.8000000000000012 0.56173780487804892 -4.4999999999999991 1.0000000180025095e-35 -0.016799999999999846 -382.08601995540721 1.0000000180025095e-35 -0.0064823291167712994 -1.4165243040886164 0.10983071730763821 0.3907756197927566 0.12798857609139122 -8.7999999999999883 -10.499999999999998 5.900000000000003 -8.0000000000000053 -1.9746564191467038 -0.055499999999999945
decision_type=2 2 2 2 2 2 2 2 2 2 2 2 2 2 2 2 2 2 2 2 2 2 2 2 2 2 2 2 2 2 2 2 2 2 2 2 2 2 2 2 2 2 2 2 2 2
left_child=1 4 7 6 -1 10 11 8 22 27 -5 12 -3 14 -12 -16 -15 -18 26 -20 23 -4 -2 24 -17 -25 -7 -6 30 -30 31 32 -29 34 -33 -35 -32 39 40 41 -39 -13 -43 -38 -45 -46
right_child=2 3 21 5 9 18 -8 -9 -10 -11 13 37 -14 16 15 20 17 -19 19 -21 -22 -23 -24 25 -26 -27 -28 28 29 -31 36 33 -34 35 -36 -37 43 38 -40 -41 -42 42 -44 44 45 -47
leaf_value=-0.056319576558922377 0.022320367958729204 0.03112094177972893 0.051351197168053017 -0.039930506860984427 0.0073966423194477869 0.020425133218014539 -0.089385362915173835 0.039851156231780489 -0.048707585689239281 0.055969574233072306 0.090234239842117689 0.062688986702716554 -0.068627627392421717 0.0079215291770191685 -0.053104706031032345 0.017535927419304063 -0.026840312318935824 0.0641550406808407 0.018792620982084274 -0.040648267721686192 -0.080461850741940108 0.088745990591980725 -0.044931315667866331 0.014764835245627455 -0.02498636873034334 -0.029447729402147082 0.078116036447273371 0.030111565551518442 -0.032550409817938102 0.039938268401342215 0.018341385979117716 -0.053714460804069129 -0.091890399499718445 -0.054626626115359435 0.016452837614194943 0.016201234225986936 -0.055811205359648036 0.090053320151525965 -0.064763197480811635 0.043196072527695036 0.0080415702528647635 -0.023444925123995805 -0.11361584592538333 -0.092589714007805524 0.051374660075296834 -0.033315801482028638
leaf_weight=318.5164899379015 779.35890880227089 7.3966424167156211 322.487927749753 45.012363076210022 37.155798152089119 38.107599869370461 23.346731558442116 261.53254345059395 15.207380160689352 9.0159879326820356 8.2802834659814817 7.3297562152147284 42.74488365650177 697.51372031867504 39.996165305376053 46.323908790946007 101.50779046118259 10.736278131604193 183.50530496239662 19.149444177746773 10.887669712305067 52.244452595710754 13.063208937644957 164.94445264339447 192.30431978404522 36.814168483018875 32.689745560288429 5.0596981346607235 33.63542252779007 24.046511337161064 15.226726800203322 46.56041108071804 18.388971045613289 13.164388552308081 17.624672293663025 77.946983113884926 185.15553671121597 11.851361349225042 11.584003165364264 17.590886205434799 45.549671962857246 350.68289275467396 7.1180631667375556 17.619387969374657 8.3644945025444013 326.91925127804279
leaf_count=1352 3730 25 1804 163 159 158 81 1313 70 38 37 26 145 2789 177 205 408 42 753 75 46 321 63 717 844 159 129 22 144 105 65 201 81 56 78 339 797 46 46 61 176 1258 25 84 37 1397
internal_value=-0.000875945 -0.0156958 0.0330583 -0.00425168 -0.0370211 0.00172479 -0.0227742 0.0247429 0.0198189 -0.0296285 -0.00238557 -0.0195736 -0.0535932 -0.00107396 -0.00985292 -0.0116462 0.00433477 -0.0178196 0.0220785 0.0130503 -0.00789932 0.0566973 0.021174 -0.00599799 -0.0166788 0.00660512 0.0475364 -0.0306047 -0.0324064 -0.00211022 -0.0347796 -0.0182177 -0.065152 -0.0108932 -0.0343452 0.00563793 -0.0400944 -0.0157244 0.010074 -0.0204025 0.0257438 -0.0235433 -0.0254172 -0.0417785 -0.0343248 -0.0311058
internal_weight=4751.26 3307.37 1443.89 2152.97 1154.4 1627.77 525.195 1069.16 807.629 835.884 1354.32 501.848 50.1415 1309.31 499.551 491.271 809.758 112.244 273.452 202.655 451.275 374.732 792.422 440.387 238.628 201.759 70.7973 826.868 789.712 57.6819 732.031 178.745 23.4487 155.296 64.1851 91.1114 553.285 451.707 68.985 382.722 57.401 365.131 357.801 538.059 352.903 335.284
internal_count=20847 13546 7301 8591 4955 6702 1889 5176 3863 3603 5587 1808 170 5424 2185 2148 3239 450 1115 828 1971 2125 3793 1925 1049 876 287 3565 3406 249 3157 777 103 674 279 395 2380 1638 268 1370 222 1309 1283 2315 1518 1434
is_linear=0
shrinkage=0.08


Tree=12
num_leaves=47
num_cat=0
split_feature=97 97 97 92 97 92 42 55 59 82 32 92 92 92 90 66 47 66 67 89 88 81 61 8 66 77 51 42 53 3 73 49 76 69 8 61 86 4 39 20 80 49 47 5 48 7
split_gain=320.13 107.944 40.4292 31.6632 23.7925 18.2262 14.8874 14.161 11.0541 11.5372 10.6509 10.0571 9.99852 9.903 9.66066 11.654 11.8658 9.76999 9.51851 11.4414 11.5208 10.7691 14.1155 12.9374 10.1203 10.031 9.32076 9.14381 14.1098 9.07558 10.3262 8.88815 10.5121 12.8841 8.86595 14.9323 12.7619 12.4478 8.9642 8.62342 10.7805 8.5421 8.75981 11.4714 10.4283 10.4088
threshold=4.9506285768611233 -10.179653149999995 21.492185368050006 -0.023580457776235797 -28.009625513758927 0.42711118123962161 214.42422670667216 11.800000000000006 -4.7251982384585736 10.220000000000008 363.50185632990673 0.86524259273836945 -1.0000000180025095e-35 0.43658025661167849 4.2500000000000009 3.8000000000000012 0.65968414125904806 4.5999999999999988 -1.0499999999999969 -5.5249999999999977 -7.7400000000000029 6.2449999999999983 0.033049999999999961 -5.7999999999999892 10.500000000000002 -0.0014499999999999498 2.5000000000000004 -5.4071158681706484 13.9 -0.38123314162037186 0.80000000000000016 0.42163742690058481 -0.050199999999999946 -0.45000000000000101 -0.99999999999999278 -0.036799999999999944 -0.999999999999999 0.27800219560173961 -1.0502910018869185 -1.4399999999999993 1.1799999999999999 0.23606811145510834 0.57223113964687011 19.333333333333339 0.9240384615384617 25.500000000000004
decision_type=2 2 2 2 2 2 2 2 2 2 2 2 2 2 2 2 2 2 2 2 2 2 2 2 2 2 2 2 2 2 2 2 2 2 2 2 2 2 2 2 2 2 2 2 2 2
left_child=1 4 12 6 -1 18 7 8 9 10 -3 -4 -2 14 15 29 17 -17 26 -20 -21 22 24 -23 -22 -24 34 -9 -29 30 -6 -28 -33 -34 35 -5 -37 38 -36 -38 -41 -7 43 -43 -44 -45
right_child=2 3 11 5 13 41 -8 27 -10 -11 -12 -13 -14 -15 -16 16 -18 -19 19 20 21 23 25 -25 -26 -27 31 28 -30 -31 -32 32 33 -35 37 36 39 -39 -40 40 -42 42 44 45 -46 -47
leaf_value=-0.061092492634402154 -0.01588881030876638 -0.0073777146908314334 0.050099948308916779 0.041031991558898841 -0.013252769700331941 0.04463237334599323 -0.083225617256025244 -0.045111046515878564 -0.030405213381067782 -0.10149322120853743 0.056815615732321786 0.09069768290328005 0.025205079764340735 0.052375762237981162 -0.040060656252849956 0.060979250359003707 0.074869587112877042 -0.040336687092993283 0.050362003274597486 -0.07429454581364979 -0.00045738240522944775 -0.081019638861548823 0.036690469485800917 0.050279803116682724 0.082083983589950407 -0.092699839546363669 0.07919364259978813 -0.043260019306726329 0.080212261684549604 -0.032389609568777039 0.084592000996125127 0.067084607295215509 -0.084490694219412243 0.025426249211916652 0.080142940258585607 -0.097614729331308783 -0.020191242748227048 -0.089008763485526735 -0.0050526303917695402 -0.007379266256690456 -0.17236142696119 0.0065357019369184288 0.04256008689643731 -0.14639525103779175 -0.051494232326881044 0.0033003549045170894
leaf_weight=179.59416364133358 38.715706691145897 123.39048370718956 261.93075905740261 13.037584185600279 113.16276024281979 69.537869274616241 23.115054905414581 7.9705538153648368 314.233876273036 6.8669153749942771 18.585128277540207 47.484019860625267 1074.2830226719379 8.9029153734445554 379.55912759900093 7.8463379293680218 14.157871201634405 21.883611604571342 28.969118922948837 12.754068821668623 954.73716604709625 4.870879501104354 4.527407735586169 45.357690170407295 9.1014329493045789 16.814803332090378 10.704967796802519 7.5261645913124111 22.495829731225967 414.57087656855583 6.8388274610042563 9.6159142255783063 12.860649541020392 13.435106590390207 8.0836421102285367 25.074585229158401 64.840519458055496 10.14001628756523 98.793603762984276 4.7838124930858594 5.2834644019603729 111.57033088803291 71.071417838335037 5.8169301897287351 7.9352599233388892 5.3822351396083832
leaf_count=826 150 456 1518 53 519 287 81 28 1123 24 69 308 5325 38 1559 33 64 94 116 48 3986 19 20 181 34 66 47 26 82 1793 29 39 46 54 33 103 261 39 402 20 20 449 305 22 32 20
internal_value=-0.000806976 -0.0144983 0.0309047 -0.00391725 -0.0343163 0.0015944 -0.0210052 -0.0180388 -0.0219056 -0.00386619 0.00113918 0.0564923 0.0237619 -0.0293057 -0.0301 -0.0235215 0.015849 -0.0127664 -0.0021952 0.00119946 -0.000175025 0.000765668 -0.00107683 0.0367164 0.000355907 -0.0646739 -0.0154192 0.0285567 0.0487955 -0.0267805 -0.0072824 0.0169675 -0.00219465 -0.0286065 -0.0220396 -0.0379856 -0.0485219 -0.0064742 0.0016598 -0.0314443 -0.0987801 0.0205022 0.0120569 -0.0012728 0.0327484 -0.0767025
internal_weight=4718.21 3295.8 1422.41 2149.28 1146.52 1625.1 524.184 501.069 463.076 148.843 141.976 309.415 1113 966.922 958.019 578.46 43.8878 29.7299 1353.79 1077.13 1048.16 1035.41 985.181 50.2286 963.839 21.3422 276.654 37.9925 30.022 534.572 120.002 46.6166 35.9117 26.2958 230.037 113.02 99.9824 117.017 106.877 74.9078 10.0673 271.314 201.776 122.769 79.0067 11.1992
internal_count=20847 13546 7301 8591 4955 6702 1889 1808 1672 549 525 1826 5475 4129 4091 2532 191 127 5587 4470 4354 4306 4106 200 4020 86 1117 136 108 2341 548 186 139 100 931 457 404 474 435 301 40 1115 828 491 337 42
is_linear=0
shrinkage=0.08


Tree=13
num_leaves=47
num_cat=0
split_feature=97 97 92 92 92 97 96 18 0 47 96 59 69 45 17 42 44 2 89 5 32 86 13 55 95 95 90 68 45 43 86 47 95 30 86 57 31 52 46 44 97 59 47 49 55 17
split_gain=274.325 94.5563 37.8342 33.8778 18.4947 14.6932 11.7988 10.8517 10.8381 10.4251 11.7612 12.146 12.0375 11.6374 10.3931 10.3168 11.4752 9.89589 9.8536 9.38427 9.33582 9.16192 9.86698 16.9658 9.41272 9.77781 8.92968 10.0731 9.07349 8.72421 11.1743 9.6739 8.46128 12.0127 8.42403 9.54555 8.37156 12.0891 10.7647 12.2748 12.0562 8.34919 8.30876 13.2015 8.42868 11.6281
threshold=4.9506285768611233 -14.315135816499994 0.6833636753052047 0.25760385125710217 -0.46375853078751622 -28.009625513758927 1.008715289983829 13.720000000000008 4.7840276899797809 0.57223113964687011 -1.0000000180025095e-35 -2.0482354043829356 5.0499999999999998 60.682660501316271 -11.399999999999997 214.42422670667216 -0.16869074552898078 0.24669250885429536 -5.6299999999999963 -5.3333333333333348 394.55568849627275 4.0900000000000007 -11.950000000000001 -13.6 0.10983071730763821 0.43698291865697675 4.2500000000000009 6.3000000000000016 196.09301086499423 -0.071233411397345778 -2.159999999999997 0.66241883116883127 0.038709731908494562 1251.4955172192485 1.0199999999999971 4.3999999999999995 667.87366082469919 -8.4999999999999982 0.44274004683840751 -0.087728696741854587 -20.649589285681582 1.0000000180025095e-35 0.50893141945773535 0.37638888888888894 -7.3000000000000034 2.7500000000000004
decision_type=2 2 2 2 2 2 2 2 2 2 2 2 2 2 2 2 2 2 2 2 2 2 2 2 2 2 2 2 2 2 2 2 2 2 2 2 2 2 2 2 2 2 2 2 2 2
left_child=1 5 6 4 -3 -1 -2 15 -9 10 11 20 17 32 -7 16 19 18 -13 -6 -5 22 23 -18 -25 -26 27 -16 -28 30 -11 -32 33 42 -8 -36 37 -30 39 -39 -41 -20 43 44 -12 -46
right_child=2 3 -4 9 7 14 34 8 -10 29 13 12 -14 -15 26 -17 21 -19 41 -21 -22 -23 -24 24 25 -27 28 -29 36 -31 31 -33 -34 -35 35 -37 -38 38 -40 40 -42 -43 -44 -45 45 -47
leaf_value=-0.057397072748658219 0.016428293410107701 -0.048748757880825555 0.05300891204453205 -0.071219559208205455 -0.00048941395986617923 0.050042432216186164 0.02887835814867783 -0.056857131109670729 0.063099220006141668 -0.048386013337384251 -0.052777231657403299 0.1050392269541268 -0.11370450556455086 0.025360924395803265 -0.025065044239041084 -0.048980265377681118 0.10221385212732453 -0.07554010006148662 0.063914628953440647 0.056207576210453046 0.040179020513678484 0.029163955857785924 -0.010019589602068044 -0.057970480531946665 0.059349902134049483 -0.072500947977981414 -0.062830434123944817 0.090577404305044781 -0.081845241538350488 0.0097530023794563069 0.074326295987707222 0.021305832540293373 0.049526717983621307 -0.11001823916693169 0.077712928681301557 -0.022358061756513621 -0.050811531516418505 -0.015585900828695425 -0.065370612690288654 -0.0091616446292687673 0.1017000141347757 -0.0046084168250532164 0.027594321792061526 -0.083823486764470406 0.067483268673458913 -0.060966892458201596
leaf_weight=176.04617282748222 777.98514515161514 79.547196999192238 320.70353357493877 31.123786985874176 50.167675510048866 9.4263513535261136 251.74361714720726 5.5711967945098904 23.114205092191696 7.564621999859809 11.059021219611163 6.1224880367517462 5.3861445486545554 174.56888025999069 333.89572690427303 42.437528192996979 4.7628745883703223 8.798263877630232 12.542903125286101 29.005393713712692 5.2476438879966727 35.509035348892212 1460.4789966195822 70.143551111221313 9.4899237304925901 5.1104725152254096 96.597796723246574 4.383447751402854 15.786349043250082 118.62400507926941 48.388241648674011 42.048438042402267 12.98655830323696 7.8195479512214652 45.077677384018898 6.6819288581609717 90.97703392803669 56.645797654986382 16.37356923520565 11.1549618691206 13.298999950289724 88.018564164638519 26.074510335922241 16.960447132587433 15.530690059065824 5.7755357176065436
leaf_count=826 3793 286 1870 130 197 40 1363 23 86 32 47 26 21 675 1482 167 19 37 53 117 22 143 5919 265 39 22 387 20 68 495 203 178 58 29 239 36 388 243 71 48 55 376 102 64 64 23
internal_value=-0.00074323 -0.0133907 0.0288714 -0.00552521 -0.0111212 -0.0368285 0.021685 -0.00937863 0.0389526 0.0102173 0.00294917 -0.0144012 -0.00206273 0.0130621 -0.0311929 -0.0102066 -0.00919894 0.00354305 0.0104617 0.0204037 -0.0546032 -0.0106882 -0.0116154 -0.0373657 -0.0458579 0.0117968 -0.0324417 -0.0234115 -0.0425138 0.0245011 0.0421314 0.0500152 -0.00918758 -0.0186866 0.0350844 0.0645508 -0.0327356 -0.017986 -0.00719711 0.00477834 0.0516383 0.00413315 -0.00844714 -0.0277456 0.00222576 0.0316975
internal_weight=4686.76 3284.56 1402.19 2459.98 1815.34 824.586 1081.49 1735.79 28.6854 644.64 428.015 157.24 120.868 270.775 648.54 1707.11 1664.67 115.482 106.684 79.1731 36.3714 1585.49 1549.99 89.5068 84.7439 14.6004 639.114 338.279 300.835 216.625 98.0013 90.4367 96.2063 83.2198 303.503 51.7596 204.237 113.26 97.4733 81.0998 24.454 100.561 75.4002 49.3257 32.3652 21.3062
internal_count=20847 13546 7301 9918 7283 3628 5431 6997 109 2635 1727 665 513 1062 2802 6888 6721 492 455 314 152 6407 6264 345 326 61 2762 1502 1260 908 413 381 387 329 1638 275 873 485 417 346 103 429 300 198 134 87
is_linear=0
shrinkage=0.08


Tree=14
num_leaves=47
num_cat=0
split_feature=97 92 97 97 97 92 49 90 63 75 9 95 96 92 39 3 88 93 76 81 62 0 43 90 43 97 81 54 85 0 59 59 97 56 14 17 92 13 93 46 5 47 2 77 67 53
split_gain=234.991 82.2337 35.2244 28.5055 20.7203 14.019 10.35 12.4698 10.2067 10.0071 10.9538 10.8028 10.6195 9.93497 9.63982 9.59653 9.5133 11.692 10.9873 12.7172 12.2799 9.40035 11.3881 9.3395 9.59111 8.95664 9.16407 8.46365 8.3241 8.39135 12.3009 12.3547 10.4704 9.80252 8.30407 9.85845 11.3404 8.62467 14.0702 10.1323 10.3611 8.57489 8.33059 8.07366 10.5171 10.1494
threshold=4.9506285768611233 -0.14722982689010564 21.492185368050006 -5.9800000000000031 -19.035355257999999 0.42711118123962161 0.48808848553601819 1.2500000000000002 0.029900000000000055 -1.3499999999999994 -0.19999999999999993 0.16085933225733012 -0.78332360965859105 0.86524259273836945 0.3907756197927566 -0.3327947121712595 -8.6799999999999962 213.25000000000003 0.00069999999999995012 -2.0450000000000084 0.044599999999999952 -169.23792893401739 -3.6016483516483517 10.250000000000002 -3.6016483516483517 -6.1556013949825372 -5.2949999999999866 -27.850000000000005 2.2416666666666747 -86.882057746781001 5.7701417004048645 9.0018656716417969 -12.100401084999993 3.0499999999999976 1.0000000180025095e-35 -7.950000000000002 0.18276488689012774 6.1499999999999995 212.25000000000003 0.29526825633383008 -6.0000000000000062 0.81411960132890371 0.15092214856365793 0.029699999999999952 2.5999999999999983 11.000000000000009
decision_type=2 2 2 2 2 2 2 2 2 2 2 2 2 2 2 2 2 2 2 2 2 2 2 2 2 2 2 2 2 2 2 2 2 2 2 2 2 2 2 2 2 2 2 2 2 2
left_child=1 4 16 6 27 21 -3 -8 28 10 12 15 -6 -4 -13 25 17 18 -2 -20 -21 22 -5 24 -18 -11 -27 -1 29 30 33 -32 -33 -9 35 36 -26 39 -39 40 -37 -41 -36 44 -7 -46
right_child=2 3 13 5 9 43 7 8 -10 11 -12 14 -14 -15 -16 -17 23 -19 19 20 -22 -23 -24 -25 34 26 -28 -29 -30 -31 31 32 -34 -35 42 37 -38 38 -40 41 -42 -43 -44 -45 45 -47
leaf_value=0.048525855946487034 0.066842785767737889 -0.02609102371140096 0.045217092436050092 -0.12335970221465066 -0.042480158326064339 0.021091290720808998 -0.022079938139304891 0.015038177479906559 -0.064169764917711578 -0.0070112056862707698 -0.02648517297870126 0.038344911294680893 0.055145906573389691 0.087166149117823374 -0.062936835867978436 -0.038736133298330436 0.057618077628684407 -0.081348688254311782 0.058256369134761843 -0.18867547434941126 -0.00085560857312060262 0.00045355775446164186 -0.017588507229186128 0.043642526994643646 -0.016967328152416594 -0.095319205793679487 -0.023953699752180771 -0.0472494990991527 0.055359405077407137 -0.013345266017717095 -0.10082135385148862 -0.040443338111754129 0.09696229945104573 0.07999022132115445 0.034188959145833676 0.016009950508699175 0.075902851123997805 0.028195578568634493 -0.15999992368262392 0.012328144453764301 -0.079367729649381588 -0.081665646361647359 0.014507477941498176 0.054993993874969851 -2.6887285799025479e-05 -0.10267030511763764
leaf_weight=5.5329342633485785 11.954474851489069 367.8360204398632 249.05639334022999 7.5160862356424323 8.6887175142765027 183.03895750641823 191.29861563444138 39.969970136880875 11.850078552961348 168.43977129459381 36.850727960467339 27.686486929655075 31.393797755241394 43.433254167437553 7.1256341934204093 285.32604871690273 39.415853947401047 12.281842887401579 5.2283101528882971 3.9638119637966138 4.6294320970773697 1200.6115874350071 37.682390123605728 111.73807102441788 12.059080332517622 15.438509404659269 45.358649060130119 383.18325652182102 23.092483997344971 83.934214666485786 8.6207720935344714 7.7182323783636093 5.7269373983144742 23.862258851528168 251.67101493477821 12.162206664681436 25.340114995837212 4.5245958715677244 4.8014968484640121 257.53976367413998 16.765759989619255 5.8517950028181067 310.74299076199532 35.581190034747124 21.703257873654369 8.1995886415243131
leaf_count=24 63 1639 1518 25 35 769 927 161 48 679 133 107 114 308 29 1058 193 51 28 21 24 4870 127 610 68 51 153 1722 92 333 34 31 23 97 1224 58 122 25 20 1253 80 28 1607 147 87 31
internal_value=-0.000683772 -0.0123678 0.0269554 -0.00386027 -0.0312764 0.00256208 -0.0164274 -0.00741088 0.00627422 -0.0222171 0.00469093 -0.0260007 0.0335237 0.0516117 0.0167896 -0.0289246 0.0203152 -0.018678 0.0118588 -0.0358125 -0.0939819 -0.00089517 -0.0365096 0.0217408 0.0191095 -0.0166199 -0.0428361 -0.0458051 0.0107972 0.00454627 0.0220974 -0.0287231 0.0188886 0.0398764 0.0173858 0.00744668 0.0459177 0.00258232 -0.0710931 0.00507755 -0.0394055 0.0100588 0.0233514 0.0198919 0.013874 -0.0296612
internal_weight=4656.43 3273.27 1383.16 2258.24 1015.02 1494.33 763.91 396.074 204.775 626.308 76.9332 549.375 40.0825 292.49 34.8121 514.563 1090.67 38.0579 25.776 13.8216 8.59324 1245.81 45.1985 1052.61 940.875 229.237 60.7972 388.716 192.925 169.832 85.8982 22.0659 13.4452 63.8322 901.459 339.045 37.3992 301.646 9.32609 292.32 28.928 263.392 562.414 248.523 212.942 29.9028
internal_count=20847 13546 7301 9441 4105 6056 3385 1746 819 2359 282 2077 149 1826 136 1941 5475 187 136 73 45 5022 152 5288 4678 883 204 1746 771 679 346 88 54 258 4485 1654 190 1464 45 1419 138 1281 2831 1034 887 118
is_linear=0
shrinkage=0.08


Tree=15
num_leaves=47
num_cat=0
split_feature=92 94 97 92 94 94 17 8 66 79 23 49 51 92 84 16 3 85 58 3 66 37 95 16 11 85 94 71 42 82 72 49 39 38 57 67 94 55 3 3 45 55 44 61 50 61
split_gain=190.014 93.8384 31.1449 22.8797 16.7162 15.7847 13.5944 11.4402 11.2877 11.9129 10.9674 10.6731 10.3452 11.8103 10.3146 10.4038 10.2896 10.2668 9.87476 9.56812 9.19969 9.77284 11.4897 9.06626 11.5022 9.03622 8.87053 9.99813 17.757 8.76433 8.72365 8.64741 8.55003 25.6891 9.66286 8.87674 8.8186 19.0968 14.9182 11.4982 10.3786 11.9892 10.1973 11.9415 10.8492 10.3366
threshold=-0.023580457776235797 1.169290719659043 -14.104999999999999 0.41875290654325797 2.1237115123443555 -1.744981291247484 -11.699999999999994 1.199999999999996 8.0999999999999996 0.020720059554695854 2.5000000000000004 0.29340028694404591 -3.4999999999999996 -0.11149741658216235 0.67999999999999983 5.8000000000000052 0.19612806087612536 8.1649999999999938 7.8000000000000052 -0.63850198863517771 -6.6999999999999984 1.4134365984450996 0.11872009836524226 0.4500000000000029 -6.9000000000000048 2.1300000000000172 -3.0503286014769477 -1.5000000000000004 -120.9577321630171 12.269999999999992 0.50000000000000011 0.43669871794871801 0.97304363393402415 0.17422927482126851 6.3999999999999995 -8.0999999999999961 -0.20615419393193962 -13.6 -0.14654319859627188 -0.10974395797038454 40.765246262733292 13.299999999999999 -0.024999999999999949 0.0080999999999999527 -6.4999999999999991 -0.068049999999999986
decision_type=2 2 2 2 2 2 2 2 2 2 2 2 2 2 2 2 2 2 2 2 2 2 2 2 2 2 2 2 2 2 2 2 2 2 2 2 2 2 2 2 2 2 2 2 2 2
left_child=2 3 6 5 10 7 -1 -2 9 12 17 -12 13 -4 -14 23 18 -3 -6 -7 -5 29 -23 24 -16 -26 -8 28 -28 -22 -17 -11 35 34 -34 -21 37 38 -37 -39 41 -38 43 44 -42 -46
right_child=1 4 8 20 16 19 26 -9 -10 31 11 -13 14 -15 15 30 -18 -19 -20 32 21 22 -24 -25 25 -27 27 -29 -30 -31 -32 -33 33 -35 -36 36 40 39 -40 -41 42 -43 -44 -45 45 -47
leaf_value=0.068036388498329506 -0.039436346002504237 0.029157141339618602 -0.11051075783029277 0.075043449932417849 0.031245970935868419 -0.096074609390674803 -0.059749006178961075 0.02151703359677375 -0.090388281495900322 -0.011992373233708126 0.034403309172133842 -0.10847129018240514 -0.0082538908408178631 0.011538156541070899 -0.073663691112113308 0.055479919351729759 0.054260966552117117 -0.083054804741260424 -0.086415389879486298 -0.055038312921653988 0.019830805566832147 -0.12135733444536104 0.026801532005651069 -0.07592113457217893 0.039238439398222427 -0.037841941392791983 0.077595967336842597 -0.038184588590336972 -0.028650665113306266 -0.062668840074790705 -0.043138877855557409 0.050756524102013964 -0.11238177364924871 0.024458398757829618 -0.0044642831461193747 0.0001793188075000527 0.021773456317390295 0.0098070438018230868 -0.092818571565530306 -0.011490355345149965 -0.11217544721388452 -0.02552138135988043 0.0069973365487140714 -0.063110136326359145 -0.12188396924246001 0.0036111307994113051
leaf_weight=7.198451653122901 102.24128890037537 470.92396308481693 14.215425923466684 17.456332877278328 14.716938063502313 5.9213125109672538 110.00898572802544 23.859775766730309 11.511830419301985 24.546315670013428 5.5430850535631162 7.075160339474678 520.03193771839142 7.4406242668628684 19.938860237598419 13.14231398701668 274.97146938741207 4.7722020000219336 6.0132964700460425 16.374508798122406 465.42000670731068 6.5507537722587568 5.963699147105217 38.334533005952835 19.000222831964493 18.927720084786415 13.130753606557844 458.39603289961815 37.994822695851326 7.8706175088882437 9.3726211935281736 31.397059589624405 19.798260569572452 27.905692458152771 7.4617327600717536 18.662133902311325 383.89126853644848 341.1294676810503 25.92727142572403 308.42855116724968 5.3610033541917792 37.096840262413025 512.86245405673981 28.054435864090919 3.8516382277011862 119.86575229465961
leaf_count=30 514 2545 53 78 84 21 529 107 42 89 33 39 1945 29 74 52 1770 25 33 65 2066 27 28 141 72 68 57 1949 164 35 35 116 82 120 33 86 1645 1537 115 1342 20 162 2191 106 14 477
internal_value=0.000568877 0.0109913 -0.0246258 0.00339061 0.0351219 -0.000463067 -0.0377007 -0.0278006 -0.0133384 -0.0120268 0.025952 -0.0461788 -0.01504 -0.0689018 -0.0131489 -0.0343997 0.0501684 0.0279286 -0.00373906 0.00139041 0.0186201 0.0165011 -0.0518211 -0.0458317 -0.0252819 0.000571867 -0.0389961 -0.0344455 -0.000720782 0.0183773 0.0140335 0.0232201 0.00173134 -0.0291372 -0.0837427 0.00268885 0.00323811 -0.00380168 -0.0541481 -0.000294318 0.00772426 0.0175616 0.0015226 -0.016261 -0.00581269 -0.00070633
internal_weight=4630.56 3275.97 1354.59 2491.95 784.016 1988.69 626.729 126.101 727.859 716.348 488.314 12.6182 660.404 21.6561 638.748 118.716 295.702 475.696 20.7302 1862.59 503.261 485.805 12.5145 96.2013 57.8668 37.9279 619.531 509.522 51.1256 473.291 22.5149 55.9434 1856.67 55.1657 27.26 1801.51 1785.13 694.147 44.5894 649.558 1090.98 420.988 669.995 157.133 129.078 123.717
internal_count=20845 15400 5445 10871 4529 8637 2729 621 2716 2674 2642 72 2469 82 2387 442 1887 2570 117 8016 2234 2156 55 355 214 140 2699 2170 221 2101 87 205 7995 235 115 7760 7695 3080 201 2879 4615 1807 2808 617 511 491
is_linear=0
shrinkage=0.08


Tree=16
num_leaves=47
num_cat=0
split_feature=92 94 97 92 94 96 94 96 43 38 38 94 55 83 54 3 23 93 3 78 48 46 94 71 42 85 49 67 35 92 32 55 38 42 10 80 54 92 43 34 49 79 55 92 49 56
split_gain=162.074 81.7938 27.0966 19.5657 15.3153 14.0947 12.5158 10.2884 10.8362 9.71613 9.46364 12.1623 11.4549 10.979 9.44037 9.40423 9.34631 9.32832 9.28205 9.23857 9.10525 9.40207 8.80599 9.1864 14.4354 8.69647 8.68133 8.6016 10.9858 10.506 8.19946 8.68839 11.2321 14.0478 8.37335 8.17593 8.10772 7.9957 10.0438 7.75121 11.1193 11.5597 7.67816 7.72814 14.3089 7.48882
threshold=-0.023580457776235797 1.169290719659043 -14.104999999999999 0.41875290654325797 2.1237115123443555 1.1262274597361499 -2.2399767681117155 0.61789749439898267 -0.071233411397345778 0.74817803417330941 0.15006348767639691 -0.42245268454114543 -6.6000000000000005 2.2749999999999919 -31.749999999999996 -0.63850198863517771 2.5000000000000004 239.25000000000003 0.19612806087612536 0.038136521021113055 0.68496240601503777 0.53804797353184453 -3.0503286014769477 -1.5000000000000004 -120.9577321630171 8.1649999999999938 0.29340028694404591 3.8000000000000012 -1.0000000180025095e-35 0.4633143232537566 -1744.4675274947299 7.1999999999999966 1.1857520401467951 113.77797176074274 -18.899999999999995 -8.4799999999999809 8.1000000000000174 -0.26794863213442172 1.0904041313877382 1.0000000180025095e-35 0.28165064102564102 0.005437334877700351 11.299999999999999 0.085556426882605827 0.48074074074074075 1.3500000000000016
decision_type=2 2 2 2 2 2 2 2 2 2 2 2 2 2 2 2 2 2 2 2 2 2 2 2 2 2 2 2 2 2 2 2 2 2 2 2 2 2 2 2 2 2 2 2 2 2
left_child=2 3 14 5 16 6 42 8 10 35 11 12 -4 -14 -1 -8 25 20 36 30 -10 -22 -16 24 -24 -3 -18 -5 -29 -30 -12 34 33 -33 -32 -9 -6 -23 -39 40 -31 -42 43 -2 -45 -36
right_child=1 4 7 27 18 -7 15 9 17 -11 19 -13 13 -15 22 -17 26 -19 -20 -21 21 37 23 -25 -26 -27 -28 28 29 39 31 32 -34 -35 45 -37 -38 38 -40 -41 41 -43 -44 44 -46 -47
leaf_value=0.062074973398497497 -0.068509124582296174 0.027222120663771273 0.073996373026476853 0.021011796325999098 0.031917923289109085 0.040382784474360105 -0.094516035242168076 -0.021652637417552016 -0.037321181459805029 -0.036432895080529257 0.063239117497338432 -0.068493428353328722 -0.05053647045123582 0.059323232814504509 -0.057080022080863921 -7.939826506822994e-05 0.032398217231814838 0.059967781320132599 0.051653293106973808 0.079594205179203459 0.069952347062041578 -0.073174692992288681 0.070735666898576521 -0.035204020711669885 -0.024728235290573723 -0.07423655613513637 -0.095658464884245925 0.037572105869850173 0.049788019311346049 0.038692514830906841 -0.059027346360258567 0.048495233259481275 -0.072015889721286558 -0.05351100682276725 0.002200447930808716 0.066426255808180817 -0.070563409018869983 -0.037274802549201 0.044623315349224583 -0.12910670854317949 -0.13070237305106897 0.0044832764535529136 0.030521339190367241 -0.088952066793087731 0.080274940647823242 -0.029364019968058375
leaf_weight=5.8387695848941794 36.683823361992836 464.36283722519875 9.0173141807317716 443.2157002389431 13.685948163270952 52.18145540356636 6.2739437371492377 8.5403803735971433 209.39467643201351 12.272502288222311 11.049329236149786 32.513917848467827 25.096058562397957 7.0247333049774161 107.0233009904623 1870.1742719709873 5.4501361697912198 7.1514224708080283 266.14145345240831 8.4248809963464719 9.3260960876941663 11.3022483587265 13.293022736907004 455.5534336566925 37.738091319799423 4.9627716690301886 7.4316916763782501 18.571151539683342 6.8510337173938742 8.4376306384801918 21.958706378936768 50.4118382781744 7.0571312606334677 9.9049449712038022 153.1066660284996 26.634675204753876 7.0696102082729331 19.308742061257362 18.047389581799507 6.8687894642353049 8.8055949956178647 6.9120857268571845 8.3543203175067884 5.249311223626135 6.6936640292406082 69.342529356479645
leaf_count=25 199 2545 36 1996 79 269 24 33 775 49 41 112 97 28 528 8054 33 23 1770 31 36 41 57 1955 164 25 39 79 29 39 79 188 27 37 579 106 38 72 68 28 34 29 44 21 26 258
internal_value=0.000520805 0.0101802 -0.0228173 0.00311885 0.032971 -0.00043929 -0.00155533 -0.0123102 -0.0148361 0.0234708 -0.00647732 -0.0323138 -0.0030476 -0.0257242 -0.0351139 -0.000424505 0.0241866 -0.0271012 0.0476399 -0.000668638 -0.0295675 -0.00135059 -0.0361016 -0.0316019 0.000428831 0.0260544 -0.0416953 0.0172609 -0.0119768 -0.0366534 -0.00290783 -0.00537515 0.0199188 0.0313105 -0.0124068 0.044813 -0.00345093 -0.0157521 0.00214705 -0.0564829 -0.0333078 -0.0724538 -0.0383278 -0.0505096 0.00466591 -0.00764683
internal_weight=4600.71 3254.38 1346.33 2485.27 769.104 1985.61 1933.43 726.886 679.439 47.4476 404.908 73.652 41.1381 32.1208 619.447 1876.45 482.207 274.531 286.897 331.256 267.379 57.9845 613.608 506.585 51.0311 469.326 12.8818 499.662 56.4463 37.8751 322.831 311.782 67.3739 60.3168 244.408 35.1751 20.7556 48.6584 37.3561 31.0241 24.1553 15.7177 56.9811 48.6268 11.943 222.449
internal_count=20845 15400 5445 10871 4529 8637 8368 2716 2528 188 1513 273 161 125 2729 8078 2642 1015 1887 1240 992 217 2704 2176 221 2570 72 2234 238 159 1209 1168 252 225 916 139 117 181 140 130 102 63 290 246 47 837
is_linear=0
shrinkage=0.08


Tree=17
num_leaves=47
num_cat=0
split_feature=94 94 94 0 97 92 92 86 78 86 56 59 12 41 75 89 12 53 0 85 55 78 39 92 38 93 68 4 93 53 32 92 12 2 85 69 48 57 39 55 97 4 68 0 39 32
split_gain=139.306 63.1068 30.6032 18.1083 13.8672 13.5063 12.2558 10.5327 10.4583 10.0867 9.96 9.75681 11.4717 12.1049 9.62854 9.54789 9.89756 11.7259 9.33756 9.12146 9.05977 9.01147 8.68255 8.53089 8.7316 10.214 9.47845 12.4824 8.31794 12.315 13.1623 11.6576 17.7543 12.4304 8.29768 9.2929 8.26351 8.21254 8.06328 7.91065 8.92412 9.72134 10.7327 14.2582 8.30388 7.97257
threshold=-0.46340065331192909 1.169290719659043 -1.744981291247484 -158.04404933267776 25.365000000000013 0.085556426882605827 0.72268148098717655 0.80000000000000171 0.0038757859293862005 3.4800000000000018 8.0499999999999989 5.1682585537600554 8.7999999999999918 271.55970412603216 -1.8999999999999997 -1.0000000180025095e-35 14.699999999999998 5.4000000000000137 89.013981025190915 1.3300000000000056 0.80000000000000437 0.03327965517834771 -0.21717764234366069 -0.41064210533873235 1.4244863597777755 246.75000000000003 1.9000000000000006 0.26089806848910535 210.25000000000003 13.200000000000012 1252.4898454701749 0.48459526298278571 7.7000000000000037 0.30669467787114851 8.4300000000000157 5.3500000000000005 0.35599078341013829 -7.700000000000002 -0.6116569878327196 1.8000000000000045 -28.009625513758927 -0.29039058964346237 -2.6999999999999988 -169.23792893401739 -0.026980540384686145 -520.11199797533311
decision_type=2 2 2 2 2 2 2 2 2 2 2 2 2 2 2 2 2 2 2 2 2 2 2 2 2 2 2 2 2 2 2 2 2 2 2 2 2 2 2 2 2 2 2 2 2 2
left_child=2 3 5 7 28 10 9 8 14 21 11 12 13 39 -2 -16 17 -17 -6 -11 -7 23 -9 -5 25 -25 27 -26 -3 30 -30 32 -31 38 35 -4 -12 -21 -33 40 -1 42 43 -42 -43 -41
right_child=1 4 34 6 18 20 -8 22 -10 19 36 -13 -14 -15 15 16 -18 -19 -20 37 -22 -23 -24 24 26 -27 -28 -29 29 31 -32 33 -34 -35 -36 -37 -38 -39 -40 45 41 44 -44 -45 -46 -47
leaf_value=-0.064271803359211038 0.053043707551137749 0.032659782897823939 -0.0097580036055061534 -0.053077960489204871 -0.015792716229973761 0.05023202676623325 0.046407985696627331 -0.016271112213267214 0.085902201574618225 0.05927819415663528 0.043576394902178801 -0.061651732724030246 -0.060834369718960384 0.023498125891097559 -0.10402453959168384 -0.0030589215577705156 0.061135725866863666 -0.083364588154594424 0.056721385148347493 -0.083522878961814886 -0.028695725602317434 -0.066214812908954854 -0.088498090329438853 0.0039808326797389822 0.029769490218167671 -0.10818338673840257 0.094146034953874427 -0.090071734465714912 0.025767612874839613 -0.19839882348199867 -0.09404456707675303 -0.022633158363789558 -0.010798788741794399 -0.08360220819082731 -0.083832243071079213 0.063853445333662315 -0.021299351424575407 0.02061802342158689 0.073056673010822318 -0.042256953212686493 -0.0017239411617312706 -0.026815905351806949 -0.023444359350994065 0.14475643046647677 -0.073572560123494876 0.02596616697019587
leaf_weight=58.998056143522263 10.540375798940657 367.03340134769678 1064.4304002076387 15.928798124194143 11.881190478801726 20.145046561956406 46.389451876282692 19.923867493867874 6.4241145998239508 40.346762776374817 15.174485504627226 100.9347930252552 78.777062222361565 27.681463614106178 8.5811057537794095 36.968350723385811 8.6594537943601591 16.661568984389305 153.46109095215797 5.3660675734281531 16.381191074848175 11.167439699172972 23.932089403271675 1759.4106675982475 57.313132837414742 4.7072150260210028 12.384181797504423 5.6439331769943228 183.81389682739973 4.9530044198036185 5.5530353784561148 9.2427691519260424 8.3080428540706617 7.3678592890501013 9.1035748422145826 10.570719555020331 62.261283412575722 27.273135647177696 12.879175521433355 17.472795054316521 12.610215649008753 73.442768856883049 52.084133878350258 5.8290355950593939 37.363934114575386 27.593694284558296
leaf_count=296 33 2268 4491 56 68 83 219 67 22 168 73 478 370 133 29 128 29 58 1080 21 66 43 83 7472 251 16 51 25 915 22 27 48 36 40 42 44 302 111 67 82 56 321 239 26 162 128
internal_value=0.000483414 0.0111794 -0.0177414 0.00405957 0.030875 -0.0321271 0.00596986 -0.0246012 -0.00839474 0.00498684 -0.0351515 -0.0393443 -0.0335066 -0.0265188 -0.0164123 -0.0271536 -0.0156923 -0.0286954 0.0514305 0.0340745 0.0147092 0.00383635 -0.0564189 0.00428002 0.00479535 0.00364644 0.0313901 0.0182749 0.025151 0.0131987 0.0219737 -0.0252903 -0.0861116 0.00277288 -0.00967152 -0.00899738 -0.0082855 0.00225341 0.0331063 -0.0314307 -0.0371878 -0.0281792 -0.00477637 0.0467583 -0.0429138 -0.000482592
internal_weight=4572.97 2882.12 1690.85 2117.62 764.493 606.75 1985.93 131.691 87.835 1939.54 570.224 492.788 391.853 313.076 81.4109 70.8705 62.2894 53.6299 165.342 72.986 36.5262 1866.56 43.856 1855.39 1839.46 1764.12 75.3412 62.9571 599.151 232.118 189.367 42.7509 13.261 29.4898 1084.1 1075 77.4358 32.6392 22.1219 285.395 240.328 181.33 70.5234 18.4393 110.807 45.0665
internal_count=20845 13453 7392 8882 4571 2815 8433 449 299 8214 2666 2291 1813 1443 277 244 215 186 1148 300 149 7914 150 7871 7815 7488 327 276 3423 1155 942 213 58 155 4577 4535 375 132 115 1310 1100 804 321 82 483 210
is_linear=0
shrinkage=0.08


Tree=18
num_leaves=47
num_cat=0
split_feature=92 97 97 94 0 96 45 55 17 37 56 55 59 55 59 45 92 66 79 47 78 53 55 4 54 9 90 12 32 56 39 43 51 32 59 96 46 67 83 83 70 80 4 55 65 55
split_gain=121.249 61.5244 20.2366 16.6303 16.3114 17.2653 13.5507 12.5611 10.4095 10.2328 10.035 13.0082 12.7335 10.277 16.092 9.86352 9.56955 9.6666 11.1604 9.88143 9.54288 9.38797 9.11222 17.476 13.184 9.81061 8.83172 8.7841 8.69364 9.03992 8.64923 11.5737 11.5308 13.5589 11.333 9.31427 8.96154 8.5332 9.26092 9.02618 8.27547 8.22301 10.8701 8.14761 8.08506 9.9417
threshold=-0.023580457776235797 13.4 -14.104999999999999 -0.20615419393193962 -111.62380211853439 -0.11797240314753728 232.43184025736963 -19.900000000000002 -11.699999999999994 1.6441648263007338 -6.0499999999999963 5.9000000000000066 -15.868405475397692 10.500000000000002 10.477678571428571 21.03226768216928 -0.75555185727599516 8.0999999999999996 0.020720059554695854 0.5885620915032681 1.0000000180025095e-35 -17.899999999999995 -10.999999999999991 0.081483835194813017 -1.3999999999999984 0.50000000000000011 8.2500000000000018 -3.0999999999999939 -481.03164821128689 -7.950000000000002 -0.091708186701318486 2.8351648351648358 -3.4999999999999996 614.69859386401811 -1.8411367342184943 0.80479702090221139 0.42146381578947373 3.649999999999999 -2.7850000000000033 7.4549999999999921 -0.29999999999999977 -6.1399999999999926 0.17843299496774404 1.5000000000000002 -1.2 6.9000000000000066
decision_type=2 2 2 2 2 2 2 2 2 2 2 2 2 2 2 2 2 2 2 2 2 2 2 2 2 2 2 2 2 2 2 2 2 2 2 2 2 2 2 2 2 2 2 2 2 2
left_child=2 3 8 7 5 -5 9 -2 -1 10 12 15 -3 14 -13 -12 -4 18 30 -20 -14 -6 23 24 -23 -25 -24 -21 -7 -30 31 35 -32 -34 43 44 -36 39 40 -28 -39 42 -17 -35 -18 -46
right_child=1 6 16 4 21 28 -8 -9 -10 -11 11 13 20 -15 -16 41 17 -19 19 27 -22 22 26 25 -26 -27 37 -29 29 -31 32 -33 33 34 36 -37 -38 38 -40 -41 -42 -43 -44 -45 45 -47
leaf_value=0.061393735982841355 -0.080481692688262163 0.054455682255415083 -0.10993991288946943 0.074091579371271699 0.026456157022380227 -0.071574232163653745 0.04702915426988926 -0.0042018594728409761 -0.031842486045835672 -0.074252650111084381 -0.038922694591186191 0.0099997274225952643 -0.027846169775527511 0.031849455580687885 -0.094988228859972351 0.038316083490998569 0.030076394091651828 -0.081715420083954396 -0.0038519803540563477 -0.020667719893950585 0.036694085701472139 0.039829119372021715 0.0065091074732472618 -0.079891875718018771 -0.064841294267804897 0.027892489618961357 0.036009098958273714 0.091077611051887594 0.071219562300173428 -0.030388571267544941 -0.1063528231100991 -0.08225240803908751 -0.026119028919359716 0.093421280676942817 0.033543371004087615 0.074871621700662166 -0.05885205359314255 -0.051099740536716273 -0.081879021723227349 -0.075576359352666975 0.052053071740247335 0.050263596658998475 -0.10946094907522977 -0.019741607332379157 -0.015615036480088653 0.019447172952638862
leaf_weight=7.2606257647275916 13.552584558725355 22.895095340907574 5.7008159160614005 9.2634497284889203 192.19289411604404 30.504906535148621 224.3275074288249 886.86552038788795 598.48618294298649 6.3773834258317939 8.6766335815191251 30.062048882246017 61.416978672146797 46.29856038838625 12.937307536602018 8.29510450363159 41.405617699027061 11.345351234078406 30.683749318122864 5.5960186123847988 18.661210872232914 32.628420263528824 1144.6485806852579 28.827657893300056 9.514473229646681 6.2349883019924155 152.72483471035957 17.97374039888382 6.0199009776115409 38.765966296195984 9.4925089776515943 10.934993639588354 245.22070114314556 15.26492676138878 12.497666239738466 9.6994874626398069 13.343203932046888 7.2590557783842131 8.5234898626804334 4.2852545976638785 13.291749194264412 187.84585480391979 4.4804955869913092 5.1375502049922934 223.16298784315586 66.7119370251894
leaf_count=30 61 139 20 41 874 105 1550 4002 2699 36 47 173 358 269 76 47 152 42 113 21 109 142 5014 129 40 26 713 66 22 137 36 42 915 58 49 40 49 31 35 19 59 1121 25 20 840 253
internal_value=0.000443316 0.00884372 -0.0198689 0.0033667 0.00805876 -0.0260617 0.0312039 -0.00540289 -0.030662 0.0224353 0.0240811 0.0314993 0.00244458 0.00578783 -0.0221331 0.0423912 -0.0108147 -0.00994119 -0.00872139 0.0259423 -0.0125722 0.00987433 0.00759653 -0.0190084 0.0155272 -0.0603776 0.00915265 0.0643361 -0.0388971 -0.0159187 -0.0116318 -0.00308147 -0.0215817 -0.018616 0.0208537 -0.000402371 -0.0140738 0.0253098 -0.0141142 0.0326826 0.0148886 0.0460357 -0.0150785 0.0647524 -0.00273992 -0.00749866
internal_weight=4547.3 3217.38 1329.92 2585.1 1684.69 84.5542 632.274 900.418 605.747 407.947 401.569 298.596 102.973 89.2979 42.9994 209.298 724.171 718.47 707.125 54.2535 80.0782 1600.13 1407.94 77.2055 42.1429 35.0626 1330.73 23.5698 75.2908 44.7859 652.872 351.915 300.957 291.464 46.2433 340.98 25.8409 186.084 29.0743 157.01 20.5508 200.621 12.7756 20.4025 331.281 289.875
internal_count=20845 15400 5445 11450 7387 305 3950 4063 2729 2400 2364 1758 606 518 249 1240 2716 2696 2654 200 467 7082 6208 337 182 155 5871 87 264 159 2454 1327 1127 1091 176 1285 98 857 125 732 90 1193 72 78 1245 1093
is_linear=0
shrinkage=0.08


Tree=19
num_leaves=47
num_cat=0
split_feature=94 97 94 92 12 47 96 59 92 44 91 78 53 84 5 93 28 53 17 31 62 74 72 0 39 46 85 79 39 32 41 44 87 88 0 30 91 14 17 5 47 44 19 96 96 79
split_gain=103.627 54.8839 20.7331 14.8142 13.0894 12.022 11.5399 11.0589 10.58 10.5543 10.043 9.98637 10.8292 9.79138 9.97848 9.76259 13.8918 9.53071 9.16237 8.94338 9.83383 10.4286 11.4387 8.56973 8.3522 11.1111 8.28997 8.47927 8.36995 9.64586 12.4815 11.6194 11.1819 9.71951 8.88196 8.50354 14.6071 14.6263 12.2218 10.3296 9.42651 9.06605 8.87211 9.71826 9.30996 9.25247
threshold=0.6951830299327475 -14.104999999999999 2.1237115123443555 0.24461881320333176 -10.700000000000001 0.57223113964687011 -0.067217372516999385 -2.57335796387521 -0.28493957147560761 0.049999999999999954 13.250000000000002 -0.00091424473731154985 6.6000000000000165 10.439999999999992 -10.000000000000005 233.75000000000003 1.0000000180025095e-35 -37.799999999999983 -12.85 239.6209921459911 -0.063199999999999937 3.3999999999999995 1.3000000000000003 -115.73217896628884 0.024312607265630202 0.72591692443658873 5.3400000000000114 0.025924648540046055 -0.057523720289667339 -458.93017083481823 -2.0747333790448006 -0.14526427338735967 1.0899999999999992 8.9900000000000038 -71.317252661922439 617.90478788600547 3.2500000000000004 0.099999999999999964 -1.4500000000000026 12.333333333333337 0.41213235294117651 -0.081640208684291879 0.01999999999999998 -0.20115110807463024 0.31471136153089113 -0.027260778586640746
decision_type=2 2 2 2 2 2 2 2 2 2 2 2 2 2 2 2 2 2 2 2 2 2 2 2 2 2 2 2 2 2 2 2 2 2 2 2 2 2 2 2 2 2 2 2 2 2
left_child=1 8 4 10 9 6 7 -5 17 -2 19 12 -9 14 -6 23 -17 -1 -7 20 -3 22 -22 -16 -20 -26 27 28 29 30 -21 34 33 -33 -31 36 37 -30 40 42 -37 -38 45 -44 -45 -40
right_child=2 3 -4 5 13 18 -8 11 -10 -11 -12 -13 -14 -15 15 16 -18 -19 24 26 21 -23 -24 -25 25 -27 -28 -29 35 31 -32 32 -34 -35 -36 38 41 -39 39 -41 -42 -43 43 44 -46 -47
leaf_value=0.090600224298273191 0.071027015716121189 -0.08684227323159302 0.040964766627603087 -0.060384382285614449 0.039879059842780534 -0.056957734611493116 0.010094075880952787 0.010978801203172588 -0.015654718888709358 0.023359277145200998 -0.10956451405232155 0.0073217994432113265 -0.075749603787613917 -0.087202854267429561 -0.071183808709622612 -0.1088877597747895 0.048875061490280924 -0.035276463398377568 0.032652705599594253 0.059047248816109572 -0.012493444299520859 0.044989200634253532 -0.069168519871269499 0.011131517481146215 0.01275042502582664 -0.09606010973892487 -0.029442585171475164 0.027776231838037523 0.0045377469840210474 0.096168969576520436 -0.0057920897375988477 0.012062447806916423 -0.035802128290026596 0.11452667084117653 -0.010459291693125563 -0.022908504331895455 -0.0041752429081644291 -0.062601762664589486 -0.11871635352920758 -0.086002909412198986 0.033502612585320495 -0.074767849651538154 -0.015403153266306877 0.088835733312098666 -0.029991741973565217 -0.013974300751817633
leaf_weight=3.3897312730550757 41.61712846159935 11.911292567849157 266.60439446568489 28.814648047089577 71.913451790809631 8.2897653281688672 332.01501412689686 15.012224435806273 407.96743987500668 107.31026259064674 5.3338047266006461 97.955441266298294 22.340599715709686 5.9510323405265799 7.686994180083274 9.7306392043828946 5.0452289134263983 394.56490840017796 198.90316841006279 19.151774793863297 248.55037473142147 17.525340348482132 24.753960028290749 607.14188838750124 30.232986986637115 6.9520983695983878 66.381793826818466 63.756193831562996 106.76538513600826 17.297607034444813 562.08024720847607 271.97775116562843 31.134037092328072 5.5896208584308615 6.6463276892900458 24.247771218419075 16.211187198758125 25.217770263552666 5.148642659187316 11.334752321243284 79.861827522516251 43.799563974142075 20.944336012005806 16.552803814411167 5.2102265059947959 145.56877042353153
leaf_count=15 218 47 1895 118 363 39 1365 65 1868 598 19 428 95 28 32 42 22 1846 865 85 1013 69 99 3232 130 31 274 260 439 68 2274 1142 123 21 27 105 62 101 20 46 323 164 89 66 24 590
internal_value=0.000412977 -0.00654589 0.0214785 -0.000874635 0.0153826 0.00868229 0.00150471 -0.0158006 -0.0247743 0.0369265 -0.0046996 -0.00605994 -0.0409972 0.0108133 0.0117177 0.00845927 -0.0546593 -0.0340718 0.0231888 -0.00436298 -0.0169276 -0.0138926 -0.0177728 0.0100324 0.0261512 -0.00838503 -0.0018909 -0.000638935 -0.0019345 0.00261414 -0.00359295 0.0134729 0.00922249 0.0143569 0.0666354 -0.0102442 -0.0234459 -0.00841793 -0.00198757 -0.0133504 0.0202409 -0.0560224 -0.00884089 0.0230824 0.0599936 -0.017986
internal_weight=4522.39 3399.39 1123 2593.47 856.397 740.516 496.138 164.123 805.922 148.927 1852.95 135.308 37.3528 707.469 701.518 629.605 14.7759 397.955 244.378 1847.62 302.741 290.83 273.304 614.829 236.088 37.1851 1544.88 1478.5 1414.74 913.877 581.232 332.645 308.701 277.567 23.9439 500.863 191.994 131.983 308.869 204.76 104.11 60.0108 193.425 42.7074 21.763 150.717
internal_count=20845 14415 6430 10686 4535 3136 2071 706 3729 816 7550 588 160 3719 3691 3328 64 1861 1065 7531 1228 1181 1112 3264 1026 161 6303 6029 5769 3740 2359 1381 1286 1163 95 2029 766 540 1263 835 428 226 789 179 90 610
is_linear=0
shrinkage=0.08


Tree=20
num_leaves=47
num_cat=0
split_feature=94 97 0 94 86 10 75 68 2 89 66 85 55 94 0 38 38 3 48 49 54 76 10 49 5 5 45 79 46 57 63 49 55 57 95 38 57 0 77 58 39 8 68 85 49 12
split_gain=117.325 42.6581 20.9956 20.6472 14.2136 11.2187 11.1405 8.95625 8.81147 8.49974 8.06617 9.00394 8.69933 9.40961 10.674 10.2522 9.53619 8.37082 8.14738 8.04913 7.83278 9.43651 8.55347 8.32118 11.2426 11.2501 11.6112 10.2693 9.00849 10.2316 11.0441 10.6512 8.83535 9.37554 12.1789 11.4434 9.86555 9.49827 8.49754 10.2769 9.83465 8.89032 8.43952 10.8321 9.24467 10.5115
threshold=-0.20615419393193962 14.680000000000005 -129.08404050132455 -1.8640953451652382 0.80000000000000171 8.5000000000000036 -3.6499999999999999 5.9000000000000012 -0.22214330808080804 2.2349999999999999 3.9000000000000026 -5.8949999999999951 -7.0999999999999934 -1.5813925790053529 -99.713699474960194 1.2902395465713246 0.65013055691707988 -0.51890781168454825 0.42206477732793524 0.28165064102564102 -20.499999999999989 -0.064399999999999943 0.40000000000000124 0.55684754521963831 12.666666666666666 -9.3333333333333197 37.264264629641282 -0.0032994839292426995 0.43792808219178087 -11.199999999999994 -0.010399999999999849 0.42163742690058481 13.699999999999998 10.600000000000003 1.0419555096799333 0.067549413914371706 -7.4999999999999991 36.093180921471124 -0.0050999999999999492 -11.399999999999997 -0.067221667270131139 -1.599999999999987 -2.2000000000000006 -3.8399999999999959 0.37638888888888894 -2.3999999999999981
decision_type=2 2 2 2 2 2 2 2 2 2 2 2 2 2 2 2 2 2 2 2 2 2 2 2 2 2 2 2 2 2 2 2 2 2 2 2 2 2 2 2 2 2 2 2 2 2
left_child=3 2 4 7 6 -3 -2 -1 10 -6 11 -5 17 -14 -15 16 -16 -13 -12 -8 21 -4 -23 28 25 26 -25 -28 29 -22 -31 32 33 35 -35 -32 37 -37 41 40 -40 -27 43 -30 -44 -46
right_child=1 5 20 8 9 -7 19 -9 -10 -11 18 12 13 14 15 -17 -18 -19 -20 -21 23 22 -24 24 -26 38 27 -29 42 30 31 -33 -34 34 -36 36 -38 -39 39 -41 -42 -43 44 -45 45 -47
leaf_value=-0.029911682321660877 0.092748469881521092 0.019923701204068615 0.096168085157318936 0.083638117701920991 -0.082673112021798639 0.043375150646640305 0.041102019820700393 0.077213923475444604 -0.013309605018406358 -0.01118492569629826 -0.0019562213892701692 0.056889380804314098 -0.022580586374831561 0.025820284664441098 -0.0015163710154601048 0.080192146780749221 -0.09259329634371033 -0.042103580425875871 0.095991379299563001 -0.021569583505008212 0.076065897214091835 -0.010250552587070846 0.040681543023790762 -0.073591834057061031 -0.043695097967635904 0.084168974467247346 -0.083922012394676213 0.01654567946425366 -0.0092738535186352687 -0.034271499942568985 -0.072530861582843872 0.044660381872985475 0.083482149460957417 -0.017010671226015024 -0.11636160386998945 -0.14275002164142961 0.013332877742264593 0.016921190742991206 -0.0038159262112091815 0.0083705621412209705 -0.13914908019615413 0.0087880547629459287 0.018444475884417257 0.04430898310636705 0.01734306736159193 -0.0065159754270298874
leaf_weight=503.7093056589365 6.3325249850749961 272.05031085014343 11.745272293686865 7.2258930355310431 31.104805946350098 256.81143421679735 14.770600408315657 4.5407643020153037 1113.7689117193222 16.733847483992577 10.097842007875444 5.6170157343149176 62.161698222160339 116.60063441097736 16.778468087315563 4.6132093966007224 12.888023421168326 50.885257109999657 10.842436909675596 90.897757947444916 10.077124938368796 34.271086260676384 52.89175246655941 22.505463168025017 41.05265873670578 17.939426884055138 7.5368948727846137 33.701326429843903 30.9725022315979 62.057820737361908 11.298525393009184 33.787310481071472 6.868832439184188 54.589553028345108 8.8571600168943387 4.7372675687074643 165.90845836699009 4.0552167445421219 8.1490656733512861 145.12482902407646 5.6462294310331336 22.789580956101418 474.0528923869133 103.20546792447567 193.34789718687534 301.7778854817152
leaf_count=2453 20 1718 60 31 106 1769 54 23 4718 59 42 23 270 491 73 21 55 223 47 317 44 162 257 94 171 72 27 134 129 260 51 140 31 231 42 21 759 20 35 617 25 94 2170 446 851 1296
internal_value=-8.81433e-05 0.0111287 0.00584522 -0.0150354 -0.0219265 0.0313569 -0.00616931 -0.0288639 -0.0100419 -0.0582066 0.00215802 -0.00147329 -0.0039352 0.00345052 0.0142672 -0.0246064 -0.042227 -0.0317094 0.0494417 -0.0125815 0.00822987 0.0301106 0.0206203 0.00699452 -0.00501676 0.00105274 -0.0280433 -0.00240998 0.00949592 -0.0014293 -0.00377422 0.00276987 -0.00279716 -0.00536723 -0.0318066 0.00366975 0.0088365 -0.0712985 0.0104293 0.00197413 -0.0626952 0.0428023 0.013089 0.0318925 0.0104624 0.002793
internal_weight=4477.38 2557.65 2028.79 1919.73 159.84 528.862 112.001 508.25 1411.48 47.8387 297.71 276.77 269.544 213.042 150.88 34.2797 29.6665 56.5023 20.9403 105.668 1868.95 98.9081 87.1628 1770.04 304.445 263.393 63.7437 41.2382 1465.59 362.237 352.16 290.102 256.315 249.446 63.4467 185.999 174.701 8.79248 199.649 158.92 13.7953 40.729 1103.36 134.178 969.179 495.126
internal_count=20752 12282 8795 8470 556 3487 391 2476 5994 165 1276 1187 1156 910 640 149 128 246 89 371 8239 479 419 7760 1269 1098 255 161 6491 1599 1555 1295 1155 1124 273 851 800 41 843 677 60 166 4892 575 4317 2147
is_linear=0
shrinkage=0.08


Tree=21
num_leaves=47
num_cat=0
split_feature=92 92 94 92 15 43 96 13 67 17 96 44 49 11 92 44 83 11 8 17 53 9 5 93 84 17 58 97 43 5 18 79 46 67 56 57 11 53 56 56 31 93 8 45 16 61
split_gain=101.124 49.9849 23.2799 16.4984 13.6879 10.4855 14.1654 10.9722 16.9688 10.0563 13.3301 9.37874 9.05373 8.93217 12.4513 9.78815 8.29747 10.5421 8.17749 8.08005 12.0443 10.6891 8.05526 11.4966 7.98946 7.60998 7.41263 7.20448 10.2781 9.92236 8.13735 7.84663 7.36289 7.41775 7.38467 10.2107 9.2138 8.88242 14.4114 10.6887 9.58407 10.6569 7.15545 7.10981 7.07417 6.99994
threshold=-0.023580457776235797 0.64627791563275439 -0.20615419393193962 -0.5209235209235209 -11.35 -0.093151384134990634 -1.4772596283074586 -9.8999999999999968 1.3500000000000016 -5.450000000000002 0.31471136153089113 0.0088340302040972023 0.28165064102564102 -1.0000000180025095e-35 -0.37254901960784309 -0.09122290220435994 8.8899999999999881 1.199999999999996 -3.1999999999999953 6.049999999999998 23.000000000000011 0.19999999999999998 -4.4999999999999991 231.75000000000003 -9.2100000000000009 15.100000000000003 13.15 14.680000000000005 1.4958866270341682 -7.6666666666666776 -7.5200000000000049 0.011907149756301151 0.73097601323407779 -8.0999999999999961 -0.39999999999999852 -10.499999999999998 -3.1999999999999953 7.000000000000008 1.8000000000000045 13.699999999999998 239.6209921459911 215.25000000000003 -8.7999999999999883 264.96197522059998 5.2500000000000009 -0.0026999999999999494
decision_type=2 2 2 2 2 2 2 2 2 2 2 2 2 2 2 2 2 2 2 2 2 2 2 2 2 2 2 2 2 2 2 2 2 2 2 2 2 2 2 2 2 2 2 2 2 2
left_child=3 2 24 -1 11 6 -5 8 13 10 12 -4 -9 14 15 -7 18 -18 22 26 21 -21 44 -24 -2 -8 -3 32 29 30 -29 -31 33 -6 -34 36 -36 38 -37 40 -39 -42 -15 -28 -11 -14
right_child=1 19 4 5 27 7 25 9 -10 16 -12 -13 45 42 -16 -17 17 -19 -20 20 -22 -23 23 -25 -26 -27 43 28 -30 31 -32 -33 34 -35 35 37 -38 39 -40 -41 41 -43 -44 -45 -46 -47
leaf_value=-0.039552182097752943 0.066856933153737585 0.039851150981010754 -0.055702483611618801 -0.042182444535913473 -0.050640550677285748 -0.019630165498237543 -0.0063909835303608831 -0.093780003717221894 0.12170046925958378 -0.055497963157605301 0.056980738629842355 0.03825887741037045 -0.055595334043160485 -0.016125016904263354 -0.059972256602514429 0.11166393300733292 -0.053833353389804599 0.071691133916496896 -0.050142193880145298 -0.0072733679999332024 0.049148299546926712 -0.15509061009855851 -0.015297292650667055 0.088391050068878527 -0.007439331723845876 0.040386762008463063 -0.095423097591228231 -0.043714610073833315 0.045650059005435194 -0.0011637999851337527 0.07860278703339707 0.057381374412545282 0.020585147722594708 0.010210987412560064 -0.017529118072777447 -0.066037244244134416 -0.12219352553837121 -0.15246161480481507 0.043500715616216754 0.033988431695297708 -0.00053906357932705291 -0.11635720035006765 0.10120868052156784 0.05624293720787326 0.029363827390864756 0.018861665067896258
leaf_weight=206.98115840554237 8.8453400433063489 344.40349817276001 32.567174345254898 71.447691276669502 12.408164471387861 8.8966309577226621 575.71372330188751 8.9298636615276319 6.7640129178762427 47.133491560816765 17.774973347783089 8.072983503341673 11.472422838211058 5.6661144495010376 25.844664990901951 5.4242967665195421 6.9294788092374828 9.5635271221399289 172.51086917519569 9.3693732917308825 12.001756988465784 4.3402964472770682 52.541535004973412 7.3540199697017661 886.97806246578693 22.62119634449482 4.6759837493300429 3.7454048395156887 82.155163019895554 149.09560579806566 20.541171252727509 15.719865761697291 37.715351417660713 1414.4927773848176 11.632562875747682 9.4928514808416349 10.214455708861349 5.2537015527486828 32.617611244320869 10.342710256576536 17.244020178914074 6.7983020991086951 6.8591891229152662 2.7147901803255081 6.7933021038770667 24.240613713860512
leaf_count=994 40 2244 124 341 49 39 2294 33 28 186 70 34 44 25 107 23 27 38 686 53 73 27 210 25 4005 95 28 21 539 922 128 96 175 6274 54 48 47 25 149 50 86 26 27 21 28 94
internal_value=-7.50567e-05 0.00766637 0.00394592 -0.0188344 0.00900401 -0.0148928 -0.00862877 -0.0247311 0.00698096 -0.0299176 -0.000539955 -0.0366049 -0.023997 -0.00860093 -0.0271206 0.0316494 -0.0359356 0.0184495 -0.0391228 0.0349616 -0.00793654 -0.0584439 -0.0222054 -0.00180753 -0.00665992 -0.00457686 0.0381264 0.0100257 0.0220717 0.0116925 0.0589153 0.00452843 0.0079306 0.00965867 -0.00943484 -0.0204872 -0.0684615 -0.0072308 0.018135 -0.0342678 -0.0587996 -0.0353176 0.0489344 -0.0386653 -0.0444892 -0.00527329
internal_weight=4454.9 3153.44 2775.93 1301.46 1880.11 1094.48 669.783 424.699 59.4549 365.244 62.4179 40.6402 44.6429 52.6909 40.1656 14.3209 302.826 16.493 286.333 377.506 25.7114 13.7097 113.822 59.8956 895.823 598.335 351.794 1839.47 271.257 189.102 24.2866 164.815 1568.21 1426.9 141.312 103.596 21.847 81.7492 42.1105 39.6387 29.296 24.0423 12.5253 7.39077 53.9268 35.713
internal_count=20752 15338 12892 5414 8847 4420 2730 1690 249 1441 241 158 171 221 169 62 1200 65 1135 2446 153 80 449 235 4045 2389 2293 8689 1706 1167 149 1018 6983 6323 660 485 101 384 197 187 137 112 52 49 214 138
is_linear=0
shrinkage=0.08


Tree=22
num_leaves=47
num_cat=0
split_feature=92 91 97 92 18 3 97 92 57 67 90 72 42 76 84 55 66 53 80 30 58 65 94 39 8 52 62 30 66 42 2 14 12 97 90 42 39 66 3 38 38 85 93 69 62 39
split_gain=86.4128 39.9228 25.8861 23.5738 19.0317 12.8351 11.2812 10.894 12.7612 11.9615 10.204 12.8873 9.37264 9.24505 9.07795 10.1315 9.24088 9.01082 8.48081 15.2526 10.52 12.1379 8.26219 9.0392 8.11834 9.54024 9.49879 8.30011 10.649 10.3595 9.96865 10.7504 12.015 8.85277 8.34431 8.29382 8.0724 8.92481 9.41656 8.61236 7.90054 12.776 7.86009 11.7355 13.0638 8.81547
threshold=0.25760385125710217 4.2500000000000009 -5.9800000000000031 0.64627791563275439 15.480000000000009 -0.27484281509141373 21.885764588000004 -0.023580457776235797 -10.399999999999997 -6.950000000000002 2.2500000000000004 -1.2999999999999996 -125.62482827340988 -0.069699999999999998 8.5800000000000072 7.299999999999998 -9.6999999999999957 -10.799999999999988 -5.7200000000000051 420.17776549391135 3.3000000000000047 0.79999999999999993 -3.2352238937265319 1.3891223975237894 -15.599999999999985 -10.499999999999998 -0.0049999999999998995 232.79391348028909 0.40000000000000219 278.90154612191503 -0.23684210526315783 -0.14999999999999994 8.800000000000006 -3.3100000000000036 -1.0000000180025095e-35 -128.90054186885274 -0.18154232959007546 1.1999999999999995 -0.28943240779430618 1.414933596132232 0.68666710909012285 -3.205000000000005 204.75000000000003 3.2999999999999994 0.040000000000000056 0.04185905034482746
decision_type=2 2 2 2 2 2 2 2 2 2 2 2 2 2 2 2 2 2 2 2 2 2 2 2 2 2 2 2 2 2 2 2 2 2 2 2 2 2 2 2 2 2 2 2 2 2
left_child=1 2 5 13 6 10 18 8 -7 -10 11 17 -13 -2 16 -16 -15 -1 19 20 21 -4 -3 -24 -20 -26 -27 28 29 34 -29 32 -32 -34 -28 -30 37 38 39 -12 -9 -42 -33 44 45 -44
right_child=3 22 4 -5 -6 7 -8 40 9 -11 36 12 -14 14 15 -17 -18 -19 24 -21 -22 -23 23 -25 25 26 27 30 35 -31 31 42 33 -35 -36 -37 -38 -39 -40 -41 41 -43 43 -45 -46 -47
leaf_value=0.020079683184936109 0.038809108918128804 -0.051223890538030011 -0.048073986833865441 0.032898508039521303 0.06934605284982355 0.014786523954368783 0.056037392776098906 -0.00050562392518997451 0.059791257721627307 -0.046018495065288156 -0.028958411510638708 0.021364326287994777 -0.018832044034457918 -0.072780448278438298 -0.11839923693639946 0.0032960744676658145 0.0095252977877163005 -0.082334778683098006 -0.031393359627117944 0.015264241300584812 -0.084271862889491594 0.014460934035602375 -0.022911440456348291 0.066806593966293765 0.10621072513640789 0.023367205973600005 -0.027291158293238204 0.047657443896252295 0.069766170030171909 -0.093587727583275396 -0.050603147051543687 0.0083794415199580762 -0.059924024639071115 0.051865775266493143 0.018329513077724461 -0.030062850249793809 0.033332198957298415 0.064265687591824397 0.09069165499282647 0.066225716409130539 0.046217241026043396 -0.032643556862252475 -0.042179481062676868 0.073086313109735623 -0.11543801729186992 0.0056990668670074017
leaf_weight=6.6726640164852169 65.476819217205048 68.554968103766441 44.807562187314034 369.4481665790081 27.737577356398106 28.529611930251122 24.592369921505451 184.16847871243954 6.6213818043470374 184.06467178463936 64.865833759307861 57.334297254681587 102.88700786232948 8.2866777479648572 7.1357574909925487 9.9145825132727605 1071.5971145182848 24.58742456138134 38.458447515964508 64.274669274687767 21.009214654564857 34.778766050934792 625.95759905874729 6.7563855499029151 5.5281987190246573 155.68844673782587 26.938321679830551 20.057944014668465 5.3390712067484847 5.161912888288497 66.425565391778946 177.92961489409208 5.9439065754413631 14.681303635239599 381.17017048597336 58.683134168386459 72.374733090400696 10.580068394541739 4.755133092403411 6.1920877695083609 14.012598991394041 137.75686812400818 45.519989058375359 7.8092688471078864 8.9730803370475751 52.149723470211029
leaf_count=34 315 381 190 2446 158 112 205 827 25 751 280 278 501 38 30 44 4986 128 153 269 82 143 2661 29 22 660 85 85 22 27 283 925 26 58 1722 272 305 45 20 27 63 624 165 27 31 192
internal_value=-6.76272e-05 -0.00818725 -0.0028807 0.015298 0.00437566 -0.0132543 0.00291896 -0.0208155 -0.0346919 -0.0421558 -0.00123422 -0.0136729 -0.00437651 0.00968544 0.00792285 -0.0491011 0.00885292 -0.0602499 0.00183804 -0.0150199 -0.0344285 -0.020727 -0.0248024 -0.0218888 0.00443319 0.00578276 0.00518614 0.00193718 0.00906099 0.0137785 -0.00655472 -0.00950054 -0.0340991 0.018615 0.0152689 -0.0211376 0.013713 -0.00272792 -0.0125418 -0.0201473 -0.0116986 -0.0251821 -0.0021038 -0.0184364 -0.0255229 -0.0166349
internal_weight=4432.19 2900.33 2199.06 1531.86 1293.66 905.403 1265.92 555.154 219.216 190.686 350.249 191.481 160.221 1162.41 1096.93 17.0503 1079.88 31.2601 1241.33 164.87 100.596 79.5863 701.269 632.714 1076.46 1038 1032.47 876.783 477.293 413.27 399.49 379.432 87.0508 20.6252 408.108 64.0222 158.768 86.3931 75.8131 71.0579 335.938 151.769 292.382 114.452 106.643 97.6697
internal_count=20752 12893 9822 7859 5802 4020 5644 2402 888 776 1618 941 779 5413 5098 74 5024 162 5439 684 415 333 3071 2690 4755 4602 4580 3920 2128 1834 1792 1707 367 84 1807 294 677 372 327 307 1514 687 1340 415 388 357
is_linear=0
shrinkage=0.08


Tree=23
num_leaves=47
num_cat=0
split_feature=92 91 97 92 94 3 4 92 57 67 55 43 53 87 16 78 82 54 66 96 50 83 55 23 12 23 55 95 94 69 56 59 16 13 9 43 81 69 48 14 81 50 43 83 81 97
split_gain=73.6323 34.1778 21.9708 20.7817 14.401 10.9379 9.47088 9.36991 10.9484 10.2693 9.10741 8.74403 8.95115 11.002 13.9151 13.2147 9.80942 8.15159 8.13474 9.73835 12.256 9.52175 9.45458 12.2193 10.2327 9.11464 8.7694 8.35933 8.2875 8.12533 7.96925 7.84248 10.0153 8.00814 10.0023 7.76835 11.3521 9.92063 8.62329 7.73086 7.72138 8.10317 15.1938 8.24745 7.7211 7.71484
threshold=0.25760385125710217 4.2500000000000009 -5.9800000000000031 0.64627791563275439 2.2382072174328447 -0.27484281509141373 -0.021864846987167445 -0.023580457776235797 -10.399999999999997 -6.950000000000002 16.300000000000001 -1.7994505494505491 7.4999999999999938 -0.77999999999999836 7.2499999999999938 -0.033142466262711397 5.7999999999999909 25.900000000000002 -2.3000000000000003 -1.3871655221511583 -1.4999999999999998 -0.61499999999998767 10.099999999999996 -1.0000000180025095e-35 19.800000000000008 1.0000000180025095e-35 4.0999999999999952 0.84027417814677718 -2.4234436754792874 6.450000000000002 3.3000000000000047 -9.2470689033189029 -10.249999999999998 2.4000000000000132 -0.29999999999999988 -0.093151384134990634 -10.459999999999978 -4.7000000000000002 0.23904761904761904 -0.19999999999999993 9.4349999999999898 -2.4999999999999996 -1.7698612862547287 -0.050000000000004194 6.9300000000000006 -24.448560515641208
decision_type=2 2 2 2 2 2 2 2 2 2 2 2 2 2 2 2 2 2 2 2 2 2 2 2 2 2 2 2 2 2 2 2 2 2 2 2 2 2 2 2 2 2 2 2 2 2
left_child=1 2 5 11 6 10 17 8 39 -10 -1 31 -13 14 15 -14 -17 -4 19 -3 21 -21 25 -24 45 27 35 -20 -22 40 -23 32 -2 34 -34 36 -27 -38 -39 -7 41 42 -8 -44 -33 -25
right_child=3 18 4 -5 -6 7 29 -9 9 -11 -12 12 13 -15 -16 16 -18 -19 22 20 28 30 23 24 -26 26 -28 -29 -30 -31 -32 44 33 -35 -36 -37 37 38 -40 -41 -42 -43 43 -45 -46 -47
leaf_value=0.0017350151966585145 0.072335024917530952 -0.079346178232064579 -0.002795185443687326 0.030916713295166726 0.063078188527650583 -0.046484094391778703 0.037960084146772072 -0.010769743429857559 0.054999364079616177 -0.042742626152078439 -0.058892943396531568 0.01127477266521878 0.027506956678458341 0.0023185343070226362 0.00071258311127152252 -0.056079624690246493 -0.16694871099682537 -0.06704082524697344 -0.030448585273112269 0.084947558660083328 0.020099110721042278 -0.032703776795319585 -0.064863078157308046 -0.014947776758919765 -0.043662177698460529 -0.08783429315291022 -0.044652196576984125 0.054717468621464933 -0.063730000832254427 -0.075402661233184815 0.046089981125904504 0.039002416256312226 -0.094460409566289857 -0.12776150563858052 0.050760668957061883 -0.02634082606854395 0.14840174763254266 0.087947953012719363 0.0084047565892398906 0.041392817892069091 0.056429341268361986 0.011831757957452593 -0.10541592787180974 -0.022988019797108915 -0.039710162391958785 0.063830849060412739
leaf_weight=333.75727462768555 5.4335910528898266 31.311255127191544 615.91146234422922 362.02790503948927 25.429069884121418 8.8406270593404788 18.321382611989975 335.7021591514349 6.6640443205833426 182.42569273710251 16.141802534461021 692.02868188917637 5.9532496482133892 251.71362318098545 31.80082967877388 13.566179729998114 8.9798457026481611 12.423050865530966 356.37220859527588 6.8667657077312461 8.3671815544366819 32.91632504761219 10.757965750992296 10.166710868477816 10.025658637285231 5.0803720802068701 26.048115655779839 7.0248156189918509 53.788459271192551 6.5839098095893851 10.357849776744841 124.14002323150635 4.6719107478857076 5.0048902481794348 6.8189507722854596 30.484719663858414 3.8381728231906882 10.133719965815542 51.120781660079956 19.736862063407898 22.326405763626099 553.29386700689793 11.422077566385267 24.486724555492401 8.0272502005100232 31.496716141700748
leaf_count=1541 26 164 2561 2446 224 35 85 1514 25 751 77 3260 28 1160 146 61 38 58 1569 28 40 139 47 57 48 25 117 32 208 31 40 577 21 26 33 132 16 48 232 77 111 2571 47 114 37 129
internal_value=-5.83544e-05 -0.00755779 -0.00265018 0.0141896 0.00404415 -0.0122179 0.00282645 -0.019214 -0.0321462 -0.0391198 -0.00111913 0.00894276 0.00620175 -0.00502436 -0.0355747 -0.0756559 -0.103249 -0.00413043 -0.0229963 -0.0399999 -0.0286551 0.000659285 -0.0185304 0.0106301 0.0269666 -0.0222693 -0.00370169 -0.0287073 -0.0522472 0.0097052 -0.0133504 0.0266727 -0.0170818 -0.0482673 -0.00909242 0.00698469 0.0216592 0.0309313 0.0222992 0.0136006 0.0106666 0.00892669 -0.0204039 -0.0505145 0.0340298 0.0444683
internal_weight=4409.79 2889.62 2193.47 1520.17 1290.2 903.268 1264.77 553.369 217.667 189.09 349.899 1158.14 1004.04 312.014 60.3001 28.4993 22.546 628.335 696.158 143.608 112.297 50.1409 552.55 62.4471 51.6891 490.103 126.706 363.397 62.1556 636.434 43.2742 154.097 21.9293 16.4958 11.4909 100.658 70.173 65.0927 61.2545 28.5775 629.85 607.524 54.2302 35.9088 132.167 41.6634
internal_count=20752 12893 9822 7859 5802 4020 5578 2402 888 776 1618 5413 4693 1433 273 127 99 2619 3071 619 455 207 2452 281 234 2171 570 1601 248 2959 179 720 106 80 54 453 321 296 280 112 2928 2817 246 161 614 186
is_linear=0
shrinkage=0.08


Tree=24
num_leaves=47
num_cat=0
split_feature=94 97 94 0 90 10 65 31 82 70 56 65 96 62 49 82 43 82 93 46 58 84 42 53 79 71 47 46 67 43 48 94 39 54 5 10 60 45 57 67 42 6 49 70 3 69
split_gain=62.7428 26.8759 14.391 13.0463 11.9439 9.44662 8.72343 8.50073 8.45183 7.67154 7.65531 8.99875 8.2345 8.65238 7.87747 7.59913 7.78556 11.6521 7.78439 9.78415 8.29202 8.26919 7.54922 9.66061 9.49506 9.43922 7.68065 7.40159 8.78546 7.97177 7.32451 8.09967 7.39516 11.4882 7.25991 9.15774 7.23581 7.67291 16.5932 11.5451 7.198 10.3162 7.03398 8.57034 7.0275 9.0368
threshold=-0.20615419393193962 14.680000000000005 -3.2352238937265319 -129.08404050132455 1.7500000000000002 8.5000000000000036 -1.7999999999999996 1028.7869118838264 -23.419999999999984 0.39999999999999908 9.6999999999999975 2.600000000000001 -0.019428416171364048 -0.025399999999999846 0.40824915824915831 -10.010000000000003 -3.9918032786885242 8.0200000000000049 213.75000000000003 0.55370879120879135 -11.199999999999994 1.0000000000000073 -1.0000000180025095e-35 -11.6 0.029683503334959154 0.80000000000000038 0.36749699879951986 0.38126566416040103 -4.6999999999999984 -2.0465681859124474 0.66333333333333344 -0.84404763037218478 -1.2092124499520398 7.3999999999999995 -4.999999999999992 -2.7999999999999989 -0.058499999999999948 181.52223824374622 -0.79999999999998994 0.6999999999999994 1.0000000180025095e-35 -0.49999999999999994 0.65933268858800786 1.0000000180025095e-35 0.44088274325268367 3.9000000000000008
decision_type=2 2 2 2 2 2 2 2 2 2 2 2 2 2 2 2 2 2 2 2 2 2 2 2 2 2 2 2 2 2 2 2 2 2 2 2 2 2 2 2 2 2 2 2 2 2
left_child=2 3 -1 4 6 34 -2 9 -7 10 11 -4 13 -12 -13 -9 17 42 19 30 -20 -22 23 25 26 -11 -24 -25 -29 -30 31 32 33 -18 35 -3 -8 39 -39 -38 41 -33 43 -17 -36 -46
right_child=1 5 7 -5 -6 8 36 15 -10 22 12 14 -14 -15 -16 16 18 -19 20 -21 21 -23 24 27 -26 -27 -28 28 29 -31 -32 40 -34 -35 44 -37 37 38 -40 -41 -42 -43 -44 -45 45 -47
leaf_value=-0.044103650419590051 0.04644644075580856 0.0068477534898155473 -0.0078568661587386287 0.0060223972605372815 0.027224323323118825 -0.092679791697753339 -0.090378164022702434 0.04568189580751901 0.038248266353021219 0.11359433314715352 0.094826433944191171 -0.017876777588690215 0.10606349491187166 0.0043321069130802621 0.051631643325675623 0.074467115141121892 0.050721335810050193 -0.083475753574600881 0.037024942575994486 -0.047796219703082128 -0.061139007730766047 0.0054205720185089949 -0.08510849633715141 -0.044905862120213878 0.040727396379829257 -0.0042174454071784639 -0.027837625851549724 -0.084531188436674981 -0.052846723746719795 0.043289861104817765 0.039879504255185654 0.089883224396158271 -0.037429392006836183 -0.065230388674239193 -0.0030873440630982082 0.072831960918445265 -0.07131819368831907 0.066309983539097409 -0.031114833815426929 0.037659530284641064 0.070362299464901273 -0.028631238264951765 -0.02315302008613632 -0.042005390363721057 0.036951681246134994 -0.067647834700386447
leaf_weight=80.337078586220741 8.6983034759759885 27.179249562323093 1022.9015123546124 1844.3065762519836 29.74652324616909 2.7035047858953467 12.841190814971922 10.272331953048704 233.68528552353382 8.0347358733415621 6.7193454205989829 15.249520435929297 5.5178306251764289 112.82845388352871 30.326535552740097 19.877877831459049 16.24179515242577 6.6775183826684943 6.8600101321935645 52.605819568037987 80.211296752095222 13.675311371684073 16.683146551251411 27.349046632647514 11.116826251149176 8.5562299042940122 141.67378477752209 5.0103226155042639 6.381120800971984 27.152854084968567 17.562164902687073 5.3740695118904105 80.035534307360649 7.6012685447931281 136.84228456765413 26.988715000450611 35.925425708293915 13.951450884342192 48.839437484741211 7.0704363435506812 10.887716501951216 22.915678620338443 11.253006741404532 4.6017856746911994 62.549701541662216 5.2640573903918257
leaf_count=461 28 174 4502 8239 113 20 45 44 1749 35 30 67 24 502 135 90 76 32 27 238 308 53 71 129 53 37 622 21 29 118 85 24 395 36 850 178 129 47 170 24 51 105 50 20 479 37
internal_value=-5.59605e-05 0.00826929 -0.0110422 0.00413285 -0.0179517 0.0249494 -0.0286337 -0.00956036 0.0365247 -0.00678808 -0.00409771 -0.00629635 0.0145725 0.00985887 0.0282592 -0.0204439 -0.0224337 0.0095062 -0.0267817 -0.0179896 -0.0451301 -0.051382 -0.0194675 0.000293639 -0.029105 0.0540229 -0.0341704 -0.0134191 0.00900642 0.0242535 -0.00805956 -0.0141189 -0.0258068 0.0128463 0.0142966 0.0402356 -0.0343778 -0.0271117 -0.00898886 -0.0529866 0.0166045 -0.0046697 0.0280151 0.0518493 0.00731075 0.0282793
internal_weight=4389.08 2496.59 1892.49 2001.38 157.073 495.213 127.326 1812.15 236.389 1445.5 1193.54 1068.48 125.066 119.548 45.5761 366.653 356.381 42.4102 313.971 213.224 100.747 93.8866 251.958 82.4843 169.474 16.591 158.357 65.8933 38.5443 33.534 160.618 143.056 103.879 23.8431 258.824 54.168 118.628 105.787 62.7909 42.9959 39.1775 28.2897 35.7327 24.4797 204.656 67.8138
internal_count=20752 12282 8470 8795 556 3487 443 8009 1769 6375 5260 4704 556 532 202 1634 1590 192 1398 1010 388 361 1115 369 746 72 693 297 168 147 772 687 507 112 1718 352 415 370 217 153 180 129 160 110 1366 516
is_linear=0
shrinkage=0.08


Tree=25
num_leaves=47
num_cat=0
split_feature=92 97 92 93 76 83 84 47 17 74 43 17 56 76 0 55 82 69 47 73 39 44 5 66 69 18 63 68 55 97 16 38 54 3 91 49 94 73 8 89 43 49 93 93 31 67
split_gain=45.3645 22.655 17.5685 13.6247 13.1373 12.5336 11.859 11.7582 12.1978 11.392 10.8877 9.90603 10.32 9.85788 11.2323 9.66242 9.31465 9.13869 12.0574 8.99876 13.4936 8.98711 10.3391 8.79906 9.66372 9.34891 8.69283 8.79624 8.9908 10.7291 8.66591 9.20603 8.55448 9.24796 10.9574 8.34954 8.3469 13.447 10.0075 8.3165 8.30275 9.27533 8.84295 9.48291 10.4106 9.93411
threshold=0.25244340832706608 -13.6 0.72861557838662472 212.75000000000003 -0.034599999999999943 -5.0500000000000176 3.6899999999999982 0.51639784946236567 13.049999999999999 3.100000000000001 1.436813186813187 14.049999999999999 11.450000000000005 0.0019999999999999502 152.28336092345288 -1.6000000000000012 -20.609999999999996 3.7000000000000015 0.4503521126760564 -0.99999999999999967 -0.64296611179052199 -0.10814619985016392 -12.000000000000005 6.8000000000000016 2.0999999999999992 -3.6000000000000063 0.060899999999999857 6.6000000000000005 -9.7999999999999883 11.335000000000003 6.1499999999999995 0.19271760376962302 2.1000000000000019 -0.080788565917777291 4.2500000000000009 0.74322344322344336 1.8953013115840498 1.4500000000000002 16.400000000000002 3.4700000000000046 -0.42465321563682212 0.5300120048019209 235.25000000000003 205.75000000000003 268.18618825016387 -1.6999999999999991
decision_type=2 2 2 2 2 2 2 2 2 2 2 2 2 2 2 2 2 2 2 2 2 2 2 2 2 2 2 2 2 2 2 2 2 2 2 2 2 2 2 2 2 2 2 2 2 2
left_child=1 -1 7 5 17 10 9 -2 40 11 -3 13 -13 14 -6 -8 -4 18 -5 20 -18 -17 -23 24 25 35 27 28 -7 -30 31 -15 -33 34 -34 -20 37 -21 -39 -24 41 -9 43 -42 -45 -46
right_child=2 3 16 4 6 26 15 8 -10 -11 -12 12 -14 30 -16 21 19 -19 23 36 -22 22 39 -25 -26 -27 -28 -29 29 -31 -32 32 33 -35 -36 -37 -38 38 -40 -41 42 -43 -44 44 45 -47
leaf_value=-0.018679952704399309 0.00075280668941414542 0.0067486450310332161 -0.082417358825958895 -0.082911664943652208 -0.0065864499949821291 -0.017739756931949027 -0.052602589236230228 0.047149278333826511 0.096989520118835784 0.038940594985186087 0.054252820013845245 0.10162306888811908 -0.029944857615834142 -0.082680345068466568 -0.10511467505821004 -0.043536072461797588 -0.11517053684011851 -0.1206316588083528 -0.053734858528544149 0.031699385759740586 0.043436847060947754 0.14441115525003459 0.057400158230313247 -0.098415749919808393 0.070013707662326133 0.022575843325152719 0.066495997062674936 -0.049051474880797627 0.00029284371681193646 0.030893226774316905 0.023080717657415432 -0.011179353555391323 0.050237661060815675 -0.11642626899826093 -0.089935514769907798 0.03689087960290495 0.051987982674324397 -0.11222441426572261 0.040852461989975782 -0.047655895583749351 -0.0079067041858354413 0.0092403573434606968 -0.080836060955816511 0.058176277286471081 0.072076471980154183 0.0034738229293588378
leaf_weight=774.56828805804253 817.7461374849081 77.997193105518818 3.9869074597954741 21.439073339104652 412.24964964389801 158.88102187216282 7.1509198248386374 85.574506722390652 11.280981674790381 28.415207073092461 51.301205180585384 9.1645996123552305 5.8751896768808356 26.406402766704559 7.0583540946245185 5.864808738231658 5.8194102495908737 7.2828720659017554 38.614271894097328 64.810831092298031 7.0080906152725202 6.9950137585401526 24.466039553284649 7.0833381265401831 8.5076172798871976 23.483042433857918 11.817822888493536 23.445334367454052 937.98643051087856 79.105805926024914 14.536827832460402 58.876927345991135 6.7470939159393328 11.988502413034437 6.5080018490552902 7.3275278657674781 115.81315443664789 7.5185599625110608 3.7310802936553955 5.4907376319169989 127.41290026158094 81.199989587068558 6.7017160207033148 36.901736482977867 14.622877374291418 130.45146730542183
leaf_count=3740 4087 396 28 77 1457 772 26 405 52 99 266 32 21 92 27 20 39 26 134 395 53 24 86 25 30 82 63 108 4298 584 51 203 22 40 23 25 1005 45 20 20 658 362 24 158 63 553
internal_value=-0.0010687 -0.00699479 0.0100967 -0.00266121 -0.0112816 0.00216801 -0.00678529 0.00665287 0.0163899 -0.00998319 0.0257947 -0.0125151 0.0504024 -0.0143127 -0.00838728 0.0304031 0.0316399 -0.0362851 -0.029903 0.0340958 -0.0295391 0.0448979 0.0595412 -0.0160352 -0.00786589 -0.0179564 -0.000357123 -0.00104992 -6.56798e-05 0.0026947 -0.034003 -0.041653 -0.0282671 -0.0668198 -0.0187706 -0.0388666 0.0384573 0.0175454 -0.0611958 0.0374157 0.0143919 0.0288226 0.00671931 0.00876904 0.0204783 0.0106674
internal_weight=4387.22 2866.64 1520.58 2092.07 751.532 1340.53 637.794 1311.89 494.146 587.827 129.298 559.412 15.0398 544.372 419.308 49.9675 208.688 113.738 106.455 204.701 12.8275 42.8166 36.9518 85.0158 77.9325 69.4248 1211.24 1199.42 1175.97 1017.09 125.064 110.527 84.1205 25.2436 13.2551 45.9418 191.874 76.0605 11.2496 29.9568 482.865 166.774 316.091 309.389 181.976 145.074
internal_count=20816 12869 7947 9129 2642 6487 2243 6362 2275 2067 662 1968 53 1915 1484 176 1585 399 373 1557 92 150 130 296 271 241 5825 5762 5654 4882 431 380 288 85 45 159 1465 460 65 106 2223 767 1456 1432 774 616
is_linear=0
shrinkage=0.08


Tree=26
num_leaves=47
num_cat=0
split_feature=92 97 39 96 41 73 22 32 0 4 48 11 31 11 88 70 9 47 93 38 38 92 82 95 85 55 80 93 53 32 47 83 57 39 69 48 19 59 60 49 7 2 82 46 18 4
split_gain=38.7544 24.2795 11.8041 12.7594 9.84649 9.08807 9.05918 9.43946 15.7412 9.97847 9.17346 8.80196 8.40206 8.40112 9.50197 8.05314 9.13277 8.00597 12.5724 11.2303 11.2225 11.0427 11.4424 10.9857 8.92514 9.60776 9.36358 8.35591 8.01248 10.9206 9.5711 8.84348 8.03628 7.99152 8.47783 7.96218 8.80124 7.89253 7.8213 10.0251 9.50557 8.45693 8.9251 7.80186 7.77857 11.4294
threshold=0.53033399094287426 -13.6 -0.12340281012899344 1.3181932520131907 -228.35060149216994 -2.6499999999999995 183.50000000000003 -204.20063958907227 257.96337282692792 0.10216802471106477 0.34891304347826085 16.600000000000005 1372.5484990844266 4.299999999999998 6.4300000000000006 4.1000000000000023 0.29999999999999999 0.41719409282700431 182.75000000000003 0.26196641964748713 0.37315694212222217 0.50997203038945338 -14.449999999999994 1.0000000180025095e-35 4.460000000000016 11.800000000000006 -2.3500000000000081 228.75000000000003 11.000000000000009 -358.26334760304212 0.55829054666263978 -1.0000000180025095e-35 10.800000000000006 -0.25736200195429432 -0.20000000000000101 0.5865817091454274 -0.2599999999999999 18.035534591194963 0.022299999999999955 0.46966911764705882 6.8333333333333357 -0.23331332533013197 -12.220000000000004 0.31612258494337114 -9.1999999999999869 -0.10469550064392538
decision_type=2 2 2 2 2 2 2 2 2 2 2 2 2 2 2 2 2 2 2 2 2 2 2 2 2 2 2 2 2 2 2 2 2 2 2 2 2 2 2 2 2 2 2 2 2 2
left_child=1 12 3 17 -2 -6 7 8 9 37 13 -11 -1 14 -9 -7 -17 18 43 -20 -21 22 -22 24 28 26 -26 -24 31 30 -30 38 -32 44 -35 36 -36 -4 40 -40 41 -19 -43 -3 -33 -46
right_child=4 2 6 -5 5 15 -8 10 -10 11 -12 -13 -14 -15 -16 16 -18 23 19 20 21 -23 27 -25 25 -27 -28 -29 29 -31 32 33 -34 34 35 -37 -38 -39 39 -41 -42 42 -44 -45 45 -47
leaf_value=-0.013700666032576594 0.050374544757791045 -0.025296522494140165 -0.028629922772672411 0.040307222222859339 -0.082675346394458796 0.016626512521046053 0.072159758881268729 -0.040901620326873375 -0.1530979650313988 0.015292865827039138 -0.00046557384268749324 -0.098270386303787524 -0.040815372003604418 0.015282880465829032 0.062319489492835986 0.033383599927972123 -0.11952850138203554 0.083456889535665851 0.025406792597937634 -0.086005529084615395 -0.12011924444271709 -0.10081382581438345 -0.0046955379230838971 0.015929297508358156 -0.021502343228382657 0.045840484962900836 -0.1079276218793342 -0.048514006847696446 -0.023759660481100436 0.067346620173872135 0.011968278743337763 -0.026011189091305096 0.086659059654104378 -0.079433715114783129 -0.065314380464243676 -0.041945222725906672 0.047739461428513243 0.058251995107654844 0.020413056180084342 -0.074212525225014259 0.062553962532245599 -0.089285134159228202 0.0099855036781780933 0.028350550073165403 0.023711171270599844 -0.0091096441108607391
leaf_weight=705.00370465219021 52.85422820597887 21.441657856106758 204.89872337132692 58.58837903290987 5.6025968566536894 559.20456345379353 8.8232122063636762 91.620476305484772 5.0715254247188559 69.765844330191612 898.96372157335281 4.1489300131797782 81.780044689774513 27.182961046695709 5.5893282145261756 3.904526121914385 5.4300756528973579 8.6478347629308683 37.710489362478256 15.52077506482601 5.7858173996210089 9.1630040109157544 210.20846047997475 432.2358066663146 23.481272175908089 7.2403227984905234 12.227882057428358 31.749692231416702 35.497849628329277 25.293371364474297 39.567841768264771 72.247743621468544 11.75292234122753 17.598474904894829 5.3384179621934917 30.626009553670883 17.321026310324669 6.4057684391736975 15.365214124321939 12.527462035417555 30.379439532756805 5.7916488796472541 72.61749067902565 81.394742980599403 108.4798739105463 179.36271829903126
leaf_count=3411 427 108 853 392 33 3431 36 386 27 317 3982 19 399 115 22 25 35 35 162 66 25 44 928 2043 89 28 46 112 135 98 155 281 45 68 21 126 68 29 63 49 124 25 291 470 441 731
internal_value=-0.000983025 -0.00406765 -0.000741299 0.0038003 0.0174142 0.0143248 -0.0063621 -0.00692284 -0.0196483 -0.0169837 -0.00329742 0.00819345 -0.0165533 -0.0236148 -0.0345963 0.0153665 -0.0563087 0.00242621 -0.00712866 -0.015176 -0.0208591 -0.0167329 -0.0133941 0.00582582 -0.000141194 -0.0353174 -0.0523996 -0.0105666 0.00206584 0.0215889 0.00785712 -0.00173366 0.0298986 -0.00750099 -0.0319649 -0.0155461 0.0199242 -0.025827 0.0152816 -0.0223629 0.0243474 0.0106424 0.00203226 0.0170193 -0.00262542 0.00325153
internal_weight=4371.41 3744.42 2957.63 1635.16 626.996 574.142 1322.47 1313.65 290.291 285.219 1023.36 73.9148 786.784 124.393 97.2098 568.539 9.3346 1576.58 412.975 310.138 272.428 256.907 247.744 1163.6 731.365 42.9495 35.7092 241.958 688.415 112.112 86.8186 576.303 51.3208 430.974 70.8839 53.2855 22.6594 211.304 145.329 27.8927 117.436 87.057 78.4091 102.836 360.09 287.843
internal_count=20816 16865 13055 7269 3951 3524 5786 5750 1245 1218 4505 336 3810 523 408 3491 60 6877 1915 1337 1175 1109 1065 4962 2919 163 135 1040 2756 433 335 2323 200 1736 283 215 89 882 587 112 475 351 316 578 1453 1172
is_linear=0
shrinkage=0.08


Tree=27
num_leaves=47
num_cat=0
split_feature=97 94 93 41 94 60 74 80 62 39 57 74 38 50 9 58 2 84 45 66 85 59 65 4 89 81 5 9 16 2 3 96 34 49 15 44 41 70 17 37 44 68 81 96 59 13
split_gain=33.0837 21.2139 9.6346 9.57032 9.07204 8.95286 8.98124 10.9478 8.86735 8.81402 11.5313 9.70491 9.45213 9.19414 11.4705 11.2071 9.73699 8.97771 8.92873 8.52523 8.72974 8.21098 7.91388 8.20641 10.6395 9.94452 7.83299 16.2449 14.5713 9.15206 24.5109 16.3256 10.7691 7.733 7.70467 7.81624 7.61189 8.96647 8.36967 9.47953 7.55269 7.34919 7.26252 7.21447 9.30716 13.7101
threshold=13.4 -1.2113737442877597 211.25000000000003 130.2492100208722 -3.2352238937265319 -0.034799999999999845 0.20000000000000059 12.37999999999999 -0.045799999999999848 -0.12340281012899344 17.400000000000002 -6.299999999999998 0.12419239746307235 -3.4999999999999996 -0.49999999999999994 9.4500000000000046 -0.26063141725280931 -6.8199999999999994 37.988699813416936 9.6999999999999993 4.8350000000000017 -0.47075421575421211 1.6000000000000008 0.19824769989919469 -8.2050000000000018 7.2850000000000117 -9.6666666666666767 -0.19999999999999993 2.7500000000000004 0.30008576329331049 0.56301151110128045 0.96407521339943358 1.0000000180025095e-35 0.48331479421579543 9.7500000000000018 0.22508257443176907 57.384988495324485 -3.4999999999999996 1.6499999999999988 0.68853906801234344 -0.026921417667750646 -7.4999999999999991 1.3049999999999928 1.2531436651041983 -9.1145104895104918 5.6499999999999995
decision_type=2 2 2 2 2 2 2 2 2 2 2 2 2 2 2 2 2 2 2 2 2 2 2 2 2 2 2 2 2 2 2 2 2 2 2 2 2 2 2 2 2 2 2 2 2 2
left_child=1 3 22 4 -1 8 7 26 -4 11 13 -3 -13 14 16 -16 -11 33 -12 20 43 -18 23 25 -25 -2 -7 28 -28 40 31 32 -31 -14 35 -33 37 38 42 -40 -29 -6 -15 44 45 -19
right_child=2 9 5 -5 41 6 -8 -9 -10 10 18 12 17 36 15 -17 21 19 -20 -21 -22 -23 -24 24 -26 -27 27 29 -30 30 -32 34 -34 -35 -36 -37 -38 -39 39 -41 -42 -43 -44 -45 -46 -47
leaf_value=-0.050250905594402429 0.011659102318707351 0.05845034670540171 -0.007996846134637919 0.0018193723129921347 -0.066314691814078189 0.077948313968208199 0.048069236090132188 -0.1045862097186761 -0.14798789433938034 -0.05731514034508467 -0.042469829278200831 0.094222556380976347 0.05528026774354107 -0.12814433089623728 -0.06502749179147374 0.028599997112133662 0.075848064512011412 -0.0041655119259845601 0.064421542090099745 0.054638535663596222 -0.02455724257761777 -0.010609154623799069 0.067644316668647564 -0.10410729921744054 0.035002988428454292 -0.086238789373467462 -0.16224282202919069 -0.090596846978619625 0.02844360455629083 -0.26087654605695099 0.03124981805253696 -0.14275222472826041 -0.07065189760117041 -0.013403504277563254 0.027362552734310694 0.012744133767902874 0.027217729575596903 -0.0044792197939177106 0.063172583826254028 -0.064789452190113977 0.027180683557583917 -0.014463187986288475 -0.017325054405971076 0.040523986739040445 0.0043580125982439332 -0.054740661618920376
leaf_weight=53.108922712504864 129.03888083994389 19.958610236644745 7.888096034526825 186.25048638135195 17.630386859178543 8.2896956056356412 29.50619050860405 5.6091922894120207 4.2612329572439176 10.911833658814428 5.7946303486824062 6.7369184345006934 35.945186987519264 9.8357322514057213 52.592289879918098 9.2481221258640272 12.806987747550011 200.87097710371017 24.341716691851616 18.551244363188744 81.789360225200653 14.389310419559479 25.892081201076508 3.0859799012541762 188.03897133469582 6.4898301213979712 6.5649512186646444 3.1183772236108771 3.7201450169086456 3.6676306575536746 28.106881573796272 4.6128922179341298 4.7652856633067131 14.258367314934729 7.9085461050271988 3.1995508074760437 46.277856573462486 1071.6348361819983 6.7660214751958829 7.0534426420927048 88.470349922776222 646.0087768137455 6.5388550609350196 30.329723447561264 1164.7522040084004 41.01144340634346
leaf_count=317 888 82 43 916 82 47 183 40 22 45 23 33 161 43 229 41 55 875 106 84 352 58 196 24 1547 46 34 14 22 23 222 27 28 60 56 22 193 4598 29 27 505 3010 27 168 5028 185
internal_value=-0.00090845 -0.00359369 0.0171913 -0.0142945 -0.0184912 0.00355502 0.00775052 0.000501592 -0.0616383 -0.000248277 -0.00521259 0.00367811 0.00296928 -0.00640605 -0.029631 -0.0507803 0.00469527 0.00254745 0.0432496 0.00144913 0.000776401 0.0304498 0.0252627 0.0217806 0.0324493 0.00661267 0.00448964 0.000247877 -0.0944082 0.00737468 -0.0191417 -0.0775491 -0.164251 0.0356757 -0.0269188 -0.081171 -0.00436522 -0.00571074 -0.0483737 -0.00156221 0.0226136 -0.0159016 -0.0861896 0.00223195 0.00138651 -0.0128688
internal_weight=4357.63 3795.39 562.235 902.999 716.748 209.689 197.54 168.033 12.1493 2892.4 1278.19 1614.2 1594.25 1248.06 99.9485 61.8404 38.1081 1587.51 30.1363 1537.3 1518.75 27.1963 352.546 326.654 191.125 135.529 162.424 154.135 10.2851 143.85 52.2608 24.1539 8.43292 50.2036 15.721 7.81244 1148.11 1101.83 30.1941 13.8195 91.5887 663.639 16.3746 1436.96 1406.63 241.882
internal_count=20816 16827 3989 4325 3409 1288 1223 1040 65 12502 5474 7028 6946 5345 428 270 158 6913 129 6692 6608 113 2701 2505 1571 934 1000 953 56 897 378 156 51 221 105 49 4917 4724 126 56 519 3092 70 6256 6088 1060
is_linear=0
shrinkage=0.08


Tree=28
num_leaves=47
num_cat=0
split_feature=92 91 20 92 18 70 47 51 86 82 47 95 70 55 12 54 16 11 88 32 55 76 58 94 4 32 84 2 32 93 96 97 73 65 92 13 7 94 47 0 93 92 42 58 53 4
split_gain=31.3603 17.1854 13.5832 13.2264 11.7872 8.92872 10.6295 8.13609 7.86115 7.83824 7.83735 10.5034 10.0805 11.2757 12.4547 9.93254 8.64465 8.84497 8.72019 8.38285 8.10839 7.93788 11.9282 11.1194 7.87384 7.80628 7.73454 10.1108 7.67186 8.897 7.63224 7.51392 9.06943 7.16516 7.20657 9.28919 15.1002 8.72881 7.98637 7.05219 7.95399 7.04786 10.0324 13.5454 8.76307 7.79989
threshold=0.25244340832706608 4.2500000000000009 13.580000000000004 0.72861557838662472 1.3999999999999959 -3.0999999999999992 0.75128865979381454 3.5000000000000004 3.4200000000000013 -20.609999999999996 0.56933760683760692 -0.13601796905131192 0.99999999999999967 -1.0999999999999941 1.2999999999999974 1.5000000000000073 -8.199999999999994 -13.199999999999994 3.0400000000000014 -651.37263624136779 -18.599999999999998 -0.068699999999999942 8.2500000000000018 0.47407222345281957 -0.073028274519684674 -244.43340979076601 8.3300000000000001 0.18007810434066082 1392.6758285406265 216.75000000000003 0.57720766743529794 22.20672050567503 1.8500000000000005 -4.4999999999999982 -0.60607485796090788 -16.099999999999998 -17.499999999999996 -2.6831327702993466 0.60113636363636369 117.90826638616808 202.75000000000003 0.53268458413113551 145.85353967412723 2.2500000000000004 13.600000000000017 0.12473735776585047
decision_type=2 2 2 2 2 2 2 2 2 2 2 2 2 2 2 2 2 2 2 2 2 2 2 2 2 2 2 2 2 2 2 2 2 2 2 2 2 2 2 2 2 2 2 2 2 2
left_child=1 2 -1 4 8 6 -3 26 10 -5 11 15 13 -12 19 24 20 -18 -19 -15 -13 -20 23 -23 -2 -26 28 -28 41 -30 39 32 -11 -7 38 36 -36 -38 -35 40 -16 42 45 -44 -45 -6
right_child=3 5 -4 9 7 33 -8 -9 -10 31 12 16 -14 14 30 -17 17 18 21 -21 -22 22 -24 -25 25 -27 27 -29 29 -31 -32 -33 -34 34 35 -37 37 -39 -40 -41 -42 -43 43 44 -46 -47
leaf_value=-0.0032560830180094792 -0.073374479620328115 -0.097247589386178751 0.040608506579691464 -0.074827462159220245 -0.015844320026272143 -0.10494884582519404 0.010376961738101733 0.055679175426565183 0.063222488499147897 0.022577936594816727 0.072351721686442036 -0.043305133409659087 -0.023643751241513199 0.064166718564397721 0.020135682731415586 0.038601949851933708 -0.078854147231595409 0.017148114429093558 0.049506936007074009 -0.048741878680919969 0.076373375641831137 -0.12856022100239375 0.043769956838197441 -0.001066755981739101 -0.050259665269380999 0.04095741787029393 0.0017778898958051225 -0.12366938633425198 -0.0048086501206311329 -0.15404802026882419 -0.018351595607665 0.046396124149676615 -0.057862471981426786 -0.070175443696201781 -0.015228629356784219 -0.013804216017080507 -0.018601563725946832 0.10100058252782378 -0.019982822684570929 -0.042027227308437623 0.079128269591180272 0.010254227556210267 -0.0041435006976787364 -0.15595895054437767 -0.024414518846843824 0.0061449342913269369
leaf_weight=2131.0033662542701 23.649776205420494 17.583565935492519 45.640624403953552 4.1555811837315551 165.63950787484646 5.1691150814294806 8.3774419873952848 15.739193499088286 20.609662473201752 91.081726744771004 37.588002890348434 3.9202320054173496 21.138110429048538 4.7298949956893948 25.845107898116112 12.056295871734617 6.7987836375832549 186.56097254157066 6.1448057740926769 20.901082865893841 21.171859346330166 11.264685899019247 6.2127238363027564 7.1896814256906501 12.314333885908129 10.759594827890394 8.6895359605550748 7.0787364244461051 6.3500630185008031 3.9558982700109482 12.967920631170271 94.0186582878232 9.4202970936894399 27.440929815173149 28.464200228452682 480.9104266539216 4.7879157364368465 16.073213562369347 79.610155701637268 4.7418524622917166 36.044206291437149 295.43665433675051 20.373597346246243 8.3429316878318769 5.7088983282446852 271.72338746488094
leaf_count=9560 109 81 270 28 734 22 39 79 96 600 171 21 94 22 128 54 34 902 28 95 103 44 28 38 56 51 39 35 35 17 64 901 56 132 136 2104 28 67 430 21 151 1710 95 36 26 1246
internal_value=-0.000838166 -0.00577486 -0.00232353 0.00851675 0.00556887 -0.0169917 -0.0626757 -0.000363514 0.0153186 0.0277274 0.0131453 0.0055742 0.0272612 0.0349076 0.021178 -0.0246653 0.0127722 0.0076837 0.0106018 -0.0267707 0.0568822 -0.0284203 -0.0487485 -0.0806502 -0.0413957 -0.00741837 -0.00151986 -0.0561166 -0.000367009 -0.0673112 0.0367882 0.0301456 0.0147097 -0.0150859 -0.0142628 -0.0103988 0.0224475 0.0733829 -0.0331898 0.0476955 0.0549799 0.000565069 -0.00548983 -0.0467628 -0.105741 -0.00217322
internal_weight=4345.39 2845.06 2176.64 1500.32 1301.65 668.417 25.961 809.038 492.61 198.676 472 308.044 163.956 142.818 105.23 58.78 249.264 224.172 217.373 25.631 25.0921 30.8119 24.6671 18.4544 46.7237 23.0739 793.299 15.7683 777.531 10.306 79.5991 194.521 100.502 642.456 637.287 530.236 49.3253 20.8611 107.051 66.6312 61.8893 767.225 471.788 34.4254 14.0518 437.363
internal_count=20816 12869 9830 7947 6362 3039 120 4052 2310 1585 2214 1468 746 652 481 270 1198 1074 1040 117 124 138 110 82 216 107 3973 74 3899 52 364 1557 656 2919 2897 2335 231 95 562 300 279 3847 2137 157 62 1980
is_linear=0
shrinkage=0.08


Tree=29
num_leaves=47
num_cat=0
split_feature=95 96 41 72 39 5 10 11 91 11 10 48 46 68 10 95 32 42 88 5 72 2 38 73 10 52 96 77 88 46 3 38 96 61 51 2 32 94 55 94 45 10 16 70 39 14
split_gain=25.6695 14.4457 11.6743 7.55045 7.01506 9.1732 9.70854 9.31485 9.19793 8.96392 11.4826 8.09656 9.32672 8.92755 9.8478 8.77787 8.76775 8.3517 12.0279 8.44032 7.69945 7.50366 8.03981 7.45417 7.30349 9.63829 9.35108 8.2723 9.41746 9.32423 8.89723 7.77028 7.96274 13.2741 14.6273 11.4322 16.904 14.0905 10.3475 9.62105 9.48517 8.35067 11.8009 10.9535 8.40819 11.6899
threshold=0.54818106149764423 -1.0686957002783766 -233.35877143817365 -2.2999999999999994 -0.11774028711123073 2.3333333333333219 -3.3999999999999986 -3.7000000000000024 3.7500000000000004 3.5000000000000004 13.900000000000004 0.77315608919382517 0.6866570760654559 -0.20000000000000101 2.5000000000000009 -1.3712111958159765 -1.0000000180025095e-35 -44.302932516310868 0.9399999999999995 7.9999999999999938 2.9000000000000004 0.067486306263396009 0.4280135281704926 1.7500000000000002 -15.099999999999998 -6.4999999999999991 -0.037106763814916489 0.025249999999999953 -0.080000000000003582 0.35758377425044091 -0.17755843964639911 0.15822975765424721 0.29270966686453942 0.051799999999999957 -3.4999999999999996 0.19425997425997424 22.101684485265142 0.19912158185196183 -19.199999999999992 -0.32572762113133663 20.260148619697024 10.100000000000003 -1.5499999999999969 0.99999999999999967 -0.75831224406536479 0.099999999999999964
decision_type=2 2 2 2 2 2 2 2 2 2 2 2 2 2 2 2 2 2 2 2 2 2 2 2 2 2 2 2 2 2 2 2 2 2 2 2 2 2 2 2 2 2 2 2 2 2
left_child=1 3 -2 -1 24 -6 7 8 -7 10 11 12 15 -13 -15 -8 -16 18 -17 -19 23 -18 -23 -11 26 -26 27 28 -3 -30 -31 -27 35 34 40 38 37 39 -33 -37 -34 -40 -43 44 45 -44
right_child=2 4 -4 -5 5 6 9 -9 -10 20 -12 13 -14 14 16 17 21 19 -20 -21 -22 22 -24 -25 25 31 -28 -29 29 30 -32 32 33 -35 -36 36 -38 -39 41 -41 -42 42 43 -45 -46 -47
leaf_value=-0.050936880621917632 0.051145490008916418 0.059682904588150641 0.0089364753251066111 -0.014141848629770987 -0.011568822655379327 -0.033053721656398638 -0.091402356294133555 0.08060263787323893 0.071999647744344628 0.011506522988878713 0.051748727036769387 -0.11293710343820504 0.05440059089218293 0.058096885220174962 0.018023403225897947 -0.084095035630384993 -0.1641601943275921 0.018437948957261613 0.055865680781546266 -0.021357693919015125 -0.061348481698286321 -0.10948729048454917 0.034191172627885978 0.081638256692541378 0.035418727471158568 0.025896185259395087 -0.043843752875810403 -0.08602843790881419 0.026132125173839293 -0.061643867341959917 0.042289581789251685 -0.073152510158539241 0.073338145062404769 -0.07672415626007946 0.016539345354111473 -0.012711046543740993 -0.090149859790622899 -0.094865783508603613 -0.0026059632875780302 0.064211062867218033 -0.050455255588324581 0.026955621050728098 0.071583265080390826 0.023285986999803058 -0.086830888727150266 -0.066725899687695003
leaf_weight=39.007002457976341 43.644297979772091 16.792789414525032 894.30270857363939 406.34118933975697 812.47762209177017 14.525107905268671 8.5079340487718564 18.576106607913971 7.7573739290237418 166.09818451106548 16.516695782542229 10.058683335781096 13.094436824321745 6.4139288291335133 7.270808286964896 17.837865889072422 4.8477435857057563 64.552141845226288 4.5515603125095359 71.108701407909393 8.1853459030389768 4.5498440340161306 4.4476505070924759 9.8847771286964399 55.865540355443954 79.916152201592922 49.730774894356728 6.0177106261253348 26.586698569357395 23.004730373620987 6.3145203143358257 13.996158435940741 4.0024397224187842 10.613993860781191 376.83777429163456 12.694935768842695 6.685800999402999 4.2133234143257132 825.92384503781796 50.289901435375214 32.766838014125824 17.317702680826187 5.7868909239768973 11.017435058951376 32.265943691134453 9.8027544021606428
leaf_count=208 408 75 5284 2041 3492 60 39 75 33 718 82 44 58 29 36 79 21 280 20 300 38 23 24 45 242 346 191 27 127 102 26 59 20 57 1911 55 27 20 3422 199 177 66 23 44 125 38
internal_value=-0.000773841 -0.00401219 0.0109353 -0.0174361 -0.00198012 -0.00646286 0.00256478 0.0395438 0.00394568 -0.00107429 -0.0114807 -0.0164325 -0.00924596 -0.0499978 -0.0251117 -0.0144454 -0.0515153 -0.00997717 -0.054694 -0.00236462 0.0120861 -0.0879466 -0.0395607 0.0157112 0.00141129 0.00293668 -0.0168739 0.000233148 0.00802169 -0.00774575 -0.0386576 0.00170538 0.000324053 0.00949311 0.0118149 -0.0035997 0.0265463 0.0388551 -0.00605284 0.048603 -0.0359622 -0.00496299 -0.0302258 -0.047266 -0.0637469 -0.0142591
internal_weight=4333 3395.06 937.947 445.348 2949.71 1271.26 458.785 40.8586 22.2825 417.926 233.758 217.241 179.653 37.5887 27.53 166.558 21.116 158.05 22.3894 135.661 184.168 13.8452 8.99749 175.983 1678.44 1550 128.447 78.7164 72.6987 55.9059 29.3193 1494.13 1414.22 424.221 413.607 989.995 73.884 67.1982 916.111 62.9848 36.7693 902.115 76.1907 58.873 47.8556 15.5896
internal_count=20816 15124 5692 2249 12875 5496 2004 168 93 1836 1035 953 776 177 133 718 104 679 99 580 801 68 47 763 7379 6831 548 357 330 255 128 6589 6243 2165 2108 4078 301 274 3777 254 197 3718 296 230 186 61
is_linear=0
shrinkage=0.08


Tree=30
num_leaves=47
num_cat=0
split_feature=94 92 55 75 82 41 92 96 67 35 8 48 7 47 39 16 93 55 5 44 66 66 32 32 2 52 44 69 91 54 84 96 47 60 83 31 31 12 39 53 66 5 56 94 64 45
split_gain=28.8433 14.3881 8.84017 8.37634 8.68818 8.27623 8.20595 11.1532 9.3656 8.75056 8.64962 11.4773 9.69082 9.04272 8.78548 11.848 11.457 9.56812 8.70813 8.91365 9.77999 9.14741 12.7257 9.43968 9.36213 8.50217 8.77721 8.47413 9.11727 8.82574 11.9226 10.592 8.84788 10.2895 11.301 11.7692 8.63506 9.83711 8.78717 9.3397 8.25117 8.35218 8.06874 8.34557 10.1938 7.97415
threshold=1.169290719659043 -0.50909180510008423 -13.399999999999997 2.5000000000000009 -9.6400000000000059 -54.23035763242887 0.41875290654325797 1.1106100517007225 4.0999999999999988 -1.0000000180025095e-35 10.000000000000009 0.84698996655518399 29.500000000000004 0.48733974358974358 -0.6116569878327196 14.549999999999999 226.25000000000003 9.5000000000000018 4.000000000000008 -0.15999999999999992 -11.599999999999996 -6.4000000000000012 -411.34905291179513 768.15728066438407 -0.3461658955080007 3.5000000000000004 0.052745980870980806 4.5499999999999998 4.2500000000000009 3.6000000000000019 -0.42000000000000876 0.13387752883722601 0.42340286831812263 -0.027399999999999845 -2.2800000000000078 829.20101131030958 307.33712153112765 -0.49999999999999994 -1.0302781641417986 -6.999999999999992 -6.6999999999999984 -13.33333333333332 -6.1499999999999977 0.21094546726831043 -0.60000000000000042 40.765246262733292
decision_type=2 2 2 2 2 2 2 2 2 2 2 2 2 2 2 2 2 2 2 2 2 2 2 2 2 2 2 2 2 2 2 2 2 2 2 2 2 2 2 2 2 2 2 2 2 2
left_child=1 -1 -2 6 -5 -6 7 10 40 -10 18 12 14 -13 42 16 17 -16 19 21 -21 22 -3 24 -23 26 -11 28 29 32 -31 -32 33 -20 -35 -36 37 -30 39 -38 -8 -42 -12 44 -44 -18
right_child=2 3 -4 4 5 -7 8 -9 9 25 11 13 -14 -15 15 -17 45 -19 27 20 -22 23 -24 -25 -26 -27 -28 -29 36 30 31 -33 -34 34 35 -37 38 -39 -40 -41 41 -43 43 -45 -46 -47
leaf_value=-0.023712266659680591 -0.015208241684335566 -0.014185040091196838 0.017980314206415833 0.062598023316719459 0.077386461348457586 0.0043684488689840631 0.06613897772794268 0.030793729734239769 0.028040624745930592 -0.018914611072823259 -0.048705693838267658 -0.13642961759816838 0.084608118126277609 -0.02196172770392758 -0.014812728045749124 0.089845679442972767 -0.013459289348316061 -0.094120469813026658 -0.092888704928847335 -0.077103580389353416 -0.0076966074333111867 -0.0037706580603646196 0.13156215541452823 -0.060129664144125745 0.037970567756666518 0.016928532727709032 -0.14236653548397513 0.053341660657115507 -0.012835867592206238 0.06310270849617057 -0.024723401743429147 0.037812067867571492 0.027040626113541657 0.074815919463321875 -0.038041587829829658 0.048567883395338608 -0.052164916794215942 0.078324782922122874 -0.034566023273196474 0.082979109622120309 0.057258720974468227 0.0052403486737625229 -0.026387719864851358 -0.029642093237864559 0.087267062857724162 -0.12451703149197925
leaf_weight=204.45346172899008 55.557462431490421 6.4104701727628699 596.93126931041479 19.711589768528938 9.9388000816106779 218.27591481804848 15.849868312478064 55.316852100193501 9.341464042663576 6.5694234073162106 10.161175295710562 8.977787524461748 5.5135125368833533 9.0637351572513563 95.174001097679138 4.65334329009056 6.3883993327617672 10.464085847139357 7.370098114013671 12.622526213526724 1795.076269954443 99.412827342748642 8.4188355803489667 12.624727860093115 51.787401095032692 5.9008384495973578 9.0135831981897336 21.655230775475502 19.511219725012783 13.486013650894163 107.04110278189182 20.1191585958004 184.14813801646233 11.243750929832457 33.814116477966309 13.662902146577833 4.6629417836666098 11.656387403607367 92.594900220632553 8.4526097774505597 20.420479953289032 374.02661508321762 6.6120323985815039 9.8552375435829145 17.541297972202305 13.07256259024143
leaf_count=1068 376 27 4187 85 44 920 79 292 41 29 42 35 21 39 412 21 22 43 30 49 7777 455 35 57 231 27 37 88 78 55 459 99 782 48 147 63 20 48 387 36 99 1777 25 48 71 45
internal_value=-0.000361021 -0.00311047 0.0151327 -0.00189373 0.0122561 0.0077456 -0.00298414 -0.00458986 0.00714203 -0.0349817 -0.0053144 -0.0214299 -0.0151362 -0.0814975 -0.0185775 -0.0290579 -0.0338845 -0.0231504 -0.00405225 -0.00651927 -0.00820686 0.0104871 0.0696285 0.00488946 0.0105514 -0.0627631 -0.0930256 0.00485021 0.00279675 0.00903075 -0.00694722 -0.0146571 0.018039 -0.00693676 0.00440923 -0.012704 -0.0149156 0.0217031 -0.0258389 0.0341929 0.010365 0.00802267 0.012011 0.0308268 0.0559251 -0.0897115
internal_weight=4334.56 3682.07 652.489 3477.61 247.926 228.215 3229.69 2788.57 441.122 30.8253 2733.25 197.477 179.436 18.0415 173.922 129.752 125.099 105.638 2535.77 1986.35 1807.7 178.654 14.8293 163.825 151.2 21.4838 15.583 549.419 527.763 390.885 140.646 127.16 250.239 66.0909 58.7208 47.477 136.878 31.1676 105.71 13.1156 410.297 394.447 44.1697 34.0086 24.1533 19.461
internal_count=20856 16293 4563 15225 1049 964 14176 12087 2089 134 11795 824 750 74 729 543 522 455 10971 8631 7826 805 62 743 686 93 66 2340 2252 1683 613 558 1070 288 258 210 569 126 443 56 1955 1876 186 144 96 67
is_linear=0
shrinkage=0.08


Tree=31
num_leaves=47
num_cat=0
split_feature=97 92 88 79 38 97 69 44 55 38 57 57 58 49 74 97 90 10 49 55 48 58 66 82 70 44 93 2 14 9 0 27 49 11 3 16 12 12 71 20 96 83 0 55 48 48
split_gain=24.9022 12.0002 9.801 9.50063 8.68083 8.8327 8.41128 8.47344 8.8724 10.2206 8.70217 8.24624 9.66823 8.33433 8.20593 8.04566 7.99533 10.3664 8.34661 7.96257 10.2848 8.09623 7.11357 11.2135 7.10772 7.01907 10.4923 7.01019 9.87576 10.3167 10.1903 8.21897 7.88645 7.87847 8.20651 7.83784 7.59115 18.7765 10.2376 7.09083 6.91517 6.90192 12.2064 25.0834 11.2552 12.7822
threshold=10.891610575 -0.50909180510008423 6.9400000000000004 0.0082595822969830524 1.1654461825090825 25.931925835227492 -4.4500000000000002 0.061563201221591403 -13.399999999999997 0.47219636248668312 -6.8000000000000034 10.099999999999996 11.950000000000005 0.21132376395534289 2.3999999999999995 14.680000000000005 7.7500000000000009 -16.499999999999996 0.96875000000000011 -9.7999999999999883 0.77003205128205143 2.5499999999999976 -6.2999999999999998 10.220000000000008 -5.6999999999999984 0.069291125541125514 213.75000000000003 0.30669467787114851 0.35000000000000003 0.19999999999999998 219.73198261231894 1.0000000180025095e-35 0.22361111111111112 19.500000000000004 0.44975597503600045 0.30000000000000426 -7.0999999999999934 -3.9000000000000052 0.65000000000000047 17.100000000000005 0.37599375223015669 -2.2049999999999979 163.40495618650417 6.6000000000000023 0.29520697167755994 0.87627551020408168
decision_type=2 2 2 2 2 2 2 2 2 2 2 2 2 2 2 2 2 2 2 2 2 2 2 2 2 2 2 2 2 2 2 2 2 2 2 2 2 2 2 2 2 2 2 2 2 2
left_child=1 -1 3 4 5 6 -2 11 9 10 -9 19 13 -13 -5 -11 24 -18 22 21 -21 -8 -19 -24 -3 26 -10 33 29 -29 35 32 -32 34 39 -31 -30 -38 -39 -27 -22 44 -43 -44 -26 -46
right_child=2 16 -4 14 -6 -7 7 8 25 15 -12 12 -14 -15 -16 -17 17 18 -20 20 40 -23 23 -25 41 27 -28 28 36 30 31 -33 -34 -35 -36 -37 37 38 -40 -41 -42 42 43 -45 45 -47
leaf_value=-0.021906485760671807 -0.10217542875157275 0.081537999221347607 0.05775964658228986 0.045962892108083277 0.032785863901324486 0.027129924823518767 0.01504954041051185 -0.19937995506802569 -0.00022277380091029989 -0.095749314681454853 -0.031759433932593166 -0.15149960259935305 0.037745816002492986 -0.01486438558835106 -0.066454676227986967 0.02617414077833408 0.10343360680458882 0.069804541756042712 -0.091412527851630718 0.054749891975661165 -0.10155805592914367 -0.089979776601562297 0.01081683659716207 -0.099404526310281058 -0.032911102911928322 0.0085723040437132043 -0.15418944162750758 -0.0045015794050861212 0.049204707549084105 -0.10653336729109449 -0.071639951794200865 -0.021513462089575802 -0.2536030018058798 -0.079894531385967124 0.053646698609941854 0.027640346661400736 -0.12702584161181968 0.067035584378074539 -0.088888463851239233 -0.077621771679830351 0.013402089818676669 -0.0039738123910130398 -0.075619944960554061 0.090140821032512461 0.013466682424245589 -0.044121865598974734
leaf_weight=201.74045623838902 4.6542753726243964 5.8569289594888678 30.421862952411175 66.822279058396816 78.79822189360857 88.632770903408527 16.493738070130352 4.085475817322731 7.1996269822120649 4.5687201470136634 4.1217855662107485 4.6255186498165148 7.9489091187715522 7.0719894841313362 3.9415006861090651 10.35912775993347 7.2020546644926062 12.085993349552153 4.6763255298137656 61.704762570559978 3.9145431146025684 5.9697985947132102 219.43562758713961 5.562117561697959 42.814965799450874 140.30988077074289 4.2866726368665695 19.951546728610992 16.820299260318279 4.1404935866594332 3.3150791525840742 3.07658751308918 4.0809886232018471 5.6374703869223586 25.556411013007164 6.4478556215763092 6.7447426542639759 10.914299480617045 3.0262879729270926 5.8756846562027922 13.207899756729601 2675.7542963027954 34.065903410315514 6.550753876566886 396.35695272684097 25.7640730291605
leaf_count=1067 28 25 205 470 563 828 99 27 47 24 24 25 45 40 25 73 33 59 19 359 23 32 1038 24 179 884 22 141 133 27 25 23 30 38 194 43 47 84 19 38 83 11670 140 30 1694 110
internal_value=-0.000328169 -0.00296476 0.0136599 0.0115548 0.00816202 0.00427339 -0.00060264 0.000649521 -0.00673823 -0.0537393 -0.122775 0.0184172 -0.0283006 -0.0735451 0.0391667 -0.0125162 -0.0018473 0.0119394 0.00897294 0.0276517 0.0395966 -0.0138656 0.0111749 0.00784223 -0.00292845 -0.00254893 -0.0623854 0.000222124 -0.0195741 -0.0465016 -0.084891 -0.139256 -0.182757 0.00906042 0.0122503 -0.0265437 0.00988508 -0.0221168 0.0307271 0.00480056 -0.014562 -0.00309926 -0.00464256 -0.04792 0.00589551 0.00988481
internal_weight=4322.59 3637.87 684.727 654.305 583.541 504.743 416.11 411.456 290.519 23.1351 8.20726 120.937 19.6464 11.6975 70.7638 14.9278 3436.13 248.962 241.76 101.291 78.8272 22.4635 237.084 224.998 3187.16 267.384 11.4863 255.898 78.5182 41.0126 21.061 10.4727 7.39607 177.379 171.742 10.5883 37.5056 20.6853 13.9406 146.186 17.1224 3181.31 2716.37 40.6167 464.936 422.121
internal_count=20856 16088 4768 4563 4068 3505 2677 2649 1943 148 51 706 110 65 495 97 15021 1173 1140 596 465 131 1121 1062 13848 1795 69 1726 572 289 148 78 55 1154 1116 70 283 150 103 922 106 13823 11840 170 1983 1804
is_linear=0
shrinkage=0.08


Tree=32
num_leaves=47
num_cat=0
split_feature=92 83 82 10 44 38 31 75 48 92 18 92 68 0 28 96 59 88 85 82 71 49 83 82 25 71 42 30 5 55 57 55 49 31 38 54 2 94 72 55 67 85 38 87 30 79
split_gain=21.2719 11.7738 9.0052 9.0965 10.8117 9.47904 9.66753 9.19945 9.97106 8.79031 9.89906 8.77137 9.50136 8.62489 9.95429 9.38017 10.0142 9.01149 8.13645 7.77928 12.7224 7.76399 7.23968 11.5302 8.80853 11.5691 8.94886 12.8511 8.39555 7.81774 9.3397 7.69672 7.25981 13.3981 8.73019 10.8861 8.43459 9.05628 7.97495 7.05288 9.44678 7.56343 7.76156 7.45968 7.08303 7.59664
threshold=0.53033399094287426 -2.1449999999999956 3.2999999999999905 -5.6999999999999984 -0.038876360252004492 0.63611968914930517 601.80776097401269 4.0500000000000016 0.87627551020408168 0.85801079700149019 5.3600000000000048 -0.53219518762464413 -10.300000000000001 -27.382058361770074 1.0000000180025095e-35 -0.64252271982705522 9.8192977915803983 -1.2999999999999987 -7.9149999999999983 -6.0799999999999903 0.15000000000000038 0.5913729128014843 -9.2999999999999954 -2.2299999999999964 1.0000000180025095e-35 -0.34999999999999959 273.84379115474547 853.17196940628662 0.33333333333333576 -13.6 -3.0999999999999939 6.0999999999999952 0.16904761904761903 203.80375784929427 0.61493359613223186 -1.7999999999999898 0.4272727272727273 2.2837857325956157 2.5000000000000009 -10.999999999999991 5.8000000000000016 -3.4050000000000007 0.54864003718278143 -2.3249999999999997 445.61802755494347 -0.028777361938720245
decision_type=2 2 2 2 2 2 2 2 2 2 2 2 2 2 2 2 2 2 2 2 2 2 2 2 2 2 2 2 2 2 2 2 2 2 2 2 2 2 2 2 2 2 2 2 2 2
left_child=1 2 3 4 -1 -6 -7 8 13 22 -11 21 -13 14 -5 -15 39 -18 -14 20 -16 -3 -2 -24 26 28 32 31 -26 30 -27 -28 33 -25 -35 -36 37 38 -34 40 41 42 -17 44 45 -41
right_child=9 11 -4 7 5 6 -8 -9 -10 10 -12 12 18 15 19 16 17 -19 -20 -21 -22 -23 23 24 25 29 27 -29 -30 -31 -32 -33 36 34 35 -37 -38 -39 -40 43 -42 -43 -44 -45 -46 -47
leaf_value=0.012625181872468598 -0.019070309813595383 -0.039327144206235412 0.055900615311249152 0.0061642315610530175 -0.074875350968634 0.064930630587867716 -0.04107518771912428 0.065611316838193517 -0.039240110208259439 -0.051709931489378941 0.062867589636181956 -0.1008370826559182 0.041599983876509122 0.083428091373512994 0.084920209029928931 -0.081473965229455672 -0.091664592067013398 0.016969950742285158 -0.0036331078202776509 -0.09796338045616558 -0.061858760230472501 -0.0045113129380426756 0.038336889237800355 -0.14898519956316075 0.036937111038678805 0.035346685089426892 0.035103076253382229 -0.19118113095555087 -0.085436223374331072 0.040458694506871284 -0.11705073828231843 -0.11070565354690423 0.008978830122858425 0.018188539134491269 -0.12504159853819738 -0.0057305554031007065 -0.055693018585227821 0.051851952099464638 -0.095422695664256332 0.077557415880052341 -0.11208170347434832 0.035345354414790905 0.012595064405620797 0.031339481898521399 -0.076983971792327882 -0.04195951579151326
leaf_weight=42.306941375136375 46.343132644891739 84.19317527115345 23.729330696165562 84.593573458492756 26.035141110420227 7.8617879748344448 15.572933442890642 18.275446087121964 25.95307108014822 5.067472279071807 37.507797040045261 5.9044892191886893 25.148107379674911 13.268051609396933 5.2571496665477779 9.5700505226850527 9.7352748140692729 8.9019163399934751 2963.3596253544092 11.40793155133724 10.455892287194727 80.848266907036304 98.121537417173386 4.4215532243251792 5.2196674197912207 5.2327011451125145 6.443888917565344 3.200247883796691 9.2103611156344396 102.72209130227566 4.1741695478558523 2.9640148282051086 166.86788041144609 28.793491080403328 7.2151549607515362 13.945646435022352 11.403762757778166 32.607080936431885 4.3098437488079062 6.2523335590958604 4.4568353891372672 23.510788656771183 12.161067590117453 184.03235313296318 7.756076715886592 6.3270858451724061
leaf_count=180 297 444 107 353 110 36 69 81 122 41 394 26 114 53 22 49 44 45 13348 49 44 452 607 27 26 35 46 22 55 658 24 19 948 194 50 95 89 271 22 35 20 112 62 895 34 30
internal_value=-0.000304872 -0.00255661 0.00815298 0.00596469 -0.0168585 -0.0421072 -0.00456502 0.0107364 0.00827569 0.0137201 0.0486025 -0.00444962 -0.00345482 0.0114421 -0.0073326 0.0188043 0.0154839 -0.0402704 -0.0032429 -0.04907 -0.0111527 -0.0223855 0.0109796 0.013759 0.00779956 0.0252906 -4.80117e-05 -0.0646279 -0.0408806 0.034021 -0.0339646 -0.0132959 0.00305697 -0.0228867 -0.0102011 -0.0487284 0.00968762 0.0135128 0.00603339 0.0196762 -0.00716912 0.00410324 -0.0293723 0.0262452 -0.019119 0.0175262
internal_weight=4312.65 3716.87 557.421 533.692 91.7768 49.4699 23.4347 441.915 423.639 595.771 42.5753 3159.45 2994.41 397.686 111.715 285.972 272.704 18.6372 2988.51 27.121 15.713 165.041 553.196 506.853 408.732 126.559 282.173 12.6082 14.43 112.129 9.40687 9.4079 269.564 54.3758 49.9543 21.1608 215.189 203.785 171.178 254.067 49.6987 45.2419 21.7311 204.368 20.3355 12.5794
internal_count=20856 16936 2552 2445 395 215 105 2050 1969 3920 435 14384 13488 1847 468 1379 1326 89 13462 115 66 896 3485 3188 2581 798 1783 87 81 717 59 65 1696 366 339 145 1330 1241 970 1237 243 223 111 994 99 65
is_linear=0
shrinkage=0.08


Tree=33
num_leaves=47
num_cat=0
split_feature=97 92 78 97 75 93 95 11 54 7 92 73 45 38 7 17 9 72 3 92 57 54 48 53 12 14 14 3 16 44 93 22 48 90 57 66 66 85 49 30 94 38 54 48 3 48
split_gain=19.3176 8.90991 8.70778 9.5325 8.66856 7.46018 8.06637 8.39947 8.55801 7.11883 8.22941 15.4762 9.80247 7.05933 9.27232 7.01745 11.5606 6.8873 8.37568 8.31608 9.26124 10.8566 8.80151 8.59667 9.01259 8.86373 8.1103 8.24522 6.82369 6.6149 10.0172 11.2432 14.9387 9.82539 9.85024 9.18521 8.75106 9.03561 14.8207 8.65332 7.62484 9.99603 11.3414 7.60651 8.45146 6.82952
threshold=10.891610575 -0.50909180510008423 0.0005060762945301501 20.752533962000008 3.2999999999999998 212.75000000000003 0.45977221663281792 4.6000000000000023 -19.099999999999984 -1.666666666666665 0.78461779448621571 1.95 319.26088715213797 0.55628113135506962 20.500000000000004 -2.7499999999999996 0.19999999999999998 1.0000000180025095e-35 0.0099449472241717029 0.40666449228093077 -7.6000000000000005 -4.8000000000000034 0.63762626262626265 -3.600000000000001 3.9000000000000061 0.19999999999999998 0.35000000000000003 0.44975597503600045 -0.89999999999999847 -0.15999999999999992 191.25000000000003 1.5000000000000002 0.28388278388278393 1.7500000000000002 -2.8000000000000038 -5.099999999999997 -10.099999999999996 -1.5800000000000052 0.48683298683298687 216.46536153729627 -2.0153810375396035 1.4013118340668798 9.2000000000000117 0.23904761904761904 -0.4887516459150007 0.48749218261413385
decision_type=2 2 2 2 2 2 2 2 2 2 2 2 2 2 2 2 2 2 2 2 2 2 2 2 2 2 2 2 2 2 2 2 2 2 2 2 2 2 2 2 2 2 2 2 2 2
left_child=1 -1 4 28 5 -2 7 8 -7 -8 11 12 17 14 -12 16 -10 18 -11 -20 -21 22 -22 -23 25 -25 -27 -28 -4 30 45 33 -33 34 -32 -35 37 -31 -39 -36 41 -38 -43 44 -37 -3
right_child=2 29 3 -5 -6 6 9 -9 15 10 13 -13 -14 -15 -16 -17 -18 -19 19 20 21 23 -24 24 -26 26 27 -29 -30 36 31 32 -34 35 39 43 40 38 -40 -41 -42 42 -44 -45 -46 -47
leaf_value=-0.019098282945128022 0.013204127108890181 -0.034004390504776896 0.047180120132830468 0.063221009801293679 0.077641392627098044 0.026187536434265232 0.035038141129462325 0.028183777722335667 -0.036394299460425432 -0.13053841219541742 0.038059173735719647 -0.14227935613371842 -0.12237456846440196 0.062714460436199021 -0.13041457838744319 -0.0087382812016824109 -0.18632372466432087 0.055515066506541894 0.048854455710540291 0.053967616825518337 -0.16056983749684745 0.068436241896898439 -0.018134977178238178 0.0063800148075502227 0.036677656633021326 -0.13859574423597573 -0.10709421378622139 0.045953902302616874 -0.0007422698235457194 -0.075100064305019143 0.060122398447903937 -0.10157690617107004 0.019520788926057155 0.12372377968582896 0.015974464107141175 0.12277764750237623 -0.021486180948821518 0.09296145012991433 -0.084535502743175894 -0.084470408667620414 -0.0010918211023156555 0.10750828013858038 -0.041562453793150302 0.01993278235737117 0.033994861409802277 0.023759519567072101
leaf_weight=197.53003635257483 352.44037816673517 41.057703286409378 28.284228421747684 40.092648327350616 10.670137777924536 4.7609858959913316 30.90486241877079 7.5516544803977004 6.5492916554212623 3.1442894637584677 4.9508061036467579 5.5132210850715628 4.2033435180783263 16.579085953533649 2.8852551430463791 5.2909386605024293 7.1935695856809616 10.506832413375376 13.825276702642439 9.0991991981863887 6.1241969019174487 6.5958832502364961 5.2657198160886765 10.305209673941166 9.7276261150836927 8.6092536896467227 3.6692943871021253 4.382976233959198 55.055036172270775 20.489601865410808 9.0655233860015887 9.5765658169984835 17.914263784885406 8.2441472411155683 9.9515465199947375 11.367933347821237 194.9945615530014 6.1813730895519239 4.9670881032943726 11.102856159210203 2976.2112946137786 7.8632636219263059 4.9124999195337296 60.749937750399113 18.482241109013557 18.547728449106216
leaf_count=1067 2682 210 184 362 73 28 175 39 35 13 42 30 28 155 26 26 35 58 67 55 33 39 36 56 56 48 20 29 338 80 33 41 75 34 37 51 1001 28 21 42 12856 40 27 269 78 98
internal_value=-0.00028211 -0.00259449 0.0121466 0.0313326 0.00780767 0.00634265 -0.00650352 -0.0432059 -0.0663056 0.000920898 -0.00753036 -0.0176703 -0.00968635 0.0335969 -0.0271151 -0.0899288 -0.119221 -0.00377005 -0.0118767 -0.00616159 -0.018499 -0.0310827 -0.0989248 -0.0121246 -0.027546 -0.0512504 -0.0865086 -0.0250361 0.0156109 -0.00163955 0.0118879 0.0225226 -0.0234393 0.0324346 -0.00725142 0.0445839 -0.00255267 -0.0441026 0.0129585 -0.0373539 -0.00213043 -0.0169312 0.0501789 0.0366552 0.0695355 -0.0158485
internal_weight=4303.39 3629.21 674.181 123.432 550.749 540.079 187.639 31.3464 23.7948 156.292 125.387 100.972 95.4591 24.4151 7.83606 19.0338 13.7429 91.2558 80.7489 77.6046 63.7794 54.6802 11.3899 43.2902 36.6944 26.9667 16.6615 8.05227 83.3393 3431.68 216.06 156.455 27.4908 128.964 30.1199 98.8443 3215.62 31.6381 11.1485 21.0544 3183.98 207.77 12.7758 90.6001 29.8502 59.6054
internal_count=20856 16088 4768 884 3884 3811 1129 163 124 966 791 568 538 223 68 96 70 510 452 439 372 317 69 248 209 153 97 49 522 15021 968 660 116 544 112 432 14053 129 49 79 13924 1068 67 398 129 308
is_linear=0
shrinkage=0.08


Tree=34
num_leaves=47
num_cat=0
split_feature=92 83 38 56 0 18 49 96 82 8 76 92 18 96 59 95 18 64 48 61 39 2 13 43 31 88 57 56 54 58 4 93 12 20 73 42 80 76 31 10 64 54 42 65 38 50
split_gain=16.7225 9.60917 8.27068 8.06495 7.71056 11.0847 9.45788 8.32993 7.9463 9.44482 8.06864 7.5592 8.98692 7.43444 9.44433 9.76823 7.26629 7.23512 6.98114 9.83214 9.84084 8.11969 8.40393 10.043 8.55968 8.35023 8.03185 9.31975 10.3524 9.17722 7.88818 8.90698 8.75549 7.20545 7.40073 11.016 8.34633 11.6696 11.7648 11.1069 10.247 10.4536 9.0348 8.79869 8.14845 7.58527
threshold=0.53033399094287426 -2.1449999999999956 0.067549413914371706 5.9500000000000037 -22.484603657619001 10.320000000000007 0.26393188854489169 -0.85299012214842407 3.2999999999999905 -5.8000000000000034 0.031599999999999955 0.85801079700149019 5.3600000000000048 -0.64252271982705522 10.285218253968255 0.45977221663281792 -10.559999999999992 -0.40000000000000113 0.71583850931677029 0.0015000000000000501 0.97304363393402415 0.10645188145188141 14.549999999999999 4.6164354770912164 1201.8839995720009 6.0600000000000049 -20.599999999999998 0.30000000000000426 -7.499999999999992 -9.2499999999999982 -0.2491743588025104 187.75000000000003 -7.0999999999999934 18.420000000000005 2.0500000000000012 -169.18121559527353 -4.0699999999999994 0.010699999999999951 344.79922218305967 -5.0999999999999979 -2.4000000000000008 13.300000000000006 -733.43344609159544 -0.29999999999999977 0.49367213794291936 1.5000000000000002
decision_type=2 2 2 2 2 2 2 2 2 2 2 2 2 2 2 2 2 2 2 2 2 2 2 2 2 2 2 2 2 2 2 2 2 2 2 2 2 2 2 2 2 2 2 2 2 2
left_child=1 2 3 -1 5 6 17 16 9 10 -6 -2 -13 -11 -15 -16 -8 -4 33 20 21 26 23 24 25 -23 -20 -28 -29 -30 -21 -32 -33 34 36 -36 37 38 44 43 -40 45 -38 -39 -3 -42
right_child=11 18 4 -5 8 -7 7 -9 -10 13 -12 12 -14 14 15 -17 -18 -19 19 30 -22 22 -24 -25 -26 -27 27 28 29 -31 31 32 -34 -35 35 -37 42 39 40 -41 41 -43 -44 -45 -46 -47
leaf_value=-0.048817523274842671 0.0097746397998238997 -0.058260743091066235 0.012817212913928842 0.042487895481715804 -0.0065301333311192245 -0.10204297531101136 0.039394478792175822 0.01473914145475389 0.075769838272113241 0.076526455503175897 -0.1092799194590819 -0.048615295174897259 0.060175230070614705 0.019915114930781828 0.020231455138522817 -0.094210966495387571 -0.071741752858074298 -0.082238273701300518 -0.04646843917221604 0.069979453020797083 -0.055902344220188749 0.0012566075834369334 0.075335384098553865 -0.085773195011970033 -0.04182364761028292 0.096384695981078738 0.038840871234336091 -0.061588739639763683 0.07075362222613156 0.0091282550566912507 0.011900052068522935 0.039667028451398245 -0.048589016830721955 -0.091314024953910944 0.12465437597225668 0.010392715086004787 0.041107421016964719 0.02201754986017046 -0.047424219177649336 -0.11083912336319944 0.0064860616909687202 -0.051984458465289762 -0.0050575179951534589 -0.052490974933197619 0.0074554216333810354 0.068279915049428097
leaf_weight=28.379091359674931 546.96777044981718 45.898959755897522 7.6047901511192348 7.373448319733142 24.424698114395145 6.4964493662118903 4.6890653669834164 133.45097654312849 13.77013426274061 13.274523496627806 5.7049696445465079 5.1631075739860526 35.075900249183178 263.49355971068144 8.8458103388547915 9.2973235026001912 13.447976134717463 13.760673537850378 11.717518389225004 5.6014554947614661 14.441788859665392 123.33114911615849 7.6295031234621993 9.4787894412875158 29.028918772935867 5.7147807851433745 107.06850883364677 11.692075639963148 16.422129943966866 191.54787323623896 31.151613853871822 7.6137459874153128 64.31907331943512 5.8119827881455413 5.584126502275466 51.529294304549694 26.957045957446098 14.053989246487616 26.56122101098299 14.146639093756674 146.36147693544626 17.705223277211189 2099.5040033906698 32.911713376641273 15.904358915984629 13.500324636697767
leaf_count=125 3485 197 34 31 109 28 23 553 66 54 24 41 394 1296 38 48 63 60 54 25 68 643 55 54 152 28 488 50 69 862 179 34 276 29 24 232 133 66 116 67 658 79 9461 154 72 59
internal_value=-0.00025586 -0.00224497 0.00746245 -0.0294401 0.0100495 -0.00331615 0.000629554 0.00774611 0.0171466 0.014526 -0.027713 0.0122795 0.0455945 0.018908 0.0160331 -0.0389385 -0.0422938 -0.0485191 -0.003954 0.00351919 0.00804175 0.00990784 -0.00402921 -0.00790404 -0.00292852 0.00588685 0.0171407 0.0195138 0.00999023 0.0141908 -0.0183175 -0.0235073 -0.0389278 -0.00584853 -0.00562935 0.0226881 -0.00629628 -0.0181929 -0.0108628 -0.0496133 -0.00153084 0.00540305 -0.004459 -0.0300295 -0.0412969 0.0119511
internal_weight=4294.41 3707.2 554.013 35.7525 518.261 179.45 172.953 151.588 338.811 325.041 30.1297 587.207 40.239 294.911 281.637 18.1431 18.137 21.3655 3153.19 636.759 528.073 513.631 175.183 167.554 158.075 129.046 338.448 326.731 219.662 207.97 108.686 103.084 71.9328 2516.43 2510.62 57.1134 2453.5 327.044 265.932 61.1123 204.128 177.567 2126.46 46.9657 61.8033 159.862
internal_count=20856 16936 2552 156 2396 761 733 639 1635 1569 133 3920 435 1436 1382 86 86 94 14384 3037 2523 2455 932 877 823 671 1523 1469 981 931 514 489 310 11347 11318 256 11062 1468 1181 287 912 796 9594 220 269 717
is_linear=0
shrinkage=0.08


Tree=35
num_leaves=47
num_cat=0
split_feature=94 93 80 13 57 5 11 96 73 0 58 46 8 96 59 16 93 56 79 11 11 70 44 8 97 46 97 39 4 81 16 38 3 4 46 96 18 4 56 69 42 37 71 5 5 19
split_gain=14.8107 9.7324 15.236 9.93561 9.12162 9.21384 9.83567 11.9253 9.14822 13.8746 14.2328 11.4082 12.9761 13.8288 9.93629 9.14452 9.54867 8.26772 9.24042 12.386 12.1885 9.62513 8.4286 8.1638 8.10028 10.7112 8.61735 7.90042 10.2936 10.2293 9.79474 7.6868 7.68428 13.0297 10.0172 9.07024 9.24492 8.78072 12.9386 8.27374 8.03409 7.72201 7.37598 7.30825 12.0744 7.26936
threshold=0.36114081660758374 207.25000000000003 -10.000000000000005 17.650000000000002 -7.9000000000000048 -4.6666666666666776 0.60000000000000153 0.068903222329544808 -0.099999999999999797 51.961528480526688 -6.3999999999999977 0.56550343249427926 5.7999999999999909 0.87772669390912172 -2.9673963895245232 0.80000000000000437 233.75000000000003 10.4 -0.0085442027521947985 0.80000000000000437 -5.6000000000000005 1.0000000180025095e-35 -0.059829059829059741 -13.999999999999991 -32.225000000000001 0.12579113924050633 -1.4249999999999952 -0.41605440816723549 0.44453165510732084 -4.9499999999999877 5.6499999999999995 1.0911053249804958 0.29695310092639243 0.19158827393106923 0.72354423292273251 0.41998397857933428 -5.0799999999999992 0.15479075799765124 1.7500000000000002 0.3499999999999997 -446.58756533597449 1.5437452224597548 -1.0000000000000002 -6.3333333333333206 -7.6666666666666776 -0.57999999999999985
decision_type=2 2 2 2 2 2 2 2 2 2 2 2 2 2 2 2 2 2 2 2 2 2 2 2 2 2 2 2 2 2 2 2 2 2 2 2 2 2 2 2 2 2 2 2 2 2
left_child=17 3 42 27 -4 -6 7 -7 -9 -10 -11 12 13 14 -12 -8 31 23 22 20 -20 -21 -19 24 -1 45 43 28 -2 -29 -30 -17 34 37 35 -31 -37 39 -39 -34 -35 -38 -3 44 -27 -26
right_child=1 2 4 -5 5 6 15 8 9 10 11 -13 -14 -15 -16 16 -18 18 19 21 -22 -23 -24 -25 25 26 -28 29 30 32 -32 -33 33 40 -36 36 41 38 -40 -41 -42 -43 -44 -45 -46 -47
leaf_value=-0.053199745701980161 0.025850734893689775 -0.15191623233573875 0.022493558559000652 0.075044145033726389 0.020976229395140784 -0.10733264017570018 0.032601189039930027 0.03988156269871225 0.031941121406246421 -0.15039278749845383 0.035161005912481794 0.014614444145440242 0.0093664131826735348 -0.23381512590543327 -0.13037615530726646 -0.010630739095061825 -0.087075205854426324 0.083441715942486394 -0.047367604802247387 0.0019842681176603658 0.060998870821859369 -0.048759372949438946 0.015338763926594503 -0.0025287842113773462 0.098443997719637744 -0.0082454552929203014 -0.040057996352352063 0.055266401911628266 -0.13167822768581944 0.033397951493844245 0.015384384137883357 0.030633806814876343 -0.045551810005312901 -0.10130833403140348 -0.029898645719269621 -0.056669133093460909 0.013917141718958248 -0.018668109825061261 -0.19169512364096022 0.041030129883623243 0.010764510269860306 -0.098920673582242935 -0.03860820588794675 -0.071605396747794856 0.098345000261447102 0.00040750928013245864
leaf_weight=32.548606961965561 262.73436972871423 4.4943353831768063 111.86302696913481 15.976835601031778 82.110668040812016 11.311260715126989 42.515372931957245 12.81221768260002 15.072874978184698 7.8665449693798939 3.8890173137187896 16.816279157996178 7.4089414402842513 4.15687172114849 4.5245185792446287 184.98891986906528 8.7941614687442762 18.548881024122238 7.6668058037757865 143.8947631046176 35.55675745010376 28.128505416214466 31.588719740509987 2358.550997838378 8.5241473466157931 232.27631609141827 69.004056990146637 24.132493048906326 4.7918707728385908 105.82455462962389 6.0211426541209221 33.673910677433014 31.488087855279446 3.7907689064741126 33.995059356093407 14.843886770308016 103.6730263158679 5.7517294734716398 5.2804362997412682 8.5495005026459676 85.982149060815573 3.5225674360990515 17.632984913885593 10.607922494411467 6.4998334795236579 10.807463541626928
leaf_count=212 1724 19 602 168 395 49 218 66 64 39 19 99 39 21 22 1062 43 83 35 644 154 127 133 10091 40 1101 256 148 41 581 54 222 215 34 203 83 628 41 33 57 724 20 84 51 31 49
internal_value=0.000127735 0.00730751 -0.000481345 0.0135115 0.0021598 -0.00305932 -0.00868137 -0.0325294 -0.020102 -0.0333246 -0.0556378 -0.033421 -0.0736119 -0.121618 -0.0552817 -0.0011977 -0.00760801 -0.00295468 0.010504 0.00322225 0.0412725 -0.00638401 0.0412672 -0.00426819 -0.015308 -0.0115592 -0.0151104 0.0120438 0.0226541 0.00520672 -0.0520198 -0.00418414 0.00212217 -0.0128932 0.0102379 0.0163133 0.00135753 -0.0449605 -0.1069 -0.026588 0.00540857 0.00969284 -0.0648244 -0.0081091 -0.00511103 0.0454316
internal_weight=4280.49 1286.29 569.932 716.358 547.805 435.942 353.831 83.8585 72.5473 59.735 44.6622 36.7956 19.9793 12.5704 8.41354 269.972 227.457 2994.2 265.384 215.247 43.2236 172.023 50.1376 2728.82 370.268 337.72 318.388 700.382 273.547 426.834 10.813 218.663 402.702 140.843 261.859 227.864 122.039 51.0698 11.0322 40.0376 89.7729 107.196 22.1273 249.384 238.776 19.3316
internal_count=20824 7817 3063 4754 2960 2358 1963 418 369 303 239 200 101 62 41 1545 1327 13007 1176 960 189 771 216 11831 1740 1528 1439 4586 1819 2767 95 1284 2619 1104 1515 1312 731 346 74 272 758 648 103 1183 1132 89
is_linear=0
shrinkage=0.08


Tree=36
num_leaves=47
num_cat=0
split_feature=97 88 32 71 47 56 23 42 68 44 67 41 93 90 82 5 44 32 61 38 11 57 52 10 73 13 81 96 81 10 42 94 0 10 55 84 84 88 6 57 64 68 49 47 97 42
split_gain=12.7196 8.85846 13.0126 9.06471 8.09319 8.90524 8.09219 10.8123 8.83278 8.65714 8.8363 10.3425 8.69944 11.7644 8.87049 9.09952 11.6653 8.18356 7.43071 7.40556 7.37796 8.55755 10.4732 7.46317 13.5218 10.422 10.0025 9.1933 8.44082 9.34974 9.16651 8.73242 8.24667 10.5702 11.4199 8.15893 8.35699 8.1451 8.24852 8.15069 8.01751 7.97681 7.59889 7.3628 9.27075 8.53827
threshold=4.8196145245000013 7.8800000000000017 246.20962388134589 -2.7499999999999996 0.80735492577597856 2.7500000000000004 1.0000000180025095e-35 175.38382906772304 3.5000000000000004 0.24368534482758622 -1.9000000000000019 -212.09733944354409 216.25000000000003 10.250000000000002 -8.7400000000000002 2.9999999999999933 0.10528309409888356 -126.34191825121231 0.014099999999999951 0.68070422089176752 15.800000000000006 8.5000000000000018 3.5000000000000004 8.7000000000000028 0.69999999999999962 4.7500000000000009 -3.705000000000005 1.0523234262723462 0.074999999999988562 12.100000000000003 -140.01187280678332 1.9274398504426444 26.825420066942346 13.100000000000003 -3.8000000000000038 1.6499999999999988 -2.9999999999999925 -8.6799999999999962 -0.49999999999999994 7.8000000000000052 4.5000000000000009 4.200000000000002 0.22653958944281524 0.34400614754098363 17.619836318000004 -254.39301776190925
decision_type=2 2 2 2 2 2 2 2 2 2 2 2 2 2 2 2 2 2 2 2 2 2 2 2 2 2 2 2 2 2 2 2 2 2 2 2 2 2 2 2 2 2 2 2 2 2
left_child=-1 3 -3 18 6 -6 20 8 -8 10 -9 -12 14 17 -13 16 -16 -14 19 -2 23 22 -22 26 28 -26 40 35 29 30 31 -25 -31 34 -34 36 -27 41 -39 43 -5 -28 -35 -40 45 -45
right_child=1 2 -4 4 5 -7 7 9 -10 -11 11 12 13 -15 15 -17 -18 -19 -20 -21 21 -23 -24 24 25 27 37 -29 -30 32 -32 -33 33 42 -36 -37 -38 38 39 -41 -42 -43 -44 44 -46 -47
leaf_value=-0.0025603930812636354 -0.15724471554506955 0.062162159471124294 -0.057110981346574934 0.046181671267739789 0 -0.12047811003314593 0.035830039951128351 0.06472299276056688 -0.024993268143370734 0.041418283627068127 0.027553285575919913 -0.11799938245638629 -0.15022906592912147 0.012544984187636403 0.014649646100976322 0.020740983820074464 -0.10657072678536991 -0.013383293146850481 0 -0.011719418092346331 -0.1729243850226625 -0.0059354754926356224 -0.023248292688526052 -0.085157178085507296 0.068135799572600741 -0.0076473336534226477 -0.10607628883883864 0.0069667070583356375 0.061515992789849656 -0.096402477078171442 0.056902416810812824 0.062019031740379434 -0.16163382907418336 -0.016611124927883445 -0.0017292493455303749 -0.0085307201249506127 -0.15420961711647341 0.037944874846644376 -0.031594140024044072 0.019477658428317515 -0.060366862626905812 0.02512776539555198 0.036945571679099946 -0.10963293775612674 0.031688720598219221 -0.0077508181284708846
leaf_weight=3104.2478062659502 5.143073037266733 35.588267643004656 6.5110610499978057 41.361989587545395 9.8098029568791372 6.1284063011407843 173.75553484261036 9.2057411149144155 16.241877555847168 27.353350654244423 26.751568298786879 4.2486103847622863 10.159085132181644 6.7452968508005133 9.6670389622449893 34.508720360696316 9.7485146597027761 4.1147028356790551 9.9070953875780088 4.0617562383413315 4.5725109949707976 33.911564037203789 8.1238745301961881 5.9145585596561414 6.0648303702473632 3.6203403845429429 8.9115588366985303 14.288428623229263 35.044794641435146 4.6590090170502654 48.618477176874876 3.8065233007073402 4.0383682921528807 24.936303324997425 8.0316237807273847 7.6590845286846152 8.9035879522562027 29.864902786910534 80.125357620418072 69.456991970539093 4.5722577795386306 3.9626551344990721 49.966177962720394 4.9253020584583274 39.216146618127823 204.93517455458641
leaf_count=13536 26 224 40 231 56 30 996 64 91 270 247 31 47 48 58 236 70 21 58 26 32 227 61 30 32 24 47 126 256 26 308 33 24 206 49 42 52 167 502 399 23 22 337 25 292 1076
internal_value=0.000116284 0.00722816 0.0430738 0.00586359 0.00682137 -0.0488442 0.00766314 0.0180667 0.0305366 0.00133602 -0.00825412 -0.0149447 -0.029484 -0.0730594 -0.0131145 -0.00369565 -0.0469607 -0.11311 -0.0480099 -0.0977662 0.00308914 -0.0275516 -0.0822688 0.00512153 0.0171367 -0.0243909 -0.00043493 -0.04164 0.0263196 0.0178648 0.042757 -0.0265294 0.00178362 0.00765577 -0.0601677 -0.0757741 -0.114377 -0.00416212 -0.00222138 -0.00529418 0.0348678 -0.0656642 0.0190176 -0.0105666 -0.00372041 -0.0104349
internal_weight=4273.39 1169.14 42.0993 1127.04 1107.93 15.9382 1091.99 332.5 189.997 142.503 115.149 105.944 79.192 21.0191 58.1729 53.9243 19.4156 14.2738 19.1119 9.20483 759.492 46.6079 12.6964 712.884 225.552 40.5363 487.332 34.4714 185.016 149.971 58.3396 9.72108 91.6315 86.9725 12.07 20.183 12.5239 441.398 428.524 398.659 45.9342 12.8742 74.9025 329.202 249.077 209.86
internal_count=20824 7288 264 7024 6914 86 6828 2179 1087 1092 822 758 511 116 395 364 128 68 110 52 4649 320 93 4329 1545 276 2784 244 1269 1013 371 63 642 616 73 118 76 2530 2461 2294 254 69 543 1895 1393 1101
is_linear=0
shrinkage=0.08


Tree=37
num_leaves=47
num_cat=0
split_feature=92 91 50 0 92 59 51 89 77 92 77 78 97 62 93 56 31 91 60 82 16 91 31 16 74 9 69 0 4 48 0 95 88 65 94 31 90 43 13 51 39 5 74 37 85 78
split_gain=13.1947 11.698 9.53856 9.05805 10.9747 9.15868 9.16594 8.65816 11.0201 12.2717 9.65941 11.6805 10.6416 8.98591 8.60773 11.6442 8.43758 19.649 14.6383 12.0121 11.6908 8.44724 8.39867 10.4658 8.36615 11.4177 10.9658 10.4846 9.63356 8.96334 8.32498 9.4954 8.30951 8.95051 8.17063 8.99404 8.8162 9.01256 8.97616 8.33659 8.11955 8.11324 8.24644 8.0873 8.06948 8.03689
threshold=0.24461881320333176 4.2500000000000009 1.5000000000000002 -172.56005551475934 -0.53219518762464413 -15.517879948914425 2.5000000000000004 -2.1499999999999999 0.025249999999999953 0.85040542897000704 0.021049999999999954 -0.015312734251560498 24.923037819500003 0.087099999999999858 235.25000000000003 -1.2499999999999998 358.57217990217652 4.7500000000000009 -0.042999999999999941 7.2199999999999926 -4.950000000000002 5.7500000000000009 313.32927862137609 1.7500000000000002 1.4999999999999993 0.19999999999999998 -2.3999999999999999 300.63545746646713 0.45698121382396867 0.72638146167557938 -61.890303329266082 -0.93189616325277524 1.0000000180025095e-35 0.39999999999999952 -1.4975998722983821 531.41674016906961 7.2500000000000009 -3.800006004924037 -11.099999999999985 1.0000000180025095e-35 -0.0084719478451206979 20.333333333333339 -3.2999999999999994 0.29687266439224397 1.2800000000000085 0.0027332347722812005
decision_type=2 2 2 2 2 2 2 2 2 2 2 2 2 2 2 2 2 2 2 2 2 2 2 2 2 2 2 2 2 2 2 2 2 2 2 2 2 2 2 2 2 2 2 2 2 2
left_child=1 41 30 4 5 6 -3 10 9 14 11 -4 13 40 24 -16 17 -6 -19 20 -20 -22 23 -10 27 29 -27 -9 -29 -26 -2 43 33 -5 36 -36 -18 -38 -39 -37 -12 45 -43 -32 -31 -1
right_child=2 3 7 32 16 -7 -8 8 22 -11 12 -13 -14 -15 15 -17 34 18 19 -21 21 -23 -24 -25 25 26 -28 28 -30 44 31 -33 -34 -35 35 39 37 38 -40 -41 -42 42 -44 -45 -46 -47
leaf_value=0.0016917455014973154 0.039582118757365142 -0.012301790475996648 -0.065751436372473174 -0.022388344609833372 -0.075624141431766698 -0.028528339124136663 0.12335286116665882 0.0047569201793197045 -0.12331130096988649 0.073594891457272368 -0.064022093727172019 0.028488212105534965 0.061661028908531944 0.022937774633507435 -0.13492576070766371 0.00092058090669642871 -0.024181942462296071 -0.043887654990657284 0.093383444626086137 0.153773633123161 0.067912523287764745 -0.036762731805281938 0.050198013336942876 0.031067094042640093 -0.14268970375715184 -0.10458790988218444 0.027417639890700191 -0.016333551450152924 -0.14784987804760882 0.05848396462429746 0.013480077525131902 0.010224787591198388 -0.050061963668767681 0.030984726482108364 -0.033521053526261654 -0.017030845879736991 0.12330893557045855 -0.050512032264119926 0.057868407682725387 0.060342038304129889 -0.17246422692044416 -0.075748411841830343 0.0424465827957533 -0.088551935339231516 -0.097295939224679606 -0.010028514357931631
leaf_weight=1623.2150496244431 60.54474213719368 7.6417857110500318 11.506490081548689 167.82106303423643 9.0284810215234739 133.65834101289511 4.7679004967212677 289.03913675248623 3.9450420737266523 12.347559671849011 22.113894075155258 27.653586287051439 3.8905630037188521 5.1115351356565943 7.1186409294605246 8.3326457440853101 106.8479522690177 8.6583923101425153 17.343510597944253 8.0350226163864118 7.5511506050825217 12.212749615311621 44.692716684192419 7.1187381818890572 8.5172729864716548 4.6405801028013256 18.080653980374336 11.153959199786188 4.9678766354918471 3.6671521812677375 8.2461104393005389 879.86175213754177 61.006978951394558 22.278976038098335 13.817901968955992 11.822822853922842 4.6531364470720318 9.3120918199420011 9.2347740530967677 32.012174099683762 5.707340374588969 3.6345818266272536 43.34393086284399 11.176105096936224 3.8295644223690033 485.99359417706728
leaf_count=7414 260 43 61 696 42 770 26 1549 22 143 111 154 42 29 27 32 538 42 79 37 34 59 259 44 40 22 105 90 43 22 37 4759 250 91 54 45 23 49 45 120 26 19 235 50 18 2168
internal_value=0.000107753 -0.00310391 0.00626633 -0.0125277 -0.00496284 -0.0223627 0.041957 -0.00263787 0.00177817 -0.00319236 -0.0274346 0.00011602 -0.0565569 -0.0714753 -0.00595167 -0.0634319 0.0051744 0.0304384 0.0489169 0.067178 0.0464192 0.00352442 0.0347898 -0.0262399 -0.00325751 -0.0380376 -0.000870102 0.00118608 -0.0605694 -0.0886648 0.0109439 0.00898601 -0.0244102 -0.0160264 -0.00329815 0.0215988 -0.0144372 0.0296681 0.00313475 0.0393365 -0.0892028 -0.000267103 0.0324323 -0.0455794 -0.0212009 -0.00100672
internal_weight=4267.16 2803.89 1463.26 647.705 396.598 146.068 12.4097 503.435 427.452 371.695 75.9834 39.1601 36.8233 32.9328 359.347 15.4513 250.53 62.8293 53.8008 45.1424 37.1074 19.7639 55.7565 11.0638 343.896 38.7352 22.7212 305.161 16.1218 16.014 959.829 899.284 251.107 190.1 187.701 57.6529 130.048 23.2 18.5469 43.835 27.8212 2156.19 46.9785 19.4222 7.49672 2109.21
internal_count=20824 12879 7945 3043 2006 839 69 2839 2416 2091 423 215 208 166 1948 59 1167 293 251 209 172 93 325 66 1889 207 127 1682 133 80 5106 4846 1037 787 874 219 655 117 94 165 137 9836 254 87 40 9582
is_linear=0
shrinkage=0.08


Tree=38
num_leaves=47
num_cat=0
split_feature=92 41 43 92 73 70 75 76 77 52 89 83 76 44 59 94 39 93 95 47 59 5 95 72 95 53 81 69 75 45 45 92 92 8 80 17 32 93 56 47 53 49 38 13 8 5
split_gain=11.2278 7.97387 7.2713 8.53914 8.41228 8.37632 8.33251 10.4173 8.98915 8.11011 7.99996 7.41988 12.4162 10.3537 7.49292 12.1769 8.68943 8.24027 8.05366 9.97245 7.86928 7.4057 7.23722 6.85313 6.75463 6.71562 6.60061 6.56177 7.27492 6.61151 10.1311 8.78557 11.3214 13.3523 10.963 8.21206 10.2892 7.95543 9.6016 8.84359 8.40272 7.75713 7.56829 6.51508 9.67646 8.98179
threshold=-0.023580457776235797 -212.09733944354409 -0.071233411397345778 -0.42588522588522582 2.350000000000001 0.50000000000000011 -1.2999999999999992 -0.11069999999999998 -0.040099999999999941 -8.4999999999999982 -3.5999999999999992 11.635 0.010699999999999951 -0.12666964020220031 6.2791517145135467 -3.0503286014769477 0.0061320378548814511 225.25000000000003 -0.14424804683480452 0.68449656750572097 -15.517879948914425 9.6666666666666803 -1.7755860577012903 -2.9999999999999991 -1.1030226311391258 14.100000000000003 -8.2699999999999871 2.4000000000000008 -0.99999999999999944 8.2239179564846854 81.610766781265298 -0.53219518762464413 -0.4782285256858253 -6.5999999999999863 -1.9399999999999975 3.8000000000000047 -335.94935344054886 223.75000000000003 -0.10000000000000138 0.62778327560613567 15.400000000000015 0.49509803921568629 0.8675494139143719 -9.8999999999999968 -15.199999999999994 -6.6666666666666634
decision_type=2 2 2 2 2 2 2 2 2 2 2 2 2 2 2 2 2 2 2 2 2 2 2 2 2 2 2 2 2 2 2 2 2 2 2 2 2 2 2 2 2 2 2 2 2 2
left_child=2 -2 3 9 5 27 8 -8 -5 -1 -9 12 14 -13 16 -16 20 -18 19 25 -11 23 -3 -12 -22 -17 -26 29 -29 -4 37 -32 33 -33 35 36 41 38 39 42 -40 -34 -31 44 -36 -45
right_child=1 22 4 6 -6 -7 7 10 -10 11 21 13 -14 -15 15 18 17 -19 -20 -21 24 -23 -24 -25 26 -27 -28 28 -30 30 31 32 34 -35 43 -37 -38 -39 40 -41 -42 -43 -44 45 -46 -47
leaf_value=-0.044702659817419541 0.030003820089039221 -0.039648219199468364 0.054172930185145733 0.085052377269650245 0.058297908200805076 -0.041313192432122933 -0.062030989073883713 -0.075268235772545447 0.014271205049043974 0.046707976098372961 -0.043724193146235477 -0.018364750028536644 -0.068928254116260745 0.11710108608115885 -0.067425511520362608 0.075480575455091306 0.042020165558436497 -0.046677727223710733 -0.017718788136291245 0.15081794011198255 -0.057236676767670115 -0.084284045532078619 0.0024912505712023996 0.0065897868347424959 0.079353048170065471 -0.052824011892010941 -0.022785574120714924 0.10459822969605956 -0.0039858379997410849 -0.04005967185630472 -0.046135074905167189 0.15571756367782777 0.13351746629257571 -0.00082619295978372267 -0.076322291411302187 0.10456553472964569 -0.045594632915824718 -0.070165774339416412 -0.073542281471784487 0.071548389594333045 0.021788698551767193 -0.0026005147842993351 0.058896347507731726 -0.063109480556567246 0.041960998476936913 -0.010751981930237948
leaf_weight=45.887222766876221 66.660564076155424 25.800730764865875 8.5049551725387555 14.264467164874075 9.4561287015676481 70.063408352434635 16.274155184626579 7.8953035920858374 55.009884156286716 7.6667006537318221 17.492386251688004 6.9579179212450981 20.718766406178474 6.5803812369704229 5.8360831066966083 6.5993832945823758 26.457826852798462 8.3949811607599241 6.4588699191808656 7.6023034900426856 40.50794667750597 5.5648171156644812 2922.2194738946855 449.48024198412895 4.2931606322526958 3.6221796572208405 25.260535068809986 5.9420876875519744 9.7708266600966436 20.206532850861553 30.917006582021713 5.7518658041954041 4.9104786813259143 7.6459965556859952 4.8660136908292797 8.348936975002287 9.8108176887035388 31.013020187616348 25.391064062714577 9.5306812673807126 7.2656843215227118 5.0486924350261688 5.9764043241739264 24.934339210391045 24.512700766324997 125.20374113321304
leaf_count=259 599 140 32 58 39 288 73 33 222 42 74 40 111 31 41 33 144 38 27 40 238 22 14612 1863 19 20 116 25 41 82 169 26 20 36 22 35 41 108 102 37 29 22 26 105 110 534
internal_value=9.68701e-05 0.00273732 -0.00629457 -0.00163468 -0.0143439 -0.0159669 0.00357811 -4.22624e-05 0.0294656 -0.0148883 0.00210321 -0.00700786 -0.0118092 0.0487351 -0.00324845 0.0317965 -0.0127939 0.0200712 0.0568454 0.0840482 -0.0276668 0.00349106 0.00211308 0.00464321 -0.0361921 0.0289245 -0.00660873 -0.0111683 0.0385429 -0.0134117 -0.0151452 -0.00654461 -0.000879171 0.0689887 -0.00558079 0.0403628 0.0109446 -0.0367268 -0.0210434 0.00744523 -0.0520824 0.0669235 -0.0164922 -0.0129138 0.0211526 -0.019681
internal_weight=4258.58 3014.68 1243.9 788.826 455.071 445.615 565.981 496.707 69.2744 222.844 480.433 176.957 163.419 13.5383 142.7 30.1188 112.581 34.8528 24.2827 17.8239 77.7283 472.537 2948.02 466.973 70.0616 10.2216 29.5537 375.552 15.7129 359.839 351.334 251.951 221.034 13.3979 207.636 28.1189 19.77 99.3834 68.3704 35.7136 32.6567 9.95917 26.1829 179.517 29.3787 150.138
internal_count=20824 15351 5473 3544 1929 1890 2345 2065 280 1199 1992 940 869 71 758 161 597 182 120 93 415 1959 14752 1937 373 53 135 1602 66 1536 1504 1120 951 62 889 118 83 384 276 145 131 42 108 771 132 639
is_linear=0
shrinkage=0.08


Tree=39
num_leaves=47
num_cat=0
split_feature=95 92 49 57 43 93 47 85 92 48 62 56 39 12 0 52 39 69 51 38 93 97 8 0 18 38 0 42 38 68 55 49 31 31 17 85 31 94 83 55 51 12 31 49 86 77
split_gain=10.2151 7.67364 8.49803 7.59133 9.84074 7.5267 17.0977 10.7038 9.89021 9.33078 9.82546 8.60392 11.6216 8.4322 11.2238 9.53584 8.45866 8.00524 8.00012 10.2041 7.75769 7.57691 13.2215 7.56401 9.40212 7.49597 9.47518 7.8126 7.4113 7.37742 8.14074 12.5366 7.07742 6.96175 11.1342 10.5104 9.10552 7.3111 6.88111 8.36635 6.78775 9.31214 6.62693 8.73126 6.61483 6.51122
threshold=0.54818106149764423 -0.59505772005771995 0.5913729128014843 5.0999999999999952 -1.3708791208791207 206.25000000000003 0.34708049886621323 8.1649999999999938 0.70858644044127927 0.35214626391096981 0.039400000000000011 1.2500000000000002 -0.32622938805227353 7.7000000000000037 -42.714655853573952 -4.4999999999999991 -0.12340281012899344 -2.5499999999999985 -1.4999999999999998 1.1302751984053818 215.25000000000003 13.582523371403083 5.9999999999999938 188.40760410002045 8.1200000000000045 1.414933596132232 -89.267629169442202 -353.69994159819424 0.42419239746307241 4.5000000000000009 8.2999999999999989 0.49509803921568629 941.53767299746335 966.29262075908343 3.3000000000000047 -0.1599999999999894 850.10302657474142 0.7905911254751431 2.0500000000000047 12.099999999999996 -2.4999999999999996 -5.8000000000000034 1002.7757036565753 0.38379705400982 -1.0000000180025095e-35 0.060249999999999956
decision_type=2 2 2 2 2 2 2 2 2 2 2 2 2 2 2 2 2 2 2 2 2 2 2 2 2 2 2 2 2 2 2 2 2 2 2 2 2 2 2 2 2 2 2 2 2 2
left_child=1 2 -1 -4 -5 18 8 13 9 44 11 12 40 14 16 -16 -8 28 19 32 -13 22 -14 24 -21 45 27 -27 -17 -20 -31 -32 -2 36 35 -35 -19 -36 39 -28 -11 -42 -37 -44 -7 -3
right_child=5 25 3 4 -6 6 7 -9 -10 10 -12 20 21 -15 15 17 -18 33 29 23 -22 -23 -24 -25 -26 26 38 -29 -30 30 31 -33 -34 34 37 42 -38 -39 -40 -41 41 -43 43 -45 -46 -47
leaf_value=-0.045493327429821956 0.04692681859873285 -0.0012782812006669828 -0.0156869547716641 0.0048986909418072058 0.16352285843989894 0.090203600691185618 -0.0053035441228145176 -0.08532033581290957 0.0079528667978702207 -0.012983564547901243 0.051343154119981416 -0.15737317235000908 0.032056113583038275 0.043257007693307752 0.10085811581911054 -0.13893250080907754 -0.12367394860326336 0.01496293259811478 0.010581530224685934 0.00045904379861712384 -0.057205791913007231 0.023004564087321468 -0.14362158242010412 0.046158028685944756 -0.1179018983055073 0.077407967103437295 0.031496344307787409 -0.019581615648130019 -0.00024311314966469743 0.014418924948428717 -0.14630719351828134 0.013785660202382886 -0.0005955026833747185 -0.07818008134035262 -0.0038319932136591677 -0.074126978391731421 0.085600501687413483 -0.13610487326947246 0.089467720374377752 -0.058219386639585563 -0.18176362482608321 -0.049379414954324588 -0.0078577143655967005 0.080491150718715015 -0.016581909500173207 -0.01905319242370344
leaf_weight=53.214651294052601 107.56984411180019 2957.8947387486696 45.891452826559544 8.0044118687510473 3.2399248927831641 4.9445513263344791 9.1188505887985212 6.6218209564685813 44.890859287232161 6.8142964765429523 5.4160725995898238 8.3684539720416087 4.8931461721658724 50.557437114417553 6.9919889196753493 3.8702355772256833 6.4658630788326255 123.60855172947049 303.18481784313917 10.538272581994539 14.390901036560534 20.313472889363766 5.185234546661377 7.7058607637882224 6.594678319990634 5.4203996807336798 73.156913198530674 50.438729681074619 5.9310134127736092 10.498047534376385 6.945754297077654 5.1184005364775658 24.205305986106396 6.9143159538507453 4.7041920423507673 3.1409846693277386 12.535305641591547 6.2190902754664421 11.36723545193672 6.7978066951036444 6.3568684682250032 8.2448229938745463 12.754959501326086 15.166967481374739 11.061487160623072 137.6719037219882
leaf_count=308 810 13210 270 51 18 23 38 32 421 39 32 47 20 243 38 19 26 683 1961 62 70 118 20 80 43 24 342 232 28 76 43 28 182 36 20 17 76 33 50 28 33 41 73 85 49 646
internal_value=8.49352e-05 -0.00194264 -0.0226447 -0.00101529 0.0563015 0.00766293 -0.000212015 0.0113889 -0.0228413 -0.0372921 -0.0484286 -0.0560757 -0.0372018 0.0139629 0.00703072 0.0121612 -0.0572289 0.00868734 0.0144558 0.0293037 -0.0969718 -0.00481791 -0.0600885 -0.0172322 -0.0466972 -0.0012323 0.0163705 -0.00942485 -0.0598696 0.00725866 -0.0363076 -0.079903 0.0381679 0.0125133 -0.0131799 0.00736414 0.0218148 -0.082502 0.0322013 0.0234548 -0.0816349 -0.111653 0.0275958 0.040423 0.0176545 -0.00207433
internal_weight=4250.94 3353.1 110.35 57.1358 11.2443 897.843 415.482 274.602 140.88 95.9893 79.9833 74.5672 51.8078 267.98 217.422 201.838 15.5847 194.846 482.361 156.614 22.7594 30.3919 10.0784 24.8388 17.133 3242.75 147.181 55.8591 9.80125 325.747 22.5622 12.0642 131.775 185.044 48.9005 37.9772 136.144 10.9233 91.322 79.9547 21.416 14.6017 31.0629 27.9219 16.006 3095.57
internal_count=20824 15179 647 339 69 5645 2360 1447 913 492 420 388 271 1415 1172 1108 64 1070 3285 1177 117 158 40 185 105 14532 676 256 47 2108 147 71 992 1023 264 211 759 53 420 370 113 74 175 158 72 13856
is_linear=0
shrinkage=0.08


Tree=40
num_leaves=47
num_cat=0
split_feature=97 97 0 11 55 56 74 96 5 55 59 20 41 94 54 56 32 58 90 85 92 32 54 11 58 55 50 49 70 92 37 78 75 42 78 54 91 42 11 80 89 57 59 31 71 62
split_gain=9.59039 8.67687 13.811 8.74872 7.36711 8.76073 9.19067 9.6978 8.72597 6.98051 9.89602 6.73938 8.62234 7.73102 7.15506 7.36093 6.93643 6.62255 6.62151 8.43381 8.71678 10.6137 8.15544 8.15908 7.79894 7.79584 6.96976 10.4902 7.93351 9.22052 7.866 7.41929 8.67665 8.04981 7.65444 10.9678 8.40748 11.7375 10.8595 9.58412 9.14776 8.89948 9.02338 8.48008 8.33608 13.0113
threshold=13.4 12.514824858500003 155.26386371232596 10.299999999999999 6.299999999999998 -6.0499999999999963 -2.4999999999999996 1.5980987112688398 27.166666666666675 6.8000000000000052 2.1742870410606376 -25.179999999999996 350.77396825910415 -3.2352238937265319 18.599999999999991 1.5499999999999974 -1.0000000180025095e-35 -1.0499999999999969 8.2500000000000018 -7.9149999999999983 -0.50909180510008423 61.526962880993104 11.300000000000006 2.7000000000000033 12.750000000000002 -19.199999999999992 4.5000000000000009 0.41763565891472876 -0.20000000000000054 0.5126922219765141 1.2455260455714272 0.0043460934746582013 4.8500000000000005 278.90154612191503 0.0097907685837950505 -11.299999999999988 1.2500000000000002 207.46763447758863 5.1999999999999966 12.650000000000022 -7.2950000000000008 -1.9000000000000055 -0.66203346203346303 441.46613909893733 -1.4499999999999995 -0.032999999999999939
decision_type=2 2 2 2 2 2 2 2 2 2 2 2 2 2 2 2 2 2 2 2 2 2 2 2 2 2 2 2 2 2 2 2 2 2 2 2 2 2 2 2 2 2 2 2 2 2
left_child=1 11 17 -4 5 6 7 -2 9 10 -6 -1 13 14 15 -13 -14 -3 19 -15 21 22 -21 -24 -20 -22 31 -28 -29 30 -30 -27 33 34 35 -33 38 39 -36 40 -38 42 -42 -44 -37 -46
right_child=4 2 3 -5 8 -7 -8 -9 -10 -11 -12 12 16 18 -16 -17 -18 -19 24 20 25 -23 23 -25 -26 26 27 28 29 -31 -32 32 -34 -35 36 44 37 -39 -40 -41 41 -43 43 -45 45 -47
leaf_value=-0.052588931486001231 -0.11840741940253519 0.043261639205500302 -0.10604762096307871 0.026946884453339426 -0.14655892066671281 0.024562656969601613 0.0062864564337796539 0.018045586957795345 -0.11183570275336578 0.0040283211709304829 0.012470450823788028 -0.019768026275673124 0.018507284002025181 0.038353149475674066 0.055017359819263721 -0.088545709955992299 0.12108634396527249 -0.028980384993927244 0.014997610973721763 -0.025160903090646038 -0.031219627253580941 -0.083502345399200747 0.12535363324309318 -0.0088152998043405581 -0.058827273953972144 0.0026145749766384391 0.019300743416737067 0.017220148976053479 -0.059479830154618787 0.061192705798622439 0.040073478098005016 -0.074659320162924203 -0.078670059043937382 -0.070925945548826086 -0.0044757008507876643 0.030284858074636038 0.058928199809838828 0.1267014013234353 -0.055664114169380614 0.10782108332818155 0.0019615291835648574 -0.011303379451114216 -0.00056443725066406523 0.075461577670126276 -0.080614146986201021 -0.0061491297549838269
leaf_weight=15.268434874713419 7.676238685846327 13.005485773086546 17.214845597743992 3.5285471528768531 4.4389272257685644 260.23876726254821 113.53511015325785 5.2771644927561283 4.3626204282045355 99.690074115991592 4.7640683613717556 36.205206014215946 13.734658613801004 34.041394881904125 5.1978354677557936 13.730377167463301 5.913107603788375 19.869831286370754 250.18699336051941 53.581473670899868 52.258144199848175 16.526378877460957 4.5418843775987607 6.4529773518443108 8.9815125390887243 2384.8974334672093 32.891532741487026 15.896596699953077 63.435610696673393 4.4830828458070746 5.078241989016532 20.631407767534256 10.156852677464483 11.440514013171194 134.25933538377285 23.404182523488998 17.503902196884155 4.6909469068050376 32.72689364105463 5.2455558925867072 89.058223865926266 178.34465876221657 14.488412171602247 25.102983891963959 18.986193031072617 67.195784665644169
leaf_count=86 55 77 95 20 32 2079 862 48 38 756 36 245 82 156 35 94 33 111 1272 266 230 86 21 31 49 10487 152 68 275 23 21 86 42 56 624 99 75 20 158 22 378 751 60 106 80 288
internal_value=0.000523704 -0.000869396 -0.0326711 -0.0829463 0.0109235 0.0161803 -0.00103158 -0.0636177 -0.00694836 -0.00218113 -0.0670101 -0.000399045 -0.000172064 -0.000462928 -0.0300565 -0.0395282 0.0520149 0 -1.6431e-06 -0.000963943 -0.00137854 -0.027202 -0.0121398 0.0489546 0.0123 -0.000719912 -0.000208123 -0.0189359 -0.0332022 -0.044334 -0.0517482 0.000542949 -0.00700432 -0.00579976 -0.00455234 -0.021794 -4.15497e-05 0.00726062 -0.0146919 0.00534797 0.00350353 0.000226682 0.0162544 0.0477804 -0.0114746 -0.0230167
internal_weight=4230.14 3730.16 53.6187 20.7434 499.983 386.727 126.489 12.9534 113.256 108.893 9.203 3676.54 3661.27 3641.62 55.1334 49.9356 19.6478 32.8753 3586.49 3327.32 3293.28 81.1027 64.5763 10.9949 259.169 3212.18 3159.92 121.785 88.8935 72.9969 68.5139 3038.13 653.236 643.079 631.638 130.218 501.421 334.435 166.986 329.744 324.498 306.994 128.65 39.5914 109.586 86.182
internal_count=20766 16860 303 115 3906 3044 965 103 862 824 68 16557 16471 16356 374 339 115 188 15982 14661 14505 404 318 52 1321 14101 13871 539 387 319 296 13332 2845 2803 2747 553 2194 1412 782 1392 1370 1295 544 166 467 368
is_linear=0
shrinkage=0.08


Tree=41
num_leaves=47
num_cat=0
split_feature=97 46 88 68 45 42 15 55 32 55 43 30 4 45 50 92 38 12 31 46 45 77 38 8 63 60 69 79 58 90 17 40 12 93 44 58 93 18 49 58 89 75 68 38 2 59
split_gain=8.17358 7.79601 9.37899 10.2005 8.28491 8.17843 11.8908 7.93726 10.848 10.8788 10.6044 11.1725 10.3532 9.51959 9.20822 9.89399 8.83532 11.9645 8.71739 8.71388 9.9961 9.77481 8.71994 8.60344 8.52157 12.6113 10.6861 10.3656 8.33086 8.22658 8.70264 9.30438 9.62533 8.18915 13.9887 8.04608 7.93323 7.82301 9.26753 7.63295 7.61713 8.35754 7.60186 8.62388 7.58175 9.54478
threshold=13.4 0.6831300813008131 -5.1799999999999971 5.4000000000000004 5.7384247027914634 -128.90054186885274 7.8500000000000005 6.5000000000000009 -483.32480430790594 9.0999999999999961 1.1890350087071402 597.20760863870589 -0.32613481362992508 5.7384247027914634 6.5000000000000009 0.26484415047756543 1.414933596132232 -6.1999999999999948 1116.0112889535465 0.45857843137254906 17.800525364644503 -0.034199999999999946 1.4079265898860851 4.3999999999999995 0.019249999999999951 0.0055999999999999514 -0.70000000000000095 -0.029303284811028948 -8.0999999999999996 7.7500000000000009 6.3500000000000023 -55.994045304019998 -3.9000000000000052 195.75000000000003 -0.17990841248303932 9.8500000000000032 196.75000000000003 -4.8400000000000061 0.51564027370478993 -5.5499999999999963 3.7299999999999991 1.8000000000000005 0.20000000000000107 0.53901884769643149 -0.22214330808080804 -4.6174112455088467
decision_type=2 2 2 2 2 2 2 2 2 2 2 2 2 2 2 2 2 2 2 2 2 2 2 2 2 2 2 2 2 2 2 2 2 2 2 2 2 2 2 2 2 2 2 2 2 2
left_child=1 7 3 -3 39 6 -6 13 9 12 11 19 -9 28 15 -10 18 -18 29 23 -21 -22 -23 -11 25 27 -27 -20 -1 -15 31 32 -31 -32 -35 37 -28 38 -19 -4 41 -33 43 -14 45 -40
right_child=-2 2 4 -5 5 -7 -8 8 14 10 -12 -13 42 16 -16 -17 17 35 24 20 21 22 -24 -25 -26 26 36 -29 -30 30 33 40 -34 34 -36 -37 -38 -39 44 -41 -42 -43 -44 -45 -46 -47
leaf_value=0.074389078021313129 0.010122494181635817 -0.067350200678198247 -0.14898811258031761 0.042797542287273796 -0.076864230357654578 -0.00078881034351768351 0.021777400247313446 -0.051998059079139826 0.010329179616127551 -0.034177394301793243 -0.046616683881834979 -0.092995584567188122 -0.033907915533412318 -0.0034906877026148432 -0.062486484352791916 0.03825543033055058 -0.021690479444354867 0.056645099048140191 -0.12605614644304919 -0.056395146560534098 -0.061702427917766624 0.040477514073150242 -0.0555464817273797 0.071874942010302659 -0.058982264186105866 0.087747465476852998 0.055804024396948336 -0.015224420890393858 0.01190280168506159 -0.0030011413859328392 0.048998690111983011 0.013045465206744787 0.14800849680785436 0.033791535343088555 -0.073694745450605628 -0.039400519393808273 -0.065311684732053135 0.07215675658354731 -0.062032108399152193 -0.01451144531324731 0.062974327644064645 -0.094087171660061045 0.066039213786477036 0.032513559574420842 -0.095841430008355377 0.079115220592300931
leaf_weight=16.526882037520409 496.27912766486406 31.742008730769157 4.4885068759322166 6.0084893852472296 21.669266179203987 296.92373236268759 11.637140214443205 11.151693776249884 337.44992852210999 51.018336847424507 48.912129528820515 8.0800473988056165 17.359245389699936 1880.6956185474992 8.9767420291900617 107.30543827265501 31.266788341104984 18.481108009815216 5.0634168684482566 10.515915751457213 7.189204365015029 73.064738847315311 6.0964145958423606 4.8994507044553748 26.97631561756134 13.671129889786245 5.6728281080722791 238.18911751359701 73.017448976635933 4.1603518649935722 8.3538609072566015 139.50034326314926 6.6104645952582342 11.282949648797507 22.205649219453338 7.5532957389950743 7.337179109454155 34.296698652207851 5.1998882964253434 6.485942527651785 18.973194569349289 4.3108387887477866 23.933742687106133 40.962747156620026 5.641134873032569 6.1065416708588609
leaf_count=72 3906 138 21 26 95 1398 51 53 1517 244 215 37 74 8300 37 488 144 88 22 45 33 320 28 22 119 61 31 1080 320 23 56 724 36 69 128 38 28 156 28 30 98 22 108 184 23 30
internal_value=0.000482033 -0.000800722 -0.0116691 -0.0492793 -0.00741846 -0.00506249 -0.0423502 0.000428615 0.00763462 -0.00405731 -0.0141832 -0.00415805 0.0185529 -0.0016744 0.0154606 0.0171203 -0.00259669 0.0196633 -0.00361363 0.000775985 0.0153197 0.0244198 0.0326798 -0.0241888 -0.0164343 -0.0120514 0.0395896 -0.0178181 0.0238735 -0.00179028 0.0129931 0.0209041 0.091424 -0.019491 -0.0372808 0.0365296 -0.011798 0.045091 0.0180278 -0.0743046 0.0159234 0.00946379 0.0284707 0.0124874 -0.0240419 0.0136453
internal_weight=4223.24 3726.96 378.955 37.7505 341.205 330.23 33.3064 3348.01 756.916 303.184 209.776 160.864 93.4074 2591.09 453.732 444.755 2501.55 108.545 2393 152.784 96.8663 86.3504 79.1612 55.9178 296.91 269.934 26.6811 243.253 89.5443 2096.09 215.398 173.555 10.7708 41.8425 33.4886 77.2787 13.01 69.7254 35.4287 10.9744 162.784 143.811 82.2557 58.322 16.9476 11.3064
internal_count=20766 16860 1759 164 1595 1544 146 15101 3405 1363 944 729 419 11696 2042 2005 11304 507 10797 692 426 381 348 266 1341 1222 120 1102 392 9456 1156 903 59 253 197 363 59 325 169 51 844 746 366 258 81 58
is_linear=0
shrinkage=0.08


Tree=42
num_leaves=47
num_cat=0
split_feature=94 20 41 67 50 94 54 56 90 69 58 92 69 56 59 42 52 5 53 43 88 97 97 0 82 88 55 55 95 55 67 76 49 95 72 75 58 17 79 16 70 3 96 54 16 19
split_gain=7.8999 6.08427 6.89174 7.25055 7.26337 7.16244 6.29781 6.71408 6.36344 5.2418 6.12767 6.07453 5.75657 10.92 11.6674 6.62274 5.52422 7.85427 7.17783 5.17815 4.98732 4.8899 7.28088 10.9971 7.14132 6.81861 6.79644 7.54699 8.60437 7.19681 6.5341 12.5974 6.18572 6.93393 6.16979 5.91554 6.6193 6.34599 5.86228 5.80039 6.99727 6.94659 6.07688 6.79258 8.71592 13.8429
threshold=3.8212254242858106 -25.179999999999996 350.77396825910415 -2.0499999999999967 -1.4999999999999998 -3.2352238937265319 18.599999999999991 1.5499999999999974 12.750000000000002 -8.3999999999999986 -9.2499999999999982 -0.80390540831717294 -5.7999999999999989 -3.2499999999999996 -3.9625965762763111 -16.42405614005656 -2.4999999999999996 -8.0000000000000053 -18.199999999999992 -4.1510989010989006 -1.2199999999999969 13.4 12.514824858500003 155.26386371232596 -20.609999999999996 1.7099999999999975 6.299999999999998 8.800000000000006 0.44944240879201208 2.6000000000000019 -1.0000000180025095e-35 0.0014999999999999001 0.15504807692307693 1.1115976018607217 2.9000000000000004 1.2500000000000002 -4.7499999999999991 0.75000000000000011 0.005437334877700351 11.15 -1.0000000000000002 0.5516362580672306 0.019899661108143753 14.400000000000015 16.100000000000005 0.15999999999999998
decision_type=2 2 2 2 2 2 2 2 2 2 2 2 2 2 2 2 2 2 2 2 2 2 2 2 2 2 2 2 2 2 2 2 2 2 2 2 2 2 2 2 2 2 2 2 2 2
left_child=1 -1 5 -4 19 6 7 8 -3 10 -7 -11 13 16 -15 -16 20 -18 -19 -5 -13 22 -14 30 38 -25 29 28 -28 34 -24 32 -32 -34 -26 36 -30 -38 -23 40 -29 -42 -41 -44 45 -45
right_child=-2 2 3 4 -6 9 -8 -9 -10 11 -12 12 21 14 15 -17 17 18 -20 -21 -22 24 23 25 26 -27 27 39 35 -31 31 -33 33 -35 -36 -37 37 -39 -40 42 41 -43 43 44 -46 -47
leaf_value=-0.049945568287757772 0.063889163924244444 -0.029707844138439899 0.13342730419621041 -0.0042345267221376602 -0.032785922941265061 0 0.050090648673463835 -0.086292834895215817 0.084077473158166938 -0.077666715090649027 -0.11449014860160152 0.024256526432085899 -8.8518260964756297e-05 -0.068902764341942313 0.1036946622490245 0 -0.061999179229136309 -0.0059592937745039775 0.097236423593055496 0.12219585474906917 0.12533050269536403 -0.11021518138485431 0.070341420534478324 -0.094090173521754999 0.0074502955778337921 0.018180966983914571 -0.16557573353924215 -0.081095600962496142 0.045092926006940488 0.040712241335184383 -0.076612792156157919 -0.13130311318816218 0.055258822037591887 -0.05764846392547518 0.067428503705088266 0.079055572187756523 -0.084634339926439484 -0.00054912474641145642 0.020150416660910518 0.052461580278252193 0.053573753802806538 -0.059312485388255273 0.039892794397791614 0.031998787557433531 0.0030378794607409843 -0.13748500637372571
leaf_weight=14.895461417734621 12.022797919809816 33.037935338914394 4.2775896787643459 3.2292162254452705 8.0068772733211482 6.4369501024484634 5.3401756808161727 12.912720456719397 2.9595500603318206 5.8110859543085089 4.9863373413681966 5.315461851656436 3499.0359523445368 12.489907830953596 4.9411925971508017 14.600419633090498 4.5111653506755856 7.4306720942258861 9.1844003498554212 4.6226576939225206 9.3508693873882276 5.3522692993283254 6.2467074319720259 17.592148780822757 292.54532711207867 3.9610206559300414 2.6519927382469168 2.8275037333369246 4.8248585015535417 57.073240362107754 3.9288419932127061 4.5809342861175528 13.98361634463072 4.0753857046365729 10.964540533721445 2.6380677074193946 15.052619382739069 9.4248747415840608 3.181402400135994 6.5540611520409575 29.062159903347492 3.4726426713168612 6.6756811738014212 4.0274145826697376 11.606191776692866 10.069361716508864
leaf_count=86 142 223 23 19 47 30 35 94 22 30 23 25 15625 52 21 63 19 33 41 26 42 36 37 93 2305 22 16 18 36 460 23 25 81 22 97 21 113 71 23 48 206 32 60 29 99 72
internal_value=0.000440608 0.000249755 0.000436009 0.0465553 0.0192723 0.000205872 -0.0285359 -0.0377026 -0.0191101 0.000590019 -0.0523674 0.000745694 0.000868262 0.0238976 -0.00979431 0.0283618 0.0539891 0.0262518 0.0517915 0.0721007 0.0912335 0.000475919 -0.000544261 -0.0294609 0.00806913 -0.0731499 0.00943025 -0.00801103 -0.0386247 0.0147231 0 -0.0176537 0.00806114 0.0284813 0.00975071 -0.0254479 -0.0362932 -0.0532374 -0.0623033 0.00629892 0.0296211 0.0405672 -0.0147886 -0.0292354 -0.0479136 -0.0890784
internal_weight=4217.77 4205.75 4190.85 20.1363 15.8588 4170.72 54.2504 48.9102 35.9975 4116.47 11.4233 4105.04 4099.23 67.8241 32.0315 19.5416 35.7926 21.1262 16.6151 7.85187 14.6663 4031.41 3553.4 54.3687 478.004 21.5532 469.471 108.887 34.5924 360.583 32.8155 26.5688 21.9878 18.059 303.51 31.9404 29.3024 24.4775 8.53367 74.295 35.3623 32.5348 38.9327 32.3786 25.703 14.0968
internal_count=20766 20624 20538 115 92 20423 374 339 245 20049 53 19996 19966 296 136 84 160 93 74 45 67 19670 15928 303 3742 115 3683 821 257 2862 188 151 126 103 2402 241 220 184 59 564 256 238 308 260 200 101
is_linear=0
shrinkage=0.08


Tree=43
num_leaves=47
num_cat=0
split_feature=94 92 48 84 56 5 47 55 8 50 93 58 46 51 58 48 65 57 92 48 69 41 56 61 47 59 60 61 59 61 45 37 74 89 0 78 77 0 68 55 18 58 83 0 11 77
split_gain=7.10168 5.37095 8.44272 7.02637 7.38457 6.51551 6.4047 11.2095 11.0178 7.58915 12.4895 9.8686 7.97143 6.77146 8.95819 6.17013 6.08337 5.93903 5.42318 5.40128 5.30003 4.61811 11.1235 9.23226 13.5711 9.92552 7.3036 7.07426 6.60337 6.34298 6.08307 5.94676 5.62416 7.4698 7.57291 7.22283 6.55712 5.71628 9.89639 5.48423 9.6234 8.35211 7.6104 6.27297 11.2717 8.73084
threshold=3.8212254242858106 -0.50909180510008423 0.40270270270270275 2.8800000000000172 -6.0499999999999963 -25.666666666666661 0.59663271080928137 -11.199999999999994 -18.800000000000001 -1.4999999999999998 221.75000000000003 8.1000000000000032 0.282329988851728 3.5000000000000004 -2.2499999999999996 0.34549071618037136 1.2500000000000002 11.299999999999999 -0.49662961356377666 0.56787469287469305 -8.3999999999999986 -6.7741833472636008 8.800000000000006 0.047200000000000054 0.48733974358974358 15.025339076246327 -0.04369999999999994 0.090949999999999906 0.88879660391289417 0.042499999999999961 65.851728897726744 0.83901884769643154 -1.5999999999999985 -5.2149999999999972 197.79694475993406 0.0073076890322277509 -0.032199999999999944 92.714902049969069 -0.59999999999999953 14.299999999999999 15.860000000000001 17.750000000000004 -1.2599999999999978 -47.810028630971821 4.7000000000000037 -0.0010999999999999498
decision_type=2 2 2 2 2 2 2 2 2 2 2 2 2 2 2 2 2 2 2 2 2 2 2 2 2 2 2 2 2 2 2 2 2 2 2 2 2 2 2 2 2 2 2 2 2 2
left_child=1 2 5 4 19 -1 7 -7 -9 10 15 13 -12 -11 -15 -8 -5 -6 -3 -4 -20 22 23 25 28 26 30 39 -25 32 -22 -32 33 35 36 -28 -35 38 -38 -23 41 42 -41 -44 -45 -46
right_child=-2 18 3 16 17 6 9 8 -10 11 12 -13 -14 14 -16 -17 -18 -19 20 -21 21 27 -24 24 -26 -27 29 -29 -30 -31 31 -33 -34 34 -36 -37 37 -39 -40 40 -42 -43 43 44 45 -47
leaf_value=-0.049396742361211263 0.062053553541831688 0.054151360606841649 -0.023092029620157484 0.096402064654309463 -0.064396856640336633 0.064068690441948267 -0.011354149784536983 0.07630861094270483 -0.064774624504636863 -0.056764745993342275 0.049921754415755935 0.10859357494276545 0.181391524593359 0.11003284678956854 -0.059878907428664724 0.078846297280684027 -0.034200702825580215 0.040363865492931542 -0.057269264016517357 0.083048797672149954 0.098051362018821128 0.00052679062631074715 0.04808575731486095 -0.061462301418420198 -0.13305803426577836 0.073453457731773988 -0.016343298519156543 0.072038136852377796 0.049656609226301995 0.084331760182279253 0.047177022905846008 -0.072188006838839802 0.0045871667663331004 0.0077100160049216517 0.043843560033639366 0.095444523576701246 -0.1282517602325455 -0.133717098633442 0.021779585797171427 0.037805236203048147 -0.10856212936320617 0.065369992588753909 -0.0013987417927740237 -0.10157573490318976 -0.08535379593499022 -0.011121354049594006
leaf_weight=14.004936695098875 11.427620548754929 11.682828761637209 9.6911598518490774 4.1811626106500608 47.47082107514143 7.4201333671808234 18.64378555119038 3.6879578605294254 23.042610980570316 16.298570461571224 7.7835796400904638 3.3853020444512358 5.1877804100513458 3.9029287025332451 3.1212599277496329 5.9760853424668303 3.9589508250355721 3.3079213574528685 9.5703525841236097 3.8719084709882727 8.9891271665692347 3335.3680145516992 40.958772886544466 5.5099243074655551 7.047490879893302 13.506873007863758 11.98740664497018 8.1762721017003042 7.4405526481568813 5.3556540310382834 8.1286971792578679 3.3525382801890364 281.19849929958582 5.7031868547201219 4.3024424947798243 4.7355111464858046 4.4217334613204056 8.9939751103520376 6.1257460042834246 16.945371635258198 5.9862389117479315 8.6259393692016584 87.826366126537323 12.145004808902739 11.194950439035891 81.660878837108612
leaf_count=91 142 53 51 21 265 40 125 22 130 99 39 17 25 24 21 37 21 20 43 19 42 15785 259 38 33 83 65 44 57 32 48 19 1696 33 30 27 20 48 33 77 39 39 398 53 54 409
internal_value=0.000408809 0.000231891 -0.0130768 -0.034268 -0.0431777 0.000602287 0.00800938 -0.0196808 -0.0439721 0.0228781 0.0458504 -0.00940964 0.107877 -0.0287933 0.034506 0.0113557 0.033654 -0.0570893 0.000848154 0.00851501 0.000683938 0.000831896 0.00868186 0.00443197 -0.0477773 0.00736136 0.00471173 -0.000108077 0.00125774 0.00179883 0.0505185 0.0100966 0.000298122 -0.0253672 -0.0493239 0.0166996 -0.0660563 -0.0876394 -0.0433506 -0.000286128 -0.0123796 -0.0094648 -0.0127282 -0.0172967 -0.0304488 -0.0205659
internal_weight=4213.3 4201.88 184.937 72.4819 64.3418 112.455 98.45 34.1507 26.7306 64.2993 37.5912 26.7081 12.9714 23.3228 7.02419 24.6199 8.14011 50.7787 4016.94 13.5631 4005.26 3995.69 427.758 386.799 19.998 366.801 353.295 3567.93 12.9505 332.824 20.4704 11.4812 327.469 46.27 29.5471 16.7229 25.2446 19.5415 10.5475 3559.75 224.385 218.399 209.773 192.827 105.001 92.8558
internal_count=20766 20624 1067 397 355 670 579 192 152 387 226 161 64 144 45 162 42 285 19557 70 19504 19461 2563 2304 128 2176 2093 16898 95 1984 109 67 1952 256 164 92 134 101 53 16854 1069 1030 991 914 516 463
is_linear=0
shrinkage=0.08


Tree=44
num_leaves=47
num_cat=0
split_feature=94 85 68 16 52 73 56 40 76 19 71 12 72 58 59 37 44 16 92 19 32 32 48 94 4 59 46 70 91 82 51 32 72 84 75 55 63 76 38 59 71 44 91 67 89 86
split_gain=6.37977 5.16136 8.44345 7.94298 6.41572 7.45356 5.92601 10.3947 8.17963 8.06862 7.54046 7.48848 11.0645 7.09173 12.4196 8.44526 8.67385 7.95328 8.94286 7.93678 7.02181 7.66801 13.4118 10.734 8.58043 8.3953 8.29443 9.06575 7.54446 6.89375 6.18688 7.52753 5.99457 5.95818 13.2065 8.27193 10.3662 11.7964 8.8443 8.21483 8.02544 7.8452 7.60703 7.46371 8.23943 12.9082
threshold=3.8212254242858106 -4.9950000000000108 -7.4999999999999991 1.3000000000000045 -5.4999999999999991 -0.35000000000000003 -10.199999999999994 -203.86096443036848 0.048899999999999957 0.50000000000000011 0.6000000000000002 -12.499999999999998 3.5000000000000009 -2.8999999999999981 0.6029083245521748 0.070303012229910061 0.087043285055957861 -0.85000000000000131 -0.11149741658216235 0.26000000000000001 -226.68979353603359 -605.94752107553165 0.41801075268817206 0.6951830299327475 0.17156425416676532 -6.7873237179487083 0.19586530264279625 -1.0000000180025095e-35 4.7500000000000009 -6.5799999999999903 -1.0000000180025095e-35 -349.13043839840742 -0.99999999999999967 -1.8900000000000077 2.8500000000000001 -11.700000000000001 -0.042249999999999947 0.10089999999999996 1.4013118340668798 8.2916288566243157 0.39999999999999908 0.060171491327450206 5.7500000000000009 3.8000000000000012 1.7849999999999986 -2.2599999999999967
decision_type=2 2 2 2 2 2 2 2 2 2 2 2 2 2 2 2 2 2 2 2 2 2 2 2 2 2 2 2 2 2 2 2 2 2 2 2 2 2 2 2 2 2 2 2 2 2
left_child=1 4 3 -3 5 -1 7 -4 9 20 -10 12 13 14 17 16 -16 18 -8 -19 21 23 26 24 29 30 -23 -28 -27 -9 31 -24 -20 34 35 -13 42 38 43 40 -36 -42 -37 44 -38 -46
right_child=-2 2 6 -5 -6 -7 11 8 10 -11 -12 33 -14 -15 15 -17 -18 19 32 -21 -22 22 25 -25 -26 28 27 -29 -30 -31 -32 -33 -34 -35 39 36 37 -39 -40 -41 41 -43 -44 -45 45 -47
leaf_value=0.087515894890646997 0.060227665343692637 -0.019706637952062615 0.08340291759890775 -0.11306234612494093 0.0080579529328523893 -0.025147162800890827 -0.039149763753155098 0.061839716597738709 -0.023147146999062142 0.054440929255046316 -0.12992834298394246 -0.063437700704980185 -0.10196023655321985 0.047950995211875513 -0.030062966537231853 0.0048636196272328234 -0.19496507990524697 -0.083251995176521057 -0.030755638700722655 0.0084835758126739994 -0.026837848827536898 -0.0026775659807024518 -0.088952440517428774 0.039172628917146908 -0.11511309759044215 -0.02721569569285924 -0.018995543926908619 0.10779232973393468 0.097970368881293568 -0.029643369487696757 0.018856282162777391 0.017413251751539394 0.048946182235772503 0.0011864744203166589 0.062494826484961144 0.064395529997409287 -0.032842998300671035 0.035367731607051728 0.058662252340763575 -0.072336096699864363 -0.037181812056265189 0.082189220554938866 -0.034122766399018158 -0.093265485770560361 0.079263283941602633 -0.013928190308142508
leaf_weight=13.319975703954698 10.870404191315172 35.00495158880949 6.8481562510132781 6.6790311112999907 186.24843369424343 4.7682057768106452 9.2962393462657911 5.2798419445753089 11.935285478830339 11.609540518373249 6.5349899455904952 21.337025873363018 4.3802594579756251 43.460354283452034 4.8891705572605151 8.0617327317595464 3.5126066133379936 7.4569613859057453 6.1575491651892653 24.247956987470388 119.1965718306601 10.255554877221583 14.646538436412813 16.782488323748112 6.5773621648550025 5.0565428808331472 4.2022641822695723 17.755799263715748 6.4929515048861504 57.760243318974972 8.8583436757326144 5.5611481368541709 68.626606598496437 3093.5577127858996 29.808561973273754 17.606573820114139 148.93130742385983 24.6207918189466 7.8521447256207457 4.2709547728300086 12.858749307692053 4.2764161080121985 6.4574389830231658 9.4470691531896573 10.613592159003018 65.486790232360363
leaf_count=62 142 171 34 31 916 24 38 21 61 82 31 105 25 261 22 45 25 36 33 168 581 48 75 107 29 24 18 84 35 260 49 27 369 15123 135 75 702 126 40 19 55 20 36 42 53 301
internal_value=0.000381566 0.000217562 -0.000415604 -0.0360175 0.0126042 0.057509 -3.36124e-05 -0.0105466 -0.0127896 -0.0094108 -0.063778 0.000877014 0.0167584 0.0200442 0.010667 -0.0532137 -0.106982 0.0200088 0.0328587 -0.0138017 -0.0121947 -0.00113333 0.0178684 -0.0172532 -0.0311521 -0.0125363 0.0560535 0.0832892 0.0436431 -0.0214291 -0.0354905 -0.0595806 0.0421168 4.5101e-05 -0.00963305 -0.0158284 -0.0122075 -0.0167778 -0.0221706 0.0277848 0.0377288 -0.00545119 0.0374766 -0.0250306 -0.0219302 -0.000393951
internal_weight=4209.46 4198.59 3994.25 41.684 204.337 18.0882 3952.57 315.354 308.505 290.035 18.4703 3637.21 180.089 175.709 132.249 16.4635 8.40178 115.785 84.0804 31.7049 278.426 159.229 72.8291 86.3999 69.6174 40.6155 32.2136 21.9581 11.5495 63.0401 29.066 20.2077 74.7842 3457.13 363.567 312.353 291.016 266.952 242.331 51.2147 46.9437 17.1352 24.064 234.479 225.032 76.1004
internal_count=20766 20624 19622 202 1002 86 19420 1566 1532 1440 92 17854 1022 997 736 92 47 644 440 204 1358 777 360 417 310 210 150 102 59 281 151 102 402 16832 1709 1480 1375 1264 1138 229 210 75 111 1098 1056 354
is_linear=0
shrinkage=0.08


Tree=45
num_leaves=47
num_cat=0
split_feature=12 56 69 82 92 0 95 17 82 38 95 79 91 74 63 55 85 32 0 67 32 48 44 97 2 72 62 11 42 85 97 49 42 19 13 45 97 43 14 79 96 39 85 57 74 0
split_gain=8.85035 8.3954 6.62148 8.89252 7.05392 9.71897 13.024 12.5446 13.2099 10.6742 13.1303 7.49065 7.09004 6.99203 8.33872 10.9316 10.5181 8.07809 7.87525 8.87696 11.6078 7.67018 7.56937 7.28807 8.79659 6.65836 10.3182 9.33818 6.6302 6.61703 7.22498 6.58412 12.6039 12.7612 8.75536 9.80842 9.20659 11.1407 7.77231 7.51603 10.0512 10.2511 8.53859 9.17963 8.79085 8.0608
threshold=-12.700000000000001 5.8500000000000023 -7.9500000000000002 1.0600000000000238 0.83225021394950804 257.96337282692792 0.84027417814677718 -0.60000000000000131 -7.2799999999999789 0.1513792732596704 1.7232259281549607 -0.010116172913505648 14.750000000000002 -3.1000000000000001 0.0028500000000000005 -8.3999999999999968 -1.5099999999999978 478.36796056717418 -129.08404050132455 2.3000000000000012 657.40272847948188 0.32916666666666672 0.08542181389378152 6.410000000000001 0.19756474599241899 -0.70000000000000007 0.022599999999999953 5.0999999999999952 -53.814266369113163 -0.1599999999999894 14.475223102697557 0.26138716356107666 76.33577657855291 -0.099999999999999936 11.400000000000015 47.621123651817477 -1.6998622826686451 1.2547889269200747 0.55000000000000016 -0.011524113585124647 -0.2795365679576674 0.42013696232765846 4.0300000000000091 -6.9000000000000048 1.4999999999999993 94.764178229890391
decision_type=2 2 2 2 2 2 2 2 2 2 2 2 2 2 2 2 2 2 2 2 2 2 2 2 2 2 2 2 2 2 2 2 2 2 2 2 2 2 2 2 2 2 2 2 2 2
left_child=1 -1 3 -2 5 12 7 8 11 10 -8 -7 13 14 16 -16 28 22 21 20 23 -17 -18 25 -25 26 -20 -28 -4 -26 -31 32 34 -34 36 -36 37 -15 -37 40 -38 -42 43 -41 -44 -45
right_child=2 -3 4 -5 -6 6 9 -9 -10 -11 -12 -13 -14 31 15 18 17 -19 19 -21 -22 -23 -24 24 29 -27 27 -29 -30 30 -32 -33 33 -35 35 38 39 -39 -40 42 41 -43 44 45 -46 -47
leaf_value=0.014954103253260414 0.027928056945750193 -0.092988879923957699 -0.071233419800246861 -0.089487980380810336 0.032360627771017454 -0.027854897818450412 0 -0.15631139450309225 -0.0062803457462811954 0.016139312809240487 -0.20231989520387825 -0.17594451217497706 -0.080141382701841693 -0.0024320123128957366 -0.066050607267112205 0.043510367317216872 0.068290646895038803 -0.023143107198344729 -0.05992593280638394 -0.050018923391181212 -0.055451024785370361 -0.069771510261169775 -0.02830456167061618 0.028421130662655687 -0.11682616294534988 0.062396288325576692 0.087173569542029081 -0.011873500176967269 0.012501509378111151 -0.076490468303257161 0.079643705289644789 -0.0025754158217338226 -0.01812665612494626 0.046175461054868569 0.064890152126343886 -0.068458366878803245 -0.061515746700882529 -0.06015634261540434 0.032577284610684855 -0.033402602504306149 0.071846946163563588 -0.041821651291373059 -0.075607528789220932 0.026367952547387944 0.048293045660806069 -0.0036582274838368308
leaf_weight=310.80578485503793 5.8975388407707241 4.169721968472003 7.0258260592818251 11.377186894416807 41.229551542550325 4.1081167683005333 5.1053846850991231 6.7496580258011809 24.279356829822063 43.772971849888563 2.9401854947209358 5.2673863023519498 6.5647236853837958 154.17569696903229 13.62755538523197 4.7238154262304333 53.680985681712627 8.3139709010720235 8.3245964050292915 11.87906940281391 10.993734478950499 13.964462772011755 5.3471197783946982 21.388465195894241 5.4419655725359917 44.544804424047477 12.499302864074709 11.030495554208754 30.198382243514061 3.3899365067481977 3.2017565034329891 2814.6153415255249 25.323625460267067 83.452974766492844 4.904569871723651 27.605697214603424 4.8215056955814353 24.423572555184364 5.464586727321147 26.58387004584074 34.416960768401623 5.5105613619089118 13.956657104194166 158.73800246417522 4.4418081343173972 88.471694182604551
leaf_count=1762 28 21 35 57 466 19 42 34 149 403 23 29 36 699 59 22 237 38 35 53 50 59 23 125 34 191 52 44 138 18 29 13102 123 511 24 160 22 109 40 135 172 24 64 758 22 515
internal_value=0.0004648 0.0133547 -0.000574744 -0.0492944 -0.000349824 -0.000706792 -0.0262933 -0.0600405 -0.038493 0.000189831 -0.0815163 -0.116561 -7.25092e-05 7.63307e-05 0.0124778 0.00120665 0.0300977 0.0488572 0.00751138 0.0144358 0.0210193 -0.0403328 0.0592418 0.0289635 -0.00196932 0.0425244 0.0139538 0.0411276 -0.00382551 -0.0556022 0 -0.000884556 0.00628573 0.031118 0.00136758 -0.0354272 0.0041251 -0.0105164 -0.0512882 0.0119138 0.0422981 0.055638 0.00716881 0.0107645 -0.0447855 0.0156042
internal_weight=4218.75 314.976 3903.78 17.2747 3886.5 3845.27 92.2231 40.4045 33.6549 51.8185 8.04557 9.3755 3753.05 3746.48 269.576 165.01 104.566 67.3421 151.382 132.694 120.815 18.6883 59.0281 109.821 33.4221 76.3992 31.8544 23.5298 37.2242 12.0337 6.59169 3476.91 662.292 108.777 553.515 37.9749 515.54 178.599 33.0703 336.941 44.749 39.9275 292.192 273.794 18.3985 247.21
internal_count=20791 1783 19008 85 18923 18457 699 231 197 468 65 48 17758 17722 1242 771 471 298 712 631 578 81 260 528 206 322 131 96 173 81 47 16480 3378 634 2744 224 2520 808 200 1712 218 196 1494 1408 86 1273
is_linear=0
shrinkage=0.08


Tree=46
num_leaves=47
num_cat=0
split_feature=92 10 22 12 0 56 69 82 74 53 54 45 43 74 65 89 40 12 31 43 17 78 93 71 59 56 38 12 84 79 45 38 45 46 64 91 59 94 69 56 90 78 31 45 93 42
split_gain=7.97554 7.73151 7.28714 6.20613 7.8766 7.51235 6.90023 8.37863 5.90964 7.31061 8.79426 7.28386 5.8008 5.59854 5.7293 5.59213 6.91782 6.15012 8.09693 7.55122 6.27909 5.71096 9.7402 6.84435 8.57706 9.98818 7.20367 6.89681 6.6855 5.75432 5.66349 5.95551 7.35848 10.0218 6.85623 6.34053 5.58095 5.34139 7.04632 8.79645 9.8449 7.529 10.9659 7.00563 6.95751 6.20932
threshold=0.8536181550530112 -2.4999999999999996 177.50000000000003 -12.700000000000001 398.46570441123112 5.8500000000000023 -7.9500000000000002 1.0600000000000238 -6.0999999999999979 -2.600000000000001 9.6000000000000032 49.302349508965115 0.2602684201044857 -5.6999999999999984 0.49999999999999917 -9.0199999999999996 146.2339587485416 -19.900000000000002 982.32053476639339 0.82692307692307709 -11.699999999999994 0.016906470647205202 216.25000000000003 -0.59999999999999998 -2.8829985905567237 1.8000000000000045 0.15642485955931187 -17.199999999999992 -8.2600000000000104 0.018436162277824353 228.19928327609344 0.71998191194305328 69.247887299132245 0.44801852804940817 -2.4000000000000008 3.7500000000000004 -21.399999999999988 -3.2352238937265319 -5.7999999999999989 -7.950000000000002 5.7500000000000009 0.017894862582084805 1106.4935851468797 149.17305603053003 229.75000000000003 -345.41914547491359
decision_type=2 2 2 2 2 2 2 2 2 2 2 2 2 2 2 2 2 2 2 2 2 2 2 2 2 2 2 2 2 2 2 2 2 2 2 2 2 2 2 2 2 2 2 2 2 2
left_child=2 -2 3 4 5 15 7 -5 9 11 -11 -8 -4 14 -10 -1 17 18 20 -20 -17 23 29 36 28 26 -26 -28 -25 -23 31 34 33 -33 -30 -35 -19 44 39 -39 41 42 43 -41 45 -15
right_child=1 -3 12 6 -6 -7 8 -9 13 10 -12 -13 -14 37 -16 16 -18 21 19 -21 -22 22 -24 24 25 -27 27 -29 30 -31 -32 32 -34 35 -36 -37 -38 38 -40 40 -42 -43 -44 -45 -46 -47
leaf_value=-0.067714569511999834 -0.11490361138949499 0.04631268302116575 0.05586365300223009 0.023910140192544515 -0.097659119391563479 -0.08781755060991181 0.074347595557113996 -0.092066375162569505 -0.10315943571998133 0.094706819915670357 -0.0032235196392041174 -0.035194361986033824 -0.033646447976396592 0.01572121663223823 0.00912964044307806 0.025153138402002572 0.070136348322475797 -0.035682231960950307 0.0083658982142374404 -0.12086167806555737 -0.054040480294397009 -0.094084522131650861 0.052749357540902868 -0.072904634916720543 -0.10561941344648478 0.069215345714269419 0.070011803528660072 -0.033188095346403212 -0.052173699429840417 -0.0048902539190078479 0.07187766168865975 -0.11484354788877621 0.027440929251232996 0.053821380446620271 0.044009594383956324 -0.053945933462780427 0.070398855679473377 0.087040522802620188 -0.0010286328260512307 0.041972735005855653 -0.055544204463787439 -0.03073838916572855 -0.041060818368676574 0.1478102567460689 0.070177244143661957 -0.045564706754919505
leaf_weight=4.7501175701618186 1.5186366438865651 34.274337824434042 24.228724561631683 5.7447885647416141 3.7132743000984183 4.2028287276625624 4.6728594154119518 10.811843253672121 6.406120225787161 14.784357987344267 9.2245030254125577 14.978604957461355 5.2288962602615348 13.275959350168703 4.6830694824457169 25.499285437166687 13.669880364090202 3.1918614581227329 4.4727480709552747 6.8966485932469368 7.9825472682714489 8.7152519747614914 8.3784422352910024 3.7384524941444388 6.6614980846643439 6.7565543353557578 4.5516095161437979 22.215504683554176 4.6288652643561354 9.8223675861954671 16.958367377519608 6.400882929563525 26.105101637542248 7.0664527490735036 64.40004239231348 5.9756640195846558 25.983572416007519 11.988428451120852 3658.3171769715846 10.936214372515687 10.374229595065115 8.3201165944337827 5.3057510256767264 6.7615454047918311 4.1397227719426146 45.065696179866791
leaf_count=24 12 443 115 27 24 20 20 56 27 69 40 72 27 90 23 155 100 17 28 37 39 42 38 20 35 37 28 120 21 58 124 29 146 36 317 29 134 54 17533 45 49 35 22 28 24 322
internal_value=0.000422236 0.0377633 9.59384e-05 -0.00018602 0.0108304 0.0123651 -0.0010566 -0.0518348 -0.000828217 0.028261 0.0574562 -0.00755131 0.0394117 -0.00116951 -0.0567004 0.0139666 0.0154459 0.0125904 -0.0143063 -0.0711384 0.0055195 0.0178544 -0.0163831 0.0224257 0.016297 -0.0158864 -0.0340894 -0.0143841 0.0259398 -0.0486138 0.0290751 0.0223857 0 -0.036836 0.037116 0.00368489 0.0581181 -0.00099676 -0.00060249 0.0280299 0.010044 0.0325492 0.055947 0.0857985 -0.0241025 -0.0314677
internal_weight=4213.78 35.793 4177.99 4148.53 302.738 299.025 3845.79 16.5566 3829.23 43.6603 24.0089 19.6515 29.4576 3785.57 11.0892 294.822 290.072 276.402 44.8512 11.3694 33.4818 231.55 26.9161 204.634 175.459 40.1852 33.4286 26.7671 135.274 18.5376 131.535 114.577 45.5481 19.443 69.0289 13.0421 29.1754 3774.48 3712 53.6863 41.6979 31.3236 23.0035 17.6978 62.4814 58.3417
internal_count=20791 455 20336 20194 1658 1634 18536 83 18453 201 109 92 142 18252 50 1614 1590 1490 259 65 194 1231 138 1093 942 220 183 148 722 100 702 578 240 94 338 65 151 18202 17766 233 179 130 95 73 436 412
is_linear=0
shrinkage=0.08


Tree=47
num_leaves=47
num_cat=0
split_feature=12 56 31 42 12 79 49 32 39 95 3 90 5 58 75 83 45 75 45 97 62 60 40 56 93 69 85 67 75 4 76 77 44 67 72 19 96 51 43 65 5 49 58 51 54 93
split_gain=6.43231 5.95766 5.39662 7.78487 8.27022 7.579 8.31994 6.86963 7.32412 6.20077 8.37158 6.16238 5.54798 5.43641 5.31741 5.19443 5.16188 5.04307 7.57207 9.23466 5.84679 7.14473 5.73519 6.23811 14.9648 8.07076 7.7504 6.80146 6.02823 5.66559 8.47354 7.98969 6.14797 5.64683 8.37086 5.13694 5.56155 5.22658 5.11866 5.00685 5.00358 6.54294 4.81583 5.05943 7.69761 5.74777
threshold=-12.700000000000001 5.8500000000000023 973.41885196213286 -213.84101161101145 -20.900000000000002 0.0065886156357390013 0.22361111111111112 394.55568849627275 0.24481073468249701 -0.4582788322078713 -0.13892174082300562 7.2500000000000009 17.000000000000011 -11.85 -4.3999999999999986 -0.91999999999999449 138.5867108628054 -2.1499999999999999 53.997958614820966 2.2579749425000064 0.087099999999999858 0.084599999999999967 172.56694759690325 -4.3500000000000005 215.25000000000003 0.95000000000000118 -5.8949999999999951 -3.9000000000000017 -3.7999999999999998 -0.11929651514594418 -0.042599999999999943 -0.013999999999999948 -0.034194857430151493 -0.14999999999999852 0.50000000000000011 -0.77999999999999992 -0.54286302399220487 6.5000000000000009 -0.97534978682519646 1.8499999999999999 8.9999999999999947 0.38799283154121872 6.6499999999999995 1.5000000000000002 -17.999999999999989 196.25000000000003
decision_type=2 2 2 2 2 2 2 2 2 2 2 2 2 2 2 2 2 2 2 2 2 2 2 2 2 2 2 2 2 2 2 2 2 2 2 2 2 2 2 2 2 2 2 2 2 2
left_child=1 2 7 -4 12 6 11 14 13 10 -8 -6 -5 -9 -1 -15 -7 18 19 29 21 22 23 24 25 -20 -25 -26 -27 30 -2 -31 -32 34 38 36 37 -19 -33 42 41 -10 43 45 -45 -16
right_child=17 -3 3 4 5 16 9 8 40 -11 -12 -13 -14 15 39 -17 -18 35 20 -21 -22 -23 -24 26 27 28 -28 -29 -30 31 32 33 -34 -35 -36 -37 -38 -39 -40 -41 -42 -43 -44 44 -46 -47
leaf_value=-0.062135132169131295 0.10387949697805753 -0.075620411420120132 0.06422572012574114 -0.018649008836263671 -0.084078370591190291 -0.011755005993381836 0.053323100230913356 0.0023313739011810663 -0.081394086183563696 0.059225427095575246 -0.083853659042492257 0.028838485179298008 -0.13550121513026894 -0.012042624333597532 0.00879491883908806 -0.14527275047306584 -0.11772813358085578 0.12263625113880075 -0.015265184527894037 0.067673740587960551 0.053609380374419695 -0.095249917661996947 -0.074862213987415022 0.12070153183125858 -0.13491132009326295 -0.0066872153805693692 0.0078063294902332324 -0.027982867916905008 0.11501926320298056 -0.070759703540229341 -0.051575726897906425 0.066247323356757384 0.051036443476317798 -0.061309083709737165 0.087892424253168414 -0.0015829904492820832 -0.012747944792123557 0.0058815483177638997 -0.020787851866604132 0.076990202727353158 0.047584322473694311 0.042243846232943798 -0.065128611963159139 0.028653020627554336 -0.062406012412467855 0.041712233705870405
leaf_weight=3.8890965692698947 8.7519531250000018 4.4340558275580397 8.4564661495387536 5.618521571159361 7.6047798767685872 7.3622050583362562 5.2098732739686966 5.5433500148355952 5.5684103518724459 21.184722118079669 5.1523634493350929 4.5417144931852818 5.0179399847984314 3.2111641615629187 52.683992456644773 4.9573538675904265 4.7815579213202 6.0378259196877497 28.300684660673141 26.466842696070671 12.3426571264863 4.6266739368438712 5.8035468459129325 3.5134312734007827 7.9766485542058945 4.094588428735733 151.03550579026341 7.9246331304311735 5.9217448979616147 8.7144638001918775 6.2799115478992462 5.1102012842893592 7.7958373725414258 5.1822174191474906 9.0822703838348371 3553.5082238018513 6.8734499588608733 4.2520228922367096 18.346067339181904 11.657308351248501 12.726464241743086 4.4763795733451843 3.3466020673513404 13.78331755846739 9.6363999508321267 100.39013058692217
leaf_count=20 38 21 61 33 39 37 23 34 29 117 24 38 25 19 348 30 29 35 150 139 77 26 30 16 31 24 735 34 35 35 25 20 31 21 39 17330 35 28 74 67 82 21 18 74 47 547
internal_value=0.000388732 0.0114478 0.0128531 -0.00570093 -0.0151292 -0.00240455 0.0130957 0.0188828 -0.0127016 0.0347859 -0.0148683 -0.041754 -0.0781031 -0.057938 0.0248385 -0.0975365 -0.0571197 -0.000493588 0.00900025 0.0278652 0.00112286 -0.00191144 0.000280727 0.00258174 -0.020598 0.00649848 0.0108054 -0.0845874 0.0665536 0.0121628 0.0443593 -0.00379851 0.00450825 0.0121852 0.0248831 -0.00136712 0.0416529 0.07764 -0.000505439 0.0268037 0.0148536 -0.0261467 0.0233018 0.0252031 -0.00900145 0.0305006
internal_weight=4209.18 311.234 306.8 74.9301 66.4737 55.8372 43.6935 231.87 36.4831 31.547 10.3622 12.1465 10.6365 13.7119 195.387 8.16852 12.1438 3897.94 327.27 95.7298 231.54 219.197 214.571 208.767 54.2183 38.317 154.549 15.9013 10.0163 69.2629 22.8277 46.4352 14.0757 37.7208 32.5385 3570.67 17.1633 10.2898 23.4563 191.498 22.7713 10.0448 179.84 176.494 23.4197 153.074
internal_count=20791 1783 1762 426 365 307 241 1336 215 164 47 77 58 83 1121 49 66 19008 1580 422 1158 1081 1055 1025 274 209 751 65 59 283 94 189 56 154 133 17428 98 63 94 1101 132 50 1034 1016 121 895
is_linear=0
shrinkage=0.08


Tree=48
num_leaves=47
num_cat=0
split_feature=92 10 22 0 61 12 62 89 69 77 17 74 67 49 17 42 65 89 89 49 58 89 2 97 69 2 51 11 59 31 54 53 85 58 49 85 39 31 72 94 61 44 77 88 75 33
split_gain=6.8652 9.48251 6.20032 5.36746 7.14032 5.69835 6.72761 6.96008 7.14747 7.05085 5.97325 5.6204 6.94627 7.37459 6.77062 10.038 8.09314 6.5557 5.93886 8.40492 7.86089 5.8673 7.40277 5.76997 5.69367 5.60024 5.39494 5.50632 7.30472 6.61696 7.21725 9.39545 6.6001 6.7895 6.24471 5.52119 5.39506 5.36468 5.3059 5.16485 5.00213 4.93196 4.92619 8.28508 8.79152 6.9496
threshold=0.8536181550530112 -3.4999999999999996 187.50000000000003 398.46570441123112 0.033049999999999961 -13.199999999999994 -0.066199999999999828 -7.4400000000000022 0.45000000000000112 0.045749999999999957 -17.699999999999992 -3.1000000000000001 -4.099999999999997 0.80322580645161301 -6.8000000000000034 -83.339731777404936 -1.2999999999999978 0.41999999999999998 -2.4100000000000015 0.37354651162790703 10.9 -5.7199999999999944 -0.20252030307154836 6.8500000000000041 -8.3999999999999986 0.26394039901502592 6.5000000000000009 -15.399999999999997 -2.2578628953628903 1106.4935851468797 -4.5000000000000062 6.4000000000000137 -1.5800000000000052 -3.6999999999999953 0.43534002229654406 0.92000000000000892 -0.12152654245714478 1298.8661613428028 -1.0000000180025095e-35 -0.23838491700585368 -0.016049999999999946 -0.12666964020220031 0.0030499999999999508 4.9400000000000039 2.3999999999999995 1.0000000180025095e-35
decision_type=2 2 2 2 2 2 2 2 2 2 2 2 2 2 2 2 2 2 2 2 2 2 2 2 2 2 2 2 2 2 2 2 2 2 2 2 2 2 2 2 2 2 2 2 2 2
left_child=2 -2 3 5 -5 6 -1 -8 9 41 -7 12 26 14 15 -14 -17 18 19 20 25 -21 -23 38 -13 -16 27 -12 32 30 -30 34 33 39 -32 -34 -33 -4 -24 -29 -10 -9 43 -43 -45 -44
right_child=1 -3 37 4 -6 10 7 8 40 -11 11 24 13 -15 17 16 -18 -19 -20 21 -22 22 23 -25 -26 -27 -28 28 29 -31 31 36 35 -35 -36 -37 -38 -39 -40 -41 -42 42 45 44 -46 -47
leaf_value=-0.054928366750735778 -0.14766948981163289 0.044701980990934809 0.061046010206310675 -0.10239422915420633 0.045946981515319514 -0.074769786865850771 -0.057603373947481121 0.0822277913171333 0.10949055674980807 -0.061579281107509605 -0.083617511548599158 -0.057367500307893213 -0.12137262815769349 -0.060012784604962122 0.084548841964680044 -0.064025218955232874 0.040085125186294375 -0.054394646890944476 0.07224084209659741 0.032075038829628359 -0.033848575984296782 0.04830498724314549 -0.011385941677339712 0.032339898260165839 -0.0013496682238492202 0.0026000336516474355 0.071797833883167475 -0.020825368406750026 -0.076955797236217385 -0.080024468636065799 -0.0082893441556958145 0.0046006717321115751 0.10137525752273897 -0.049345898263161971 0.083582577962752244 -0.0014892557175024757 -0.072027184667968536 -0.031198632702652655 -0.094822705838539939 0.072322742498353645 0.033046379936095036 0.010059219412212687 0.072497507089220994 -0.14457272345317501 0.010755510183298154 -0.019158862124703763
leaf_weight=8.9895152971148473 1.2254127264022816 33.292032193392515 17.976310938596729 6.5379773154854757 2.519123375415802 6.4796017929911605 7.9925963282585135 5.9342427253723136 6.5326275974512091 7.9141691997647277 5.5592809543013564 11.158455587923525 4.0613577887415913 6.48232527822256 28.120126761496067 6.3052723631262841 15.440790258347983 5.0349529311060897 22.035847060382366 35.413912273943424 5.0757262185215941 8.5326018407940847 9.6999452561140078 5.7089888826012603 3572.5497432127595 6.8501859083771697 4.9862820431590071 6.2121422886848441 8.0262637659907323 10.093439273536204 7.7646031677722958 12.521295286715025 8.8521773070096952 10.855096906423571 10.78149192035198 4.9366436302661887 10.206664144992834 4.6981994658708564 10.195569634437563 8.3133417144417745 32.424928732216358 169.82050869986415 16.626167666167024 4.1934938281774503 4.3323879092931747 7.2314085885882369
leaf_count=45 8 447 86 47 19 37 38 27 36 45 29 58 21 30 141 32 87 26 108 158 23 39 42 33 17241 45 22 27 37 44 37 54 45 46 44 23 46 23 40 37 205 952 85 21 22 33
internal_value=0.00035833 0.0356331 6.03268e-05 -0.000168205 -0.0600526 -2.80354e-05 0.0111517 0.0135406 0.0159101 0.0101182 -0.000817531 -0.000681713 0.0102607 0.0204091 0.0238411 -0.0133173 0.00877816 0.0309391 0.0344572 0.0264941 0.0554969 0.0094037 -0.0140081 -0.0356077 -0.0015343 0.0689847 -0.00540283 -0.00950179 -0.00483972 -0.0225185 -0.00989916 0.00371436 0.0217114 -0.00242287 0.0454911 0.0652246 -0.0302766 0.0413268 -0.0558122 0.0325861 0.0472927 0.0130238 0.0107556 0.00607625 -0.0685336 0.0445643
internal_weight=4206.5 34.5174 4171.98 4149.3 9.0571 4140.25 271.992 263.003 255.01 216.052 3868.25 3861.77 278.066 168.958 162.475 25.8074 21.7461 136.668 131.633 109.597 40.046 69.551 34.1371 25.6045 3583.71 34.9703 109.109 104.122 98.5632 59.3938 49.3003 41.2741 39.1694 25.3806 18.5461 13.7888 22.728 22.6745 19.8955 14.5255 38.9576 208.138 202.204 178.346 8.52588 23.8576
internal_count=20791 455 20336 20227 66 20161 1509 1464 1426 1185 18652 18615 1316 825 795 140 119 655 629 521 209 312 154 115 17299 186 491 469 440 262 218 181 178 110 81 68 100 109 82 64 241 1140 1113 995 43 118
is_linear=0
shrinkage=0.08


Tree=49
num_leaves=47
num_cat=0
split_feature=92 10 40 2 56 95 16 40 93 55 58 38 46 92 52 43 50 70 45 94 67 44 97 4 13 46 59 96 3 56 26 43 56 19 44 46 55 0 70 39 87 0 20 52 68 11
split_gain=5.97762 8.19912 4.73013 14.789 10.5322 8.73173 7.89 7.84256 8.05817 8.35578 9.94009 7.75079 6.91446 6.85975 7.76205 7.63354 6.44097 6.37718 6.3733 6.32044 6.26509 6.2221 6.53969 6.04841 7.68964 5.65663 6.34327 7.75038 5.8455 5.62721 6.16563 7.63233 6.57715 7.41064 6.24813 5.61824 5.58526 5.27136 5.21177 10.5331 7.41176 9.92624 7.1966 9.63951 6.96756 6.90854
threshold=0.8536181550530112 -3.4999999999999996 -95.033711138323596 -0.32471139971139967 -13.950000000000001 -0.3033230192904689 -6.5499999999999963 -55.994045304019998 208.75000000000003 -10.700000000000001 7.3500000000000023 0.64655331940297733 0.30068493150684933 -0.41064210533873235 -9.4999999999999982 -2.2410977001140933 1.5000000000000002 -0.40000000000000008 196.09301086499423 -1.8893222317086116 1.2500000000000002 -0.15999999999999992 -22.219829612420586 -0.47277416673402201 -14.699999999999994 0.5337121212121213 -7.0455969469127373 0.037615609526650905 -0.23426373766768502 5.549999999999998 1.0000000180025095e-35 -2.0027472527472523 2.4500000000000033 -0.17999999999999997 -0.084772256728778431 0.6039701257861636 -2.1999999999999953 -169.23792893401739 -1.2000000000000004 -0.80750282963721254 2.0000000000000013 -277.52581164997144 -21.579999999999995 -12.499999999999998 1.6999999999999995 -16.199999999999992
decision_type=2 2 2 2 2 2 2 2 2 2 2 2 2 2 2 2 2 2 2 2 2 2 2 2 2 2 2 2 2 2 2 2 2 2 2 2 2 2 2 2 2 2 2 2 2 2
left_child=2 -2 3 5 -5 6 12 8 9 -4 16 -8 -1 18 15 23 -11 -10 20 -13 -9 -6 -23 -15 -25 26 -24 29 35 30 34 -32 33 -33 -28 -27 -26 -36 39 -20 42 -42 43 -40 45 -44
right_child=1 -3 7 4 21 -7 11 13 17 10 -12 19 -14 14 -16 -17 -18 -19 38 -21 -22 22 25 24 36 28 27 -29 -30 -31 31 32 -34 -35 37 -37 -38 -39 40 -41 41 -43 44 -45 -46 -47
leaf_value=-0.041092089949883163 -0.13186394730536199 0.042734425225161056 0.096449069698433698 0.072072326434604983 0.045045577103493536 -0.032305659566687579 0.13818809816255909 -0.040351119374851099 0.14161680360578163 -0.065086553645851558 0.065332533153045907 -0.011594867029598036 0.062859069307277415 0.071621802890855971 0.00058835081664254804 0.10915603651219793 0.03831502067078929 0.040461012274610762 0.05281014592819281 0.10611010901762746 0.034979345015713779 -0.087136537758245952 -0.070201675911929745 -0.093587082314946862 -0.019008078945151746 -0.064237206328299837 0.11113773613989311 0.070921681021758942 -0.11175582442751543 -0.051358721723732292 -0.089975588987492208 0.044026917961788356 0.06202467204366123 -0.066023301400348622 0.06785059824586849 0.042100893105614885 0.03862128524089397 -0.040320797388506253 -0.061426294061791106 -0.058368951707918545 -0.012725024219563888 0.1298182203207304 -0.055950974445883574 0.082863976263075012 -0.084884577746495576 0.0024754536073988359
leaf_weight=9.0906383544206566 1.3182725682854641 32.111498583108187 4.8471100330352774 6.1474676579236975 6.0219929814338675 11.809139057993887 7.9356638193130555 65.565644301474094 5.2203987687826183 15.839691005647188 7.1437900215387335 7.2114200592040989 6.6346160098910323 10.759441286325453 3616.8456840701401 6.275135025382041 4.5752303749322882 16.938917607069016 6.5050687119364765 4.2029331475496301 7.4133320599794379 13.488740578293799 12.556053049862383 3.9792113900184622 17.019511356949803 8.4201348572969454 4.6439500302076331 6.4528340101242057 9.1513274461030942 21.139641657471657 7.5017943233251527 5.5351194590330115 7.1391737908124915 10.611687034368527 4.3599305301904669 4.4259365350008002 27.151125222444538 6.5629128515720359 3.4681321009993544 24.179704517126083 5.7220543622970581 5.9610113576054555 14.338121980428694 11.480317845940588 6.9725601226091376 100.20076162368059
leaf_count=56 8 447 23 29 28 52 43 307 19 74 33 44 36 52 17602 27 21 64 34 17 34 80 59 18 76 37 20 28 37 90 34 25 29 44 20 20 117 28 24 142 38 27 79 73 38 558
internal_value=0.000328513 0.0337718 5.44354e-05 -0.0125726 -0.0260994 0.0258322 0.0458099 0.000631115 0.0306142 0.00468231 -0.0126039 0.0793614 0.00285826 0.000209356 0.00108565 0.0283428 -0.0411685 0.0672439 -0.0125493 0.0337086 -0.0324041 -0.0311382 -0.0351328 0.0187535 0.00616062 -0.0282243 -0.0186689 -0.00939856 -0.0641945 -0.0176604 -0.00173767 -0.022567 0.000247822 -0.0276283 0.0383806 -0.0267958 0.0162727 0.00323623 -0.00433425 -0.034074 0.0018658 0.0616906 -0.00340423 0.0479653 -0.00995999 -0.00498029
internal_weight=4202.87 33.4298 4169.45 181.043 134.159 46.8844 35.0753 3988.4 54.5651 32.4058 27.5587 19.35 15.7253 3933.84 3682.03 65.1844 20.4149 22.1593 251.807 11.4144 72.979 128.011 121.989 58.9093 48.1498 108.5 86.5031 73.947 21.9974 67.4942 46.3546 30.7878 23.286 16.1468 15.5668 12.8461 44.1706 10.9228 178.828 30.6848 148.143 11.6831 136.46 14.9484 121.511 114.539
internal_count=20791 455 20336 856 608 248 196 19480 234 151 128 104 92 19246 17892 290 95 83 1354 61 341 579 551 263 211 471 377 318 94 290 200 132 98 69 68 57 193 48 1013 176 837 65 772 97 675 637
is_linear=0
shrinkage=0.08


Tree=50
num_leaves=47
num_cat=0
split_feature=83 77 17 88 63 90 84 46 18 75 75 31 63 20 7 74 72 70 15 19 46 73 4 65 46 77 39 74 39 16 17 72 31 17 77 95 31 18 77 82 63 49 69 94 61 31
split_gain=6.67938 8.56823 9.88019 9.14907 7.34085 11.8141 7.6255 6.58941 10.4119 9.25759 8.1468 7.9906 7.36468 9.60871 6.62615 7.42362 10.597 6.55552 7.2367 9.24302 10.9568 8.23131 8.17291 7.88267 11.6294 12.4007 11.261 10.2827 8.16785 7.41362 10.7808 6.98783 8.34174 9.59225 6.94142 6.81359 6.36178 7.56266 9.75604 8.5733 8.51984 7.68804 6.4464 6.33628 6.32425 6.31774
threshold=-2.7850000000000033 0.055650000000000005 -0.54999999999999705 2.2600000000000002 0.048000000000000057 5.2500000000000009 -1.0599999999999949 0.43503836317135552 10.320000000000007 0.19999999999999971 3.9499999999999997 1512.2227796541413 -0.00099999999999989984 4.3400000000000007 -17.833333333333329 0.90000000000000002 1.8000000000000005 5.1000000000000023 11.550000000000002 0.42000000000000004 0.69268849961919277 0.8999999999999998 0.37899108016321098 0.3499999999999997 0.68123905080426839 -0.012799999999999949 -0.65255105739252084 -2.8999999999999995 -0.99189211868856608 6.9500000000000037 1.5499999999999974 -1.0999999999999996 998.81005761641643 -5.1499999999999977 -0.0010999999999999498 0.41628695635497576 656.67847046575855 -1.7600000000000038 -0.0082499999999999483 -8.7400000000000002 0.019600000000000051 0.3066239316239317 -2.3999999999999999 0.89595836486794156 -0.018399999999999948 998.81005761641643
decision_type=2 2 2 2 2 2 2 2 2 2 2 2 2 2 2 2 2 2 2 2 2 2 2 2 2 2 2 2 2 2 2 2 2 2 2 2 2 2 2 2 2 2 2 2 2 2
left_child=1 7 3 4 5 6 -3 8 9 11 17 12 44 -14 -11 -16 -17 18 19 23 21 43 -20 24 29 45 27 -25 -29 30 36 -28 -33 -34 -23 -27 37 -9 39 -39 -40 -41 -38 -21 -1 -26
right_child=-2 2 -4 -5 -6 -7 -8 10 -10 14 -12 -13 13 -15 15 16 -18 -19 22 20 -22 34 -24 26 25 35 31 28 -30 -31 -32 32 33 -35 -36 -37 42 38 40 41 -42 -43 -44 -45 -46 -47
leaf_value=0.022715915263320431 -0.00094464824563253967 -0.052433320890284664 -0.070903349685342149 0.054843589442164442 0.025022953486760459 -0.10439132001020918 0.059809049600430327 -0.064541511098689303 -0.07089022792533968 0.067538306104750895 0.067659991072759523 -0.074248804807271307 -0.051366542135358052 0.04921128260095773 -0.073836753886805759 -0.03496778394757713 0.069596975051245569 -0.064225050033507383 0.089635649184819075 -0.051425480494172213 0.050984272051584296 -0.025934251711365174 0.022700988798091796 0.089000702021758402 0.044489490446380175 -0.11454611492449827 -0.0050115601780552164 0.021827114151003513 -0.08002322599644518 0.077787647757744896 -0.073196879257656958 0.06130156869231336 -0.070813557497340029 0.056991451384786666 -0.15870761522324267 -0.01441226437806401 -0.0069767295317174358 -0.071893243690668671 0.074055232746944602 -0.057535549683796011 -0.047840937060138027 0.053049139724431538 0.057077940401216276 0.057805640580263606 0.085105415967896919 -0.05818254085784659
leaf_weight=27.190597541630265 3572.4084768556058 7.3472395613789523 16.685869067907333 13.406950391829012 14.180647764354942 11.437212385237215 7.1380880214273983 9.5961979776620776 12.830314099788664 4.280242756009101 18.625585079193115 4.6483033448457709 13.255215913057329 10.366082035005091 16.403537712991238 23.172204896807674 7.8898141011595717 6.2210176847875109 15.661200087517498 9.1528295725584048 7.6845182888209811 4.6635970696806908 46.081657029688358 4.1740437299013164 12.03866394236684 12.210919082164766 17.008392348885536 7.6406955048441931 12.863126792013642 10.464051410555838 8.9301492869853956 72.833406776189804 6.8689901754260063 7.1520863324403745 6.2088618762791139 7.1546849384903899 13.958239473402498 11.375165417790408 18.06067147105934 5.5308665856719044 4.121651090681552 11.494208708405493 32.809494145214558 4.7211956307291976 17.435049138963226 5.0017263665795317
leaf_count=125 17455 45 80 94 103 77 46 42 62 20 98 21 60 48 77 108 37 31 91 38 56 27 346 24 65 56 80 42 64 51 37 364 34 36 31 48 68 59 92 32 20 57 165 37 80 25
internal_value=0.000382103 0.00805932 -0.0181233 -0.00101298 -0.0203289 -0.045445 0.00249377 0.0114426 -0.00365868 0.00345367 0.01652 0.0218176 0.0289695 -0.00679168 -0.022224 -0.0311048 -0.00747287 0.0139845 0.0153491 0.0104932 -0.0296367 -0.0555027 0.0403913 0.0150317 0.00325727 -0.0362156 0.0298069 -0.0182573 -0.042072 0.0147927 0.0087255 0.0413364 0.0504809 -0.00535228 -0.106104 -0.0792479 0.0159494 -0.00116456 0.0112163 -0.019531 0.0504979 0.0160509 0.0379194 -0.0129808 0.0479414 0.0130974
internal_weight=4190.38 617.975 70.196 53.5101 40.1032 25.9225 14.4853 547.779 137.471 124.641 410.308 72.8952 68.2469 23.6213 51.7458 47.4656 31.062 391.682 385.461 323.718 32.431 24.7465 61.7429 291.287 162.747 36.406 128.541 24.6779 20.5038 126.341 115.877 103.863 86.8545 14.0211 10.8725 19.3656 106.946 60.1788 50.5826 28.4002 22.1823 17.0251 46.7677 13.874 44.6256 17.0404
internal_count=20754 3299 445 365 271 168 91 2854 638 576 2216 334 313 108 242 222 145 2118 2087 1650 189 133 437 1461 817 194 644 130 106 623 572 514 434 70 58 104 535 302 260 148 112 89 233 75 205 90
is_linear=0
shrinkage=0.08


Tree=51
num_leaves=47
num_cat=0
split_feature=92 92 5 87 3 49 58 5 81 13 4 77 40 80 32 57 17 69 49 12 79 95 39 53 60 91 5 17 17 63 89 58 18 95 31 81 93 60 13 58 64 31 37 38 28 38
split_gain=7.98144 6.56472 14.5775 6.76133 9.39055 8.58865 7.20151 9.01484 8.18549 8.54498 8.28634 8.31113 7.1617 7.53659 7.49223 8.46043 10.7588 7.0997 7.00917 10.3867 6.76616 6.65792 6.56005 7.01893 6.548 6.461 13.6837 15.9819 11.6493 9.93218 11.0889 9.51075 9.91246 9.38608 9.32954 8.84002 9.52123 9.34963 8.38996 8.33054 9.30372 8.80345 7.13379 8.59134 8.88003 8.8787
threshold=0.90895333743253415 0.46471550823930935 -5.6666666666666776 2.3299999999999996 -0.22183068971604866 0.29864864864864871 7.1499999999999995 2.0000000000000075 2.9900000000000024 -5.6500000000000048 -0.11593730538846485 0.051000000000000052 42.382617879083462 13.4 -1014.6369104596255 1.7000000000000031 -8.9500000000000011 -1.0000000180025095e-35 0.41240409207161127 -8.4999999999999982 0.030866186941414454 0.35533126909615081 -0.3985761925887874 -11.6 -0.0089999999999999473 4.2500000000000009 9.6666666666666661 -13.549999999999995 6.3500000000000023 0.027100000000000051 -5.6299999999999963 9.7500000000000018 -16.639999999999986 0.55949086485351296 1.0000000180025095e-35 6.8400000000000114 190.75000000000003 0.037699999999999907 4.4000000000000137 2.649999999999999 2.3999999999999999 358.43787887737921 1.1331675462612394 0.39227599915072314 1.0000000180025095e-35 1.0423868122176281
decision_type=2 2 2 2 2 2 2 2 2 2 2 2 2 2 2 2 2 2 2 2 2 2 2 2 2 2 2 2 2 2 2 2 2 2 2 2 2 2 2 2 2 2 2 2 2 2
left_child=1 3 -3 12 5 -5 8 -8 9 -6 -11 22 25 14 -14 16 -16 -18 19 -19 -13 -20 23 -12 -7 -1 29 -28 34 31 -31 33 -33 -27 -29 36 38 42 -36 -32 41 -41 43 -38 45 -45
right_child=-2 2 -4 4 6 24 7 -9 -10 10 11 20 13 -15 15 -17 17 18 21 -21 -22 -23 -24 -25 -26 26 27 28 -30 30 39 32 -34 -35 35 -37 37 -39 -40 40 -42 -43 -44 44 -46 -47
leaf_value=0.0012373457383760226 0.082414712106147259 0.038561773272946021 0.00299802148963591 -0.093349411848726374 0.067166310379412716 0.022015863428162242 0.035006224696427592 -0.082159837092084256 0.094266413518232825 -0.062918452932762631 0.066621214451222349 -0.10706663842683573 0.050288772917792393 -0.1131031826339411 0.0095657296503664242 0.0039979194598068037 -0.11820049619560255 0.011093518750417704 -0.042600819437910636 -0.10563018693489795 0.02314617393869178 0.070323568954627866 0.054614350450002361 -0.037345592923255441 -0.025389020945189106 -0.00097081902114724155 -0.1387566117875309 0.050723673154250325 0.057474095238358405 0.039818287128035576 -0.094907130373185461 0.05198068627382707 -0.03479964095676108 0.026797365542997942 -0.030244330428407334 0.034383941051964503 0.0021730667504638447 -0.11071942411062631 -0.16817196203138379 0.05411970578550452 0.078205790081963308 -0.068933952051101102 0.06166347351060978 -0.084204795229194093 0.0070600261776504348 0.01210535085437797
leaf_weight=2086.9341887608171 7.072671726346015 83.428576447069645 616.38409444317222 6.4217168986797324 23.516382709145546 39.376617878675461 8.069963224232195 7.717222459614276 12.567321036010979 7.9105198532342902 5.5646044164896038 4.8570628315210325 9.3131519891321641 4.978979989886283 18.627702377736568 44.609444968402386 10.732412867248057 6.7829436063766435 7.5512955486774427 15.184753134846693 4.4460876956582069 5.1994842886924744 34.050452902913101 12.648086778819552 34.528138250112534 691.32397910952568 7.5616782382130614 8.2772070914506894 10.274368926882742 9.6262587457895261 17.674369990825653 8.9160055145621282 78.489552706480026 87.238974757492542 5.559022903442381 10.373992726206778 32.139312833547592 8.5584502965211851 6.3007524386048317 4.1896313577890458 4.272308036684989 17.941387057304382 5.2247062027454367 34.410517647862434 13.116853594779966 7.118757799267768
leaf_count=9501 117 499 4074 29 105 189 35 34 62 36 29 21 42 21 102 223 50 34 32 78 22 28 155 60 166 3251 33 38 47 44 77 47 371 440 28 46 138 36 33 19 20 79 24 148 58 33
internal_value=0.00035554 0.000204939 0.0072737 -0.00121503 0.0129786 -0.00813533 0.0269967 -0.0225406 0.034552 0.0259355 0.0114853 0.021604 -0.00209242 -0.0209972 -0.0165825 -0.0225898 -0.0411108 -0.0619324 -0.0428802 -0.0697886 -0.0460137 0.0037595 0.0341139 -0.00422129 -4.58568e-05 -0.0013499 -0.00640845 -0.0288691 -0.0224659 -0.00274916 -0.035973 -0.000659943 -0.0256111 0.00214557 -0.0289872 -0.0346087 -0.0411697 -0.0327133 -0.108007 -0.0529658 -0.0233508 -0.0446041 -0.0248117 -0.0304328 -0.0496004 -0.0675578
internal_weight=4187.06 4179.99 699.813 3480.18 201.674 80.3265 121.348 15.7872 105.561 92.9932 69.4768 61.5663 3278.5 122.98 118.001 108.688 64.0786 45.4509 34.7185 21.9677 9.30315 12.7508 52.2631 18.2127 73.9048 3155.52 1068.59 148.916 141.354 919.672 53.704 865.969 87.4056 778.563 131.08 122.802 112.428 100.569 11.8598 44.0777 26.4033 22.131 92.0101 86.7854 54.6461 41.5293
internal_count=20754 20637 4573 16064 943 384 559 69 490 428 323 287 15121 610 589 547 324 222 172 112 43 60 244 89 355 14511 5010 662 629 4348 239 4109 418 3691 582 544 498 437 61 195 118 98 401 377 239 181
is_linear=0
shrinkage=0.08


Tree=52
num_leaves=47
num_cat=0
split_feature=96 4 79 90 41 16 4 43 43 96 62 93 3 63 5 46 10 90 41 78 13 39 44 39 2 80 82 70 13 78 78 79 79 32 67 78 77 43 60 31 39 46 32 56 19 32
split_gain=6.12468 7.63479 7.31045 6.45643 6.07109 12.9194 10.3655 8.0967 7.86932 7.47818 9.67157 7.86399 7.49725 7.03535 9.49834 9.78697 9.34523 8.83374 6.56907 7.02687 8.86279 6.19746 5.98013 5.89992 5.82061 7.09933 5.8142 8.00225 7.84504 6.60505 11.8902 11.1222 10.5263 8.54842 8.44803 8.12141 7.96168 7.85667 8.35391 7.07354 11.8596 12.3768 8.7599 15.2926 10.6436 9.02258
threshold=-0.92993554779835308 0.23684484770543809 0.022625377945503202 14.250000000000002 132.73513102865778 4.1499999999999995 -0.25652537705005668 -1.0328769591064673 0.3808172701615325 -0.88240405890826312 -0.011199999999999847 203.25000000000003 -0.63850198863517771 -0.00099999999999989984 -3.6666666666666781 0.23354978354978354 -20.299999999999994 5.7500000000000009 93.824359223315255 0.0024891889063654508 0.70000000000001006 -0.19045110751418595 -0.089520202020201986 -0.83454134288349457 0.21866952547948401 15.120000000000021 -6.5799999999999903 5.700000000000002 22.300000000000008 0.0024891889063654508 0.0097907685837950505 0.018063671703456553 0.005437334877700351 -1.0000000180025095e-35 0.75000000000000011 0.0070383206857833509 -0.025049999999999947 -0.071233411397345778 -0.071099999999999927 483.6850705578392 0.97304363393402415 0.54598308668076123 -393.57467594171004 -0.30000000000000415 0.42000000000000004 -358.43787887737909
decision_type=2 2 2 2 2 2 2 2 2 2 2 2 2 2 2 2 2 2 2 2 2 2 2 2 2 2 2 2 2 2 2 2 2 2 2 2 2 2 2 2 2 2 2 2 2 2
left_child=1 -1 3 4 9 6 13 -8 23 10 -2 -12 -11 17 15 -15 -17 -6 26 20 -20 -7 -10 -9 -5 -26 27 -14 29 31 34 32 39 -34 -31 -36 -37 -32 -39 40 42 -42 43 44 -28 -44
right_child=2 -3 -4 24 5 21 7 8 22 12 11 -13 18 14 -16 16 -18 -19 19 -21 -22 -23 -24 -25 25 -27 28 -29 -30 30 37 -33 33 -35 35 36 -38 38 -40 -41 41 -43 45 -45 -46 -47
leaf_value=-0.0082919524848830781 -0.038146969982031716 0.048073360127613686 0.016052548457905765 -0.030405572200737207 0.069391879146491059 -0.082854050201735155 0.079081981126643011 0.038835845733325061 -0.002009071616080659 -0.045460875010649292 0.023051306222023241 0.11213879512585012 0.011556168596121795 0.054670610173468165 0.078081530738666527 0.022587594727273022 -0.07954817522682997 -0.049595374785330493 -0.026854010070244433 -0.085717860006646412 0.071671402702234141 0.021551402342757878 0.092225010267059704 -0.037763431342060318 0.070883532899928881 -0.081530497319993372 0.013026128951446248 -0.09656006696057208 -0.1021606782242175 -0.046066184546595966 0.013620415158553639 -0.094925724458373537 0.049766204792072027 -0.0087672285926726507 0.0193489674108706 -0.12173409692142036 -0.0097363768026325313 -0.12214466669852138 -0.010070574756741292 -0.0034801292785230508 0.00038937611058856167 -0.089119331585606559 -0.030784508442791958 0.062371349345878846 -0.098269709977263545 0.0070507662682980313
leaf_weight=621.00012469291687 8.1462582498788816 15.241500802338122 211.01404546573758 5.6967546455562141 14.705901384353639 11.039237290620802 27.275065392255783 10.508823007345198 6.1377232670784023 23.348342835903168 16.740598373115066 10.384320899844168 326.34508904069662 6.0223078057169905 5.0507526993751517 7.3209378868341437 21.765260174870495 4.9311757385730735 42.763306811451912 10.179536357522009 6.2384657114744178 4.9035171866416922 12.64444365352392 14.916608244180681 20.375633748248223 1.6951316073536862 47.994184818118811 3.9311793744564048 4.4118309020996085 80.814164120703936 127.76223310083151 7.2556852772831908 49.043437123298645 23.052490003407001 32.78185074031353 5.5864140093326595 13.065396405756472 3.9158923625946036 139.76742006838322 1378.9203633666039 23.722883813083172 16.233220994472504 42.403337303549051 48.051163505762815 5.7021931223571292 661.77720621973276
leaf_count=3158 39 69 1030 33 61 47 114 43 25 116 82 45 1734 30 24 31 99 24 182 43 27 21 53 65 274 17 230 19 30 357 577 33 228 107 152 27 60 17 661 6851 106 78 205 244 32 3254
internal_value=0.000329525 -0.00689244 0.00162825 0.000711006 0.000383137 0.0162362 0.0245719 0.0450215 0.0231787 -0.000355286 0.0360107 0.0588589 -0.000773986 0 -0.0191965 -0.0343156 -0.0536231 0.0386255 -0.000427752 -0.026713 -0.0135518 -0.0505766 0.0617623 -0.0056565 0.0387849 0.0572762 8.52059e-05 0.0101011 -0.00113313 -0.000946747 -0.0103808 0.000704535 0.0010307 0.0310086 -0.0300032 -0.0044101 -0.046001 -0.000753704 -0.0135935 4.89039e-05 0.00580988 -0.0364301 0.00793525 0.0298335 0.00026208 0.00474088
internal_weight=4182.58 636.242 3546.34 3335.33 3307.56 147.222 131.279 71.4827 44.2076 3160.34 35.2712 27.1249 3125.07 59.7963 40.1593 35.1085 29.0862 19.6371 3101.72 59.1813 49.0018 15.9428 18.7822 25.4254 27.7675 22.0708 3042.54 330.276 2712.26 2707.85 403.693 2304.16 2296.9 72.0959 132.248 51.4337 18.6518 271.446 143.683 2224.8 845.884 39.9561 805.928 101.748 53.6964 704.181
internal_count=20754 3227 17527 16497 16173 637 569 300 186 15536 166 127 15370 269 184 160 130 85 15254 252 209 68 78 108 324 291 15002 1753 13249 13219 1851 11368 11335 335 596 239 87 1255 678 11000 4149 184 3965 506 262 3459
is_linear=0
shrinkage=0.08


Tree=53
num_leaves=47
num_cat=0
split_feature=92 92 5 87 95 82 80 45 52 38 43 14 18 95 3 89 63 55 49 43 58 39 55 8 10 59 53 44 46 63 8 43 64 97 35 56 38 46 39 56 95 43 56 93 11 38
split_gain=7.01132 5.32519 12.7378 6.30101 8.5273 8.2393 8.71194 7.52986 9.45004 8.06423 8.72329 9.35089 7.62141 7.42178 8.44774 9.98404 7.4152 7.18379 9.58412 9.16108 11.9028 8.44808 10.5213 6.94667 9.77506 8.76164 11.3016 8.6406 7.78299 9.79403 7.43178 7.06091 9.08928 6.92466 10.0005 9.62078 6.97505 6.68752 6.66952 6.45425 6.15484 7.75105 6.00334 10.8363 9.44408 6.77626
threshold=0.90895333743253415 0.46471550823930935 -6.0000000000000062 0.42000000000000087 -0.65397194862305574 3.1300000000000101 4.0699999999999941 135.37713189437912 -3.4999999999999996 0.40251431900720508 3.2602834324145804 0.55000000000000016 -2.3199999999999967 1.5727977049412609 0.52756036146259144 0.41999999999999998 0.015300000000000102 -2.7000000000000024 0.56787469287469305 -1.3287695910646729 1.3000000000000045 -0.54575667776588299 -12.099999999999993 18.000000000000011 15.500000000000002 15.335416666666676 -1.7999999999999898 0.15629142910119131 0.78611556982343511 -0.0021999999999999498 1.9999999999999931 0.75890229988590652 -0.20000000000000012 4.8196145245000013 1.0000000180025095e-35 6.1499999999999995 1.3089406558631922 0.59063526834611191 0.10350100224164197 -10.950000000000001 1.9190771510784093 -0.15615804960067248 6.6999999999999966 213.75000000000003 15.099999999999996 0.79687266439224402
decision_type=2 2 2 2 2 2 2 2 2 2 2 2 2 2 2 2 2 2 2 2 2 2 2 2 2 2 2 2 2 2 2 2 2 2 2 2 2 2 2 2 2 2 2 2 2 2
left_child=1 -1 -3 5 -5 7 -7 8 12 10 11 23 -4 -6 15 -15 -8 18 21 20 -19 22 39 24 25 26 28 -25 29 -9 -31 -28 -33 34 36 37 -10 -35 -29 -11 41 -21 43 44 45 -43
right_child=-2 2 3 4 13 6 16 9 33 17 -12 -13 -14 14 -16 -17 -18 19 -20 40 -22 -23 -24 27 -26 -27 31 38 -30 30 -32 32 -34 35 -36 -37 -38 -39 -40 -41 -42 42 -44 -45 -46 -47
leaf_value=-0.0011113537049934803 0.081235310697223576 0.037194734501059326 -0.14269955927441721 -0.10259655664590148 0.036415092625921804 -0.11279926971314225 0.058821324158519761 0.030003348259595733 0.021679664191565366 0 0.01564424971136694 0.068928786333946918 -0.0028508801009609636 -0.16703604551433671 0.073779583908736138 0.0030330916098888238 -0.038549351078994348 0.008751808161951171 -0.11400496716721292 0.053203257755650518 -0.18781742587031741 0.047591023092220706 0.024595271733722047 -0.19670764240616337 0.072828377854529586 -0.14922756457362327 0.045514939030897067 -0.10866190335931836 0.025690384424246964 -0.18637602661929961 -0.072968090461618285 -0.14558824919199295 0.0064789591688877036 0.036524101532600377 -0.072830822582913138 0.075287884535460398 -0.063689188959108842 -0.010600127920092264 0.055026182439503024 -0.12068038180512741 0.048779515901208298 0.00064872539504421648 0.014816029469578431 0.0088177877021574924 -0.15356001657976656 -0.071301390150198721
leaf_weight=3475.4076390452683 6.339497620239853 76.740170579403639 3.6665785908699036 2.8567747250199309 74.489015609025955 7.3211467042565337 5.9957325085997608 3.760088808834559 54.328136801719666 5.2931265160441399 26.0029819868505 4.4598301611840716 6.5677115768194181 3.4762816429138166 2.9888574816286555 4.7301321551203728 21.063907526433468 3.5983320325613013 2.7566745951771727 10.478864699602125 3.5698852688074112 48.454615842550993 26.596211321651936 3.6641968078911287 4.5218676626682273 4.2065956182777873 13.154042091220623 3.0592243336141109 4.5703847445547572 5.2180988043546668 15.961667302995918 3.0718744322657576 8.0711917877197248 49.244869902729988 9.8665890693664533 24.879047080874443 6.3747204393148413 30.813686653971672 2.3928889222443104 5.8515081219375116 12.268527392297981 14.456740394234656 25.121286548674107 25.894272655248642 5.2313207350671282 18.703881472349167
leaf_count=16064 117 469 20 14 487 37 36 23 248 39 195 38 34 25 35 39 130 24 15 71 23 386 212 22 32 24 92 25 33 29 104 18 56 304 42 147 30 190 18 39 136 110 173 165 36 148
internal_value=0.000300541 0.000165895 0.00655331 0.00271502 0.0224102 -0.00057499 -0.0381702 0.00204997 0.0147807 -0.00555404 -0.0239211 -0.0375566 -0.058012 0.0272419 -0.0320568 -0.0735457 -0.0160084 0.00344853 0.020624 -0.00932117 -0.0939629 0.0256546 -0.00255392 -0.0447272 -0.0344639 -0.0435144 -0.0338047 -0.108846 -0.0666711 -0.0840837 -0.104932 0.00633027 -0.0392071 0.0192236 -5.90547e-05 0.0322057 0.0121369 0.018334 -0.036889 -0.0663054 -0.00344737 -0.0101528 -0.0179219 -0.0308541 -0.0575868 -0.0401526
internal_weight=4177.54 4171.2 695.794 619.053 88.5411 530.512 34.3808 496.132 185.741 310.39 102.115 76.112 10.2343 85.6843 11.1953 8.20641 27.0596 208.275 88.9521 119.323 7.16822 86.1955 37.7408 71.6521 62.5358 58.0139 53.8073 9.11631 29.5102 24.9399 21.1798 24.2971 11.1431 175.507 70.5694 104.938 60.7029 80.0586 5.45211 11.1446 112.155 99.8864 89.4075 64.2862 38.3919 33.1606
internal_count=20754 20637 4573 4104 600 3504 203 3301 1015 2286 709 514 54 586 99 64 166 1577 691 886 47 676 290 476 411 379 355 65 189 156 133 166 74 961 320 641 278 494 43 78 839 703 632 459 294 258
is_linear=0
shrinkage=0.08


Tree=54
num_leaves=47
num_cat=0
split_feature=92 87 12 40 73 77 12 32 70 77 88 86 3 71 79 65 55 73 45 21 38 58 38 66 82 95 96 97 75 94 90 72 54 91 39 17 83 61 93 47 32 83 46 4 76 87
split_gain=6.43424 5.12691 9.59079 6.71807 7.06212 8.54629 6.65398 7.96932 7.17992 7.1423 10.9407 8.90775 8.6861 7.77521 7.06192 6.61201 10.972 7.54976 7.68779 10.1937 7.24405 7.13262 6.5712 6.41193 5.73836 5.69473 8.2037 5.6653 5.55063 5.53255 5.50083 5.1597 5.0022 5.98778 7.16518 6.59824 7.12716 10.8301 7.47724 7.23789 7.29695 6.19014 6.11194 7.65092 6.08543 5.49741
threshold=0.90895333743253415 1.6600000000000013 9.5000000000000018 26.326734886222884 -2.4499999999999993 -0.019099999999999846 -5.1999999999999948 -912.60676951352946 -0.20000000000000054 0.03204999999999996 5.5400000000000018 1.3800000000000001 0.019100859655314453 1.2 0.032939607519945104 1.7000000000000022 10.500000000000002 0.24999999999999997 232.43184025736963 2.5000000000000004 0.20683518458354763 7.9500000000000037 1.2455260455714272 -1.8000000000000005 3.5800000000000058 -0.075721124415670332 -0.67536847848560122 -29.510410576499996 2.9500000000000002 -0.14456863807644577 4.2500000000000009 -0.39999999999999963 -16.000000000000004 4.7500000000000009 -0.7900230261747766 4.4500000000000037 -4.4699999999999909 0.029349999999999956 197.25000000000003 0.63397457918241173 -458.93017083481823 6.0150000000000015 0.24845679012345678 -0.22551284688263476 -0.042599999999999943 2.3999999999999999
decision_type=2 2 2 2 2 2 2 2 2 2 2 2 2 2 2 2 2 2 2 2 2 2 2 2 2 2 2 2 2 2 2 2 2 2 2 2 2 2 2 2 2 2 2 2 2 2
left_child=1 15 3 4 5 -3 9 8 30 10 11 12 -6 -11 -13 -1 17 21 19 28 -18 24 -10 25 -17 26 -4 -9 -19 -7 -8 -16 -29 34 -34 36 -36 39 -39 40 -38 -37 -35 -44 -42 -45
right_child=-2 2 23 -5 6 29 7 27 22 13 -12 14 -14 -15 31 16 20 18 -20 -21 -22 -23 -24 -25 -26 -27 -28 32 -30 -31 -32 -33 33 42 35 41 37 38 -40 -41 44 -43 43 45 -46 -47
leaf_value=-0.00023680024250521188 0.080274931751938963 0.12188047897900911 -0.051875310273485374 0.06331727594692256 -0.11439788645937304 0.059865190175039891 -0.091691830870953797 -0.062213399721123573 -0.015558851610874114 -0.018737338533297263 -0.061465142524225594 0.052056533544399292 0.022710804106692045 -0.12469691219192658 0.048480510333907156 -0.067221598895046863 0.11076792618392776 -0.066550347756521119 0.068739973000035079 0.073530515754993503 0.001229944452335464 -0.12180338954986603 0.090157150602512545 0.0041766162908532332 0.020125109172842381 -0.080182979660297651 0.070793369557294539 0.087516262100960959 0.018664353189946012 -0.024604790300132469 0.011186933454890866 -0.050262725393653292 -0.057465931990621055 -0.031666676610249501 0.06215444680093251 0.066930107442969622 0.038303269527689532 -0.012388961242956867 0.10837272026727825 0.025660762091491783 -0.00090136973769129017 -0.010546176097977897 0.11884048341482915 0.0029554009028367042 -0.089605513143520596 0.063576274550979889
leaf_weight=3676.4212367609143 5.9250331018120042 7.2781571745872524 9.6063678041100484 16.439222566783428 5.3389234617352468 10.149465307593349 10.217768691480158 4.3411494120955458 12.867407727986576 16.71592000126839 13.256927654147146 34.057875502854586 5.5572305209934711 5.7803357355296603 4.7473503202199927 13.718538954854017 4.6018816158175495 21.432931385934356 5.6289990544319144 4.7559973448514929 16.607631869614124 9.9454521760344488 4.7156522050499907 33.017538167536259 6.8103932924568644 15.13089334964752 4.8124221265316036 7.5574816614389411 5.8816214874386779 8.7355082035064662 4.4892525970935813 8.9485963732004148 8.4718327000737172 5.666118621826171 10.0412136092782 23.841910719871521 4.6555995047092393 5.6525704190134984 6.7153892666101456 10.63340340554714 6.9374395459890321 8.6562486141920072 8.891747333109377 17.668856400996447 18.639648392796531 21.311569985002279
leaf_count=18239 117 33 52 90 26 49 46 32 66 95 63 182 33 32 24 64 23 99 32 21 82 48 22 157 31 67 22 35 28 36 24 49 38 28 47 101 20 29 25 48 33 40 40 91 75 120
internal_value=0.000276868 0.000151593 0.00874047 0.0140675 0.0114384 0.050943 0.00784418 0.0160416 -0.0200265 -0.0096018 0.0026859 0.0177185 -0.0458397 -0.0484304 0.0327113 -0.000763147 -0.0222015 -0.0378268 -0.0133183 -0.0288008 0.0273689 -0.0671833 0.0140599 -0.0198761 -0.0380747 -0.04664 -0.00939665 0.022991 -0.0479078 0.0207529 -0.0604272 -0.0149703 0.0254571 0.022167 0.0108017 0.0171906 0.00191856 -0.00976711 0.0542221 -0.0297479 -0.0495969 0.0462039 0.043844 0.0531817 -0.0663311 0.0366864
internal_weight=4173.27 4167.35 401.545 338.978 322.539 26.1631 296.375 201.972 32.2901 94.4032 71.9069 58.65 10.8962 22.4963 47.7538 3765.8 89.3834 68.1739 37.6995 32.0706 21.2095 30.4744 17.5831 62.5672 20.5289 29.5497 14.4188 169.682 27.3146 18.885 14.707 13.6959 165.341 157.784 104.245 95.7734 63.2753 53.2341 12.368 40.8661 30.2327 32.4982 53.5383 47.8722 25.5771 38.9804
internal_count=20754 20637 1970 1672 1582 118 1464 960 158 504 377 314 59 127 255 18667 428 323 180 148 105 143 88 298 95 141 74 802 127 85 70 73 770 735 456 418 277 230 54 176 128 141 279 251 108 211
is_linear=0
shrinkage=0.08


Tree=55
num_leaves=47
num_cat=0
split_feature=94 93 92 49 82 4 57 96 3 45 81 81 95 4 11 56 66 32 42 12 12 58 58 38 94 55 12 77 85 48 49 12 83 10 3 5 12 54 72 5 2 89 23 17 18 95
split_gain=6.85109 10.4923 9.34694 15.2261 8.7772 7.36582 6.93265 9.63807 7.68052 9.52454 8.03484 7.31382 7.93316 7.17042 6.99854 6.63969 7.3441 5.91389 6.59592 5.49823 12.597 13.7647 11.4212 10.6036 9.34174 8.69472 14.5371 7.93486 8.60267 7.75704 7.51225 7.17718 7.65995 7.02959 6.6952 7.54559 9.43074 11.5825 8.5146 9.01644 7.51934 7.09139 9.31534 10.0485 7.14198 7.41173
threshold=-1.8893222317086116 191.25000000000003 -0.11149741658216235 0.46966911764705882 2.0599999999999956 -0.073028274519684674 -16.499999999999996 -1.0038698717749985 -0.20186846922854743 151.70176836537237 -14.259999999999996 -11.215000000000009 -0.60588734845376435 -0.21168789852737721 -3.8000000000000038 8.0499999999999989 0.30000000000000077 -757.76831004946666 -24.595365296525639 6.7000000000000037 5.7000000000000037 -4.2499999999999991 -2.7499999999999996 0.17274466805637115 -1.0588171950100225 -3.1999999999999953 8.7999999999999918 0.077999999999999972 6.0649999999999986 0.54919354838709689 0.3623737373737374 6.5000000000000009 -0.91999999999999449 7.3000000000000007 -0.42353495399190239 -4.6666666666666776 3.1999999999999962 -2.1999999999999953 -0.90000000000000002 -8.6666666666666767 -0.3630777583902583 7.9099999999999993 1.5000000000000002 -1.0499999999999969 -18.16 0.81270728602517972
decision_type=2 2 2 2 2 2 2 2 2 2 2 2 2 2 2 2 2 2 2 2 2 2 2 2 2 2 2 2 2 2 2 2 2 2 2 2 2 2 2 2 2 2 2 2 2 2
left_child=1 15 5 17 -5 6 7 -3 9 -8 -11 -12 -13 -14 -10 -1 -17 -4 -19 20 34 -22 -23 29 -25 26 -21 28 -27 -24 -26 32 -32 -30 35 36 37 38 -2 40 -40 44 43 -43 -36 -46
right_child=19 2 3 4 -6 -7 8 -9 14 10 11 12 13 -15 -16 16 -18 18 -20 25 21 22 23 24 30 27 -28 -29 33 -31 31 -33 -34 -35 41 -37 -38 -39 39 -41 -42 42 -44 -45 45 -47
leaf_value=-0.039796815055031957 -0.054938083789420417 -0.020799235985182723 0.048466387723314353 0.09955953610039292 -0.019330515902955484 -0.051359165878332447 -0.065070434444026826 0.1278059216223299 0.11126628607154068 -0.094714952933660487 0.07870535778035205 -0.0093955212398300261 0.090594531176765816 -0.02966317793074752 -0.011100955823913714 -0.014510354432272837 0.095441306336927781 0.017732199453008076 -0.083829561688960136 0.018039031835782943 -0.087729430684283655 0.099279586297660261 -0.1249615129959178 0.04456968401578329 0.010668187488063722 0.0095835011975999584 -0.077515252554305025 0.055008723430720628 -0.031462781247513935 -0.025834242238397882 0.067734741927771319 -0.10661727154090089 -0.039323924532009003 0.067013117535707156 0.090149516507541619 -0.0036523692829041306 -0.03312852007176835 0.12772509490855471 0.073655068987670838 0.13280475003505587 -0.035813036051528357 0.064020661867246489 -0.072886636870193255 -0.0065644238911307705 -0.0026887884721434291 0.0089229154904510444
leaf_weight=91.342713251709938 5.3654523938894263 4.8960037007927895 5.9616080224514034 18.789848640561107 4.6874916851520529 22.083385296165943 17.818226672708988 5.4394436627626401 6.0981654599308968 5.6755996495485297 6.4301389157772055 181.77860808372498 9.378918915987013 4.2540708482265464 5.1221884340047819 18.118389829993252 4.4010464921593657 6.6083675324916848 9.2516277432441676 20.074273139238358 18.443642064929008 4.9317346513271323 8.8679970800876635 17.395065456628799 29.511053344234824 735.83469930663705 19.670981630682945 22.509168904274702 51.5084488093853 12.27462102472782 4.4829471036791793 8.2450428232550603 29.289390593767166 4.5805411972105494 5.0343806743621817 36.75854380428791 7.7814155369997016 11.264634922146795 7.4276054799556741 6.0018424987792995 7.5960532724857339 33.348919827491045 4.8972134180366984 20.414468351751566 2184.2982084527612 418.6988368537277
leaf_count=555 24 29 25 79 21 114 90 27 29 38 37 1046 49 22 26 108 26 28 43 87 79 22 38 78 158 3331 82 114 238 58 20 38 131 26 20 154 34 48 32 25 33 176 24 90 10061 3104
internal_value=9.89317e-05 -0.00947857 -0.0018979 0.0314845 0.0755802 -0.00759761 -0.0035551 0.0589605 -0.00643883 -0.00973321 -0.0047983 -0.00200259 -0.00489326 0.0527811 0.0566315 -0.0302324 0.00823664 -0.016229 -0.0417743 0.0011996 -0.000468694 -0.0244276 -0.01387 -0.0194382 -0.00707363 0.00683542 -0.02943 0.008632 0.00726984 -0.0697079 -0.0199661 -0.0415428 -0.0240987 -0.0227583 0.000695682 0.0231138 0.0447459 0.0612713 0.0307614 0.0537706 0.0184212 0 0.0273891 0.0372579 -0.00062068 -0.000816588
internal_weight=4164.64 428.136 314.274 45.2989 23.4773 268.975 246.891 10.3354 236.556 225.336 207.517 201.842 195.412 13.633 11.2204 113.862 22.5194 21.8216 15.86 3736.51 2882.33 133.441 114.998 110.066 88.9235 854.178 39.7453 814.433 791.924 21.1426 71.5284 42.0174 33.7723 56.089 2748.89 82.1955 45.437 37.6556 26.391 21.0255 15.0237 2666.69 58.6606 53.7634 2608.03 2603
internal_count=20717 2392 1703 196 100 1507 1393 56 1337 1282 1192 1154 1117 71 55 689 134 96 71 18325 14447 622 543 521 425 3878 169 3709 3595 96 347 189 151 264 13825 350 196 162 114 90 65 13475 290 266 13185 13165
is_linear=0
shrinkage=0.08


Tree=56
num_leaves=47
num_cat=0
split_feature=41 59 42 41 56 59 75 56 46 82 3 38 64 94 46 89 3 59 90 88 95 0 95 29 49 93 94 8 97 42 2 44 92 42 43 43 15 8 0 48 48 68 39 47 59 59
split_gain=6.24459 7.9772 6.33069 8.0888 7.82508 8.22576 10.3968 7.23828 11.0381 8.23416 8.10787 7.31922 7.93623 7.23542 9.03391 6.74937 10.7047 7.09975 10.5395 11.5005 8.39643 8.26187 7.48961 7.00924 7.07811 6.77903 6.60671 6.44397 6.91769 6.39135 6.39531 12.1076 8.29568 7.99374 7.38552 6.92788 7.83345 9.87243 6.42652 6.1326 10.9613 10.2187 6.04117 5.95839 5.95642 7.8758
threshold=-190.61721596515449 -13.411647682945839 145.85353967412723 -123.77362906292738 0.54999999999999727 15.653629032258069 2.8500000000000001 2.8500000000000019 0.26807491289198609 -2.8299999999999907 -0.51890781168454825 0.34265634333029898 1.2000000000000004 -0.55315142118425353 0.61498397435897456 -7.1799999999999953 -0.3327947121712595 -8.9556998556998604 2.2500000000000004 -9.2499999999999982 -0.12435129405836173 -15.907861418689661 0.68684938870290224 1.0000000180025095e-35 0.34698996655518394 246.25000000000003 1.7033975513462902 -13.599999999999985 -32.225000000000001 150.79303164834792 -0.21051236256069647 0.055899493862091455 0.45419118751130877 185.75698562627807 0.2821863928421306 2.115069356872636 7.0500000000000016 14.9 160.7298428477466 0.25320512820512825 0.33771929824561403 -3.7999999999999985 0.24481073468249701 0.61781229345670863 2.0641321044546861 -8.211770623742451
decision_type=2 2 2 2 2 2 2 2 2 2 2 2 2 2 2 2 2 2 2 2 2 2 2 2 2 2 2 2 2 2 2 2 2 2 2 2 2 2 2 2 2 2 2 2 2 2
left_child=1 -1 3 -2 29 6 7 26 10 -10 -9 13 -13 -11 -15 16 -5 20 23 22 21 -18 -20 24 -19 27 -6 28 -17 -4 43 -32 33 -33 -34 36 -36 -38 -37 -30 41 -41 -7 -31 45 -45
right_child=2 -3 4 15 5 42 -8 8 9 11 -12 12 -14 14 -16 25 17 18 19 -21 -22 -23 -24 -25 -26 -27 -28 -29 39 30 31 32 34 -35 35 38 37 -39 -40 40 -42 -43 -44 44 -46 -47
leaf_value=-0.056947104400238382 0.037170143603192284 0.030689220395037631 -0.062546174032806837 0.075683134719592524 -0.050368168915472612 0.049162670474688371 0.054444065344312148 -0.015914645221405954 0.032968001905056499 0.045872311332086795 0.12993949842652311 -0.042898894326655952 -0.12631399477889399 -0.11468683356122085 0.02992079539299046 -0.049633943536883156 -0.064152909007659187 0.082468541631420839 0.031153103317174184 0.09064808038791021 -0.10835442526030527 0.065071161753907883 -0.07810453109019444 -0.058901099278444308 -0.013314027606169222 -0.073032361720875127 -0.14697751418216817 0.00096672792533134021 0.018607293966179474 -0.051101225268188111 0.042158785350125738 -0.10852594771698967 0.056780462987614036 -0.012730577306795055 0.016447386934145502 -0.061804911204551893 -0.14963356537736791 0.019330716925718108 0.072566891703793462 0.041437864002930667 -0.0052661663962522047 -0.066089095159398148 -0.057334148426388433 0.037453747865547199 0.071507345608425046 -0.055728420055760827
leaf_weight=6.8173615131527177 37.838803227990866 70.497482823207974 9.2287606298923475 17.735665928572416 31.043016515672207 14.640547376126053 8.1485708430409414 4.5067626461386681 10.146825961768625 10.088408812880518 4.3869210258126241 46.292021129280329 8.663776867091654 5.3626929149031621 4.79206383228302 25.840519353747368 5.4800635576248178 6.3587445393204716 16.913978941738609 19.375365540385246 6.1042689159512511 6.21493735164404 4.7080055847764006 12.712908476591108 16.956205517053604 7.6997337341308585 5.2668567374348632 3202.6762476991862 50.460874766111374 21.50685928016901 53.924082517623901 7.8568099886178997 15.345633834600447 17.949811860918999 7.2242510765791002 2.6287594363093358 5.8751932717859727 3.1119691096246243 7.9412672966718674 6.2727611809968939 265.05648916959763 35.202921658754349 3.8872541636228553 9.7956290170550382 6.0417951792478553 12.73263768851757
leaf_count=64 237 665 45 84 159 90 39 27 63 49 21 257 41 23 30 194 25 31 80 97 27 35 26 52 71 27 39 15496 242 108 263 43 102 104 45 15 38 24 69 29 1202 165 20 54 30 70
internal_value=9.14665e-05 0.0225427 -0.000334519 0.000611222 -0.0108063 -0.0238358 -0.0305488 -0.0361024 -0.0240536 -0.0330144 0.058265 -0.0421823 -0.0572138 -0.000593745 -0.0474934 0.000230804 0.0194781 0.00853995 0.0191468 0.0466872 -0.0361922 0.00371548 0.00577392 -0.0121835 0.0136561 -0.000372533 -0.0664051 -0.000204107 -0.0100083 0.000491914 0.00409349 0.014012 -0.00835814 -0.0437079 0.0133678 -0.011799 -0.0443456 -0.0923481 0.0371439 -0.00705229 -0.0113258 -0.0493363 0.025479 -0.019784 0.00398906 -0.0149305
internal_weight=4159.31 77.3148 4082 3743.61 338.389 157.226 138.698 130.549 94.2395 85.3458 8.89368 75.199 54.9558 20.2432 10.1548 3705.77 112.56 94.8245 77.0252 40.9974 17.7993 11.695 21.622 36.0279 23.315 3593.21 36.3099 3585.51 382.834 181.163 171.935 121.858 67.9337 25.8066 42.1271 26.7814 16.2114 8.98716 10.57 356.993 306.532 41.4757 18.5278 50.0769 28.5701 22.5283
internal_count=20717 729 19988 18120 1868 858 748 709 511 463 48 400 298 102 53 17883 528 444 357 203 87 60 106 154 102 17355 198 17328 1832 1010 965 703 440 147 293 191 107 62 84 1638 1396 194 110 262 154 124
is_linear=0
shrinkage=0.08


Tree=57
num_leaves=47
num_cat=0
split_feature=31 38 56 17 12 42 59 50 12 89 5 49 95 57 97 30 19 53 91 47 89 45 10 10 18 86 32 10 78 76 55 39 12 11 11 95 57 28 93 32 0 45 38 49 47 19
split_gain=5.9497 11.4222 11.6763 9.63739 15.0732 12.0621 10.2487 8.20106 7.21012 6.99755 6.66135 8.7878 7.10069 6.64201 10.3078 7.5056 6.25881 6.2324 5.87057 5.78589 5.67577 9.20887 6.38542 8.12332 7.14227 6.06282 6.24887 7.06822 5.8664 5.79151 5.64374 5.56165 8.2058 6.08611 9.00183 13.2065 8.19842 7.50787 8.61031 7.24798 7.43141 8.32022 7.98123 7.0718 6.88691 7.06047
threshold=1116.0112889535465 1.2221742230649622 12.600000000000003 4.1499999999999995 -4.3999999999999977 -145.51767030520929 8.4352484472049714 -2.4999999999999996 -10.399999999999997 3.8549999999999973 2.5000000000000004 0.44151846785225723 0.15030701530038768 0.29999999999999721 5.3600000000000021 652.58288944707238 -0.17999999999999997 8.2000000000000117 9.7500000000000018 0.6408253205128206 6.9900000000000029 23.283188396415884 26.300000000000004 21.900000000000002 18.140000000000008 -0.63999999999999779 -81.171064314789746 24.300000000000004 -0.0023577130506362495 0.019699999999999954 0.80000000000000437 0.10350100224164197 -8.3999999999999968 0.39999999999999863 -0.60000000000000131 -0.075721124415670332 -5.1999999999999948 1.0000000180025095e-35 208.75000000000003 -979.85467773785456 -126.50069776732663 57.907722586203143 0.74817803417330941 0.42365967365967366 0.3987179487179488 -0.079999999999999946
decision_type=2 2 2 2 2 2 2 2 2 2 2 2 2 2 2 2 2 2 2 2 2 2 2 2 2 2 2 2 2 2 2 2 2 2 2 2 2 2 2 2 2 2 2 2 2 2
left_child=20 2 9 4 5 -3 17 -8 -7 31 11 -9 -12 14 15 -10 -4 -5 -6 -13 22 28 23 -1 -25 29 27 -27 -22 -26 -20 33 -33 34 37 -36 -35 39 -39 40 -2 -42 -43 -40 -44 -46
right_child=1 3 16 6 18 8 7 10 13 -11 12 19 -14 -15 -16 -17 -18 -19 30 -21 21 -23 -24 24 25 26 -28 -29 -30 -31 -32 32 -34 36 35 -37 -38 38 43 -41 41 42 44 -45 45 -47
leaf_value=0.00096002577466936954 -0.074962560302297934 0.076836973014473897 -0.0408042927553708 -0.01289563655733565 0.045970536217625868 0.014157665901797331 0.085386928379986946 0.03051562802350383 -0.024204701630093348 -0.049716825525506679 0.11138026426489386 -0.13653772051110397 -0.0098649948809663643 -0.1117949525720211 0.056283726936023334 -0.12986441946338315 0.055666950420495874 -0.078022683227642012 -0.107211929511923 -0.0225869666424801 0.029406611632512961 0.028356139343736708 0.058968191391342739 -0.13083791444434967 0.0011138333496533389 -0.08387980443856112 0.065384501049388824 0.047193730988443559 -0.067738314333250157 -0.13947914912361131 0.038003577546029503 0.0436728569063504 -0.059732148650522357 0.057840050965429962 0.0029586194204198604 -0.1299374924164084 -0.0050062841948223455 -0.019650486102956891 -0.0067798221291090104 0.00083518721341816697 -0.056466692211985067 -0.056414039639003301 0.083790457002313981 0.097373461308406628 0.050573374856458131 -0.048541105485581347
leaf_weight=3336.7981291282922 23.701315775513649 8.3775970824062806 4.8856025114655521 20.0927854180336 82.843337632715702 20.605334036052227 7.5314138904213896 7.8286422118544641 17.381909683346755 39.604090144857764 4.7916062474250776 5.0951245427131635 7.0054172724485397 7.0716115199029437 6.8629359491169444 5.5046729147434226 21.160674534738064 18.206484861671925 2.8373021706938735 6.7306886166334152 5.5549492090940502 97.53773046657443 11.541079541668294 4.3784984201192882 3.0019690170884195 6.2621979303658062 6.1271491162478844 3.8152404464781284 11.144262760877607 4.0173709504306316 3.0231931358575821 5.3515542093664399 31.028076115995646 14.315783958882092 8.2424504011869448 10.475866578519343 127.51113405823708 18.036160044372082 6.3843627236783531 50.657402470707893 25.430030591785908 9.8733139932155591 8.3795079216361064 10.549476094543932 8.0644366592168826 9.4194693230092508
leaf_count=16532 116 48 24 93 394 112 35 40 78 193 20 25 42 35 47 23 103 87 20 37 25 485 106 23 20 49 54 29 47 28 28 32 153 81 40 49 663 92 29 240 110 50 46 46 38 50
internal_value=8.16167e-05 -0.00684939 -0.0145211 0.0074502 0.0189906 -0.00988995 -0.015493 0.0131704 -0.0232341 -0.0178688 -0.00493785 -0.0333976 0.0412571 -0.0442825 -0.0263874 -0.0521932 0.0368424 -0.044668 0.0404403 -0.0758786 0.00140502 0.0189064 0.000807719 0.000597098 -0.0422283 -0.0227798 0.0041757 -0.0336149 -0.0350427 -0.0822118 -0.0339446 -0.0143512 -0.0439182 -0.0110165 -0.0203913 -0.0724471 0.00146203 -0.0144343 0.0182973 -0.0229751 -0.0372028 -0.0219524 0.00282719 0.0585787 0.0263869 -0.00224476
internal_weight=4155.04 664.861 433.071 231.79 154.508 65.8041 77.2822 38.9829 57.4265 407.024 31.4515 19.6545 11.797 36.8211 29.7495 22.8866 26.0463 38.2993 88.7038 11.8258 3490.18 114.237 3375.94 3364.4 27.6024 23.2239 16.2046 10.0774 16.6992 7.01934 5.8605 367.42 36.3796 331.041 189.214 18.7183 141.827 170.495 34.97 135.525 84.8681 61.1668 35.7367 16.9338 25.8634 17.4839
internal_count=20717 3319 2155 1164 785 343 379 199 295 2028 164 102 62 183 148 101 127 180 442 62 17398 557 16841 16735 203 180 132 78 72 48 48 1835 185 1650 906 89 744 817 167 650 410 294 184 75 134 88
is_linear=0
shrinkage=0.08


Tree=58
num_leaves=47
num_cat=0
split_feature=85 94 72 90 58 76 11 43 30 37 65 62 43 48 12 12 58 58 38 17 94 45 70 48 58 77 43 87 97 48 79 94 13 45 32 12 55 37 53 59 77 85 70 47 46 2
split_gain=5.54553 5.74998 8.34839 5.79552 5.45128 5.50817 6.66481 8.21655 7.66226 8.68181 6.01939 5.81935 5.61089 6.14663 5.17468 9.63038 11.1091 9.98528 8.98418 8.46756 7.58114 7.09088 6.76044 6.73744 6.20261 6.0168 6.81702 6.65333 10.6627 11.1944 10.3797 9.67348 9.58728 8.73393 8.06708 7.99208 11.2675 9.58262 7.89808 10.6907 7.00822 8.57863 6.96537 6.92537 6.75323 9.60844
threshold=-5.5299999999999931 -1.8893222317086116 -2.4999999999999996 8.7500000000000018 2.9500000000000033 -0.033899999999999937 -7.9000000000000048 0.18903500870713988 423.12753485517345 0.66271308112854377 1.3999999999999997 -0.044199999999999941 -0.87671890950579467 0.80600358422939078 6.7000000000000037 5.7000000000000037 -4.2499999999999991 -2.7499999999999996 0.17274466805637115 -1.1999999999999955 -1.1006750836716312 365.5683668000076 -4.8999999999999977 0.54919354838709689 0.80000000000000437 0.077999999999999972 5.6785714285714297 0.79000000000000015 -3.0400000000000005 0.62361111111111123 0.0065886156357390013 -0.49670819197129729 -0.60000000000000131 95.637162624086969 -227.20223118463596 7.299999999999998 -3.0999999999999939 0.23027816414179905 3.4000000000000132 -3.1728351158175907 -0.0014499999999999498 2.5350000000000041 -0.49999999999999994 0.55395010395010413 0.30471628592483424 -0.21421356421356405
decision_type=2 2 2 2 2 2 2 2 2 2 2 2 2 2 2 2 2 2 2 2 2 2 2 2 2 2 2 2 2 2 2 2 2 2 2 2 2 2 2 2 2 2 2 2 2 2
left_child=4 2 3 -2 5 -1 7 8 11 -10 12 -7 -8 -14 15 -3 -17 -18 23 -20 24 22 -16 -19 -21 26 27 30 31 34 35 33 -31 -29 -30 44 37 -37 43 -40 -41 -42 -36 -38 -24 -46
right_child=1 14 -4 -5 -6 6 10 -9 9 -11 -12 -13 13 -15 21 16 17 18 19 20 -22 -23 25 -25 -26 -27 -28 28 29 32 -32 -33 -34 -35 42 36 38 -39 39 40 41 -43 -44 -45 45 -47
leaf_value=0.034018031479173469 -0.069541152454407049 -9.9645328740055142e-05 -0.0064661950764862931 0.028442858603990127 0.069483842521882166 -0.035578194961441691 0.088452465980072073 -0.07221446529011806 -0.10485449546793298 0.018271415775963414 -0.064475514844671566 0.057339802635322464 0.00023213454811321218 0.079420178398866934 0.088703809656583921 -0.080616765104817398 0.094167381148428347 -0.11615926585997524 0.085999568636814031 -0.037593455691041944 -0.025106196572777743 -0.080546550596460043 -0.037576409089661512 -0.023587623412166629 0.066798183176436488 0.046662737763820683 -0.090479361998420715 -0.046682899326366351 -0.080692575493680294 0.052119040166034733 0.089826024019738812 0.10941597847993821 -0.043247452994707433 0.026634553047248682 -0.073518571940652686 -0.00091375360194303524 0.033673756344011596 -0.10162128603196996 0.045751183910274024 -0.013882019020769137 0.0061865550562123619 0.042754971256792056 0.025290685235517023 -0.048913315140048513 0.1316990928790682 0.031124823238674014
leaf_weight=44.225037032738328 21.768321588635448 2615.1404222175479 378.36700411885977 4.2573167309164992 10.453926444053648 5.5288415700197211 7.8026931881904593 13.773090858012436 6.9581099003553373 6.7782867401838303 4.4186388403177252 14.642651338130237 33.18783151730895 7.2962096743285647 5.8876043483614913 17.57458221912384 4.8105312287807456 8.7955768108367938 5.3878686819225541 4.7735761851072338 66.945051066577435 5.5068326368927947 6.478597253561019 12.300209015607832 11.327316865324972 22.17185627296567 4.2680692300200453 14.740819230675696 28.563636280596256 14.872195951640608 9.4223035275936109 5.7441280931234351 11.484510421752928 32.143976584076881 6.8270981609821346 13.103132821619512 7.9931677728891364 11.009314239025114 46.472608134150505 93.598994579166174 372.62245381996036 45.837459240108728 11.529901452362536 27.070618033409119 6.8407872170209876 41.943843849003315
leaf_count=236 131 13180 2124 28 49 30 36 65 34 32 20 70 163 51 27 75 22 38 35 22 315 37 29 58 50 111 20 67 111 66 44 25 61 144 27 54 33 48 208 408 1726 215 49 116 28 199
internal_value=7.26037e-05 -0.000502073 -0.009541 -0.0529772 0.0148932 0.0106659 0.000181237 -0.0212942 0 -0.0450277 0.0197773 0.0312402 0.0282329 0.0154937 0.000514166 -0.0011685 -0.0222171 -0.0128593 -0.0180391 -0.00660202 -0.0131843 0.005984 0.00660791 -0.0643502 0.0351663 0.00596654 0.00481824 0.00538695 -0.0114519 -0.0311311 0.00851166 0.0158328 0.0102352 0.00316498 -0.0543994 0.00729545 0.0046581 -0.0483504 0.0068637 0.00919495 0.00582024 0.0102575 -0.0120079 -0.029653 0.036325 0.0465831
internal_weight=4152.65 3997.58 404.393 26.0256 155.065 144.611 100.386 47.681 33.9079 13.7364 52.7054 20.1715 48.2867 40.484 3593.19 2747.06 131.915 114.34 109.53 88.4338 83.0459 846.134 840.627 21.0958 16.1009 834.739 812.568 808.3 125.906 73.2773 682.393 52.6289 26.3567 46.8848 46.9206 672.971 617.708 24.1124 593.595 558.532 512.059 418.46 18.357 35.0638 55.2632 48.7846
internal_count=20717 19931 2283 159 786 737 501 231 166 66 270 100 250 214 17648 13795 615 540 518 422 387 3853 3816 96 72 3789 3678 3658 550 314 3108 236 127 211 187 3064 2808 102 2706 2557 2349 1941 76 149 256 227
is_linear=0
shrinkage=0.08


end of trees

feature_importances:
market_prob_diff=171
raptor_total_diff=101
war_diff=94
off_vs_def_mismatch_5=61
visitor_road_win_pct=58
expected_total=58
fatigue_composite_visitor=56
elo_rating_diff=53
raptor_def_diff=52
rest_x_elo=50
travel_diff=48
off_vs_def_mismatch_10=48
fatigue_diff=47
pace_mismatch=47
power_rating_composite=46
last3_net_rating_diff=46
last5_def_rating_diff=46
streak_x_progress=44
raptor_off_diff=43
def_vs_off_mismatch_10=42
travel_miles_visitor=39
elo_diff_abs=38
visitor_season_win_pct=38
pyth_win_exp_diff=37
last10_def_rating_diff=37
season_win_pct_diff=36
home_home_win_pct=36
last10_reb_diff_real=36
h2h_x_current_form=35
home_season_win_pct=35
last5_drtg_diff_real=34
def_vs_off_mismatch_5=33
spread=33
last10_pace_diff_real=32
net_matchup_edge_5=31
last10_ast_diff_real=31
last5_off_rating_diff=30
net_matchup_edge_10=30
last10_tov_rate_diff=30
last5_net_rating_diff=29
last5_avg_margin_diff=27
weighted_net_rating_momentum=27
last10_three_pct_diff_real=27
last10_off_rating_diff=26
last10_oreb_diff_real=26
last5_tov_rate_diff=26
last5_reb_diff_real=25
last10_orb_pct_diff_real=25
last10_net_rating_diff=23
last5_ast_diff_real=23
last5_stl_diff_real=23
last5_blk_diff_real=23
last10_drtg_diff_real=23
last5_three_pct_diff_real=22
last5_orb_pct_diff_real=22
spread_abs=22
last10_blk_diff_real=20
last10_efg_pct_diff_real=19
last10_tov_diff_real=19
last10_ortg_diff_real=19
visitor_b2b_x_elo=18
fatigue_composite_home=17
weighted_win_rate_momentum=16
travel_miles_home=16
visitor_streak=16
last10_stl_diff_real=16
last5_oreb_diff_real=16
last5_ortg_diff_real=16
last5_pace_diff_real=16
last5_tov_pct_diff_real=16
streak_diff=15
last10_tov_pct_diff_real=15
home_b2b_x_elo=14
home_streak=14
last5_efg_pct_diff_real=14
last5_ts_pct_diff_real=14
last10_win_rate_diff=13
last10_ts_pct_diff_real=13
last5_tov_diff_real=11
last5_win_rate_diff=10
weighted_avg_margin_momentum=10
last3_avg_margin_diff=7
rest_diff=7
last10_avg_margin_diff=5
rest_days_home=5
rest_days_visitor=4
home_4in6=4
last3_win_rate_diff=3
tz_shift_visitor=3
tz_diff=3
elo_diff_squared=2
visitor_3in4=2
tz_shift_home=2
visitor_b2b=1
home_3in4=1
visitor_4in6=1

parameters:
[boosting: gbdt]
[objective: binary]
[metric: binary_logloss]
[tree_learner: serial]
[device_type: cpu]
[data_sample_strategy: bagging]
[data: ]
[valid: ]
[num_iterations: 1000]
[learning_rate: 0.08]
[num_leaves: 47]
[num_threads: 0]
[seed: 42]
[deterministic: 0]
[force_col_wise: 0]
[force_row_wise: 0]
[histogram_pool_size: -1]
[max_depth: -1]
[min_data_in_leaf: 20]
[min_sum_hessian_in_leaf: 0.001]
[bagging_fraction: 0.8]
[pos_bagging_fraction: 1]
[neg_bagging_fraction: 1]
[bagging_freq: 5]
[bagging_seed: 400]
[bagging_by_query: 0]
[feature_fraction: 0.9]
[feature_fraction_bynode: 1]
[feature_fraction_seed: 30056]
[extra_trees: 0]
[extra_seed: 12879]
[early_stopping_round: 0]
[early_stopping_min_delta: 0]
[first_metric_only: 0]
[max_delta_step: 0]
[lambda_l1: 0.1]
[lambda_l2: 0.5]
[linear_lambda: 0]
[min_gain_to_split: 0]
[drop_rate: 0.1]
[max_drop: 50]
[skip_drop: 0.5]
[xgboost_dart_mode: 0]
[uniform_drop: 0]
[drop_seed: 17869]
[top_rate: 0.2]
[other_rate: 0.1]
[min_data_per_group: 100]
[max_cat_threshold: 32]
[cat_l2: 10]
[cat_smooth: 10]
[max_cat_to_onehot: 4]
[top_k: 20]
[monotone_constraints: ]
[monotone_constraints_method: basic]
[monotone_penalty: 0]
[feature_contri: ]
[forcedsplits_filename: ]
[refit_decay_rate: 0.9]
[cegb_tradeoff: 1]
[cegb_penalty_split: 0]
[cegb_penalty_feature_lazy: ]
[cegb_penalty_feature_coupled: ]
[path_smooth: 0]
[interaction_constraints: ]
[verbosity: -1]
[saved_feature_importance_type: 0]
[use_quantized_grad: 0]
[num_grad_quant_bins: 4]
[quant_train_renew_leaf: 0]
[stochastic_rounding: 1]
[linear_tree: 0]
[max_bin: 255]
[max_bin_by_feature: ]
[min_data_in_bin: 3]
[bin_construct_sample_cnt: 200000]
[data_random_seed: 175]
[is_enable_sparse: 1]
[enable_bundle: 1]
[use_missing: 1]
[zero_as_missing: 0]
[feature_pre_filter: 0]
[pre_partition: 0]
[two_round: 0]
[header: 0]
[label_column: ]
[weight_column: ]
[group_column: ]
[ignore_column: ]
[categorical_feature: ]
[forcedbins_filename: ]
[precise_float_parser: 0]
[parser_config_file: ]
[objective_seed: 16083]
[num_class: 1]
[is_unbalance: 0]
[scale_pos_weight: 1]
[sigmoid: 1]
[boost_from_average: 1]
[reg_sqrt: 0]
[alpha: 0.9]
[fair_c: 1]
[poisson_max_delta_step: 0.7]
[tweedie_variance_power: 1.5]
[lambdarank_truncation_level: 30]
[lambdarank_norm: 1]
[label_gain: ]
[lambdarank_position_bias_regularization: 0]
[eval_at: ]
[multi_error_top_k: 1]
[auc_mu_weights: ]
[num_machines: 1]
[local_listen_port: 12400]
[time_out: 120]
[machine_list_filename: ]
[machines: ]
[gpu_platform_id: -1]
[gpu_device_id: -1]
[gpu_use_dp: 0]
[num_gpu: 1]

end of parameters

pandas_categorical:[]
